candidate_rank,project_id,sample_file,repository_url,focal_class,focal_class_path,source_layout,class_kind,is_abstract,class_loc,focal_method_name,focal_method_loc,focal_method_modifiers,has_control_flow,has_observable_output,constructor_dependency_count,external_dependency_risk,external_risk_reasons,testability_score,semantic_status,semantic_exclusion_reason,build_tool,module_path,testing_framework,detected_java_version,selected_java_home,java_selection_reason,checkout_revision,clone_attempts,baseline_passes_required,baseline_passes_completed,baseline_states,classpath_resolved,classpath_exit_code,focal_class_fqcn,focal_bytecode_found,probe_target_state,probe_module_state,offline_baseline_state,eligibility_status,exclusion_stage,exclusion_reason,elapsed_seconds,artifact_dir
2,60701247,60701247_744.json,https://github.com/JetBrains/android,CpuProfilerStage,profilers/src/com/android/tools/profilers/cpu/CpuProfilerStage.java,nonstandard,,,,getCaptureState,4,@NotNull public,False,True,,,,,EXCLUDED,source_layout:nonstandard;trivial_focal_method,,,,,,,,,2,0,,,,,,,,,EXCLUDED,semantic_metadata,source_layout:nonstandard;trivial_focal_method,0.003,G:\FPT Specialized\Ki 9\SET490\workspace\ARROW\runs\sample_selection\distributed\shard-1\candidates\00002_60701247_60701247_744
7,48369985,48369985_247.json,https://github.com/feixiao/DesignPattern,Expression,Java/interpreter/src/main/java/com/iluwatar/interpreter/Expression.java,production,,,,toString,2,@Override public abstract,False,True,,,,,EXCLUDED,focal_method_not_directly_testable;trivial_focal_method,,,,,,,,,2,0,,,,,,,,,EXCLUDED,semantic_metadata,focal_method_not_directly_testable;trivial_focal_method,0.002,G:\FPT Specialized\Ki 9\SET490\workspace\ARROW\runs\sample_selection\distributed\shard-1\candidates\00007_48369985_48369985_247
12,132938098,132938098_44.json,https://github.com/TechEmpower/gemini,StringHelper,gemini/src/main/java/com/techempower/helper/StringHelper.java,production,class,False,2198,trimExcessBlankLines,27,public static,True,True,0,True,nondeterminism,8,EXCLUDED,external_dependency_risk:nondeterminism,,,,,,,,1,2,0,,,,,,,,,EXCLUDED,semantic,external_dependency_risk:nondeterminism,3.348,G:\FPT Specialized\Ki 9\SET490\workspace\ARROW\runs\sample_selection\distributed\shard-1\candidates\00012_132938098_132938098_44
17,1342891,1342891_1.json,https://github.com/jbossas/console,InteractionUnit,gui/src/main/java/org/jboss/mbui/model/structure/InteractionUnit.java,production,class,True,220,equals,9,@Override public,True,True,2,False,,9,EXCLUDED,non_concrete:class:abstract,,,,,,,,1,2,0,,,,,,,,,EXCLUDED,semantic,non_concrete:class:abstract,1.053,G:\FPT Specialized\Ki 9\SET490\workspace\ARROW\runs\sample_selection\distributed\shard-1\candidates\00017_1342891_1342891_1
22,52231932,52231932_0.json,https://github.com/shilongdai/vsDiaryWriter,Compressor,journal/src/main/java/net/viperfish/framework/compression/Compressor.java,production,,,,Compressor,3,,False,False,,,,,EXCLUDED,no_observable_behavior,,,,,,,,,2,0,,,,,,,,,EXCLUDED,semantic_metadata,no_observable_behavior,0.001,G:\FPT Specialized\Ki 9\SET490\workspace\ARROW\runs\sample_selection\distributed\shard-1\candidates\00022_52231932_52231932_0
27,2698192,2698192_5.json,https://github.com/sonatype/goodies,Throwables2,common/src/main/java/org/sonatype/goodies/common/Throwables2.java,production,class,False,73,explain,11,public static,True,True,0,False,,9,ELIGIBLE,,maven,common,junit4,21,G:\FPT Specialized\Ki 9\SET490\workspace\ARROW\Java version\jdk-21,matched build.java_homes.java-21,,1,2,1,COMPILE_FAILED,,,org.sonatype.goodies.common.Throwables2,,,,,EXCLUDED,baseline,java.lang.assertionerror:,33.316,G:\FPT Specialized\Ki 9\SET490\workspace\ARROW\runs\sample_selection\distributed\shard-1\candidates\00027_2698192_2698192_5
32,45471150,45471150_0.json,https://github.com/dpreussler/clean-simple-calendar,CalendarAdapter,lib/src/main/java/de/jodamob/android/calendar/CalendarAdapter.java,production,,,,onBindViewHolder,8,@Override public final,False,False,,,,,EXCLUDED,no_observable_behavior,,,,,,,,,2,0,,,,,,,,,EXCLUDED,semantic_metadata,no_observable_behavior,0.001,G:\FPT Specialized\Ki 9\SET490\workspace\ARROW\runs\sample_selection\distributed\shard-1\candidates\00032_45471150_45471150_0
37,2708082,2708082_47.json,https://github.com/chocoteam/choco-solver,IntIterableRangeSet,solver/src/main/java/org/chocosolver/util/objects/setDataStructures/iterable/IntIterableRangeSet.java,production,class,False,1106,previousValue,14,@Override public,True,True,0,False,,9,ELIGIBLE,,maven,solver,testng,17,G:\FPT Specialized\Ki 9\SET490\workspace\ARROW\Java version\jdk-17,matched build.java_homes.java-17,,1,2,1,COMPILE_FAILED,,,org.chocosolver.util.objects.setDataStructures.iterable.IntIterableRangeSet,,,,,EXCLUDED,baseline,"[error] /g:/fpt specialized/ki 9<path>:[line,col] package cpp does not exist",62.456,G:\FPT Specialized\Ki 9\SET490\workspace\ARROW\runs\sample_selection\distributed\shard-1\candidates\00037_2708082_2708082_47
42,162806930,162806930_1.json,https://github.com/raydac/mvn-jlink,StringUtils,mvn-jlink-wrapper/src/main/java/com/igormaznitsa/mvnjlink/utils/StringUtils.java,production,class,False,293,extractJdepsModuleNames,15,@Nonnull @MustNotContainNull public static,True,True,0,False,,10,ELIGIBLE,,maven,mvn-jlink-wrapper,junit5,8,G:\FPT Specialized\Ki 9\SET490\workspace\ARROW\Java version\jdk-8,matched build.java_homes.java-8,,1,2,1,COMPILE_FAILED,,,com.igormaznitsa.mvnjlink.utils.StringUtils,,,,,EXCLUDED,baseline,[error] failed to execute goal org.apache.maven.plugins:maven-compiler-plugin:<n>.14.0:testcompile (default-testcompile) on project mvn-jlink-wrapper: compilation failure,12.068,G:\FPT Specialized\Ki 9\SET490\workspace\ARROW\runs\sample_selection\distributed\shard-1\candidates\00042_162806930_162806930_1
47,86106666,86106666_0.json,https://github.com/OpenFeign/feign-opentracing,HttpHeadersInjectAdapter,feign-opentracing/src/main/java/feign/opentracing/HttpHeadersInjectAdapter.java,production,class,False,52,put,25,@Override public,True,True,1,False,,10,ELIGIBLE,,maven,feign-opentracing,junit4,8,G:\FPT Specialized\Ki 9\SET490\workspace\ARROW\Java version\jdk-8,matched build.java_homes.java-8,,1,2,1,COMPILE_FAILED,,,feign.opentracing.HttpHeadersInjectAdapter,,,,,EXCLUDED,baseline,error: could not find or load main class specialized\ki,1.992,G:\FPT Specialized\Ki 9\SET490\workspace\ARROW\runs\sample_selection\distributed\shard-1\candidates\00047_86106666_86106666_0
52,168531964,168531964_0.json,https://github.com/IstitutoCentraleCatalogoUnicoBiblio/Nuovo-Opac-di-Polo-SBN,StringNaturalCompare,SbnwebIndexer/src/org/solrmarc/tools/StringNaturalCompare.java,nonstandard,,,,compare,5,public,False,True,,,,,EXCLUDED,source_layout:nonstandard,,,,,,,,,2,0,,,,,,,,,EXCLUDED,semantic_metadata,source_layout:nonstandard,0.001,G:\FPT Specialized\Ki 9\SET490\workspace\ARROW\runs\sample_selection\distributed\shard-1\candidates\00052_168531964_168531964_0
57,101466853,101466853_0.json,https://github.com/virtualcell/vcell,BatchScheduler,vcell-server/src/main/java/cbit/vcell/message/server/dispatcher/BatchScheduler.java,production,class,False,365,schedule,144,public static,True,True,0,False,,9,ELIGIBLE,,maven,vcell-server,junit5,17,G:\FPT Specialized\Ki 9\SET490\workspace\ARROW\Java version\jdk-17,matched build.java_homes.java-17,,1,2,1,RUNTIME_FAILED,,,cbit.vcell.message.server.dispatcher.BatchScheduler,,,,,EXCLUDED,baseline,[error] [error] some problems were encountered while processing the poms:,8.893,G:\FPT Specialized\Ki 9\SET490\workspace\ARROW\runs\sample_selection\distributed\shard-1\candidates\00057_101466853_101466853_0
62,173721564,173721564_51.json,https://github.com/sofastack/sofa-jraft,Recyclers,jraft-core/src/main/java/com/alipay/sofa/jraft/util/Recyclers.java,production,,,,recycle,18,public final,True,True,,,,,ELIGIBLE,,,,,,,,,1,2,0,,,,,,,,,EXCLUDED,setup,FileNotFoundError: Cannot resolve focal class path: jraft-core/src/main/java/com/alipay/sofa/jraft/util/Recyclers.java,2.249,G:\FPT Specialized\Ki 9\SET490\workspace\ARROW\runs\sample_selection\distributed\shard-1\candidates\00062_173721564_173721564_51
67,81932909,81932909_16.json,https://github.com/SchwarzIT/andcoachmark,LeftOfCircleActionDescriptionRenderer,library/src/main/java/kaufland/com/coachmarklibrary/renderer/actiondescription/LeftOfCircleActionDescriptionRenderer.java,production,,,,render,9,@Override public,False,False,,,,,EXCLUDED,no_observable_behavior,,,,,,,,,2,0,,,,,,,,,EXCLUDED,semantic_metadata,no_observable_behavior,0.002,G:\FPT Specialized\Ki 9\SET490\workspace\ARROW\runs\sample_selection\distributed\shard-1\candidates\00067_81932909_81932909_16
72,22252491,22252491_1.json,https://github.com/OpenHFT/Chronicle-Logger,DefaultChronicleLogWriter,logger-core/src/main/java/net/openhft/chronicle/logger/DefaultChronicleLogWriter.java,production,,,,write,9,@Override public,False,False,,,,,EXCLUDED,no_observable_behavior,,,,,,,,,2,0,,,,,,,,,EXCLUDED,semantic_metadata,no_observable_behavior,0.001,G:\FPT Specialized\Ki 9\SET490\workspace\ARROW\runs\sample_selection\distributed\shard-1\candidates\00072_22252491_22252491_1
77,67680403,67680403_0.json,https://github.com/ravidsrk/android-testing-guide,Calculator,SampleApp/app/src/main/java/in/ravidsrk/sample/Calculator.java,production,class,False,13,add,3,public,False,True,0,False,,7,ELIGIBLE,,gradle,SampleApp\app,junit4,1,G:\FPT Specialized\Ki 9\SET490\workspace\ARROW\Java version\jdk-8,using compatible JDK 8 from build.java_homes.java-8 for Java 1,,1,2,1,ASSERTION_FAILED,,,in.ravidsrk.sample.Calculator,,,,,EXCLUDED,baseline,failure: build failed with an exception.,5.740,G:\FPT Specialized\Ki 9\SET490\workspace\ARROW\runs\sample_selection\distributed\shard-1\candidates\00077_67680403_67680403_0
82,232306581,232306581_16.json,https://github.com/alibaba/innodb-java-reader,Utils,innodb-java-reader/src/main/java/com/alibaba/innodb/java/reader/util/Utils.java,production,,,,processFileWithDelimiter,38,public static,True,True,,,,,ELIGIBLE,,,,,,,,,1,2,0,,,,,,,,,EXCLUDED,setup,FileNotFoundError: Cannot resolve focal class path: innodb-java-reader/src/main/java/com/alibaba/innodb/java/reader/util/Utils.java,0.663,G:\FPT Specialized\Ki 9\SET490\workspace\ARROW\runs\sample_selection\distributed\shard-1\candidates\00082_232306581_232306581_16
87,74740415,74740415_8.json,https://github.com/republique-et-canton-de-geneve/chvote-1-0,BallotCipherService,commons-base/commons-crypto/src/main/java/ch/ge/ve/commons/crypto/ballot/BallotCipherService.java,production,,,,setIntegrityKeyFileName,4,public,False,False,,,,,EXCLUDED,no_observable_behavior,,,,,,,,,2,0,,,,,,,,,EXCLUDED,semantic_metadata,no_observable_behavior,0.001,G:\FPT Specialized\Ki 9\SET490\workspace\ARROW\runs\sample_selection\distributed\shard-1\candidates\00087_74740415_74740415_8
92,4835576,4835576_18.json,https://github.com/jameskennard/mockito-collections,CollectionInjector,mockito-collections-core/src/main/java/uk/co/webamoeba/mockito/collections/inject/CollectionInjector.java,production,,,,inject,6,public,True,False,,,,,EXCLUDED,no_observable_behavior,,,,,,,,,2,0,,,,,,,,,EXCLUDED,semantic_metadata,no_observable_behavior,0.001,G:\FPT Specialized\Ki 9\SET490\workspace\ARROW\runs\sample_selection\distributed\shard-1\candidates\00092_4835576_4835576_18
97,32034982,32034982_134.json,https://github.com/OpenEstate/OpenEstate-IO,OpenImmoUtils,OpenImmo/src/main/java/org/openestate/io/openimmo/OpenImmoUtils.java,production,class,False,384,parseDate,3,public static,False,True,0,True,filesystem,7,EXCLUDED,external_dependency_risk:filesystem,,,,,,,,1,2,0,,,,,,,,,EXCLUDED,semantic,external_dependency_risk:filesystem,0.864,G:\FPT Specialized\Ki 9\SET490\workspace\ARROW\runs\sample_selection\distributed\shard-1\candidates\00097_32034982_32034982_134
102,6448810,6448810_160.json,https://github.com/vivo-project/Vitro,ResultSetParser,api/src/main/java/edu/cornell/mannlib/vitro/webapp/utils/sparqlrunner/ResultSetParser.java,production,class,True,49,ifLongPresent,9,protected,True,True,0,False,,9,EXCLUDED,non_concrete:class:abstract,,,,,,,,1,2,0,,,,,,,,,EXCLUDED,semantic,non_concrete:class:abstract,2.264,G:\FPT Specialized\Ki 9\SET490\workspace\ARROW\runs\sample_selection\distributed\shard-1\candidates\00102_6448810_6448810_160
107,3165021,3165021_49.json,https://github.com/SpringJutsu/Springjutsu-Validation,SuccessViewHandlerInterceptor,validation/src/main/java/org/springjutsu/validation/mvc/SuccessViewHandlerInterceptor.java,production,,,,postHandle,22,@Override public,True,False,,,,,EXCLUDED,no_observable_behavior,,,,,,,,,2,0,,,,,,,,,EXCLUDED,semantic_metadata,no_observable_behavior,0.001,G:\FPT Specialized\Ki 9\SET490\workspace\ARROW\runs\sample_selection\distributed\shard-1\candidates\00107_3165021_3165021_49
112,235076,235076_3.json,https://github.com/MikeJ1971/mobile-campus-assistant,ResourceHashModel,MobileWeb/mca-jena-freemarker/src/main/java/org/ilrt/mca/freemarker/ResourceHashModel.java,production,class,False,146,size,5,@Override public,False,True,1,False,,8,ELIGIBLE,,maven,MobileWeb\mca-jena-freemarker,junit4,unknown,G:\FPT Specialized\Ki 9\SET490\workspace\ARROW\Java version\jdk-17,no project java version detected; using build.java_default,,1,2,1,ASSERTION_FAILED,,,org.ilrt.mca.freemarker.ResourceHashModel,,,,,EXCLUDED,baseline,[info] build failure,2.306,G:\FPT Specialized\Ki 9\SET490\workspace\ARROW\runs\sample_selection\distributed\shard-1\candidates\00112_235076_235076_3
117,91712296,91712296_0.json,https://github.com/Baeldung/stackify,MyService,log4j2-example/src/main/java/com/stackify/services/MyService.java,production,class,False,9,calculateUserAge,3,public,False,True,0,False,,6,EXCLUDED,testability_score_below_7,,,,,,,,1,2,0,,,,,,,,,EXCLUDED,semantic,testability_score_below_7,2.333,G:\FPT Specialized\Ki 9\SET490\workspace\ARROW\runs\sample_selection\distributed\shard-1\candidates\00117_91712296_91712296_0
122,67075821,67075821_4.json,https://github.com/lyft/lyft-android-sdk,DeepLink,deeplink/src/main/java/com/lyft/deeplink/DeepLink.java,production,class,False,90,createDeepLinkString,38,static,True,True,0,False,,9,ELIGIBLE,,gradle,deeplink,junit4,unknown,G:\FPT Specialized\Ki 9\SET490\workspace\ARROW\Java version\jdk-8,Gradle 4.10.1 requires compatible JDK 8; matched build.java_homes.java-8,,1,2,1,ASSERTION_FAILED,,,com.lyft.deeplink.DeepLink,,,,,EXCLUDED,baseline,failure: build failed with an exception.,4.553,G:\FPT Specialized\Ki 9\SET490\workspace\ARROW\runs\sample_selection\distributed\shard-1\candidates\00122_67075821_67075821_4
127,48321891,48321891_0.json,https://github.com/interactive-instruments/ldproxy,FeatureTransformerHtml,ogcapi-stable/ogcapi-features-html/src/main/java/de/ii/ldproxy/ogcapi/features/html/app/FeatureTransformerHtml.java,production,,,,writeField,54,protected,True,False,,,,,EXCLUDED,no_observable_behavior,,,,,,,,,2,0,,,,,,,,,EXCLUDED,semantic_metadata,no_observable_behavior,0.002,G:\FPT Specialized\Ki 9\SET490\workspace\ARROW\runs\sample_selection\distributed\shard-1\candidates\00127_48321891_48321891_0
132,37462781,37462781_26.json,https://github.com/jjkester/transportlanguage,Variable,Code/src/main/java/otld/otld/intermediate/Variable.java,production,,,,getId,3,public final,False,True,,,,,EXCLUDED,trivial_focal_method,,,,,,,,,2,0,,,,,,,,,EXCLUDED,semantic_metadata,trivial_focal_method,0.002,G:\FPT Specialized\Ki 9\SET490\workspace\ARROW\runs\sample_selection\distributed\shard-1\candidates\00132_37462781_37462781_26
137,86418271,86418271_0.json,https://github.com/craftingjava/craftingjava-examples,TwitterMessageProducer,spring-integration/twitter-streaming/src/main/java/com/craftingjava/examples/twitter/TwitterMessageProducer.java,production,,,,getStatusListener,3,,False,True,,,,,EXCLUDED,trivial_focal_method,,,,,,,,,2,0,,,,,,,,,EXCLUDED,semantic_metadata,trivial_focal_method,0.002,G:\FPT Specialized\Ki 9\SET490\workspace\ARROW\runs\sample_selection\distributed\shard-1\candidates\00137_86418271_86418271_0
142,137451403,137451403_73.json,https://github.com/alibaba/nacos,GroupKey,config/src/main/java/com/alibaba/nacos/config/server/utils/GroupKey.java,production,class,False,103,parseKey,44,public static,True,True,0,False,,10,ELIGIBLE,,maven,config,junit5,17,G:\FPT Specialized\Ki 9\SET490\workspace\ARROW\Java version\jdk-17,matched build.java_homes.java-17,,1,2,1,COMPILE_FAILED,,,com.alibaba.nacos.config.server.utils.GroupKey,,,,,EXCLUDED,baseline,org.opentest4j.assertionfailederror: expected: <true> but was: <false>,153.621,G:\FPT Specialized\Ki 9\SET490\workspace\ARROW\runs\sample_selection\distributed\shard-1\candidates\00142_137451403_137451403_73
147,158126654,158126654_12.json,https://github.com/peholmst/DDDExample,VAT,shared-kernel/src/main/java/net/pkhapps/ddd/shared/domain/financial/VAT.java,production,class,False,96,addTax,5,@NonNull public,False,True,1,False,,7,ELIGIBLE,,maven,shared-kernel,junit4,11,G:\FPT Specialized\Ki 9\SET490\workspace\ARROW\Java version\jdk-11,matched build.java_homes.java-11,,1,2,2,MODULE_TESTS_PASSED|MODULE_TESTS_PASSED,True,0,net.pkhapps.ddd.shared.domain.financial.VAT,True,TARGET_TEST_PASSED,MODULE_TESTS_PASSED,MODULE_TESTS_PASSED,ELIGIBLE,,,43.930,G:\FPT Specialized\Ki 9\SET490\workspace\ARROW\runs\sample_selection\distributed\shard-1\candidates\00147_158126654_158126654_12
152,78372835,78372835_1.json,https://github.com/donovanmuller/camel-spring-cloud-stream,CamelConfigurableBindingServiceProperties,camel-spring-cloud-stream/src/main/java/io/switchbit/CamelConfigurableBindingServiceProperties.java,production,class,False,97,setCamelConfiguration,9,public,False,True,1,False,,7,ELIGIBLE,,maven,camel-spring-cloud-stream,junit4,8,G:\FPT Specialized\Ki 9\SET490\workspace\ARROW\Java version\jdk-8,matched build.java_homes.java-8,,1,2,2,MODULE_TESTS_PASSED|MODULE_TESTS_PASSED,True,0,io.switchbit.CamelConfigurableBindingServiceProperties,True,TARGET_TEST_PASSED,MODULE_TESTS_PASSED,MODULE_TESTS_PASSED,ELIGIBLE,,,55.236,G:\FPT Specialized\Ki 9\SET490\workspace\ARROW\runs\sample_selection\distributed\shard-1\candidates\00152_78372835_78372835_1
157,62695979,62695979_0.json,https://github.com/bgogetap/Scoper,ScoperCache,scoper/src/main/java/com/brandongogetap/scoper/ScoperCache.java,production,class,False,104,initComponent,11,,True,True,1,False,,9,ELIGIBLE,,gradle,scoper,junit4,unknown,G:\FPT Specialized\Ki 9\SET490\workspace\ARROW\Java version\jdk-8,Gradle 2.14.1 requires compatible JDK 8; matched build.java_homes.java-8,,1,2,1,ASSERTION_FAILED,,,com.brandongogetap.scoper.ScoperCache,,,,,EXCLUDED,baseline,failure: build failed with an exception.,8.178,G:\FPT Specialized\Ki 9\SET490\workspace\ARROW\runs\sample_selection\distributed\shard-1\candidates\00157_62695979_62695979_0
162,119170338,119170338_91.json,https://github.com/monarch-initiative/phenol,BenjaminiHochberg,phenol-analysis/src/main/java/org/monarchinitiative/phenol/stats/mtc/BenjaminiHochberg.java,production,,,,adjustPvals,11,@Override public,True,False,,,,,EXCLUDED,no_observable_behavior,,,,,,,,,2,0,,,,,,,,,EXCLUDED,semantic_metadata,no_observable_behavior,0.001,G:\FPT Specialized\Ki 9\SET490\workspace\ARROW\runs\sample_selection\distributed\shard-1\candidates\00162_119170338_119170338_91
167,152814648,152814648_122.json,https://github.com/jenkinsci/warnings-ng-plugin,PropertyStatistics,plugin/src/main/java/io/jenkins/plugins/analysis/core/model/PropertyStatistics.java,production,,,,getProperty,3,public,False,True,,,,,EXCLUDED,trivial_focal_method,,,,,,,,,2,0,,,,,,,,,EXCLUDED,semantic_metadata,trivial_focal_method,0.001,G:\FPT Specialized\Ki 9\SET490\workspace\ARROW\runs\sample_selection\distributed\shard-1\candidates\00167_152814648_152814648_122
172,2641714,2641714_177.json,https://github.com/apache/tiles,TilesContextELResolver,tiles-el/src/main/java/org/apache/tiles/el/TilesContextELResolver.java,production,class,False,132,getFeatureDescriptors,9,@Override public,True,True,1,True,framework_context,8,EXCLUDED,external_dependency_risk:framework_context,,,,,,,,1,2,0,,,,,,,,,EXCLUDED,semantic,external_dependency_risk:framework_context,3.104,G:\FPT Specialized\Ki 9\SET490\workspace\ARROW\runs\sample_selection\distributed\shard-1\candidates\00172_2641714_2641714_177
177,28665076,28665076_0.json,https://github.com/cdvcz/datex2,Datex2Subscription,datex2-api/src/main/java/cz/cdv/datex2/Datex2Subscription.java,production,class,False,175,newBuilder,3,public static,False,True,7,False,,7,ELIGIBLE,,maven,datex2-api,junit4,7,G:\FPT Specialized\Ki 9\SET490\workspace\ARROW\Java version\jdk-8,using compatible JDK 8 from build.java_homes.java-8 for Java 7,,1,2,2,MODULE_TESTS_PASSED|MODULE_TESTS_PASSED,True,0,cz.cdv.datex2.Datex2Subscription,True,TARGET_TEST_PASSED,MODULE_TESTS_PASSED,MODULE_TESTS_PASSED,ELIGIBLE,,,41.584,G:\FPT Specialized\Ki 9\SET490\workspace\ARROW\runs\sample_selection\distributed\shard-1\candidates\00177_28665076_28665076_0
182,643234,643234_12.json,https://github.com/jbehave/jbehave-web,SauceLabsContextView,web-selenium/src/main/java/org/jbehave/web/selenium/SauceLabsContextView.java,production,,,,show,3,public,False,False,,,,,EXCLUDED,no_observable_behavior,,,,,,,,,2,0,,,,,,,,,EXCLUDED,semantic_metadata,no_observable_behavior,0.001,G:\FPT Specialized\Ki 9\SET490\workspace\ARROW\runs\sample_selection\distributed\shard-1\candidates\00182_643234_643234_12
187,16395045,16395045_72.json,https://github.com/cloud-software-foundation/c5,HalfStoreFileReader,hbase-server/src/main/java/org/apache/hadoop/hbase/io/HalfStoreFileReader.java,production,class,False,301,midkey,5,@Override public,False,True,4,False,,7,ELIGIBLE,,maven,hbase-server,junit4,${project.build.directory}/generated-jamon,G:\FPT Specialized\Ki 9\SET490\workspace\ARROW\Java version\jdk-17,JDK ${project.build.directory}/generated-jamon not mapped; using build.java_default,,1,2,1,ASSERTION_FAILED,,,org.apache.hadoop.hbase.io.HalfStoreFileReader,,,,,EXCLUDED,baseline,[info] parent ............................................. failure [ 2.007 s],10.234,G:\FPT Specialized\Ki 9\SET490\workspace\ARROW\runs\sample_selection\distributed\shard-1\candidates\00187_16395045_16395045_72
192,19777812,19777812_7.json,https://github.com/seven332/EhViewer,GalleryDetailUrlParser,app/src/main/java/com/hippo/ehviewer/client/parser/GalleryDetailUrlParser.java,production,class,False,58,parse,4,@Nullable public static,False,True,0,False,,8,ELIGIBLE,,gradle,app,junit4,1,G:\FPT Specialized\Ki 9\SET490\workspace\ARROW\Java version\jdk-8,using compatible JDK 8 from build.java_homes.java-8 for Java 1,,1,2,1,ASSERTION_FAILED,,,com.hippo.ehviewer.client.parser.GalleryDetailUrlParser,,,,,EXCLUDED,baseline,failure: build failed with an exception.,6.794,G:\FPT Specialized\Ki 9\SET490\workspace\ARROW\runs\sample_selection\distributed\shard-1\candidates\00192_19777812_19777812_7
197,181514613,181514613_3.json,https://github.com/eddex/jumpcutter-android,ServerWrapper,frontend/app/src/main/java/com/eddex/jackle/jumpcutter/internet/ServerWrapper.java,production,class,False,179,uploadVideo,22,public,False,True,2,True,network|filesystem,6,EXCLUDED,external_dependency_risk:network|filesystem;testability_score_below_7,,,,,,,,1,2,0,,,,,,,,,EXCLUDED,semantic,external_dependency_risk:network|filesystem;testability_score_below_7,2.541,G:\FPT Specialized\Ki 9\SET490\workspace\ARROW\runs\sample_selection\distributed\shard-1\candidates\00197_181514613_181514613_3
202,18419894,18419894_93.json,https://github.com/k3po/k3po,TypeConverterImpl,lang/src/main/java/org/kaazing/k3po/lang/internal/el/TypeConverterImpl.java,production,class,False,29,convert,8,"@Override @SuppressWarnings(""unchecked"") public",True,True,0,False,,9,ELIGIBLE,,maven,lang,junit4,8,G:\FPT Specialized\Ki 9\SET490\workspace\ARROW\Java version\jdk-8,matched build.java_homes.java-8,,1,2,2,MODULE_TESTS_PASSED|MODULE_TESTS_PASSED,True,0,org.kaazing.k3po.lang.internal.el.TypeConverterImpl,True,ASSERTION_FAILED,,,EXCLUDED,probe_target,[info] k3po/lang .......................................... failure [ 0.650 s],36.442,G:\FPT Specialized\Ki 9\SET490\workspace\ARROW\runs\sample_selection\distributed\shard-1\candidates\00202_18419894_18419894_93
207,4129770,4129770_0.json,https://github.com/1and1/foss-parent,App,src/it/check-site-jacoco/src/main/java/net/oneandone/sampleproject/App.java,production,,,,forUnitTest,2,public,False,False,,,,,EXCLUDED,no_observable_behavior,,,,,,,,,2,0,,,,,,,,,EXCLUDED,semantic_metadata,no_observable_behavior,0.001,G:\FPT Specialized\Ki 9\SET490\workspace\ARROW\runs\sample_selection\distributed\shard-1\candidates\00207_4129770_4129770_0
212,11236015,11236015_7.json,https://github.com/fredszaq/Rezenerator,Dimensions,rezenerator-core/src/main/java/com/tlorrain/android/rezenerator/core/Dimensions.java,production,class,False,75,fromString,10,public static,True,True,1,False,,10,ELIGIBLE,,maven,rezenerator-core,junit4,6,G:\FPT Specialized\Ki 9\SET490\workspace\ARROW\Java version\jdk-8,using compatible JDK 8 from build.java_homes.java-8 for Java 6,,1,2,1,ASSERTION_FAILED,,,com.tlorrain.android.rezenerator.core.Dimensions,,,,,EXCLUDED,baseline,[info] rezenerator-core ................................... failure [ 0.127 s],18.451,G:\FPT Specialized\Ki 9\SET490\workspace\ARROW\runs\sample_selection\distributed\shard-1\candidates\00212_11236015_11236015_7
217,63894475,63894475_41.json,https://github.com/DigitalTwin/steam-turbine-tutorial,PostProcessingService,tutorial-svcs/tutorial-analytic-post-processing/src/main/java/com/ge/digitaltwin/tutorial/postprocessing/PostProcessingService.java,production,class,False,31,transformRawAnalyticOutput,18,public static,True,True,0,False,,10,ELIGIBLE,,maven,tutorial-svcs\tutorial-analytic-post-processing,junit4,unknown,G:\FPT Specialized\Ki 9\SET490\workspace\ARROW\Java version\jdk-17,no project java version detected; using build.java_default,,1,2,1,ASSERTION_FAILED,,,com.ge.digitaltwin.tutorial.postprocessing.PostProcessingService,,,,,EXCLUDED,baseline,[info] build failure,18.505,G:\FPT Specialized\Ki 9\SET490\workspace\ARROW\runs\sample_selection\distributed\shard-1\candidates\00217_63894475_63894475_41
222,104316906,104316906_19.json,https://github.com/fartherp/framework,FileExcelWrite,framework-poi/src/main/java/com/github/fartherp/framework/poi/excel/write/FileExcelWrite.java,production,class,False,115,build,5,public static,False,True,0,True,filesystem,6,EXCLUDED,external_dependency_risk:filesystem;testability_score_below_7,,,,,,,,1,2,0,,,,,,,,,EXCLUDED,semantic,external_dependency_risk:filesystem;testability_score_below_7,2.624,G:\FPT Specialized\Ki 9\SET490\workspace\ARROW\runs\sample_selection\distributed\shard-1\candidates\00222_104316906_104316906_19
227,3836962,3836962_23.json,https://github.com/st-js/st-js,JSAbstractOperations,shared/src/main/java/org/stjs/javascript/JSAbstractOperations.java,production,class,False,407,ToUInt32,12,static,True,True,0,False,,9,ELIGIBLE,,maven,shared,junit4,7,G:\FPT Specialized\Ki 9\SET490\workspace\ARROW\Java version\jdk-8,using compatible JDK 8 from build.java_homes.java-8 for Java 7,,1,2,1,RUNTIME_FAILED,,,org.stjs.javascript.JSAbstractOperations,,,,,EXCLUDED,baseline,[error] [error] some problems were encountered while processing the poms:,11.189,G:\FPT Specialized\Ki 9\SET490\workspace\ARROW\runs\sample_selection\distributed\shard-1\candidates\00227_3836962_3836962_23
232,50151956,50151956_0.json,https://github.com/spring-guides/gs-centralized-configuration,MessageRestController,complete/configuration-client/src/main/java/com/example/configurationclient/ConfigurationClientApplication.java,production,,,,getMessage,4,"@RequestMapping(""/message"")",False,True,,,,,EXCLUDED,trivial_focal_method,,,,,,,,,2,0,,,,,,,,,EXCLUDED,semantic_metadata,trivial_focal_method,0.001,G:\FPT Specialized\Ki 9\SET490\workspace\ARROW\runs\sample_selection\distributed\shard-1\candidates\00232_50151956_50151956_0
237,35757620,35757620_3.json,https://github.com/victorrentea/training,TransformStreams,java8/src/main/java/victor/training/java8/stream/order/TransformStreams.java,production,,,,p03_getOrderDatesAscending,3,public,False,True,,,,,ELIGIBLE,,,,,,,,,,2,0,,,,,,,,,EXCLUDED,setup,"RuntimeError: Repository setup failed after 3 attempts: CalledProcessError: Command '['git', '-c', 'core.longpaths=true', 'clone', '--depth', '1', 'https://github.com/victorrentea/training', 'G:\\FPT Specialized\\Ki 9\\SET490\\workspace\\ARROW\\repos\\35757620']' returned non-zero exit status 128.",10.228,G:\FPT Specialized\Ki 9\SET490\workspace\ARROW\runs\sample_selection\distributed\shard-1\candidates\00237_35757620_35757620_3
242,14135467,14135467_12.json,https://github.com/apache/attic-aurora,BackoffHelper,commons/src/main/java/org/apache/aurora/common/util/BackoffHelper.java,production,class,False,125,doUntilResult,5,public,True,True,0,False,,9,ELIGIBLE,,gradle,.,junit4,minJavaVersion,G:\FPT Specialized\Ki 9\SET490\workspace\ARROW\Java version\jdk-17,JDK minJavaVersion not mapped; using build.java_default,,1,2,1,TOOL_ERROR,,,org.apache.aurora.common.util.BackoffHelper,,,,,EXCLUDED,baseline,[WinError 2] The system cannot find the file specified,7.699,G:\FPT Specialized\Ki 9\SET490\workspace\ARROW\runs\sample_selection\distributed\shard-1\candidates\00242_14135467_14135467_12
247,93878516,93878516_13.json,https://github.com/google/streetview-publish-client-libraries,StreetViewPublishServiceClient,client_libraries/java_library/java-streetview-publish/src/main/java/com/google/streetview/publish/v1/StreetViewPublishServiceClient.java,production,,,,deletePhoto,4,public final,False,False,,,,,EXCLUDED,no_observable_behavior,,,,,,,,,2,0,,,,,,,,,EXCLUDED,semantic_metadata,no_observable_behavior,0.001,G:\FPT Specialized\Ki 9\SET490\workspace\ARROW\runs\sample_selection\distributed\shard-1\candidates\00247_93878516_93878516_13
252,180588003,180588003_46.json,https://github.com/adorsys/XS2A-Sandbox,AISController,online-banking/oba-rest-server/src/main/java/de/adorsys/ledgers/oba/rest/server/resource/AISController.java,production,class,False,232,revokeConsent,16,@Override public,True,True,0,False,,10,ELIGIBLE,,maven,online-banking\oba-rest-server,junit5,21,G:\FPT Specialized\Ki 9\SET490\workspace\ARROW\Java version\jdk-21,matched build.java_homes.java-21,,1,2,1,ASSERTION_FAILED,,,de.adorsys.ledgers.oba.rest.server.resource.AISController,,,,,EXCLUDED,baseline,[info] oba-service-api .................................... failure [01:<n> min],217.180,G:\FPT Specialized\Ki 9\SET490\workspace\ARROW\runs\sample_selection\distributed\shard-1\candidates\00252_180588003_180588003_46
257,3273720,3273720_31.json,https://github.com/CloudifySource/cloudify,OpenStackNetworkConfigurationHelper,esc/src/main/java/org/cloudifysource/esc/driver/provisioning/openstack/OpenStackNetworkConfigurationHelper.java,production,,,,validateNetworkNames,14,protected,True,False,,,,,EXCLUDED,no_observable_behavior,,,,,,,,,2,0,,,,,,,,,EXCLUDED,semantic_metadata,no_observable_behavior,0.001,G:\FPT Specialized\Ki 9\SET490\workspace\ARROW\runs\sample_selection\distributed\shard-1\candidates\00257_3273720_3273720_31
262,12473833,12473833_48.json,https://github.com/GeneMANIA/genemania,AverageByNetworkCalculator,engine/src/main/java/org/genemania/engine/core/integration/calculators/AverageByNetworkCalculator.java,production,,,,process,17,public,True,False,,,,,EXCLUDED,no_observable_behavior,,,,,,,,,2,0,,,,,,,,,EXCLUDED,semantic_metadata,no_observable_behavior,0.001,G:\FPT Specialized\Ki 9\SET490\workspace\ARROW\runs\sample_selection\distributed\shard-1\candidates\00262_12473833_12473833_48
267,68539843,68539843_62.json,https://github.com/Microbule/microbule,AbstractErrorResponseStrategy,errormap/core/src/main/java/org/microbule/errormap/core/AbstractErrorResponseStrategy.java,production,class,True,39,createException,9,protected,True,True,0,False,,9,EXCLUDED,non_concrete:class:abstract,,,,,,,,1,2,0,,,,,,,,,EXCLUDED,semantic,non_concrete:class:abstract,3.624,G:\FPT Specialized\Ki 9\SET490\workspace\ARROW\runs\sample_selection\distributed\shard-1\candidates\00267_68539843_68539843_62
272,15722026,15722026_1.json,https://github.com/coinbase/coinbase-java,PaginationParams,coinbase-java/src/main/java/com/coinbase/PaginationParams.java,production,class,False,216,previousPage,12,"@SuppressWarnings(""checkstyle:MultipleStringLiterals"") public static",True,True,0,False,,9,ELIGIBLE,,maven,coinbase-java,junit4,6,G:\FPT Specialized\Ki 9\SET490\workspace\ARROW\Java version\jdk-8,using compatible JDK 8 from build.java_homes.java-8 for Java 6,,1,2,1,COMPILE_FAILED,,,com.coinbase.PaginationParams,,,,,EXCLUDED,baseline,[error] failed to execute goal org.apache.maven.plugins:maven-compiler-plugin:<n>.15.0:compile (default-compile) on project coinbase-java: compilation failure: compilation failure:,14.094,G:\FPT Specialized\Ki 9\SET490\workspace\ARROW\runs\sample_selection\distributed\shard-1\candidates\00272_15722026_15722026_1
277,315033,315033_1.json,https://github.com/SmartITEngineering/smart-cms,TransactionServiceImpl,code-generation/content-repo-dao-impl/src/main/java/com/smartitengineering/cms/repo/dao/impl/tx/TransactionServiceImpl.java,production,class,False,291,getActualStateAfterTransition,60,protected,True,True,2,True,nondeterminism,8,EXCLUDED,external_dependency_risk:nondeterminism,,,,,,,,1,2,0,,,,,,,,,EXCLUDED,semantic,external_dependency_risk:nondeterminism,3.294,G:\FPT Specialized\Ki 9\SET490\workspace\ARROW\runs\sample_selection\distributed\shard-1\candidates\00277_315033_315033_1
282,21860658,21860658_16.json,https://github.com/Geomatys/constellation,TemplateWriter,modules/json-bindings/metadata/src/main/java/org/constellation/json/metadata/v2/TemplateWriter.java,production,class,False,287,writeTemplate,8,public,True,True,1,False,,9,ELIGIBLE,,maven,modules\json-bindings\metadata,junit4,7,G:\FPT Specialized\Ki 9\SET490\workspace\ARROW\Java version\jdk-8,using compatible JDK 8 from build.java_homes.java-8 for Java 7,,1,2,1,RUNTIME_FAILED,,,org.constellation.json.metadata.v2.TemplateWriter,,,,,EXCLUDED,baseline,[error] [error] some problems were encountered while processing the poms:,16.434,G:\FPT Specialized\Ki 9\SET490\workspace\ARROW\runs\sample_selection\distributed\shard-1\candidates\00282_21860658_21860658_16
287,80993243,80993243_0.json,https://github.com/hypfvieh/dbus-java,InterfaceCodeGenerator,dbus-java-utils/src/main/java/org/freedesktop/dbus/utils/generator/InterfaceCodeGenerator.java,production,class,False,737,analyze,30,public,True,True,3,True,filesystem,8,EXCLUDED,external_dependency_risk:filesystem,,,,,,,,1,2,0,,,,,,,,,EXCLUDED,semantic,external_dependency_risk:filesystem,9.930,G:\FPT Specialized\Ki 9\SET490\workspace\ARROW\runs\sample_selection\distributed\shard-1\candidates\00287_80993243_80993243_0
292,46187719,46187719_163.json,https://github.com/webfirmframework/wff,AutoComplete,wffweb/src/main/java/com/webfirmframework/wffweb/tag/html/html5/attribute/AutoComplete.java,production,,,,addValues,3,public,False,False,,,,,EXCLUDED,no_observable_behavior,,,,,,,,,2,0,,,,,,,,,EXCLUDED,semantic_metadata,no_observable_behavior,0.001,G:\FPT Specialized\Ki 9\SET490\workspace\ARROW\runs\sample_selection\distributed\shard-1\candidates\00292_46187719_46187719_163
297,78670243,78670243_0.json,https://github.com/SolaceProducts/solace-java-spring-boot,SolaceJavaAutoCloudConfiguration,solace-java-spring-boot-autoconfigure/src/main/java/com/solace/spring/boot/autoconfigure/SolaceJavaAutoCloudConfiguration.java,production,,,,getSolaceServiceCredentials,4,@Override public,False,True,,,,,EXCLUDED,trivial_focal_method,,,,,,,,,2,0,,,,,,,,,EXCLUDED,semantic_metadata,trivial_focal_method,0.001,G:\FPT Specialized\Ki 9\SET490\workspace\ARROW\runs\sample_selection\distributed\shard-1\candidates\00297_78670243_78670243_0
302,35952836,35952836_43.json,https://github.com/Squarespace/template-compiler,PluginUtils,core/src/main/java/com/squarespace/template/plugins/PluginUtils.java,production,class,False,158,hexDigitToInt,10,public static,True,True,0,False,,10,ELIGIBLE,,gradle,core,testng,11,G:\FPT Specialized\Ki 9\SET490\workspace\ARROW\Java version\jdk-11,matched build.java_homes.java-11,,1,2,1,TOOL_ERROR,,,com.squarespace.template.plugins.PluginUtils,,,,,EXCLUDED,baseline,[WinError 2] The system cannot find the file specified,2.567,G:\FPT Specialized\Ki 9\SET490\workspace\ARROW\runs\sample_selection\distributed\shard-1\candidates\00302_35952836_35952836_43
307,153085231,153085231_1.json,https://github.com/quantnetwork/overledger-sdk-java,ZlibCompressor,overledger-sdk-essential/src/main/java/network/quant/essential/util/ZlibCompressor.java,production,,,,ZlibCompressor,1,private,False,False,,,,,EXCLUDED,focal_method_not_directly_testable;no_observable_behavior,,,,,,,,,2,0,,,,,,,,,EXCLUDED,semantic_metadata,focal_method_not_directly_testable;no_observable_behavior,0.001,G:\FPT Specialized\Ki 9\SET490\workspace\ARROW\runs\sample_selection\distributed\shard-1\candidates\00307_153085231_153085231_1
312,265243047,265243047_3.json,https://github.com/flinkx/flinkx,StringUtil,flinkx-core/src/main/java/com/flink/flinkx/util/StringUtil.java,production,class,False,311,convertRegularExpr,20,public static,True,True,0,True,database,9,EXCLUDED,external_dependency_risk:database,,,,,,,,1,2,0,,,,,,,,,EXCLUDED,semantic,external_dependency_risk:database,2.358,G:\FPT Specialized\Ki 9\SET490\workspace\ARROW\runs\sample_selection\distributed\shard-1\candidates\00312_265243047_265243047_3
317,119369247,119369247_6.json,https://github.com/Ahmed-Adel-Ismail/LiteCycle,LiteCycle,lite-cycle/src/main/java/com/android/LiteCycle.java,production,class,False,31,with,3,public static,False,True,0,False,,7,ELIGIBLE,,gradle,lite-cycle,junit4,unknown,G:\FPT Specialized\Ki 9\SET490\workspace\ARROW\Java version\jdk-8,Gradle 4.6 requires compatible JDK 8; matched build.java_homes.java-8,,1,2,1,ASSERTION_FAILED,,,com.android.LiteCycle,,,,,EXCLUDED,baseline,failure: build failed with an exception.,71.365,G:\FPT Specialized\Ki 9\SET490\workspace\ARROW\runs\sample_selection\distributed\shard-1\candidates\00317_119369247_119369247_6
322,2449032,2449032_13.json,https://github.com/MartinGijsen/PowerTools,Console,power-tools-parent/power-tools-engine/src/main/java/org/powertools/engine/reports/Console.java,production,,,,finish,4,@Override public,False,False,,,,,EXCLUDED,no_observable_behavior,,,,,,,,,2,0,,,,,,,,,EXCLUDED,semantic_metadata,no_observable_behavior,0.001,G:\FPT Specialized\Ki 9\SET490\workspace\ARROW\runs\sample_selection\distributed\shard-1\candidates\00322_2449032_2449032_13
327,52192427,52192427_0.json,https://github.com/bigdullrock/nifty-spring-boot-starter,GreeterService,nifty-spring-boot-starter-demo/src/main/java/com/bigdullrock/spring/boot/nifty/demo/GreeterService.java,production,class,False,13,sayHello,4,@Override public,False,True,0,False,,6,EXCLUDED,testability_score_below_7,,,,,,,,1,2,0,,,,,,,,,EXCLUDED,semantic,testability_score_below_7,1.786,G:\FPT Specialized\Ki 9\SET490\workspace\ARROW\runs\sample_selection\distributed\shard-1\candidates\00327_52192427_52192427_0
332,147608979,147608979_2.json,https://github.com/ueboot/ueboot,ResourcesServiceImpl,ueboot-shiro/src/main/java/com/ueboot/shiro/service/resources/impl/ResourcesServiceImpl.java,production,class,False,135,findByResourceType,4,@Override public,False,True,0,True,database,7,EXCLUDED,external_dependency_risk:database,,,,,,,,1,2,0,,,,,,,,,EXCLUDED,semantic,external_dependency_risk:database,4.205,G:\FPT Specialized\Ki 9\SET490\workspace\ARROW\runs\sample_selection\distributed\shard-1\candidates\00332_147608979_147608979_2
337,107437722,107437722_123.json,https://github.com/Adobe-Marketing-Cloud/asset-share-commons,AssetRenditionDownloadRequest,core/src/main/java/com/adobe/aem/commons/assetshare/content/renditions/download/impl/AssetRenditionDownloadRequest.java,production,class,False,109,getAttribute,8,@Override public,True,True,6,False,,9,ELIGIBLE,,maven,core,junit4,${project.build.directory}/generated-sources/acs-aem-commons,G:\FPT Specialized\Ki 9\SET490\workspace\ARROW\Java version\jdk-17,JDK ${project.build.directory}/generated-sources/acs-aem-commons not mapped; using build.java_default,,1,2,2,MODULE_TESTS_PASSED|MODULE_TESTS_PASSED,True,0,com.adobe.aem.commons.assetshare.content.renditions.download.impl.AssetRenditionDownloadRequest,True,TARGET_TEST_PASSED,MODULE_TESTS_PASSED,MODULE_TESTS_PASSED,ELIGIBLE,,,292.852,G:\FPT Specialized\Ki 9\SET490\workspace\ARROW\runs\sample_selection\distributed\shard-1\candidates\00337_107437722_107437722_123
342,105203803,105203803_0.json,https://github.com/jibbo/Base-MVP,MainPresenter,sampleapp/src/main/java/eu/giovannidefrancesco/simplemvp/MainPresenter.java,production,,,,onViewResumed,5,@Override public,False,False,,,,,EXCLUDED,no_observable_behavior,,,,,,,,,2,0,,,,,,,,,EXCLUDED,semantic_metadata,no_observable_behavior,0.001,G:\FPT Specialized\Ki 9\SET490\workspace\ARROW\runs\sample_selection\distributed\shard-1\candidates\00342_105203803_105203803_0
347,104169114,104169114_3.json,https://github.com/chenjy16/gts,RouteInfoManager,gts-nameserver/src/main/java/com/wf/gts/nameserver/route/RouteInfoManager.java,production,class,False,150,getGtsManagerInfo,9,public,False,True,0,True,nondeterminism,7,EXCLUDED,external_dependency_risk:nondeterminism,,,,,,,,1,2,0,,,,,,,,,EXCLUDED,semantic,external_dependency_risk:nondeterminism,2.362,G:\FPT Specialized\Ki 9\SET490\workspace\ARROW\runs\sample_selection\distributed\shard-1\candidates\00347_104169114_104169114_3
352,50459141,50459141_3.json,https://github.com/aolarchive/chronos,ChronosController,chronos-web/src/main/java/com/huffingtonpost/chronos/servlet/ChronosController.java,production,class,False,289,getJob,10,"@RequestMapping(value=""/job/{id}"", method=RequestMethod.GET) public @ResponseBody",True,True,5,True,database|filesystem,7,EXCLUDED,external_dependency_risk:database|filesystem,,,,,,,,1,2,0,,,,,,,,,EXCLUDED,semantic,external_dependency_risk:database|filesystem,2.176,G:\FPT Specialized\Ki 9\SET490\workspace\ARROW\runs\sample_selection\distributed\shard-1\candidates\00352_50459141_50459141_3
357,1020601,1020601_2.json,https://github.com/modelmapper/modelmapper,NumberConverter,core/src/main/java/org/modelmapper/internal/converter/NumberConverter.java,production,class,False,166,convert,17,public,True,True,0,False,,9,ELIGIBLE,,maven,core,testng,8,G:\FPT Specialized\Ki 9\SET490\workspace\ARROW\Java version\jdk-8,matched build.java_homes.java-8,,1,2,2,MODULE_TESTS_PASSED|MODULE_TESTS_PASSED,True,0,org.modelmapper.internal.converter.NumberConverter,True,TARGET_TEST_PASSED,MODULE_TESTS_PASSED,MODULE_TESTS_PASSED,ELIGIBLE,,,150.674,G:\FPT Specialized\Ki 9\SET490\workspace\ARROW\runs\sample_selection\distributed\shard-1\candidates\00357_1020601_1020601_2
362,143691055,143691055_0.json,https://github.com/hackeryang/Hadoop-Exercises,MaxTemperatureDriver,src/main/java/MapReduceApplication/MaxTemperatureDriver.java,production,class,False,33,run,17,public,True,True,0,False,,10,ELIGIBLE,,maven,.,junit4,unknown,G:\FPT Specialized\Ki 9\SET490\workspace\ARROW\Java version\jdk-17,no project java version detected; using build.java_default,,1,2,1,ASSERTION_FAILED,,,MapReduceApplication.MaxTemperatureDriver,,,,,EXCLUDED,baseline,[info] build failure,347.802,G:\FPT Specialized\Ki 9\SET490\workspace\ARROW\runs\sample_selection\distributed\shard-1\candidates\00362_143691055_143691055_0
367,2310387,2310387_1.json,https://github.com/builddoctor/JavaBuildComparison,Directory,medium/src/main/java/net/sourceforge/cruisecontrol/util/Directory.java,production,class,False,49,validate,11,public,True,True,0,True,filesystem,9,EXCLUDED,external_dependency_risk:filesystem,,,,,,,,1,2,0,,,,,,,,,EXCLUDED,semantic,external_dependency_risk:filesystem,6.766,G:\FPT Specialized\Ki 9\SET490\workspace\ARROW\runs\sample_selection\distributed\shard-1\candidates\00367_2310387_2310387_1
372,24384638,24384638_0.json,https://github.com/tkowalcz/presentations,WordUtils,rxjava/src/main/java/pl/tkowalcz/utils/WordUtils.java,production,class,False,30,getWordAtIndex,12,public static,True,True,0,False,,10,ELIGIBLE,,maven,rxjava,testng,8,G:\FPT Specialized\Ki 9\SET490\workspace\ARROW\Java version\jdk-8,matched build.java_homes.java-8,,1,2,1,COMPILE_FAILED,,,pl.tkowalcz.utils.WordUtils,,,,,EXCLUDED,baseline,"[error] /g:/fpt specialized/ki 9<path>:[line,col] package javafx.event does not exist",18.004,G:\FPT Specialized\Ki 9\SET490\workspace\ARROW\runs\sample_selection\distributed\shard-1\candidates\00372_24384638_24384638_0
377,17034809,17034809_45.json,https://github.com/datacleaner/DataCleaner,MarkRowsAnalyzerResultReducer,components/mark-rows/src/main/java/org/datacleaner/components/annotate/MarkRowsAnalyzerResultReducer.java,production,class,False,39,reduce,13,@Override public,True,True,0,False,,10,ELIGIBLE,,maven,components\mark-rows,junit4,8,G:\FPT Specialized\Ki 9\SET490\workspace\ARROW\Java version\jdk-8,matched build.java_homes.java-8,,1,2,1,COMPILE_FAILED,,,org.datacleaner.components.annotate.MarkRowsAnalyzerResultReducer,,,,,EXCLUDED,baseline,[error] failed to execute goal org.apache.maven.plugins:maven-compiler-plugin:<n>.7.0:compile (default-compile) on project datacleaner-engine-utils: compilation failure,61.003,G:\FPT Specialized\Ki 9\SET490\workspace\ARROW\runs\sample_selection\distributed\shard-1\candidates\00377_17034809_17034809_45
382,6963527,6963527_1.json,https://github.com/timboudreau/nb-nodejs,ValidHostNameOrIPValidator,node-projects/src/main/java/org/netbeans/modules/nodejs/forks/ValidHostNameOrIPValidator.java,production,,,,validate,54,@Override public,True,False,,,,,EXCLUDED,no_observable_behavior,,,,,,,,,2,0,,,,,,,,,EXCLUDED,semantic_metadata,no_observable_behavior,0.002,G:\FPT Specialized\Ki 9\SET490\workspace\ARROW\runs\sample_selection\distributed\shard-1\candidates\00382_6963527_6963527_1
387,702991,702991_26.json,https://github.com/gbm-bailleul/padaf,XMPSchema,xmpbox/src/main/java/net/padaf/xmpbox/schema/XMPSchema.java,production,class,False,1408,setAbout,9,public,True,True,3,False,,8,ELIGIBLE,,maven,xmpbox,junit4,unknown,G:\FPT Specialized\Ki 9\SET490\workspace\ARROW\Java version\jdk-17,no project java version detected; using build.java_default,,1,2,1,RUNTIME_FAILED,,,net.padaf.xmpbox.schema.XMPSchema,,,,,EXCLUDED,baseline,[error] [error] some problems were encountered while processing the poms:,3.695,G:\FPT Specialized\Ki 9\SET490\workspace\ARROW\runs\sample_selection\distributed\shard-1\candidates\00387_702991_702991_26
392,93627493,93627493_1.json,https://github.com/AuraDevelopmentTeam/BungeeChat2,PlaceHolderManager,BungeeChatApi/src/main/java/dev/aura/bungeechat/api/placeholder/PlaceHolderManager.java,production,class,False,96,processMessage,7,public static,False,True,0,False,,7,ELIGIBLE,,gradle,BungeeChatApi,junit4,unknown,G:\FPT Specialized\Ki 9\SET490\workspace\ARROW\Java version\jdk-11,Gradle 5.6.4 requires compatible JDK 11; matched build.java_homes.java-11,,1,2,1,ASSERTION_FAILED,,,dev.aura.bungeechat.api.placeholder.PlaceHolderManager,,,,,EXCLUDED,baseline,failure: build failed with an exception.,30.403,G:\FPT Specialized\Ki 9\SET490\workspace\ARROW\runs\sample_selection\distributed\shard-1\candidates\00392_93627493_93627493_1
397,2964129,2964129_6.json,https://github.com/pmarques/SocketIO-Server,SocketIOFrameHelper,SocketIO-Core/src/main/java/eu/k2c/socket/io/frames/helpers/SocketIOFrameHelper.java,production,class,False,199,encodeAck,4,public static,True,True,0,True,network,9,EXCLUDED,external_dependency_risk:network,,,,,,,,1,2,0,,,,,,,,,EXCLUDED,semantic,external_dependency_risk:network,1.804,G:\FPT Specialized\Ki 9\SET490\workspace\ARROW\runs\sample_selection\distributed\shard-1\candidates\00397_2964129_2964129_6
402,50154902,50154902_38.json,https://github.com/NextFaze/power-adapters,TreeAdapter,power-adapters/src/main/java/com/nextfaze/poweradapters/TreeAdapter.java,production,,,,setExpanded,13,public,True,False,,,,,EXCLUDED,no_observable_behavior,,,,,,,,,2,0,,,,,,,,,EXCLUDED,semantic_metadata,no_observable_behavior,0.001,G:\FPT Specialized\Ki 9\SET490\workspace\ARROW\runs\sample_selection\distributed\shard-1\candidates\00402_50154902_50154902_38
407,42273328,42273328_33.json,https://github.com/eBay/UAF,AuthenticationRequestProcessing,fido-uaf-core/src/main/java/org/ebayopensource/fido/uaf/ri/client/AuthenticationRequestProcessing.java,production,class,False,63,processRequest,17,public,False,True,0,False,,7,ELIGIBLE,,maven,fido-uaf-core,junit4,unknown,G:\FPT Specialized\Ki 9\SET490\workspace\ARROW\Java version\jdk-17,no project java version detected; using build.java_default,,1,2,2,MODULE_TESTS_PASSED|MODULE_TESTS_PASSED,True,0,org.ebayopensource.fido.uaf.ri.client.AuthenticationRequestProcessing,True,TARGET_TEST_PASSED,MODULE_TESTS_PASSED,MODULE_TESTS_PASSED,ELIGIBLE,,,39.531,G:\FPT Specialized\Ki 9\SET490\workspace\ARROW\runs\sample_selection\distributed\shard-1\candidates\00407_42273328_42273328_33
412,39694047,39694047_5.json,https://github.com/joedayz/spring-boot-samples,GithubClient,cfp-example/src/main/java/com/example/cfp/integration/github/GithubClient.java,production,class,False,127,getRecentCommits,5,"@Cacheable(""github.commits"") public",False,True,3,True,network,7,EXCLUDED,external_dependency_risk:network,,,,,,,,1,2,0,,,,,,,,,EXCLUDED,semantic,external_dependency_risk:network,3.067,G:\FPT Specialized\Ki 9\SET490\workspace\ARROW\runs\sample_selection\distributed\shard-1\candidates\00412_39694047_39694047_5
417,14135469,14135469_7.json,https://github.com/apache/incubator-batchee,StopMojo,tools/maven-plugin/src/main/java/org/apache/batchee/tools/maven/StopMojo.java,production,,,,execute,5,@Override public,False,False,,,,,EXCLUDED,no_observable_behavior,,,,,,,,,2,0,,,,,,,,,EXCLUDED,semantic_metadata,no_observable_behavior,0.001,G:\FPT Specialized\Ki 9\SET490\workspace\ARROW\runs\sample_selection\distributed\shard-1\candidates\00417_14135469_14135469_7
422,39772980,39772980_67.json,https://github.com/jo-source/jo-widgets,JUnitLoggerProvider,modules/core/org.jowidgets.logging.api/src/main/java/org/jowidgets/logging/tools/JUnitLoggerProvider.java,production,,,,reset,8,public static,True,False,,,,,EXCLUDED,no_observable_behavior,,,,,,,,,2,0,,,,,,,,,EXCLUDED,semantic_metadata,no_observable_behavior,0.001,G:\FPT Specialized\Ki 9\SET490\workspace\ARROW\runs\sample_selection\distributed\shard-1\candidates\00422_39772980_39772980_67
427,11660383,11660383_20.json,https://github.com/danielpacak/com.github.danielpacak.jenkins.ci,JobHttpMessageConverter,core/src/main/java/com/github/danielpacak/jenkins/ci/core/http/converter/JobHttpMessageConverter.java,production,,,,canWrite,4,@Override public,True,True,,,,,ELIGIBLE,,,,,,,,,,2,0,,,,,,,,,EXCLUDED,setup,"RuntimeError: Repository setup failed after 3 attempts: CalledProcessError: Command '['git', '-c', 'core.longpaths=true', 'clone', '--depth', '1', 'https://github.com/danielpacak/com.github.danielpacak.jenkins.ci', 'G:\\FPT Specialized\\Ki 9\\SET490\\workspace\\ARROW\\repos\\11660383']' returned non-zero exit status 128.",9.752,G:\FPT Specialized\Ki 9\SET490\workspace\ARROW\runs\sample_selection\distributed\shard-1\candidates\00427_11660383_11660383_20
432,172513597,172513597_1.json,https://github.com/houbb/data-factory,DataUtil,data-factory-core/src/main/java/com/github/houbb/data/factory/core/util/DataUtil.java,production,,,,clear,3,private static,False,False,,,,,EXCLUDED,focal_method_not_directly_testable;no_observable_behavior,,,,,,,,,2,0,,,,,,,,,EXCLUDED,semantic_metadata,focal_method_not_directly_testable;no_observable_behavior,0.001,G:\FPT Specialized\Ki 9\SET490\workspace\ARROW\runs\sample_selection\distributed\shard-1\candidates\00432_172513597_172513597_1
437,9178484,9178484_2.json,https://github.com/openscoring/openscoring,WebApplicationExceptionMapper,openscoring-service/src/main/java/org/openscoring/service/WebApplicationExceptionMapper.java,production,class,False,56,toResponse,26,@Override public,True,True,0,False,,9,ELIGIBLE,,maven,openscoring-service,junit5,unknown,G:\FPT Specialized\Ki 9\SET490\workspace\ARROW\Java version\jdk-17,no project java version detected; using build.java_default,,1,2,2,MODULE_TESTS_PASSED|MODULE_TESTS_PASSED,True,1,org.openscoring.service.WebApplicationExceptionMapper,True,TARGET_TEST_PASSED,MODULE_TESTS_PASSED,MODULE_TESTS_PASSED,ELIGIBLE,,,169.025,G:\FPT Specialized\Ki 9\SET490\workspace\ARROW\runs\sample_selection\distributed\shard-1\candidates\00437_9178484_9178484_2
442,141573898,141573898_0.json,https://github.com/java-aodeng/hope,SysRoleServiceImpl,springboot/springboot5-mapper-pagehelper/src/main/java/com/hope/service/impl/SysRoleServiceImpl.java,production,class,False,21,SelectAll,4,@Override public,False,True,0,False,,8,ELIGIBLE,,maven,springboot\springboot5-mapper-pagehelper,junit4,8,G:\FPT Specialized\Ki 9\SET490\workspace\ARROW\Java version\jdk-8,matched build.java_homes.java-8,6937b463a7a89e467d5bf6974bdf4b2a53b89878,1,2,1,RUNTIME_FAILED,,,com.hope.service.impl.SysRoleServiceImpl,,,,,EXCLUDED,baseline,error:org.mybatis.spring.mybatissystemexception:nested exception is org.apache.ibatis.exceptions.persistenceexception: ### error querying database. cause: org.springframework.jdbc.cannotgetjdbcconnectionexception: failed to obtain jdbc connection; nested exception is com.mysql.jdbc.exceptions.jdbc4.,54.877,G:\FPT Specialized\Ki 9\SET490\workspace\ARROW\runs\sample_selection\distributed\shard-1\candidates\00442_141573898_141573898_0
447,83904496,83904496_4.json,https://github.com/bsideup/graphql-java-reactive,ReactiveExecutionStrategy,core/src/main/java/com/github/bsideup/graphql/reactive/ReactiveExecutionStrategy.java,production,class,False,159,execute,22,@Override public,True,True,0,False,,9,ELIGIBLE,,gradle,core,junit4,unknown,G:\FPT Specialized\Ki 9\SET490\workspace\ARROW\Java version\jdk-8,Gradle 3.4 requires compatible JDK 8; matched build.java_homes.java-8,,1,2,2,MODULE_TESTS_PASSED|MODULE_TESTS_PASSED,False,1,com.github.bsideup.graphql.reactive.ReactiveExecutionStrategy,False,,,,EXCLUDED,classpath,Không resolve được project classpath,103.003,G:\FPT Specialized\Ki 9\SET490\workspace\ARROW\runs\sample_selection\distributed\shard-1\candidates\00447_83904496_83904496_4
452,69255078,69255078_6.json,https://github.com/pitchpoint-solutions/sfs,RxHelper,sfs-server/src/main/java/org/sfs/rx/RxHelper.java,production,class,False,202,iterate,34,public static,True,True,0,False,,9,ELIGIBLE,,maven,sfs-server,junit4,8,G:\FPT Specialized\Ki 9\SET490\workspace\ARROW\Java version\jdk-8,matched build.java_homes.java-8,,1,2,1,ASSERTION_FAILED,,,org.sfs.rx.RxHelper,,,,,EXCLUDED,baseline,[info] sfs-server ......................................... failure [ 23.251 s],155.224,G:\FPT Specialized\Ki 9\SET490\workspace\ARROW\runs\sample_selection\distributed\shard-1\candidates\00452_69255078_69255078_6
457,163648692,163648692_210.json,https://github.com/nordic-institute/X-Road-REST-UI,AccessRightService,src/proxy-ui-api/src/main/java/org/niis/xroad/restapi/service/AccessRightService.java,production,,,,addSoapServiceAccessRights,39,private,True,True,,,,,EXCLUDED,focal_method_not_directly_testable,,,,,,,,,2,0,,,,,,,,,EXCLUDED,semantic_metadata,focal_method_not_directly_testable,0.001,G:\FPT Specialized\Ki 9\SET490\workspace\ARROW\runs\sample_selection\distributed\shard-1\candidates\00457_163648692_163648692_210
462,86653876,86653876_1.json,https://github.com/tywo45/t-io,ByteKit,src/zoo/websocket/client/src/main/java/org/tio/websocket/client/kit/ByteKit.java,production,class,False,173,split,12,public static,True,True,0,False,,10,ELIGIBLE,,maven,src\zoo\websocket\client,junit4,unknown,G:\FPT Specialized\Ki 9\SET490\workspace\ARROW\Java version\jdk-17,no project java version detected; using build.java_default,,1,2,2,MODULE_TESTS_PASSED|MODULE_TESTS_PASSED,True,0,org.tio.websocket.client.kit.ByteKit,True,TARGET_TEST_PASSED,MODULE_TESTS_PASSED,MODULE_TESTS_PASSED,ELIGIBLE,,,24.433,G:\FPT Specialized\Ki 9\SET490\workspace\ARROW\runs\sample_selection\distributed\shard-1\candidates\00462_86653876_86653876_1
467,54601914,54601914_2.json,https://github.com/nairbspace/octoandroid,UseCase,domain/src/main/java/com/nairbspace/octoandroid/domain/interactor/UseCase.java,production,,,,execute,8,"@SuppressWarnings(""unchecked"") public",False,False,,,,,EXCLUDED,no_observable_behavior,,,,,,,,,2,0,,,,,,,,,EXCLUDED,semantic_metadata,no_observable_behavior,0.001,G:\FPT Specialized\Ki 9\SET490\workspace\ARROW\runs\sample_selection\distributed\shard-1\candidates\00467_54601914_54601914_2
472,3937799,3937799_17.json,https://github.com/taobao/ADFS,DistributedOperationQueue,adfs-hdfs-project/adfs-hdfs/src/main/java/com/taobao/adfs/distributed/DistributedOperationQueue.java,production,,,,addByThreadId,17,public synchronized,True,False,,,,,EXCLUDED,no_observable_behavior,,,,,,,,,2,0,,,,,,,,,EXCLUDED,semantic_metadata,no_observable_behavior,0.001,G:\FPT Specialized\Ki 9\SET490\workspace\ARROW\runs\sample_selection\distributed\shard-1\candidates\00472_3937799_3937799_17
477,15611804,15611804_0.json,https://github.com/codenvy-legacy/cli,PreferencesDataStore,command/src/main/java/com/codenvy/cli/security/PreferencesDataStore.java,production,class,False,94,get,4,@Override public,False,True,3,False,,8,ELIGIBLE,,maven,command,testng,unknown,G:\FPT Specialized\Ki 9\SET490\workspace\ARROW\Java version\jdk-17,no project java version detected; using build.java_default,,1,2,1,RUNTIME_FAILED,,,com.codenvy.cli.security.PreferencesDataStore,,,,,EXCLUDED,baseline,[error] [error] some problems were encountered while processing the poms:,3.857,G:\FPT Specialized\Ki 9\SET490\workspace\ARROW\runs\sample_selection\distributed\shard-1\candidates\00477_15611804_15611804_0
482,64487983,64487983_19.json,https://github.com/ErnestMing/JavaDesignPartternImpl,WizardTowerProxy,proxy/src/main/java/com/iluwatar/proxy/WizardTowerProxy.java,production,,,,enter,9,@Override public,True,False,,,,,EXCLUDED,no_observable_behavior,,,,,,,,,2,0,,,,,,,,,EXCLUDED,semantic_metadata,no_observable_behavior,0.001,G:\FPT Specialized\Ki 9\SET490\workspace\ARROW\runs\sample_selection\distributed\shard-1\candidates\00482_64487983_64487983_19
487,232697780,232697780_2.json,https://github.com/eXtremeProgramming-cn/rtw,ConstructorResolver,ioc/src/main/java/cn/extremeprogramming/rtw/ioc/ConstructorResolver.java,production,class,False,11,resolve,12,public,True,True,1,False,,8,ELIGIBLE,,gradle,ioc,junit4,8,G:\FPT Specialized\Ki 9\SET490\workspace\ARROW\Java version\jdk-8,matched build.java_homes.java-8,,1,2,1,COMPILE_FAILED,,,cn.extremeprogramming.rtw.ioc.ConstructorResolver,,,,,EXCLUDED,baseline,<path> specialized\ki 9\set490\workspace\arrow\runs\sample_selection\distributed\shard-1\candidates\00487_232697780_232697780_2\workspace\ioc\src\main\java\cn\extremeprogramming\rtw\ioc\components.java:<n>: error: incompatible types: object cannot be converted to list<object>,31.991,G:\FPT Specialized\Ki 9\SET490\workspace\ARROW\runs\sample_selection\distributed\shard-1\candidates\00487_232697780_232697780_2
492,11335237,11335237_197.json,https://github.com/apache/commons-functor,Offset,core/src/main/java/org/apache/commons/functor/core/Offset.java,production,class,False,105,test,8,public,True,True,1,False,,10,ELIGIBLE,,maven,core,junit4,8,G:\FPT Specialized\Ki 9\SET490\workspace\ARROW\Java version\jdk-8,matched build.java_homes.java-8,,1,2,1,ASSERTION_FAILED,,,org.apache.commons.functor.core.Offset,,,,,EXCLUDED,baseline,failure:java.lang.assertionerror:java.lang.assertionerror at org.junit.assert.fail(assert.java:<n>) at org.junit.assert.asserttrue(assert.java:<n>) at org.junit.assert.asserttrue(assert.java:<n>) at org.apache.commons.functor.aggregator.abstracttimedaggregatortest.standardtimertesting(abstracttimeda,57.278,G:\FPT Specialized\Ki 9\SET490\workspace\ARROW\runs\sample_selection\distributed\shard-1\candidates\00492_11335237_11335237_197
497,66136602,66136602_9.json,https://github.com/NEYouFan/ht-candywebcache-android,FileUtils,candywebcache/src/main/java/com/netease/hearttouch/candywebcache/cachemanager/FileUtils.java,production,,,,unpackPackage,13,private static,True,True,,,,,EXCLUDED,focal_method_not_directly_testable,,,,,,,,,2,0,,,,,,,,,EXCLUDED,semantic_metadata,focal_method_not_directly_testable,0.001,G:\FPT Specialized\Ki 9\SET490\workspace\ARROW\runs\sample_selection\distributed\shard-1\candidates\00497_66136602_66136602_9
502,8578424,8578424_0.json,https://github.com/JetBrains/commit-status-publisher,GitRepositoryParser,commit-status-publisher-server/src/main/java/jetbrains/buildServer/commitPublisher/GitRepositoryParser.java,production,class,False,89,parseRepositoryUrl,4,@Nullable public,False,True,0,True,database,7,EXCLUDED,external_dependency_risk:database,,,,,,,,1,2,0,,,,,,,,,EXCLUDED,semantic,external_dependency_risk:database,3.464,G:\FPT Specialized\Ki 9\SET490\workspace\ARROW\runs\sample_selection\distributed\shard-1\candidates\00502_8578424_8578424_0
507,13899,13899_8.json,https://github.com/mheath/adbcj,IoUtils,mysql/codec/src/main/java/org/adbcj/mysql/codec/IoUtils.java,production,class,False,225,safeRead,7,public static,True,True,0,False,,9,ELIGIBLE,,maven,mysql\codec,testng,6,G:\FPT Specialized\Ki 9\SET490\workspace\ARROW\Java version\jdk-8,using compatible JDK 8 from build.java_homes.java-8 for Java 6,,1,2,2,MODULE_TESTS_PASSED|MODULE_TESTS_PASSED,True,1,org.adbcj.mysql.codec.IoUtils,True,TEST_DISCOVERY_FAILED,,,EXCLUDED,probe_target,generated target test was not discovered,26.431,G:\FPT Specialized\Ki 9\SET490\workspace\ARROW\runs\sample_selection\distributed\shard-1\candidates\00507_13899_13899_8
512,117755974,117755974_0.json,https://github.com/SemWebCentral/parliament,TreeWidthQueryOptimizer,Parliament/java/com/bbn/parliament/queryoptimization/TreeWidthQueryOptimizer.java,nonstandard,,,,optimizeConstraints,6,public,False,True,,,,,EXCLUDED,source_layout:nonstandard,,,,,,,,,2,0,,,,,,,,,EXCLUDED,semantic_metadata,source_layout:nonstandard,0.001,G:\FPT Specialized\Ki 9\SET490\workspace\ARROW\runs\sample_selection\distributed\shard-1\candidates\00512_117755974_117755974_0
517,92062193,92062193_0.json,https://github.com/smartcat-labs/berserker,PeriodicRateGenerator,berserker-core/src/main/java/io/smartcat/berserker/rategenerator/PeriodicRateGenerator.java,production,class,True,45,getRate,7,@Override public,True,True,1,False,,10,EXCLUDED,non_concrete:class:abstract,,,,,,,,1,2,0,,,,,,,,,EXCLUDED,semantic,non_concrete:class:abstract,2.131,G:\FPT Specialized\Ki 9\SET490\workspace\ARROW\runs\sample_selection\distributed\shard-1\candidates\00517_92062193_92062193_0
522,69678968,69678968_2.json,https://github.com/CampagneLaboratory/variationanalysis,GenotypeHelper,genotype/src/main/java/org/campagnelab/dl/genotype/helpers/GenotypeHelper.java,production,,,,isNoCall,3,public static,True,True,,,,,EXCLUDED,trivial_focal_method,,,,,,,,,2,0,,,,,,,,,EXCLUDED,semantic_metadata,trivial_focal_method,0.001,G:\FPT Specialized\Ki 9\SET490\workspace\ARROW\runs\sample_selection\distributed\shard-1\candidates\00522_69678968_69678968_2
527,188402392,188402392_0.json,https://github.com/linksmart/nifi-opc-ua-bundles,StandardOPCUAService,nifi-opcua-service/src/main/java/de/fraunhofer/fit/opcua/StandardOPCUAService.java,production,class,False,632,getValue,22,@Override public,True,True,0,False,,9,ELIGIBLE,,maven,nifi-opcua-service,junit4,unknown,G:\FPT Specialized\Ki 9\SET490\workspace\ARROW\Java version\jdk-17,no project java version detected; using build.java_default,,1,2,1,ASSERTION_FAILED,,,de.fraunhofer.fit.opcua.StandardOPCUAService,,,,,EXCLUDED,baseline,[info] nifi-opcua-service ................................. failure [ 18.044 s],44.872,G:\FPT Specialized\Ki 9\SET490\workspace\ARROW\runs\sample_selection\distributed\shard-1\candidates\00527_188402392_188402392_0
532,107536049,107536049_7.json,https://github.com/ctripcorp/artemis,ArtemisDiscoveryHttpClient,artemis-client/src/main/java/com/ctrip/soa/artemis/client/discovery/ArtemisDiscoveryHttpClient.java,production,class,False,41,getService,8,public,True,True,1,False,,9,ELIGIBLE,,maven,artemis-client,junit4,7,G:\FPT Specialized\Ki 9\SET490\workspace\ARROW\Java version\jdk-8,using compatible JDK 8 from build.java_homes.java-8 for Java 7,,1,2,1,ASSERTION_FAILED,,,com.ctrip.soa.artemis.client.discovery.ArtemisDiscoveryHttpClient,,,,,EXCLUDED,baseline,[info] artemis-common ..................................... failure [ 1.969 s],8.092,G:\FPT Specialized\Ki 9\SET490\workspace\ARROW\runs\sample_selection\distributed\shard-1\candidates\00532_107536049_107536049_7
537,13870893,13870893_121.json,https://github.com/linkedin/ambry,AzureCloudDestination,ambry-cloud/src/main/java/com/github/ambry/cloud/azure/AzureCloudDestination.java,production,class,False,673,downloadBlob,8,@Override public,True,True,6,False,,7,ELIGIBLE,,gradle,.,junit4,8,G:\FPT Specialized\Ki 9\SET490\workspace\ARROW\Java version\jdk-8,matched build.java_homes.java-8,,1,2,1,COMPILE_FAILED,,,com.github.ambry.cloud.azure.AzureCloudDestination,,,,,EXCLUDED,baseline,<path> specialized\ki 9\set490\workspace\arrow\runs\sample_selection\distributed\shard-1\candidates\00537_13870893_13870893_121\workspace\ambry-api\src\test\java\com\github\ambry\rest\requestpathtest.java:<n>: error: unmappable character for encoding cp1252,217.016,G:\FPT Specialized\Ki 9\SET490\workspace\ARROW\runs\sample_selection\distributed\shard-1\candidates\00537_13870893_13870893_121
542,189562861,189562861_153.json,https://github.com/smallFive55/dubbo-dubbo-2.6.6,FastJsonObjectInput,dubbo-serialization/dubbo-serialization-fastjson/src/main/java/com/alibaba/dubbo/common/serialize/fastjson/FastJsonObjectInput.java,production,class,False,96,readShort,4,@Override public,False,True,1,False,,8,ELIGIBLE,,maven,dubbo-serialization\dubbo-serialization-fastjson,junit4,6,G:\FPT Specialized\Ki 9\SET490\workspace\ARROW\Java version\jdk-8,using compatible JDK 8 from build.java_homes.java-8 for Java 6,,1,2,1,COMPILE_FAILED,,,com.alibaba.dubbo.common.serialize.fastjson.FastJsonObjectInput,,,,,EXCLUDED,baseline,java.lang.assertionerror:,57.384,G:\FPT Specialized\Ki 9\SET490\workspace\ARROW\runs\sample_selection\distributed\shard-1\candidates\00542_189562861_189562861_153
547,58224198,58224198_11.json,https://github.com/square/point-of-sale-android-sdk,RealPosClient,point-of-sale-sdk/src/main/java/com/squareup/sdk/pos/RealPosClient.java,production,class,False,239,createChargeIntent,6,@NonNull @Override public,False,True,2,True,framework_context,6,EXCLUDED,external_dependency_risk:framework_context;testability_score_below_7,,,,,,,,1,2,0,,,,,,,,,EXCLUDED,semantic,external_dependency_risk:framework_context;testability_score_below_7,5.869,G:\FPT Specialized\Ki 9\SET490\workspace\ARROW\runs\sample_selection\distributed\shard-1\candidates\00547_58224198_58224198_11
552,3192987,3192987_226.json,https://github.com/ccheneau/Holmes,SettingsHandler,holmes-core/src/main/java/net/holmes/core/backend/handler/SettingsHandler.java,production,,,,getSettings,5,@GET @Produces(APPLICATION_JSON) public,False,True,,,,,EXCLUDED,trivial_focal_method,,,,,,,,,2,0,,,,,,,,,EXCLUDED,semantic_metadata,trivial_focal_method,0.001,G:\FPT Specialized\Ki 9\SET490\workspace\ARROW\runs\sample_selection\distributed\shard-1\candidates\00552_3192987_3192987_226
557,4300205,4300205_2.json,https://github.com/facebookarchive/nifty,PollingMultiFileWatcher,nifty-ssl/src/main/java/com/facebook/nifty/ssl/PollingMultiFileWatcher.java,production,,,,getStats,3,public,False,True,,,,,EXCLUDED,trivial_focal_method,,,,,,,,,2,0,,,,,,,,,EXCLUDED,semantic_metadata,trivial_focal_method,0.001,G:\FPT Specialized\Ki 9\SET490\workspace\ARROW\runs\sample_selection\distributed\shard-1\candidates\00557_4300205_4300205_2
562,81125398,81125398_39.json,https://github.com/pilosa/java-pilosa,Validator,com.pilosa.client/src/main/java/com/pilosa/client/Validator.java,production,class,False,100,ensureValidKey,5,public static,True,True,0,False,,10,ELIGIBLE,,maven,com.pilosa.client,junit4,7,G:\FPT Specialized\Ki 9\SET490\workspace\ARROW\Java version\jdk-8,using compatible JDK 8 from build.java_homes.java-8 for Java 7,,1,2,1,RUNTIME_FAILED,,,com.pilosa.client.Validator,,,,,EXCLUDED,baseline,error:java.io.filenotfoundexception:<path> (the system cannot find the path specified),26.264,G:\FPT Specialized\Ki 9\SET490\workspace\ARROW\runs\sample_selection\distributed\shard-1\candidates\00562_81125398_81125398_39
567,33782165,33782165_34.json,https://github.com/dogecoin/libdohj,AbstractDogecoinParams,core/src/main/java/org/libdohj/params/AbstractDogecoinParams.java,production,class,True,413,getBlockSubsidy,14,@Override public,True,True,1,False,,10,EXCLUDED,non_concrete:class:abstract,,,,,,,,1,2,0,,,,,,,,,EXCLUDED,semantic,non_concrete:class:abstract,113.375,G:\FPT Specialized\Ki 9\SET490\workspace\ARROW\runs\sample_selection\distributed\shard-1\candidates\00567_33782165_33782165_34
572,35185761,35185761_14.json,https://github.com/pedrovgs/Nox,CircularShape,nox/src/main/java/com/github/pedrovgs/nox/shape/CircularShape.java,production,,,,calculate,15,@Override public,True,False,,,,,EXCLUDED,no_observable_behavior,,,,,,,,,2,0,,,,,,,,,EXCLUDED,semantic_metadata,no_observable_behavior,0.001,G:\FPT Specialized\Ki 9\SET490\workspace\ARROW\runs\sample_selection\distributed\shard-1\candidates\00572_35185761_35185761_14
577,65977170,65977170_8.json,https://github.com/basst314/space,ServerEngineImpl,space-server/src/main/java/com/space/server/engine/impl/ServerEngineImpl.java,production,,,,startGame,40,@Override public,True,False,,,,,EXCLUDED,no_observable_behavior,,,,,,,,,2,0,,,,,,,,,EXCLUDED,semantic_metadata,no_observable_behavior,0.001,G:\FPT Specialized\Ki 9\SET490\workspace\ARROW\runs\sample_selection\distributed\shard-1\candidates\00577_65977170_65977170_8
582,194586350,194586350_6.json,https://github.com/metatron-app/discovery-spark-engine,Pair,discovery-prep-parser/src/main/java/app/metatron/discovery/prep/parser/preparation/rule/expr/Pair.java,production,class,False,81,lhsComparator,8,public static,True,True,2,False,,9,ELIGIBLE,,maven,discovery-prep-parser,junit4,8,G:\FPT Specialized\Ki 9\SET490\workspace\ARROW\Java version\jdk-8,matched build.java_homes.java-8,,1,2,1,ASSERTION_FAILED,,,app.metatron.discovery.prep.parser.preparation.rule.expr.Pair,,,,,EXCLUDED,baseline,"failure:org.junit.comparisonfailure:expected:<...'abc', global=true, []row=(sales > 10)}> but was:<...'abc', global=true, [ignorecase=null, quote='', ]row=(sales > 10)}>",22.285,G:\FPT Specialized\Ki 9\SET490\workspace\ARROW\runs\sample_selection\distributed\shard-1\candidates\00582_194586350_194586350_6
587,4718003,4718003_4.json,https://github.com/dolfdijkstra/gst-foundation,BaseFactory,gsf-legacy/src/main/java/com/fatwire/gst/foundation/controller/action/support/BaseFactory.java,production,class,True,337,getObject,20,@Override public final,True,True,1,False,,9,EXCLUDED,non_concrete:class:abstract,,,,,,,,1,2,0,,,,,,,,,EXCLUDED,semantic,non_concrete:class:abstract,2.753,G:\FPT Specialized\Ki 9\SET490\workspace\ARROW\runs\sample_selection\distributed\shard-1\candidates\00587_4718003_4718003_4
592,58236838,58236838_1.json,https://github.com/adriancretu/beacons-android,EddystoneURL,beacons-android/src/main/java/com/uriio/beacons/model/EddystoneURL.java,production,class,False,155,encode,41,public static,True,True,1,False,,10,ELIGIBLE,,gradle,beacons-android,junit4,unknown,G:\FPT Specialized\Ki 9\SET490\workspace\ARROW\Java version\jdk-8,Gradle 4.6 requires compatible JDK 8; matched build.java_homes.java-8,,1,2,1,ASSERTION_FAILED,,,com.uriio.beacons.model.EddystoneURL,,,,,EXCLUDED,baseline,failure: build failed with an exception.,16.418,G:\FPT Specialized\Ki 9\SET490\workspace\ARROW\runs\sample_selection\distributed\shard-1\candidates\00592_58236838_58236838_1
597,99116944,99116944_34.json,https://github.com/m2049r/xmrwallet,OpenAliasHelper,app/src/main/java/com/m2049r/xmrwallet/util/OpenAliasHelper.java,production,class,False,213,parse,3,public static,False,True,0,True,nondeterminism,7,EXCLUDED,external_dependency_risk:nondeterminism,,,,,,,,1,2,0,,,,,,,,,EXCLUDED,semantic,external_dependency_risk:nondeterminism,2.971,G:\FPT Specialized\Ki 9\SET490\workspace\ARROW\runs\sample_selection\distributed\shard-1\candidates\00597_99116944_99116944_34
602,125985734,125985734_35.json,https://github.com/PacktPublishing/Full-Stack-Development-with-JHipster,WebConfigurer,Chapter10/gateway/src/main/java/com/mycompany/myapp/config/WebConfigurer.java,production,class,False,177,corsFilter,14,@Bean public,True,True,3,True,framework_context|filesystem,9,EXCLUDED,external_dependency_risk:framework_context|filesystem,,,,,,,,1,2,0,,,,,,,,,EXCLUDED,semantic,external_dependency_risk:framework_context|filesystem,6.646,G:\FPT Specialized\Ki 9\SET490\workspace\ARROW\runs\sample_selection\distributed\shard-1\candidates\00602_125985734_125985734_35
607,8134070,8134070_3.json,https://github.com/MrCsabaToth/SOEMPI,UserManagerImpl,openempi/core/src/main/java/org/openhie/openempi/service/impl/UserManagerImpl.java,production,class,False,181,saveUser,42,public,True,True,0,False,,9,ELIGIBLE,,maven,openempi\core,junit4,5,G:\FPT Specialized\Ki 9\SET490\workspace\ARROW\Java version\jdk-8,using compatible JDK 8 from build.java_homes.java-8 for Java 5,,1,2,1,ASSERTION_FAILED,,,org.openhie.openempi.service.impl.UserManagerImpl,,,,,EXCLUDED,baseline,[info] build failure,29.168,G:\FPT Specialized\Ki 9\SET490\workspace\ARROW\runs\sample_selection\distributed\shard-1\candidates\00607_8134070_8134070_3
612,56074333,56074333_2.json,https://github.com/blocoio/cardcase,GetReceivedCards,app/src/main/java/io/bloco/cardcase/domain/GetReceivedCards.java,production,,,,get,4,public,False,False,,,,,EXCLUDED,no_observable_behavior,,,,,,,,,2,0,,,,,,,,,EXCLUDED,semantic_metadata,no_observable_behavior,0.001,G:\FPT Specialized\Ki 9\SET490\workspace\ARROW\runs\sample_selection\distributed\shard-1\candidates\00612_56074333_56074333_2
617,45384078,45384078_21.json,https://github.com/ngs-doo/dsl-json,NumberConverter,library/src/main/java/com/dslplatform/json/NumberConverter.java,production,class,True,1660,deserializeNumber,20,public static,True,True,0,False,,8,EXCLUDED,non_concrete:class:abstract,,,,,,,,1,2,0,,,,,,,,,EXCLUDED,semantic,non_concrete:class:abstract,3.942,G:\FPT Specialized\Ki 9\SET490\workspace\ARROW\runs\sample_selection\distributed\shard-1\candidates\00617_45384078_45384078_21
622,83664920,83664920_81.json,https://github.com/racodond/sonar-css-plugin,ExperimentalNotLessFunctionCheck,css-checks/src/main/java/org/sonar/css/checks/less/ExperimentalNotLessFunctionCheck.java,production,,,,setFunctionsToExclude,4,@VisibleForTesting,False,True,,,,,EXCLUDED,trivial_focal_method,,,,,,,,,2,0,,,,,,,,,EXCLUDED,semantic_metadata,trivial_focal_method,0.001,G:\FPT Specialized\Ki 9\SET490\workspace\ARROW\runs\sample_selection\distributed\shard-1\candidates\00622_83664920_83664920_81
627,13886663,13886663_11.json,https://github.com/oskopek/carcv,BasicReportGenerator,carcv-webapp/src/main/java/org/carcv/web/reports/BasicReportGenerator.java,production,,,,exportFile,7,public,False,False,,,,,EXCLUDED,no_observable_behavior,,,,,,,,,2,0,,,,,,,,,EXCLUDED,semantic_metadata,no_observable_behavior,0.001,G:\FPT Specialized\Ki 9\SET490\workspace\ARROW\runs\sample_selection\distributed\shard-1\candidates\00627_13886663_13886663_11
632,74765344,74765344_8.json,https://github.com/mauro-idsia/blip,BIC,core/src/main/java/ch/idsia/blip/core/utils/score/BIC.java,production,,,,BIC,3,public,False,False,,,,,EXCLUDED,no_observable_behavior,,,,,,,,,2,0,,,,,,,,,EXCLUDED,semantic_metadata,no_observable_behavior,0.001,G:\FPT Specialized\Ki 9\SET490\workspace\ARROW\runs\sample_selection\distributed\shard-1\candidates\00632_74765344_74765344_8
637,83275514,83275514_37.json,https://github.com/vrk-kpa/REST-adapter-service,ProviderGatewayUtil,src/src/main/java/fi/vrk/xroad/restadapterservice/util/ProviderGatewayUtil.java,production,class,False,372,generateHttpHeaders,29,public static,True,True,0,False,,9,ELIGIBLE,,maven,src,junit4,8,G:\FPT Specialized\Ki 9\SET490\workspace\ARROW\Java version\jdk-8,matched build.java_homes.java-8,,1,2,1,ASSERTION_FAILED,,,fi.vrk.xroad.restadapterservice.util.ProviderGatewayUtil,,,,,EXCLUDED,baseline,[info] build failure,13.966,G:\FPT Specialized\Ki 9\SET490\workspace\ARROW\runs\sample_selection\distributed\shard-1\candidates\00637_83275514_83275514_37
642,114688767,114688767_202.json,https://github.com/SkyfengBiuBiu/Proto3_graphhopper,GHIntArrayList,core/src/main/java/com/graphhopper/coll/GHIntArrayList.java,production,class,False,69,fill,7,public final,True,True,0,False,,10,ELIGIBLE,,maven,core,junit4,7,G:\FPT Specialized\Ki 9\SET490\workspace\ARROW\Java version\jdk-8,using compatible JDK 8 from build.java_homes.java-8 for Java 7,,1,2,2,MODULE_TESTS_PASSED|MODULE_TESTS_PASSED,True,0,com.graphhopper.coll.GHIntArrayList,True,TARGET_TEST_PASSED,MODULE_TESTS_PASSED,MODULE_TESTS_PASSED,ELIGIBLE,,,98.983,G:\FPT Specialized\Ki 9\SET490\workspace\ARROW\runs\sample_selection\distributed\shard-1\candidates\00642_114688767_114688767_202
647,9306260,9306260_1.json,https://github.com/anjlab/anjlab-tapestry-commons,PropertyTypeValidator,anjlab-tapestry-config/src/main/java/com/anjlab/tapestry5/config/PropertyTypeValidator.java,production,,,,validate,22,@Override public,True,False,,,,,EXCLUDED,no_observable_behavior,,,,,,,,,2,0,,,,,,,,,EXCLUDED,semantic_metadata,no_observable_behavior,0.001,G:\FPT Specialized\Ki 9\SET490\workspace\ARROW\runs\sample_selection\distributed\shard-1\candidates\00647_9306260_9306260_1
652,5459107,5459107_4.json,https://github.com/square/cascading-helpers,Pump,cascading-helpers/src/main/java/com/squareup/cascading_helpers/pump/Pump.java,production,class,True,152,failOnNull,3,public,False,True,0,False,,8,EXCLUDED,non_concrete:class:abstract,,,,,,,,1,2,0,,,,,,,,,EXCLUDED,semantic,non_concrete:class:abstract,1.770,G:\FPT Specialized\Ki 9\SET490\workspace\ARROW\runs\sample_selection\distributed\shard-1\candidates\00652_5459107_5459107_4
657,83414665,83414665_3.json,https://github.com/jplu/ADEL,MajorityVotingTypeOverlapResolution,adel-recognition/src/main/java/fr/eurecom/adel/recognition/implementation/repositories/typeoverlapresolution/majorityvoting/MajorityVotingTypeOverlapResolution.java,production,,,,resolveTypeOverlapping,19,@Override public final,True,False,,,,,EXCLUDED,no_observable_behavior,,,,,,,,,2,0,,,,,,,,,EXCLUDED,semantic_metadata,no_observable_behavior,0.001,G:\FPT Specialized\Ki 9\SET490\workspace\ARROW\runs\sample_selection\distributed\shard-1\candidates\00657_83414665_83414665_3
662,45682878,45682878_2.json,https://github.com/SecUSo/privacy-friendly-sudoku,GameController,app/src/main/java/org/secuso/privacyfriendlysudoku/controller/GameController.java,production,,,,selectCell,27,public,True,False,,,,,EXCLUDED,no_observable_behavior,,,,,,,,,2,0,,,,,,,,,EXCLUDED,semantic_metadata,no_observable_behavior,0.001,G:\FPT Specialized\Ki 9\SET490\workspace\ARROW\runs\sample_selection\distributed\shard-1\candidates\00662_45682878_45682878_2
667,50876997,50876997_2.json,https://github.com/manolovn/cssdroid,CssDroidSyntaxParser,cssdroid/src/main/java/com/manolovn/cssdroid/parser/CssDroidSyntaxParser.java,production,class,False,177,parseTokens,9,public,True,True,0,False,,10,ELIGIBLE,,gradle,cssdroid,junit4,unknown,G:\FPT Specialized\Ki 9\SET490\workspace\ARROW\Java version\jdk-8,Gradle 2.8 requires compatible JDK 8; matched build.java_homes.java-8,,1,2,1,ASSERTION_FAILED,,,com.manolovn.cssdroid.parser.CssDroidSyntaxParser,,,,,EXCLUDED,baseline,failure: build failed with an exception.,31.139,G:\FPT Specialized\Ki 9\SET490\workspace\ARROW\runs\sample_selection\distributed\shard-1\candidates\00667_50876997_50876997_2
672,99569378,99569378_91.json,https://github.com/truecaller/android-actors-library,LooperActorThread,actors-library/src/main/java/com/truecaller/androidactors/LooperActorThread.java,production,class,False,69,bind,7,@NonNull @Override public,False,True,3,False,,7,ELIGIBLE,,gradle,actors-library,junit4,1,G:\FPT Specialized\Ki 9\SET490\workspace\ARROW\Java version\jdk-8,using compatible JDK 8 from build.java_homes.java-8 for Java 1,,1,2,1,ASSERTION_FAILED,,,com.truecaller.androidactors.LooperActorThread,,,,,EXCLUDED,baseline,failure: build failed with an exception.,62.718,G:\FPT Specialized\Ki 9\SET490\workspace\ARROW\runs\sample_selection\distributed\shard-1\candidates\00672_99569378_99569378_91
677,4732484,4732484_0.json,https://github.com/julienledem/brennus,Specializer,brennus-asm/src/main/java/brennus/asm/specializer/Specializer.java,production,class,False,330,specialize,6,public,True,True,0,False,,9,ELIGIBLE,,maven,brennus-asm,junit4,7,G:\FPT Specialized\Ki 9\SET490\workspace\ARROW\Java version\jdk-8,using compatible JDK 8 from build.java_homes.java-8 for Java 7,,1,2,2,MODULE_TESTS_PASSED|MODULE_TESTS_PASSED,True,1,brennus.asm.specializer.Specializer,True,TARGET_TEST_PASSED,MODULE_TESTS_PASSED,MODULE_TESTS_PASSED,ELIGIBLE,,,49.191,G:\FPT Specialized\Ki 9\SET490\workspace\ARROW\runs\sample_selection\distributed\shard-1\candidates\00677_4732484_4732484_0
682,56027154,56027154_2.json,https://github.com/davidmoten/state-machine,Property,state-machine-persistence/src/main/java/com/github/davidmoten/fsm/persistence/Property.java,production,class,False,54,list,5,public static,False,True,2,False,,8,ELIGIBLE,,maven,state-machine-persistence,junit4,${maven.compiler.target},G:\FPT Specialized\Ki 9\SET490\workspace\ARROW\Java version\jdk-17,JDK ${maven.compiler.target} not mapped; using build.java_default,,1,2,2,MODULE_TESTS_PASSED|MODULE_TESTS_PASSED,True,1,com.github.davidmoten.fsm.persistence.Property,True,TARGET_TEST_PASSED,MODULE_TESTS_PASSED,MODULE_TESTS_PASSED,ELIGIBLE,,,124.380,G:\FPT Specialized\Ki 9\SET490\workspace\ARROW\runs\sample_selection\distributed\shard-1\candidates\00682_56027154_56027154_2
687,133381280,133381280_55.json,https://github.com/sofastack/sofa-lookout,NameUtils,client/lookout-reg-dropwizard/src/main/java/com/alipay/lookout/dropwizard/metrics/NameUtils.java,production,class,False,37,toMetricName,3,static,False,True,0,False,,7,ELIGIBLE,,maven,client\lookout-reg-dropwizard,junit4,unknown,G:\FPT Specialized\Ki 9\SET490\workspace\ARROW\Java version\jdk-17,no project java version detected; using build.java_default,,1,2,1,ASSERTION_FAILED,,,com.alipay.lookout.dropwizard.metrics.NameUtils,,,,,EXCLUDED,baseline,[info] com.alipay.sofa.lookout:lookout-client-parent ...... failure [ 4.327 s],11.866,G:\FPT Specialized\Ki 9\SET490\workspace\ARROW\runs\sample_selection\distributed\shard-1\candidates\00687_133381280_133381280_55
692,46308509,46308509_0.json,https://github.com/CogComp/lbjava,Main,lbjava/src/main/java/edu/illinois/cs/cogcomp/lbjava/Main.java,production,,,,runSemanticAnalysis,18,public static,True,False,,,,,EXCLUDED,no_observable_behavior,,,,,,,,,2,0,,,,,,,,,EXCLUDED,semantic_metadata,no_observable_behavior,0.002,G:\FPT Specialized\Ki 9\SET490\workspace\ARROW\runs\sample_selection\distributed\shard-1\candidates\00692_46308509_46308509_0
697,206322,206322_3.json,https://github.com/apache/maven-plugins,EjbHelper,maven-ejb-plugin/src/main/java/org/apache/maven/plugins/ejb/EjbHelper.java,production,class,False,97,isClassifierValid,12,public static,True,True,0,True,filesystem,9,EXCLUDED,external_dependency_risk:filesystem,,,,,,,,1,2,0,,,,,,,,,EXCLUDED,semantic,external_dependency_risk:filesystem,24.198,G:\FPT Specialized\Ki 9\SET490\workspace\ARROW\runs\sample_selection\distributed\shard-1\candidates\00697_206322_206322_3
702,23360533,23360533_10.json,https://github.com/cqframework/clinical_quality_language,QuickstartCqlVisitor,Src/java-quickstart/src/main/java/org/cqframework/cql/quickstart/QuickstartCqlVisitor.java,production,,,,getVariables,3,public,False,True,,,,,EXCLUDED,trivial_focal_method,,,,,,,,,2,0,,,,,,,,,EXCLUDED,semantic_metadata,trivial_focal_method,0.001,G:\FPT Specialized\Ki 9\SET490\workspace\ARROW\runs\sample_selection\distributed\shard-1\candidates\00702_23360533_23360533_10
707,7823906,7823906_10.json,https://github.com/culturecommunication/ginco,ConceptHierarchyUtil,ginco-commons/src/main/java/fr/mcc/ginco/utils/ConceptHierarchyUtil.java,production,class,False,84,getSuperOrdinate,31,public static,True,True,0,False,,10,ELIGIBLE,,maven,ginco-commons,junit4,7,G:\FPT Specialized\Ki 9\SET490\workspace\ARROW\Java version\jdk-8,using compatible JDK 8 from build.java_homes.java-8 for Java 7,,1,2,2,MODULE_TESTS_PASSED|MODULE_TESTS_PASSED,True,1,fr.mcc.ginco.utils.ConceptHierarchyUtil,True,TARGET_TEST_PASSED,MODULE_TESTS_PASSED,MODULE_TESTS_PASSED,ELIGIBLE,,,46.506,G:\FPT Specialized\Ki 9\SET490\workspace\ARROW\runs\sample_selection\distributed\shard-1\candidates\00707_7823906_7823906_10
712,124900009,124900009_6.json,https://github.com/rromannissen/rhoar-microservices-demo,Order,gateway/src/main/java/org/meetup/openshift/rhoar/gateway/model/Order.java,production,class,False,44,getTotalAmmount,10,public,True,True,0,False,,10,ELIGIBLE,,maven,gateway,junit4,8,G:\FPT Specialized\Ki 9\SET490\workspace\ARROW\Java version\jdk-8,matched build.java_homes.java-8,,1,2,1,COMPILE_FAILED,,,org.meetup.openshift.rhoar.gateway.model.Order,,,,,EXCLUDED,baseline,java.lang.assertionerror:,714.577,G:\FPT Specialized\Ki 9\SET490\workspace\ARROW\runs\sample_selection\distributed\shard-1\candidates\00712_124900009_124900009_6
717,240466,240466_8.json,https://github.com/apache/geronimo-xbean,JarArchive,xbean-finder/src/main/java/org/apache/xbean/finder/archive/JarArchive.java,production,class,False,222,getBytecode,16,public,True,True,2,True,filesystem,9,EXCLUDED,external_dependency_risk:filesystem,,,,,,,,1,2,0,,,,,,,,,EXCLUDED,semantic,external_dependency_risk:filesystem,3.006,G:\FPT Specialized\Ki 9\SET490\workspace\ARROW\runs\sample_selection\distributed\shard-1\candidates\00717_240466_240466_8
722,1407946,1407946_5.json,https://github.com/cuisines/tizzit,PanLine,tizzit-richclient/src/main/java/de/juwimm/cms/content/panel/PanLine.java,production,class,False,174,getCustomWidth,7,public,True,True,0,False,,10,ELIGIBLE,,maven,tizzit-richclient,junit4,${pom.basedir}/src/main/groovy/versionXMLManipulator.groovy,G:\FPT Specialized\Ki 9\SET490\workspace\ARROW\Java version\jdk-17,JDK ${pom.basedir}/src/main/groovy/versionXMLManipulator.groovy not mapped; using build.java_default,,1,2,1,COMPILE_FAILED,,,de.juwimm.cms.content.panel.PanLine,,,,,EXCLUDED,baseline,[warning] org.tizzit:tizzit-core:<n>.1.14-snapshot/maven-metadata.xml failed to transfer from http://0.0.0.0/ during a previous attempt. this failure was cached in the local repository and resolution will not be reattempted until the update interval of maven-default-http-blocker has elapsed or updat,17.477,G:\FPT Specialized\Ki 9\SET490\workspace\ARROW\runs\sample_selection\distributed\shard-1\candidates\00722_1407946_1407946_5
727,106459277,106459277_1.json,https://github.com/iovka/shex-java,DataExtractorConformant,shex/src/main/java/fr/inria/lille/shexjava/validation/DataExtractorConformant.java,production,class,False,135,extractConformantPart,4,public,False,True,2,False,,7,ELIGIBLE,,maven,shex,junit4,8,G:\FPT Specialized\Ki 9\SET490\workspace\ARROW\Java version\jdk-8,matched build.java_homes.java-8,,1,2,2,MODULE_TESTS_PASSED|MODULE_TESTS_PASSED,True,0,fr.inria.lille.shexjava.validation.DataExtractorConformant,True,TARGET_TEST_PASSED,MODULE_TESTS_PASSED,MODULE_TESTS_PASSED,ELIGIBLE,,,117.674,G:\FPT Specialized\Ki 9\SET490\workspace\ARROW\runs\sample_selection\distributed\shard-1\candidates\00727_106459277_106459277_1
732,41817706,41817706_43.json,https://github.com/mulesoft/mule-maven-plugin,MulePluginsCompatibilityValidator,mule-packager/src/main/java/org/mule/tools/api/validation/MulePluginsCompatibilityValidator.java,production,class,False,56,areMulePluginVersionCompatible,7,protected,False,True,0,False,,8,ELIGIBLE,,maven,mule-packager,junit5,8,G:\FPT Specialized\Ki 9\SET490\workspace\ARROW\Java version\jdk-8,matched build.java_homes.java-8,,1,2,1,ASSERTION_FAILED,,,org.mule.tools.api.validation.MulePluginsCompatibilityValidator,,,,,EXCLUDED,baseline,[info] mule class loader model ............................ failure [ 6.103 s],14.551,G:\FPT Specialized\Ki 9\SET490\workspace\ARROW\runs\sample_selection\distributed\shard-1\candidates\00732_41817706_41817706_43
737,49894985,49894985_3.json,https://github.com/ahmedaljazzar/rosetta,LocalesDetector,rosetta/src/main/java/com/ahmedjazzar/rosetta/LocalesDetector.java,production,class,False,132,validateLocales,20,,True,True,1,False,,9,ELIGIBLE,,gradle,rosetta,junit4,unknown,G:\FPT Specialized\Ki 9\SET490\workspace\ARROW\Java version\jdk-8,Gradle 2.8 requires compatible JDK 8; matched build.java_homes.java-8,,1,2,1,ASSERTION_FAILED,,,com.ahmedjazzar.rosetta.LocalesDetector,,,,,EXCLUDED,baseline,"failed to notify projectevaluationlistener.afterevaluate(), but primary configuration failure takes precedence.",51.662,G:\FPT Specialized\Ki 9\SET490\workspace\ARROW\runs\sample_selection\distributed\shard-1\candidates\00737_49894985_49894985_3
742,27064201,27064201_0.json,https://github.com/kohlschutter/junixsocket,RemoteFileDescriptor,junixsocket-rmi/src/main/java/org/newsclub/net/unix/rmi/RemoteFileDescriptor.java,production,,,,close,7,@Override public synchronized,True,False,,,,,EXCLUDED,no_observable_behavior,,,,,,,,,2,0,,,,,,,,,EXCLUDED,semantic_metadata,no_observable_behavior,0.001,G:\FPT Specialized\Ki 9\SET490\workspace\ARROW\runs\sample_selection\distributed\shard-1\candidates\00742_27064201_27064201_0
747,1163806,1163806_51.json,https://github.com/jenkinsci/tfs-plugin,UriHelper,tfs/src/main/java/hudson/plugins/tfs/util/UriHelper.java,production,class,False,253,join,3,public static,False,True,0,False,,7,ELIGIBLE,,maven,tfs,junit4,unknown,G:\FPT Specialized\Ki 9\SET490\workspace\ARROW\Java version\jdk-17,no project java version detected; using build.java_default,,1,2,1,ASSERTION_FAILED,,,hudson.plugins.tfs.util.UriHelper,,,,,EXCLUDED,baseline,[info] team foundation server plug-in ..................... failure [ 52.320 s],257.286,G:\FPT Specialized\Ki 9\SET490\workspace\ARROW\runs\sample_selection\distributed\shard-1\candidates\00747_1163806_1163806_51
752,81824082,81824082_6.json,https://github.com/BakkerTom/happy-news,PreferenceJsonController,android/src/main/java/nl/fhict/happynews/android/persistence/PreferenceJsonController.java,production,class,False,57,get,4,public,False,True,0,False,,7,ELIGIBLE,,gradle,android,junit4,unknown,G:\FPT Specialized\Ki 9\SET490\workspace\ARROW\Java version\jdk-8,Gradle 3.1 requires compatible JDK 8; matched build.java_homes.java-8,,1,2,1,ASSERTION_FAILED,,,nl.fhict.happynews.android.persistence.PreferenceJsonController,,,,,EXCLUDED,baseline,failure: build failed with an exception.,83.599,G:\FPT Specialized\Ki 9\SET490\workspace\ARROW\runs\sample_selection\distributed\shard-1\candidates\00752_81824082_81824082_6
757,11821201,11821201_828.json,https://github.com/obhita/consent2share,BinToHex,DS4P/access-control-service/common-library/src/main/java/gov/samhsa/acs/common/tool/BinToHex.java,production,class,False,76,toHexFromByte,6,public static,False,True,0,True,filesystem,7,EXCLUDED,external_dependency_risk:filesystem,,,,,,,,1,2,0,,,,,,,,,EXCLUDED,semantic,external_dependency_risk:filesystem,8.258,G:\FPT Specialized\Ki 9\SET490\workspace\ARROW\runs\sample_selection\distributed\shard-1\candidates\00757_11821201_11821201_828
762,31650129,31650129_14.json,https://github.com/devesion/java-obd-adapter,AbstractDiagnosticCommand,adapter/src/main/java/com/devesion/commons/obd/adapter/command/diagnostic/AbstractDiagnosticCommand.java,production,,,,accept,4,@Override public,False,False,,,,,EXCLUDED,no_observable_behavior,,,,,,,,,2,0,,,,,,,,,EXCLUDED,semantic_metadata,no_observable_behavior,0.001,G:\FPT Specialized\Ki 9\SET490\workspace\ARROW\runs\sample_selection\distributed\shard-1\candidates\00762_31650129_31650129_14
767,222136267,222136267_87.json,https://github.com/CrucibleMC/Crucible,Potion,bukkit/src/main/java/org/bukkit/potion/Potion.java,production,,,,setSplash,3,public,False,False,,,,,EXCLUDED,trivial_focal_method;no_observable_behavior,,,,,,,,,2,0,,,,,,,,,EXCLUDED,semantic_metadata,trivial_focal_method;no_observable_behavior,0.001,G:\FPT Specialized\Ki 9\SET490\workspace\ARROW\runs\sample_selection\distributed\shard-1\candidates\00767_222136267_222136267_87
772,44437701,44437701_1.json,https://github.com/babyfish-ct/babyfish,Singleton,src/babyfish-common/src/main/java/org/babyfish/lang/Singleton.java,production,class,True,171,getInstance,24,"@SuppressWarnings(""unchecked"") public static",True,True,0,False,,9,EXCLUDED,non_concrete:class:abstract,,,,,,,,1,2,0,,,,,,,,,EXCLUDED,semantic,non_concrete:class:abstract,5.910,G:\FPT Specialized\Ki 9\SET490\workspace\ARROW\runs\sample_selection\distributed\shard-1\candidates\00772_44437701_44437701_1
777,149123005,149123005_33.json,https://github.com/ConsenSys/wittgenstein,Network,core/src/main/java/net/consensys/wittgenstein/core/Network.java,production,,,,send,10,public,True,False,,,,,EXCLUDED,no_observable_behavior,,,,,,,,,2,0,,,,,,,,,EXCLUDED,semantic_metadata,no_observable_behavior,0.001,G:\FPT Specialized\Ki 9\SET490\workspace\ARROW\runs\sample_selection\distributed\shard-1\candidates\00777_149123005_149123005_33
782,6476959,6476959_17.json,https://github.com/sweble/sweble-wikitext,SiblingRangeCollection,sweble-wom3-parent/sweble-wom3-core/src/main/java/org/sweble/wom3/impl/SiblingRangeCollection.java,production,class,False,446,listIterator,5,@Override public,False,True,2,False,,8,ELIGIBLE,,maven,sweble-wom3-parent\sweble-wom3-core,junit4,11,G:\FPT Specialized\Ki 9\SET490\workspace\ARROW\Java version\jdk-11,matched build.java_homes.java-11,,1,2,2,MODULE_TESTS_PASSED|MODULE_TESTS_PASSED,True,0,org.sweble.wom3.impl.SiblingRangeCollection,True,TARGET_TEST_PASSED,MODULE_TESTS_PASSED,MODULE_TESTS_PASSED,ELIGIBLE,,,66.547,G:\FPT Specialized\Ki 9\SET490\workspace\ARROW\runs\sample_selection\distributed\shard-1\candidates\00782_6476959_6476959_17
787,12537665,12537665_214.json,https://github.com/oskariorg/oskari-server,GetLayerCapabilitiesHandler,control-base/src/main/java/fi/nls/oskari/control/layer/GetLayerCapabilitiesHandler.java,production,,,,handleAction,9,@Override public,False,False,,,,,EXCLUDED,no_observable_behavior,,,,,,,,,2,0,,,,,,,,,EXCLUDED,semantic_metadata,no_observable_behavior,0.001,G:\FPT Specialized\Ki 9\SET490\workspace\ARROW\runs\sample_selection\distributed\shard-1\candidates\00787_12537665_12537665_214
792,42683316,42683316_0.json,https://github.com/jdiemke/delaunay-triangulator,TriangleSoup,library/src/main/java/io/github/jdiemke/triangulation/TriangleSoup.java,production,,,,getTriangles,3,public,False,True,,,,,EXCLUDED,trivial_focal_method,,,,,,,,,2,0,,,,,,,,,EXCLUDED,semantic_metadata,trivial_focal_method,0.001,G:\FPT Specialized\Ki 9\SET490\workspace\ARROW\runs\sample_selection\distributed\shard-1\candidates\00792_42683316_42683316_0
797,43031095,43031095_30.json,https://github.com/android10/frodo,LogSubscriber,frodo-runtime/src/main/java/com/fernandocejas/frodo/aspect/LogSubscriber.java,production,,,,beforeOnCompletedExecution,7,"@Before(""classAnnotatedWithRxLogSubscriber(joinPoint) && onCompletedMethodExecution()"") public",False,False,,,,,EXCLUDED,no_observable_behavior,,,,,,,,,2,0,,,,,,,,,EXCLUDED,semantic_metadata,no_observable_behavior,0.001,G:\FPT Specialized\Ki 9\SET490\workspace\ARROW\runs\sample_selection\distributed\shard-1\candidates\00797_43031095_43031095_30
802,43300131,43300131_10.json,https://github.com/DroidsOnRoids/calculator-unit-and-integration-tests,MainPresenterImpl,app/src/main/java/pl/droidsonroids/calculator/main/MainPresenterImpl.java,production,,,,makeCalculation,5,@Override public,False,False,,,,,EXCLUDED,no_observable_behavior,,,,,,,,,2,0,,,,,,,,,EXCLUDED,semantic_metadata,no_observable_behavior,0.001,G:\FPT Specialized\Ki 9\SET490\workspace\ARROW\runs\sample_selection\distributed\shard-1\candidates\00802_43300131_43300131_10
807,1784501,1784501_0.json,https://github.com/vecnatechnologies/dbDiff,ColumnType,core/src/main/java/com/vecna/dbDiff/model/ColumnType.java,production,class,False,66,equals,9,@Override public,True,True,2,False,,9,ELIGIBLE,,maven,core,junit4,unknown,G:\FPT Specialized\Ki 9\SET490\workspace\ARROW\Java version\jdk-17,no project java version detected; using build.java_default,,1,2,2,MODULE_TESTS_PASSED|MODULE_TESTS_PASSED,True,0,com.vecna.dbDiff.model.ColumnType,True,TARGET_TEST_PASSED,MODULE_TESTS_PASSED,MODULE_TESTS_PASSED,ELIGIBLE,,,25.992,G:\FPT Specialized\Ki 9\SET490\workspace\ARROW\runs\sample_selection\distributed\shard-1\candidates\00807_1784501_1784501_0
812,93754068,93754068_6.json,https://github.com/RBMHTechnology/vind,DocumentFactory,api/src/main/java/com/rbmhtechnology/vind/model/DocumentFactory.java,production,class,False,730,createDoc,3,public,False,True,3,False,,7,ELIGIBLE,,maven,api,junit4,8,G:\FPT Specialized\Ki 9\SET490\workspace\ARROW\Java version\jdk-8,matched build.java_homes.java-8,,1,2,1,RUNTIME_FAILED,,,com.rbmhtechnology.vind.model.DocumentFactory,,,,,EXCLUDED,baseline,error:java.lang.runtimeexception:java.io.filenotfoundexception: <path> (the system cannot find the path specified),26.679,G:\FPT Specialized\Ki 9\SET490\workspace\ARROW\runs\sample_selection\distributed\shard-1\candidates\00812_93754068_93754068_6
817,95342834,95342834_0.json,https://github.com/bangarharshit/ConductorMVP,BaseController,mvpconductor/src/main/java/com/harshitbangar/mvpconductor/BaseController.java,production,class,True,48,onCreateView,6,@NonNull @Override protected final,False,True,0,False,,7,EXCLUDED,non_concrete:class:abstract,,,,,,,,1,2,0,,,,,,,,,EXCLUDED,semantic,non_concrete:class:abstract,2.250,G:\FPT Specialized\Ki 9\SET490\workspace\ARROW\runs\sample_selection\distributed\shard-1\candidates\00817_95342834_95342834_0
822,10971357,10971357_14.json,https://github.com/mdpnp/mdpnp,Capnostream,devices/oridion/src/main/java/org/mdpnp/devices/oridion/capnostream/Capnostream.java,production,class,False,560,receiveDeviceIdSoftwareVersion,7,public,False,True,3,False,,6,EXCLUDED,testability_score_below_7,,,,,,,,1,2,0,,,,,,,,,EXCLUDED,semantic,testability_score_below_7,14.099,G:\FPT Specialized\Ki 9\SET490\workspace\ARROW\runs\sample_selection\distributed\shard-1\candidates\00822_10971357_10971357_14
827,65507705,65507705_6.json,https://github.com/jruesga/rview,StringHelper,app/src/main/java/com/ruesga/rview/misc/StringHelper.java,production,class,False,482,obtainQuoteFromMessage,29,"@SuppressWarnings(""StringConcatenationInLoop"") public static",True,True,0,True,filesystem,9,EXCLUDED,external_dependency_risk:filesystem,,,,,,,,1,2,0,,,,,,,,,EXCLUDED,semantic,external_dependency_risk:filesystem,3.830,G:\FPT Specialized\Ki 9\SET490\workspace\ARROW\runs\sample_selection\distributed\shard-1\candidates\00827_65507705_65507705_6
832,10288113,10288113_22.json,https://github.com/jberkel/whassup,WhatsAppMessage,library/src/main/java/com/github/jberkel/whassup/model/WhatsAppMessage.java,production,class,False,256,filterPrivateBlock,13,static,True,True,0,False,,10,ELIGIBLE,,maven,library,junit4,6,G:\FPT Specialized\Ki 9\SET490\workspace\ARROW\Java version\jdk-8,using compatible JDK 8 from build.java_homes.java-8 for Java 6,,1,2,1,ASSERTION_FAILED,,,com.github.jberkel.whassup.model.WhatsAppMessage,,,,,EXCLUDED,baseline,[info] whassup library .................................... failure [ 6.616 s],23.776,G:\FPT Specialized\Ki 9\SET490\workspace\ARROW\runs\sample_selection\distributed\shard-1\candidates\00832_10288113_10288113_22
837,91674936,91674936_747.json,https://github.com/apache/servicecomb-java-chassis,HttpUtils,foundations/foundation-common/src/main/java/org/apache/servicecomb/foundation/common/http/HttpUtils.java,production,class,False,133,uriEncodePath,8,public static,True,True,0,True,filesystem,9,EXCLUDED,external_dependency_risk:filesystem,,,,,,,,1,2,0,,,,,,,,,EXCLUDED,semantic,external_dependency_risk:filesystem,7.558,G:\FPT Specialized\Ki 9\SET490\workspace\ARROW\runs\sample_selection\distributed\shard-1\candidates\00837_91674936_91674936_747
842,4298676,4298676_1.json,https://github.com/spring-projects/spring-data-book,QueryDslCustomerRepository,jdbc/src/main/java/com/oreilly/springdata/jdbc/repository/QueryDslCustomerRepository.java,production,class,False,218,findById,8,@Override @Transactional(readOnly = true) public,True,True,0,True,database,9,EXCLUDED,external_dependency_risk:database,,,,,,,,1,2,0,,,,,,,,,EXCLUDED,semantic,external_dependency_risk:database,2.796,G:\FPT Specialized\Ki 9\SET490\workspace\ARROW\runs\sample_selection\distributed\shard-1\candidates\00842_4298676_4298676_1
847,35775200,35775200_8.json,https://github.com/SundeepK/CompactCalendarView,WeekUtils,library/src/main/java/com/github/sundeepk/compactcalendarview/WeekUtils.java,production,class,False,29,getWeekdayNames,23,static,True,True,0,False,,9,ELIGIBLE,,gradle,library,junit4,unknown,G:\FPT Specialized\Ki 9\SET490\workspace\ARROW\Java version\jdk-8,Gradle 4.6 requires compatible JDK 8; matched build.java_homes.java-8,,1,2,1,ASSERTION_FAILED,,,com.github.sundeepk.compactcalendarview.WeekUtils,,,,,EXCLUDED,baseline,failure: build failed with an exception.,50.211,G:\FPT Specialized\Ki 9\SET490\workspace\ARROW\runs\sample_selection\distributed\shard-1\candidates\00847_35775200_35775200_8
852,23737510,23737510_83.json,https://github.com/dschulten/hydra-java,AffordanceBuilderFactory,spring-hateoas-ext/src/main/java/de/escalon/hypermedia/spring/AffordanceBuilderFactory.java,production,class,False,402,linkTo,4,@Override public,False,True,0,False,,7,ELIGIBLE,,maven,spring-hateoas-ext,junit4,6,G:\FPT Specialized\Ki 9\SET490\workspace\ARROW\Java version\jdk-8,using compatible JDK 8 from build.java_homes.java-8 for Java 6,,1,2,2,MODULE_TESTS_PASSED|MODULE_TESTS_PASSED,True,1,de.escalon.hypermedia.spring.AffordanceBuilderFactory,True,TARGET_TEST_PASSED,MODULE_TESTS_PASSED,MODULE_TESTS_PASSED,ELIGIBLE,,,56.021,G:\FPT Specialized\Ki 9\SET490\workspace\ARROW\runs\sample_selection\distributed\shard-1\candidates\00852_23737510_23737510_83
857,134450682,134450682_82.json,https://github.com/GoogleCloudPlatform/cloud-opensource-java,ExclusionFiles,dependencies/src/main/java/com/google/cloud/tools/opensource/classpath/ExclusionFiles.java,production,,,,write,22,static,True,False,,,,,EXCLUDED,no_observable_behavior,,,,,,,,,2,0,,,,,,,,,EXCLUDED,semantic_metadata,no_observable_behavior,0.001,G:\FPT Specialized\Ki 9\SET490\workspace\ARROW\runs\sample_selection\distributed\shard-1\candidates\00857_134450682_134450682_82
862,30350283,30350283_139.json,https://github.com/e-admin/alsigm,NoAsignableDbEntity,archivo/archidoc/src/main/java/deposito/db/ibmdb2/NoAsignableDbEntity.java,production,class,False,242,getIdsDescendientes,64,public,True,True,1,True,database,9,EXCLUDED,external_dependency_risk:database,,,,,,,,1,2,0,,,,,,,,,EXCLUDED,semantic,external_dependency_risk:database,146.867,G:\FPT Specialized\Ki 9\SET490\workspace\ARROW\runs\sample_selection\distributed\shard-1\candidates\00862_30350283_30350283_139
867,4298283,4298283_0.json,https://github.com/geosolutions-it/imageio-ext,KakaduUtilities,plugin/kakadujp2/src/main/java/it/geosolutions/util/KakaduUtilities.java,production,class,False,369,initializeRGBChannels,39,public static,True,True,0,True,process_or_native,8,EXCLUDED,external_dependency_risk:process_or_native,,,,,,,,1,2,0,,,,,,,,,EXCLUDED,semantic,external_dependency_risk:process_or_native,4.531,G:\FPT Specialized\Ki 9\SET490\workspace\ARROW\runs\sample_selection\distributed\shard-1\candidates\00867_4298283_4298283_0
872,104217624,104217624_60.json,https://github.com/RIPE-NCC/rpki-validator-3,RpkiObjectCleanupService,rpki-validator/src/main/java/net/ripe/rpki/validator3/domain/cleanup/RpkiObjectCleanupService.java,production,class,False,62,cleanupRpkiObjects,7,public,False,True,2,False,,8,ELIGIBLE,,maven,rpki-validator,junit4,${build.release},G:\FPT Specialized\Ki 9\SET490\workspace\ARROW\Java version\jdk-17,JDK ${build.release} not mapped; using build.java_default,,1,2,1,RUNTIME_FAILED,,,net.ripe.rpki.validator3.domain.cleanup.RpkiObjectCleanupService,,,,,EXCLUDED,baseline,error:java.lang.illegalstateexception:failed to load applicationcontext,574.368,G:\FPT Specialized\Ki 9\SET490\workspace\ARROW\runs\sample_selection\distributed\shard-1\candidates\00872_104217624_104217624_60
877,49026875,49026875_0.json,https://github.com/Coffeeboys/RenewPass,CalendarUtil,app/src/main/java/ca/alexland/renewpass/utils/CalendarUtil.java,production,class,False,33,getNextMonthTimeInMillis,9,public static,True,True,0,False,,10,ELIGIBLE,,gradle,app,junit4,unknown,G:\FPT Specialized\Ki 9\SET490\workspace\ARROW\Java version\jdk-17,no project java version detected; using build.java_default,,1,2,1,COMPILE_FAILED,,,ca.alexland.renewpass.utils.CalendarUtil,,,,,EXCLUDED,baseline,error: could not find or load main class org.gradle.wrapper.gradlewrappermain,2.488,G:\FPT Specialized\Ki 9\SET490\workspace\ARROW\runs\sample_selection\distributed\shard-1\candidates\00877_49026875_49026875_0
882,2442452,2442452_1.json,https://github.com/usc-isi-i2/Web-Karma,KarmaServlet,karma-web/src/main/java/edu/isi/karma/webserver/KarmaServlet.java,production,,,,doGet,128,protected,True,False,,,,,EXCLUDED,no_observable_behavior,,,,,,,,,2,0,,,,,,,,,EXCLUDED,semantic_metadata,no_observable_behavior,0.002,G:\FPT Specialized\Ki 9\SET490\workspace\ARROW\runs\sample_selection\distributed\shard-1\candidates\00882_2442452_2442452_1
887,12506813,12506813_0.json,https://github.com/MysterionRise/information-retrieval-adventure,BM25FQuery,lucene4/src/main/java/org/apache/lucene/search/BM25FQuery.java,production,class,False,114,BM25FQuery,8,public,False,True,3,False,,8,ELIGIBLE,,maven,lucene4,junit4,11,G:\FPT Specialized\Ki 9\SET490\workspace\ARROW\Java version\jdk-11,matched build.java_homes.java-11,,1,2,2,MODULE_TESTS_PASSED|MODULE_TESTS_PASSED,True,0,org.apache.lucene.search.BM25FQuery,True,TARGET_TEST_PASSED,MODULE_TESTS_PASSED,MODULE_TESTS_PASSED,ELIGIBLE,,,106.892,G:\FPT Specialized\Ki 9\SET490\workspace\ARROW\runs\sample_selection\distributed\shard-1\candidates\00887_12506813_12506813_0
892,3116751,3116751_12.json,https://github.com/androidannotations/androidannotations,ValidatorParameterHelper,AndroidAnnotations/androidannotations-core/androidannotations/src/main/java/org/androidannotations/helper/ValidatorParameterHelper.java,production,class,False,436,noParam,3,public,False,True,1,False,,8,ELIGIBLE,,maven,AndroidAnnotations\androidannotations-core\androidannotations,junit4,unknown,G:\FPT Specialized\Ki 9\SET490\workspace\ARROW\Java version\jdk-17,no project java version detected; using build.java_default,,1,2,1,ASSERTION_FAILED,,,org.androidannotations.helper.ValidatorParameterHelper,,,,,EXCLUDED,baseline,[info] build failure,14.017,G:\FPT Specialized\Ki 9\SET490\workspace\ARROW\runs\sample_selection\distributed\shard-1\candidates\00892_3116751_3116751_12
897,4750321,4750321_17.json,https://github.com/HGitMaster/geotools-osgi,TimeParser,modules/plugin/imagemosaic/src/main/java/org/geotools/gce/imagemosaic/properties/time/TimeParser.java,production,class,False,229,parse,45,public,True,True,0,False,,10,ELIGIBLE,,maven,modules\plugin\imagemosaic,junit4,6,G:\FPT Specialized\Ki 9\SET490\workspace\ARROW\Java version\jdk-8,using compatible JDK 8 from build.java_homes.java-8 for Java 6,,1,2,1,RUNTIME_FAILED,,,org.geotools.gce.imagemosaic.properties.time.TimeParser,,,,,EXCLUDED,baseline,[error] [error] some problems were encountered while processing the poms:,26.221,G:\FPT Specialized\Ki 9\SET490\workspace\ARROW\runs\sample_selection\distributed\shard-1\candidates\00897_4750321_4750321_17
902,26686976,26686976_2.json,https://github.com/chicm/CmRaft,RaftNode,cmraft-core/src/main/java/com/chicm/cmraft/core/RaftNode.java,production,,,,getElectionTimeout,5,private,False,True,,,,,EXCLUDED,focal_method_not_directly_testable,,,,,,,,,2,0,,,,,,,,,EXCLUDED,semantic_metadata,focal_method_not_directly_testable,0.002,G:\FPT Specialized\Ki 9\SET490\workspace\ARROW\runs\sample_selection\distributed\shard-1\candidates\00902_26686976_26686976_2
907,32651977,32651977_54.json,https://github.com/protostuff/protostuff-compiler,PropertyProviderImpl,protostuff-generator/src/main/java/io/protostuff/generator/PropertyProviderImpl.java,production,class,False,30,getProperty,9,"@SuppressWarnings(""unchecked"") @Override public",False,True,0,False,,7,ELIGIBLE,,maven,protostuff-generator,junit5,11,G:\FPT Specialized\Ki 9\SET490\workspace\ARROW\Java version\jdk-11,matched build.java_homes.java-11,,1,2,2,MODULE_TESTS_PASSED|MODULE_TESTS_PASSED,True,1,io.protostuff.generator.PropertyProviderImpl,True,TARGET_TEST_PASSED,MODULE_TESTS_PASSED,MODULE_TESTS_PASSED,ELIGIBLE,,,104.074,G:\FPT Specialized\Ki 9\SET490\workspace\ARROW\runs\sample_selection\distributed\shard-1\candidates\00907_32651977_32651977_54
912,1783085,1783085_53.json,https://github.com/richfaces4/components,TreeConverterUtil,iteration/ui/src/main/java/org/richfaces/convert/TreeConverterUtil.java,production,class,False,204,escape,39,public static,True,True,0,False,,10,ELIGIBLE,,maven,iteration\ui,junit4,unknown,G:\FPT Specialized\Ki 9\SET490\workspace\ARROW\Java version\jdk-17,no project java version detected; using build.java_default,,1,2,1,RUNTIME_FAILED,,,org.richfaces.convert.TreeConverterUtil,,,,,EXCLUDED,baseline,[error] [error] some problems were encountered while processing the poms:,7.736,G:\FPT Specialized\Ki 9\SET490\workspace\ARROW\runs\sample_selection\distributed\shard-1\candidates\00912_1783085_1783085_53
917,104355653,104355653_3.json,https://github.com/chenjy16/mall,OrderController,service/settlement-service/src/main/java/com/meiduimall/service/settlement/api/OrderController.java,production,,,,queryShareProfit,8,"@PostMapping(""/queryshareprofit"") public",True,True,,,,,ELIGIBLE,,,,,,,,,,2,0,,,,,,,,,EXCLUDED,setup,"RuntimeError: Repository setup failed after 3 attempts: CalledProcessError: Command '['git', '-c', 'core.longpaths=true', 'clone', '--depth', '1', 'https://github.com/chenjy16/mall', 'G:\\FPT Specialized\\Ki 9\\SET490\\workspace\\ARROW\\repos\\104355653']' returned non-zero exit status 128.",9.644,G:\FPT Specialized\Ki 9\SET490\workspace\ARROW\runs\sample_selection\distributed\shard-1\candidates\00917_104355653_104355653_3
922,106559097,106559097_3.json,https://github.com/HIFILEO/ReactiveArchitecture,NowPlayingInteractor,app/src/main/java/com/example/reactivearchitecture/nowplaying/interactor/NowPlayingInteractor.java,production,class,False,172,processAction,3,public,False,True,2,False,,7,ELIGIBLE,,gradle,app,junit4,1,G:\FPT Specialized\Ki 9\SET490\workspace\ARROW\Java version\jdk-8,using compatible JDK 8 from build.java_homes.java-8 for Java 1,,1,2,1,ASSERTION_FAILED,,,com.example.reactivearchitecture.nowplaying.interactor.NowPlayingInteractor,,,,,EXCLUDED,baseline,failure: build failed with an exception.,20.174,G:\FPT Specialized\Ki 9\SET490\workspace\ARROW\runs\sample_selection\distributed\shard-1\candidates\00922_106559097_106559097_3
927,4643211,4643211_0.json,https://github.com/twitter-archive/elephant-twin,CountTimestampSamplesWritable,com.twitter.elephanttwin/src/main/java/com/twitter/elephanttwin/retrieval/CountTimestampSamplesWritable.java,production,class,False,68,CountTimestampSamplesWritable,4,public,False,True,3,False,,8,ELIGIBLE,,maven,com.twitter.elephanttwin,junit4,${project.build.directory}/generated-sources/thrift,G:\FPT Specialized\Ki 9\SET490\workspace\ARROW\Java version\jdk-17,JDK ${project.build.directory}/generated-sources/thrift not mapped; using build.java_default,,1,2,1,ASSERTION_FAILED,,,com.twitter.elephanttwin.retrieval.CountTimestampSamplesWritable,,,,,EXCLUDED,baseline,[info] elephant-twin ...................................... failure [ 0.561 s],4.846,G:\FPT Specialized\Ki 9\SET490\workspace\ARROW\runs\sample_selection\distributed\shard-1\candidates\00927_4643211_4643211_0
932,30000823,30000823_1.json,https://github.com/hpadmanabhan/rdrand-util,RdRandException,lizalab-rdrand-util/src/main/java/net/lizalab/util/RdRandException.java,production,,,,getStatus,3,public,False,True,,,,,EXCLUDED,trivial_focal_method,,,,,,,,,2,0,,,,,,,,,EXCLUDED,semantic_metadata,trivial_focal_method,0.002,G:\FPT Specialized\Ki 9\SET490\workspace\ARROW\runs\sample_selection\distributed\shard-1\candidates\00932_30000823_30000823_1
937,215881965,215881965_0.json,https://github.com/iss-lab/nifi-stanfordcorenlp-processor,StanfordCoreNLPService,nifi-stanfordcorenlp-processors/src/main/java/com/iss/nifi/processors/stanfordcorenlp/StanfordCoreNLPService.java,production,class,False,110,extractEntities,45,public,True,True,1,False,,10,ELIGIBLE,,maven,nifi-stanfordcorenlp-processors,junit4,unknown,G:\FPT Specialized\Ki 9\SET490\workspace\ARROW\Java version\jdk-17,no project java version detected; using build.java_default,,1,2,1,ASSERTION_FAILED,,,com.iss.nifi.processors.stanfordcorenlp.StanfordCoreNLPService,,,,,EXCLUDED,baseline,[info] nifi-stanfordcorenlp-processors .................... failure [ 30.191 s],37.393,G:\FPT Specialized\Ki 9\SET490\workspace\ARROW\runs\sample_selection\distributed\shard-1\candidates\00937_215881965_215881965_0
942,474905,474905_1.json,https://github.com/gunnarmorling/musings-of-a-programming-addict,Customer,jpa2-bv-integration/src/main/java/de/gmorling/moapa/jpa2_bv_integration/Customer.java,production,,,,setArchived,3,public,False,True,,,,,EXCLUDED,trivial_focal_method,,,,,,,,,2,0,,,,,,,,,EXCLUDED,semantic_metadata,trivial_focal_method,0.001,G:\FPT Specialized\Ki 9\SET490\workspace\ARROW\runs\sample_selection\distributed\shard-1\candidates\00942_474905_474905_1
947,112254161,112254161_2.json,https://github.com/knobtviker/bme680,Bme680,bme680/src/main/java/com/knobtviker/android/things/contrib/community/driver/bme680/Bme680.java,production,,,,concatBytes,7,private,True,True,,,,,EXCLUDED,focal_method_not_directly_testable,,,,,,,,,2,0,,,,,,,,,EXCLUDED,semantic_metadata,focal_method_not_directly_testable,0.002,G:\FPT Specialized\Ki 9\SET490\workspace\ARROW\runs\sample_selection\distributed\shard-1\candidates\00947_112254161_112254161_2
952,5675901,5675901_74.json,https://github.com/ArcBees/GWTP,GwtSourceFilter,processor-tools/src/main/java/com/gwtplatform/processors/tools/GwtSourceFilter.java,production,class,False,188,elementIsPartOfGwtSource,10,public,True,True,3,False,,9,ELIGIBLE,,maven,processor-tools,junit4,8,G:\FPT Specialized\Ki 9\SET490\workspace\ARROW\Java version\jdk-8,matched build.java_homes.java-8,,1,2,1,ASSERTION_FAILED,,,com.gwtplatform.processors.tools.GwtSourceFilter,,,,,EXCLUDED,baseline,[info] processor-tools .................................... failure [ 6.729 s],12.682,G:\FPT Specialized\Ki 9\SET490\workspace\ARROW\runs\sample_selection\distributed\shard-1\candidates\00952_5675901_5675901_74
957,145393952,145393952_0.json,https://github.com/migueltoro/adda2018,ListasDePuntos,java/EjemplosParteComun/src/us/lsi/recursivos/puntos/ListasDePuntos.java,nonstandard,,,,parMasCercano,22,public static,False,True,,,,,EXCLUDED,source_layout:nonstandard,,,,,,,,,2,0,,,,,,,,,EXCLUDED,semantic_metadata,source_layout:nonstandard,0.002,G:\FPT Specialized\Ki 9\SET490\workspace\ARROW\runs\sample_selection\distributed\shard-1\candidates\00957_145393952_145393952_0
962,25405542,25405542_117.json,https://github.com/datumbox/datumbox-framework,ClusterSampling,datumbox-framework-core/src/main/java/com/datumbox/framework/core/statistics/sampling/ClusterSampling.java,production,class,False,112,randomSampling,10,public static,True,True,0,False,,9,ELIGIBLE,,maven,datumbox-framework-core,junit4,11,G:\FPT Specialized\Ki 9\SET490\workspace\ARROW\Java version\jdk-11,matched build.java_homes.java-11,,1,2,2,MODULE_TESTS_PASSED|MODULE_TESTS_PASSED,True,1,com.datumbox.framework.core.statistics.sampling.ClusterSampling,True,TARGET_TEST_PASSED,MODULE_TESTS_PASSED,MODULE_TESTS_PASSED,ELIGIBLE,,,133.630,G:\FPT Specialized\Ki 9\SET490\workspace\ARROW\runs\sample_selection\distributed\shard-1\candidates\00962_25405542_25405542_117
967,144020195,144020195_34.json,https://github.com/Azure/azure-kusto-java,ResourceManager,ingest/src/main/java/com/microsoft/azure/kusto/ingest/ResourceManager.java,production,,,,close,5,@Override public,False,False,,,,,EXCLUDED,no_observable_behavior,,,,,,,,,2,0,,,,,,,,,EXCLUDED,semantic_metadata,no_observable_behavior,0.002,G:\FPT Specialized\Ki 9\SET490\workspace\ARROW\runs\sample_selection\distributed\shard-1\candidates\00967_144020195_144020195_34
972,145104488,145104488_2.json,https://github.com/JavatarPro/javatar-security,PemUtils,jwt-lib/src/main/java/pro/javatar/security/jwt/utils/PemUtils.java,production,class,False,91,decodePublicKey,11,public static,True,True,0,False,,10,ELIGIBLE,,maven,jwt-lib,junit4,8,G:\FPT Specialized\Ki 9\SET490\workspace\ARROW\Java version\jdk-8,matched build.java_homes.java-8,,1,2,1,COMPILE_FAILED,,,pro.javatar.security.jwt.utils.PemUtils,,,,,EXCLUDED,baseline,org.opentest4j.assertionfailederror: unexpected exception type thrown ==> expected: <pro.javatar.security.jwt.exception.verificationexception> but was: <pro.javatar.security.jwt.exception.tokenexpirationexception>,22.480,G:\FPT Specialized\Ki 9\SET490\workspace\ARROW\runs\sample_selection\distributed\shard-1\candidates\00972_145104488_145104488_2
977,172835741,172835741_3.json,https://github.com/vmware/mangle,DatadogClient,mangle-utils/src/main/java/com/vmware/mangle/utils/clients/metricprovider/DatadogClient.java,production,class,False,102,testConnection,14,@Override public,True,True,1,False,,10,ELIGIBLE,,maven,mangle-utils,testng,8,G:\FPT Specialized\Ki 9\SET490\workspace\ARROW\Java version\jdk-8,matched build.java_homes.java-8,,1,2,2,MODULE_TESTS_PASSED|ASSERTION_FAILED,,,com.vmware.mangle.utils.clients.metricprovider.DatadogClient,,,,,EXCLUDED,baseline,[info] mangle-models ...................................... failure [ 1.135 s],366.782,G:\FPT Specialized\Ki 9\SET490\workspace\ARROW\runs\sample_selection\distributed\shard-1\candidates\00977_172835741_172835741_3
982,26934626,26934626_4.json,https://github.com/googlesamples/androidtv-sample-inputs,XmlTvParser,library/src/main/java/com/google/android/media/tv/companionlibrary/xmltv/XmlTvParser.java,production,class,False,541,parse,3,public static,False,True,0,False,,6,EXCLUDED,testability_score_below_7,,,,,,,,1,2,0,,,,,,,,,EXCLUDED,semantic,testability_score_below_7,6.161,G:\FPT Specialized\Ki 9\SET490\workspace\ARROW\runs\sample_selection\distributed\shard-1\candidates\00982_26934626_26934626_4
987,106807349,106807349_11.json,https://github.com/ixrjog/cmdb,EmailService,cmdb-service/src/main/java/com/sdg/cmdb/service/EmailService.java,production,class,False,186,doSendNewTodo,14,public,True,True,0,False,,9,ELIGIBLE,,gradle,cmdb-service,junit4,8,G:\FPT Specialized\Ki 9\SET490\workspace\ARROW\Java version\jdk-8,matched build.java_homes.java-8,,1,2,1,TOOL_ERROR,,,com.sdg.cmdb.service.EmailService,,,,,EXCLUDED,baseline,[WinError 2] The system cannot find the file specified,13.609,G:\FPT Specialized\Ki 9\SET490\workspace\ARROW\runs\sample_selection\distributed\shard-1\candidates\00987_106807349_106807349_11
992,44872273,44872273_52.json,https://github.com/lordcodes/SnackbarBuilder,SnackbarCallback,snackbarbuilder/src/main/java/com/github/andrewlord1990/snackbarbuilder/callback/SnackbarCallback.java,production,,,,onSnackbarActionPressed,3,public,False,False,,,,,EXCLUDED,no_observable_behavior,,,,,,,,,2,0,,,,,,,,,EXCLUDED,semantic_metadata,no_observable_behavior,0.002,G:\FPT Specialized\Ki 9\SET490\workspace\ARROW\runs\sample_selection\distributed\shard-1\candidates\00992_44872273_44872273_52
997,156613410,156613410_5.json,https://github.com/dinject/dinject,GenericType,inject-generator/src/main/java/io/avaje/inject/generator/GenericType.java,production,class,False,163,maybe,3,static,True,True,0,False,,10,ELIGIBLE,,maven,inject-generator,junit5,unknown,G:\FPT Specialized\Ki 9\SET490\workspace\ARROW\Java version\jdk-17,no project java version detected; using build.java_default,8339c8758e5d9b093ddbc3bdcec93399666e2bdf,1,2,2,MODULE_TESTS_PASSED|MODULE_TESTS_PASSED,True,1,io.avaje.inject.generator.GenericType,True,TARGET_TEST_PASSED,MODULE_TESTS_PASSED,MODULE_TESTS_PASSED,ELIGIBLE,,,61.754,G:\FPT Specialized\Ki 9\SET490\workspace\ARROW\runs\sample_selection\distributed\shard-1\candidates\00997_156613410_156613410_5
1002,15997656,15997656_159.json,https://github.com/terrestris/shogun-core,OgcMessageDistributor,src/shogun-core-main/src/main/java/de/terrestris/shoguncore/util/interceptor/OgcMessageDistributor.java,production,class,False,440,distributeToRequestInterceptor,118,public,True,True,0,False,,9,ELIGIBLE,,maven,src\shogun-core-main,junit4,unknown,G:\FPT Specialized\Ki 9\SET490\workspace\ARROW\Java version\jdk-17,no project java version detected; using build.java_default,,1,2,1,BUILD_TIMEOUT,,,de.terrestris.shoguncore.util.interceptor.OgcMessageDistributor,,,,,EXCLUDED,baseline,build timeout,902.687,G:\FPT Specialized\Ki 9\SET490\workspace\ARROW\runs\sample_selection\distributed\shard-1\candidates\01002_15997656_15997656_159
1007,145080847,145080847_15.json,https://github.com/micromata/Merlin,Languages,merlin-server/src/main/java/de/micromata/merlin/server/Languages.java,production,class,False,15,asLocale,3,public static,False,True,0,False,,7,ELIGIBLE,,gradle,merlin-server,junit5,9,G:\FPT Specialized\Ki 9\SET490\workspace\ARROW\Java version\jdk-17,JDK 9 not mapped; using build.java_default,,1,2,2,MODULE_TESTS_PASSED|MODULE_TESTS_PASSED,True,0,de.micromata.merlin.server.Languages,True,TARGET_TEST_PASSED,MODULE_TESTS_PASSED,MODULE_TESTS_PASSED,ELIGIBLE,,,159.692,G:\FPT Specialized\Ki 9\SET490\workspace\ARROW\runs\sample_selection\distributed\shard-1\candidates\01007_145080847_145080847_15
1012,4797319,4797319_38.json,https://github.com/sindice/sparqled,PointOfFocusProcessor,recommendation-servlet/src/main/java/org/sindice/analytics/queryProcessor/PointOfFocusProcessor.java,production,class,False,160,process,38,public static,True,True,0,False,,9,ELIGIBLE,,maven,recommendation-servlet,junit4,6,G:\FPT Specialized\Ki 9\SET490\workspace\ARROW\Java version\jdk-8,using compatible JDK 8 from build.java_homes.java-8 for Java 6,,1,2,1,RUNTIME_FAILED,,,org.sindice.analytics.queryProcessor.PointOfFocusProcessor,,,,,EXCLUDED,baseline,[error] [error] some problems were encountered while processing the poms:,4.074,G:\FPT Specialized\Ki 9\SET490\workspace\ARROW\runs\sample_selection\distributed\shard-1\candidates\01012_4797319_4797319_38
1017,1109529,1109529_1.json,https://github.com/tfunato/java-samples,BujintMojo,maven-bijint-plugin/src/main/java/jp/canetrash/maven/plugin/bijint/BujintMojo.java,production,,,,getImagePath,12,,True,True,,,,,ELIGIBLE,,,,,,,,,,2,0,,,,,,,,,EXCLUDED,setup,"RuntimeError: Repository setup failed after 3 attempts: CalledProcessError: Command '['git', '-c', 'core.longpaths=true', 'clone', '--depth', '1', 'https://github.com/tfunato/java-samples', 'G:\\FPT Specialized\\Ki 9\\SET490\\workspace\\ARROW\\repos\\1109529']' returned non-zero exit status 128.",9.587,G:\FPT Specialized\Ki 9\SET490\workspace\ARROW\runs\sample_selection\distributed\shard-1\candidates\01017_1109529_1109529_1
1022,89335647,89335647_2.json,https://github.com/Project-ARTist/ArtistGui,MainActivityPresenter,app/src/main/java/saarland/cispa/artist/artistgui/MainActivityPresenter.java,production,,,,selectFragment,27,@Override public,True,False,,,,,EXCLUDED,no_observable_behavior,,,,,,,,,2,0,,,,,,,,,EXCLUDED,semantic_metadata,no_observable_behavior,0.029,G:\FPT Specialized\Ki 9\SET490\workspace\ARROW\runs\sample_selection\distributed\shard-1\candidates\01022_89335647_89335647_2
1027,144737388,144737388_0.json,https://github.com/akka/alpakka-samples,Main,alpakka-sample-kafka-to-websocket-clients/src/main/java/samples/javadsl/Main.java,production,class,False,117,addIndexFlow,10,public,False,True,1,False,,8,ELIGIBLE,,unknown,.,junit4,unknown,G:\FPT Specialized\Ki 9\SET490\workspace\ARROW\Java version\jdk-17,no project java version detected; using build.java_default,,1,2,1,TOOL_ERROR,,,samples.javadsl.Main,,,,,EXCLUDED,baseline,unsupported build tool,2.263,G:\FPT Specialized\Ki 9\SET490\workspace\ARROW\runs\sample_selection\distributed\shard-1\candidates\01027_144737388_144737388_0
1032,201347287,201347287_0.json,https://github.com/WhatsApp/StringPacks,ParsedStringPack,library/src/main/java/com/whatsapp/stringpacks/ParsedStringPack.java,production,class,False,296,getString,10,@Nullable public,True,True,2,False,,10,ELIGIBLE,,gradle,library,junit4,unknown,G:\FPT Specialized\Ki 9\SET490\workspace\ARROW\Java version\jdk-17,no project java version detected; using build.java_default,eb7f44fd6322b2672750229667121fd58e84c2e4,1,2,1,TOOL_ERROR,,,com.whatsapp.stringpacks.ParsedStringPack,,,,,EXCLUDED,baseline,[WinError 2] The system cannot find the file specified,7.691,G:\FPT Specialized\Ki 9\SET490\workspace\ARROW\runs\sample_selection\distributed\shard-1\candidates\01032_201347287_201347287_0
1037,157827731,157827731_1.json,https://github.com/rayokota/kcache,KafkaCache,kcache/src/main/java/io/kcache/KafkaCache.java,production,,,,close,22,@Override public,True,False,,,,,EXCLUDED,no_observable_behavior,,,,,,,,,2,0,,,,,,,,,EXCLUDED,semantic_metadata,no_observable_behavior,0.017,G:\FPT Specialized\Ki 9\SET490\workspace\ARROW\runs\sample_selection\distributed\shard-1\candidates\01037_157827731_157827731_1
1042,37418050,37418050_0.json,https://github.com/sockeqwe/sqlbrite-dao,Dao,dao/src/main/java/com/hannesdorfmann/sqlbrite/dao/Dao.java,production,class,True,351,insert,8,@CheckResult protected,False,True,0,False,,7,EXCLUDED,non_concrete:class:abstract,,,,,,,,1,2,0,,,,,,,,,EXCLUDED,semantic,non_concrete:class:abstract,2.068,G:\FPT Specialized\Ki 9\SET490\workspace\ARROW\runs\sample_selection\distributed\shard-1\candidates\01042_37418050_37418050_0
1047,145737537,145737537_7.json,https://github.com/sysco-middleware/kafka-interceptors,BaseTracingInterceptor,zipkin/src/main/java/no/sysco/middleware/kafka/interceptor/zipkin/BaseTracingInterceptor.java,production,,,,configure,24,@Override public,True,False,,,,,EXCLUDED,no_observable_behavior,,,,,,,,,2,0,,,,,,,,,EXCLUDED,semantic_metadata,no_observable_behavior,0.015,G:\FPT Specialized\Ki 9\SET490\workspace\ARROW\runs\sample_selection\distributed\shard-1\candidates\01047_145737537_145737537_7
1052,18982942,18982942_3.json,https://github.com/xafero/travelingsales,AddressDBPlaceFinder,libosm/src/main/java/org/openstreetmap/osm/data/searching/AddressDBPlaceFinder.java,production,class,False,1090,findAddress,113,public,True,True,0,True,database|filesystem|nondeterminism,8,EXCLUDED,external_dependency_risk:database|filesystem|nondeterminism,,,,,,,,1,2,0,,,,,,,,,EXCLUDED,semantic,external_dependency_risk:database|filesystem|nondeterminism,3.287,G:\FPT Specialized\Ki 9\SET490\workspace\ARROW\runs\sample_selection\distributed\shard-1\candidates\01052_18982942_18982942_3
1057,3513261,3513261_106.json,https://github.com/sap-production/xcode-maven-plugin,GAVUtil,modules/xcode-maven-plugin/src/main/java/com/sap/prd/mobile/ios/mios/GAVUtil.java,production,,,,getArtifact,22,static,True,True,,,,,ELIGIBLE,,,,,,,,,1,2,0,,,,,,,,,EXCLUDED,setup,FileNotFoundError: Cannot resolve focal class path: modules/xcode-maven-plugin/src/main/java/com/sap/prd/mobile/ios/mios/GAVUtil.java,3.238,G:\FPT Specialized\Ki 9\SET490\workspace\ARROW\runs\sample_selection\distributed\shard-1\candidates\01057_3513261_3513261_106
1062,158618423,158618423_2.json,https://github.com/uber/simple-store,SimpleStoreImpl,simplestore/src/main/java/com/uber/simplestore/impl/SimpleStoreImpl.java,production,class,False,289,clear,27,@Override public,True,True,3,True,filesystem,9,EXCLUDED,external_dependency_risk:filesystem,,,,,,,,1,2,0,,,,,,,,,EXCLUDED,semantic,external_dependency_risk:filesystem,2.121,G:\FPT Specialized\Ki 9\SET490\workspace\ARROW\runs\sample_selection\distributed\shard-1\candidates\01062_158618423_158618423_2
1067,79344371,79344371_4.json,https://github.com/yaogdu/datax,FilterUtil,DataX/common/src/main/java/com/alibaba/datax/common/util/FilterUtil.java,production,class,False,42,filterByRegular,15,public static,True,True,0,False,,10,ELIGIBLE,,maven,DataX\common,junit4,6,G:\FPT Specialized\Ki 9\SET490\workspace\ARROW\Java version\jdk-8,using compatible JDK 8 from build.java_homes.java-8 for Java 6,,1,2,1,ASSERTION_FAILED,,,com.alibaba.datax.common.util.FilterUtil,,,,,EXCLUDED,baseline,error:java.io.filenotfoundexception:file '<path> does not exist,83.569,G:\FPT Specialized\Ki 9\SET490\workspace\ARROW\runs\sample_selection\distributed\shard-1\candidates\01067_79344371_79344371_4
1072,32808027,32808027_109.json,https://github.com/tomtom-international/speedtools,TelephoneNumberAdapter,core/src/main/java/com/tomtom/speedtools/xmladapters/TelephoneNumberAdapter.java,production,class,False,52,marshal,8,@Override @Nullable public,True,True,0,False,,10,ELIGIBLE,,maven,core,junit4,8,G:\FPT Specialized\Ki 9\SET490\workspace\ARROW\Java version\jdk-8,matched build.java_homes.java-8,,1,2,2,MODULE_TESTS_PASSED|MODULE_TESTS_PASSED,True,1,com.tomtom.speedtools.xmladapters.TelephoneNumberAdapter,True,TARGET_TEST_PASSED,MODULE_TESTS_PASSED,MODULE_TESTS_PASSED,ELIGIBLE,,,82.200,G:\FPT Specialized\Ki 9\SET490\workspace\ARROW\runs\sample_selection\distributed\shard-1\candidates\01072_32808027_32808027_109
1077,54995528,54995528_1.json,https://github.com/faogustavo/JSONApi,JSONApiConverter,JsonAPI/src/main/java/com/gustavofao/jsonapi/JSONApiConverter.java,production,class,False,601,toJson,6,public,True,True,1,False,,8,ELIGIBLE,,gradle,JsonAPI,junit4,unknown,G:\FPT Specialized\Ki 9\SET490\workspace\ARROW\Java version\jdk-11,Gradle 5.4.1 requires compatible JDK 11; matched build.java_homes.java-11,,1,2,1,ASSERTION_FAILED,,,com.gustavofao.jsonapi.JSONApiConverter,,,,,EXCLUDED,baseline,failure: build failed with an exception.,61.118,G:\FPT Specialized\Ki 9\SET490\workspace\ARROW\runs\sample_selection\distributed\shard-1\candidates\01077_54995528_54995528_1
1082,3296177,3296177_14.json,https://github.com/lukas-krecan/JsonUnit,JsonUtils,json-unit-core/src/main/java/net/javacrumbs/jsonunit/core/internal/JsonUtils.java,production,class,False,203,nodeExists,4,@Deprecated public static,False,True,0,False,,7,ELIGIBLE,,maven,json-unit-core,junit5,17,G:\FPT Specialized\Ki 9\SET490\workspace\ARROW\Java version\jdk-17,matched build.java_homes.java-17,,1,2,1,COMPILE_FAILED,,,net.javacrumbs.jsonunit.core.internal.JsonUtils,,,,,EXCLUDED,baseline,[error] failed to execute goal org.apache.maven.plugins:maven-compiler-plugin:<n>.15.0:compile (default-compile) on project json-unit-core: compilation failure,24.897,G:\FPT Specialized\Ki 9\SET490\workspace\ARROW\runs\sample_selection\distributed\shard-1\candidates\01082_3296177_3296177_14
1087,20127629,20127629_2.json,https://github.com/ebean-orm-examples/avaje-ebeanorm-examples,OrderFinder,a-basic/src/main/java/org/example/domain/finder/OrderFinder.java,production,class,False,53,byStatus,8,public,False,True,0,True,database,6,EXCLUDED,external_dependency_risk:database;testability_score_below_7,,,,,,,,1,2,0,,,,,,,,,EXCLUDED,semantic,external_dependency_risk:database;testability_score_below_7,2.041,G:\FPT Specialized\Ki 9\SET490\workspace\ARROW\runs\sample_selection\distributed\shard-1\candidates\01087_20127629_20127629_2
1092,17273013,17273013_17.json,https://github.com/premiummarkets/pm,EventsStatusChecker,premiumMarkets/pm-core/src/main/java/com/finance/pms/events/utils/EventsStatusChecker.java,production,,,,autoCalcAndSetDatesBounds,43,public,True,True,,,,,ELIGIBLE,,,,,,,,,,2,0,,,,,,,,,EXCLUDED,setup,"RuntimeError: Repository setup failed after 3 attempts: CalledProcessError: Command '['git', '-c', 'core.longpaths=true', 'clone', '--depth', '1', 'https://github.com/premiummarkets/pm', 'G:\\FPT Specialized\\Ki 9\\SET490\\workspace\\ARROW\\repos\\17273013']' returned non-zero exit status 128.",150.559,G:\FPT Specialized\Ki 9\SET490\workspace\ARROW\runs\sample_selection\distributed\shard-1\candidates\01092_17273013_17273013_17
1097,63107687,63107687_2.json,https://github.com/virtualdataset/virtdata-java,FieldExtractor,virtdata-lib-basics/src/main/java/io/virtdata/libbasics/shared/unary_string/FieldExtractor.java,production,class,False,51,apply,15,@Override public,True,True,1,False,,10,ELIGIBLE,,maven,virtdata-lib-basics,junit4,unknown,G:\FPT Specialized\Ki 9\SET490\workspace\ARROW\Java version\jdk-17,no project java version detected; using build.java_default,,1,2,2,MODULE_TESTS_PASSED|MODULE_TESTS_PASSED,True,1,io.virtdata.libbasics.shared.unary_string.FieldExtractor,True,TARGET_TEST_PASSED,MODULE_TESTS_PASSED,MODULE_TESTS_PASSED,ELIGIBLE,,,133.624,G:\FPT Specialized\Ki 9\SET490\workspace\ARROW\runs\sample_selection\distributed\shard-1\candidates\01097_63107687_63107687_2
1102,72283823,72283823_54.json,https://github.com/V1toss/JavaPA,InteractCalc,part_4/calculator/src/main/java/vkaretko/InteractCalc.java,production,,,,initDialog,20,public,True,False,,,,,EXCLUDED,no_observable_behavior,,,,,,,,,2,0,,,,,,,,,EXCLUDED,semantic_metadata,no_observable_behavior,0.016,G:\FPT Specialized\Ki 9\SET490\workspace\ARROW\runs\sample_selection\distributed\shard-1\candidates\01102_72283823_72283823_54
1107,6621718,6621718_0.json,https://github.com/Zubnix/trinityshell,XWindow,foundation/display.x11.impl/src/main/java/org/trinity/foundation/display/x11/impl/XWindow.java,production,class,False,447,destroy,15,@Override public,False,True,4,False,,7,ELIGIBLE,,maven,foundation\display.x11.impl,junit4,7,G:\FPT Specialized\Ki 9\SET490\workspace\ARROW\Java version\jdk-8,using compatible JDK 8 from build.java_homes.java-8 for Java 7,,1,2,1,COMPILE_FAILED,,,org.trinity.foundation.display.x11.impl.XWindow,,,,,EXCLUDED,baseline,[warning] org.apache.onami.autobind.scanner:org.apache.onami.autobind.scanner.asm:<n>.9.2-snapshot/maven-metadata.xml failed to transfer from https:/<path>/ during a previous attempt. this failure was cached in the local repository and resolution will not be reattempted until the update interval of ,67.382,G:\FPT Specialized\Ki 9\SET490\workspace\ARROW\runs\sample_selection\distributed\shard-1\candidates\01107_6621718_6621718_0
1112,193047220,193047220_28.json,https://github.com/apache/servicecomb-toolkit,DefaultParameterValidatorFactory,oas-validator/oas-validator-style/src/main/java/org/apache/servicecomb/toolkit/oasv/style/factory/DefaultParameterValidatorFactory.java,production,class,False,84,create,14,@Override public,False,True,2,False,,7,ELIGIBLE,,maven,oas-validator\oas-validator-style,junit4,8,G:\FPT Specialized\Ki 9\SET490\workspace\ARROW\Java version\jdk-8,matched build.java_homes.java-8,,1,2,2,MODULE_TESTS_PASSED|MODULE_TESTS_PASSED,True,1,org.apache.servicecomb.toolkit.oasv.style.factory.DefaultParameterValidatorFactory,True,TARGET_TEST_PASSED,MODULE_TESTS_PASSED,MODULE_TESTS_PASSED,ELIGIBLE,,,77.582,G:\FPT Specialized\Ki 9\SET490\workspace\ARROW\runs\sample_selection\distributed\shard-1\candidates\01112_193047220_193047220_28
1117,15032904,15032904_41.json,https://github.com/interactivespaces/interactivespaces,StandardInteractiveSpacesDomainCloner,runtime/master/interactivespaces-master/src/main/java/interactivespaces/master/server/services/StandardInteractiveSpacesDomainCloner.java,production,class,False,195,cloneSpace,22,@Override public,True,True,1,True,framework_context,8,EXCLUDED,external_dependency_risk:framework_context,,,,,,,,1,2,0,,,,,,,,,EXCLUDED,semantic,external_dependency_risk:framework_context,8.935,G:\FPT Specialized\Ki 9\SET490\workspace\ARROW\runs\sample_selection\distributed\shard-1\candidates\01117_15032904_15032904_41
1122,95525322,95525322_1.json,https://github.com/kevinKaiF/data-flow,PostGroovyShellDataTransformer,data-flow-transformer/src/main/java/com/github/dataflow/transformer/core/post/PostGroovyShellDataTransformer.java,production,class,False,22,transform,4,@Override public,False,True,1,False,,8,ELIGIBLE,,maven,data-flow-transformer,junit4,7,G:\FPT Specialized\Ki 9\SET490\workspace\ARROW\Java version\jdk-8,using compatible JDK 8 from build.java_homes.java-8 for Java 7,,1,2,1,COMPILE_FAILED,,,com.github.dataflow.transformer.core.post.PostGroovyShellDataTransformer,,,,,EXCLUDED,baseline,[error] failed to execute goal org.apache.maven.plugins:maven-compiler-plugin:<n>.6.0:testcompile (default-testcompile) on project data-flow-transformer: compilation failure,8.107,G:\FPT Specialized\Ki 9\SET490\workspace\ARROW\runs\sample_selection\distributed\shard-1\candidates\01122_95525322_95525322_1
1127,87683712,87683712_3.json,https://github.com/zq2599/blog_demos,HelloServiceImpl,junitpractice/junit5experience/src/main/java/com/bolingcavalry/junit5experience/service/impl/HelloServiceImpl.java,production,class,False,23,increase,4,@Override public,False,True,0,True,nondeterminism,7,EXCLUDED,external_dependency_risk:nondeterminism,,,,,,,,1,2,0,,,,,,,,,EXCLUDED,semantic,external_dependency_risk:nondeterminism,32.533,G:\FPT Specialized\Ki 9\SET490\workspace\ARROW\runs\sample_selection\distributed\shard-1\candidates\01127_87683712_87683712_3
1132,54371579,54371579_12.json,https://github.com/caifeile/FlowGeek,NucleusLayout,presenter/src/main/java/nucleus/view/NucleusLayout.java,production,,,,onDetachedFromWindow,5,@Override protected,False,False,,,,,EXCLUDED,no_observable_behavior,,,,,,,,,2,0,,,,,,,,,EXCLUDED,semantic_metadata,no_observable_behavior,0.729,G:\FPT Specialized\Ki 9\SET490\workspace\ARROW\runs\sample_selection\distributed\shard-1\candidates\01132_54371579_54371579_12
1137,65855862,65855862_17.json,https://github.com/linkedin/li-apache-kafka-clients,ConsumerRecordsProcessor,li-apache-kafka-clients/src/main/java/com/linkedin/kafka/clients/largemessage/ConsumerRecordsProcessor.java,production,class,False,523,process,21,public,True,True,6,False,,7,ELIGIBLE,,gradle,li-apache-kafka-clients,testng,8,G:\FPT Specialized\Ki 9\SET490\workspace\ARROW\Java version\jdk-8,matched build.java_homes.java-8,,1,2,1,ASSERTION_FAILED,,,com.linkedin.kafka.clients.largemessage.ConsumerRecordsProcessor,,,,,EXCLUDED,baseline,failure: build failed with an exception.,71.826,G:\FPT Specialized\Ki 9\SET490\workspace\ARROW\runs\sample_selection\distributed\shard-1\candidates\01137_65855862_65855862_17
1142,43258821,43258821_5.json,https://github.com/sherman/blobkeeper,ByteBufferSeekableByteChannel,common/src/main/java/io/blobkeeper/common/util/ByteBufferSeekableByteChannel.java,production,class,False,75,truncate,3,public,True,True,1,False,,10,ELIGIBLE,,maven,common,testng,8,G:\FPT Specialized\Ki 9\SET490\workspace\ARROW\Java version\jdk-8,matched build.java_homes.java-8,,1,2,2,MODULE_TESTS_PASSED|MODULE_TESTS_PASSED,True,0,io.blobkeeper.common.util.ByteBufferSeekableByteChannel,True,TARGET_TEST_PASSED,MODULE_TESTS_PASSED,MODULE_TESTS_PASSED,ELIGIBLE,,,86.186,G:\FPT Specialized\Ki 9\SET490\workspace\ARROW\runs\sample_selection\distributed\shard-1\candidates\01142_43258821_43258821_5
1147,8752619,8752619_18.json,https://github.com/52North/OX-Framework,MultiValueRequestParameters,52n-oxf-core/oxf-common/src/main/java/org/n52/oxf/request/MultiValueRequestParameters.java,production,class,True,221,isSingleValue,5,@Override public,True,True,0,False,,10,EXCLUDED,non_concrete:class:abstract,,,,,,,,1,2,0,,,,,,,,,EXCLUDED,semantic,non_concrete:class:abstract,2.853,G:\FPT Specialized\Ki 9\SET490\workspace\ARROW\runs\sample_selection\distributed\shard-1\candidates\01147_8752619_8752619_18
1152,17491095,17491095_25.json,https://github.com/janScheible/knorxx,RttiGenerator,generator/src/main/java/knorxx/framework/generator/web/server/rtti/RttiGenerator.java,production,class,False,37,getJavaScriptSource,25,public,True,True,0,False,,9,ELIGIBLE,,maven,generator,junit4,unknown,G:\FPT Specialized\Ki 9\SET490\workspace\ARROW\Java version\jdk-17,no project java version detected; using build.java_default,,1,2,1,ASSERTION_FAILED,,,knorxx.framework.generator.web.server.rtti.RttiGenerator,,,,,EXCLUDED,baseline,"org.eclipse.aether.transfer.checksumfailureexception: checksum validation failed, no checksums available",30.619,G:\FPT Specialized\Ki 9\SET490\workspace\ARROW\runs\sample_selection\distributed\shard-1\candidates\01152_17491095_17491095_25
1157,100808500,100808500_41.json,https://github.com/sisbell/oulipo,PutInvariantMediaOp,oulipo-streams/src/main/java/org/oulipo/streams/opcodes/PutInvariantMediaOp.java,production,class,False,112,hashCode,8,@Override public,False,True,1,False,,8,ELIGIBLE,,gradle,oulipo-streams,junit4,8,G:\FPT Specialized\Ki 9\SET490\workspace\ARROW\Java version\jdk-8,matched build.java_homes.java-8,,1,2,2,MODULE_TESTS_PASSED|MODULE_TESTS_PASSED,False,1,org.oulipo.streams.opcodes.PutInvariantMediaOp,False,,,,EXCLUDED,classpath,Không resolve được project classpath,80.646,G:\FPT Specialized\Ki 9\SET490\workspace\ARROW\runs\sample_selection\distributed\shard-1\candidates\01157_100808500_100808500_41
1162,17959249,17959249_18.json,https://github.com/netceteragroup/valdr-bean-validation,ClasspathScanner,valdr-bean-validation/src/main/java/com/github/valdr/ClasspathScanner.java,production,class,False,60,findClassesToParse,5,public,True,True,1,False,,10,ELIGIBLE,,maven,valdr-bean-validation,junit5,17,G:\FPT Specialized\Ki 9\SET490\workspace\ARROW\Java version\jdk-17,matched build.java_homes.java-17,,1,2,1,COMPILE_FAILED,,,com.github.valdr.ClasspathScanner,,,,,EXCLUDED,baseline,[main] warn com.github.valdr.validationrulesservlet - invalid configuration: model package names must not be empty.,19.135,G:\FPT Specialized\Ki 9\SET490\workspace\ARROW\runs\sample_selection\distributed\shard-1\candidates\01162_17959249_17959249_18
1167,127546760,127546760_29.json,https://github.com/hryou0922/component,PatternDemo,javabasic/src/main/java/com/hry/java/regular/PatternDemo.java,production,,,,isFixedPhone,4,public,False,True,,,,,EXCLUDED,trivial_focal_method,,,,,,,,,2,0,,,,,,,,,EXCLUDED,semantic_metadata,trivial_focal_method,0.014,G:\FPT Specialized\Ki 9\SET490\workspace\ARROW\runs\sample_selection\distributed\shard-1\candidates\01167_127546760_127546760_29
1172,28822832,28822832_8.json,https://github.com/Netcentric/accesscontroltool,ExtendedSlingSettingsServiceImpl,accesscontroltool-bundle/src/main/java/biz/netcentric/cq/tools/actool/slingsettings/ExtendedSlingSettingsServiceImpl.java,production,class,False,120,getBestRunModeMatchCountFromSpec,11,static,True,True,0,False,,10,ELIGIBLE,,maven,accesscontroltool-bundle,junit5,11,G:\FPT Specialized\Ki 9\SET490\workspace\ARROW\Java version\jdk-11,matched build.java_homes.java-11,,1,2,2,MODULE_TESTS_PASSED|MODULE_TESTS_PASSED,True,0,biz.netcentric.cq.tools.actool.slingsettings.ExtendedSlingSettingsServiceImpl,True,ASSERTION_FAILED,,,EXCLUDED,probe_target,[info] access control tool bundle ......................... failure [ 0.638 s],98.993,G:\FPT Specialized\Ki 9\SET490\workspace\ARROW\runs\sample_selection\distributed\shard-1\candidates\01172_28822832_28822832_8
1177,35282952,35282952_27.json,https://github.com/braintree/android-card-form,CardEditText,CardForm/src/main/java/com/braintreepayments/cardform/view/CardEditText.java,production,,,,displayCardTypeIcon,6,public,True,False,,,,,EXCLUDED,no_observable_behavior,,,,,,,,,2,0,,,,,,,,,EXCLUDED,semantic_metadata,no_observable_behavior,0.029,G:\FPT Specialized\Ki 9\SET490\workspace\ARROW\runs\sample_selection\distributed\shard-1\candidates\01177_35282952_35282952_27
1182,8023268,8023268_11.json,https://github.com/keenlabs/KeenClient-Java,KeenClient,core/src/main/java/io/keen/client/java/KeenClient.java,production,,,,addEvent,3,public,False,False,,,,,EXCLUDED,no_observable_behavior,,,,,,,,,2,0,,,,,,,,,EXCLUDED,semantic_metadata,no_observable_behavior,0.034,G:\FPT Specialized\Ki 9\SET490\workspace\ARROW\runs\sample_selection\distributed\shard-1\candidates\01182_8023268_8023268_11
1187,27392543,27392543_480.json,https://github.com/apache/incubator-gobblin,AzkabanClient,gobblin-modules/gobblin-azkaban/src/main/java/org/apache/gobblin/service/modules/orchestration/AzkabanClient.java,production,class,False,498,fetchExecutionLog,16,public,False,True,7,True,network|filesystem|nondeterminism,5,EXCLUDED,external_dependency_risk:network|filesystem|nondeterminism;testability_score_below_7,,,,,,,,1,2,0,,,,,,,,,EXCLUDED,semantic,external_dependency_risk:network|filesystem|nondeterminism;testability_score_below_7,42.689,G:\FPT Specialized\Ki 9\SET490\workspace\ARROW\runs\sample_selection\distributed\shard-1\candidates\01187_27392543_27392543_480
1192,56037404,56037404_1.json,https://github.com/tuozhaobing/CsdnDemo,MainPresenter,MVP/app/src/main/java/com/example/code/mvp/main/presenter/MainPresenter.java,production,,,,loadSpinnerData,9,@Override public,True,False,,,,,EXCLUDED,no_observable_behavior,,,,,,,,,2,0,,,,,,,,,EXCLUDED,semantic_metadata,no_observable_behavior,0.017,G:\FPT Specialized\Ki 9\SET490\workspace\ARROW\runs\sample_selection\distributed\shard-1\candidates\01192_56037404_56037404_1
1197,67841511,67841511_3.json,https://github.com/TellH/GitClub,RepositoryDataSource,app/src/main/java/tellh/com/gitclub/model/net/DataSource/RepositoryDataSource.java,production,class,False,194,listWatchers,4,public,False,True,1,True,database,7,EXCLUDED,external_dependency_risk:database,,,,,,,,1,2,0,,,,,,,,,EXCLUDED,semantic,external_dependency_risk:database,4.924,G:\FPT Specialized\Ki 9\SET490\workspace\ARROW\runs\sample_selection\distributed\shard-1\candidates\01197_67841511_67841511_3
1202,251477582,251477582_0.json,https://github.com/SevenEX/wallet-rpc,BitcoinUtilExtend,bitcoin/src/main/java/com/ztuo/bc/wallet/service/BitcoinUtilExtend.java,production,class,False,345,getBalance,9,public,True,True,0,False,,10,ELIGIBLE,,maven,bitcoin,junit4,8,G:\FPT Specialized\Ki 9\SET490\workspace\ARROW\Java version\jdk-8,matched build.java_homes.java-8,,1,2,1,ASSERTION_FAILED,,,com.ztuo.bc.wallet.service.BitcoinUtilExtend,,,,,EXCLUDED,baseline,[info] rpc-common ......................................... failure [ 32.958 s],88.374,G:\FPT Specialized\Ki 9\SET490\workspace\ARROW\runs\sample_selection\distributed\shard-1\candidates\01202_251477582_251477582_0
1207,112947883,112947883_39.json,https://github.com/nisrulz/validatetor,ValidateTor,validatetor/src/main/java/com/raywenderlich/android/validatetor/ValidateTor.java,production,class,False,369,hasAtleastOneLowercaseCharacter,3,public,False,True,0,False,,8,ELIGIBLE,,gradle,validatetor,junit4,unknown,G:\FPT Specialized\Ki 9\SET490\workspace\ARROW\Java version\jdk-11,Gradle 6.0.1 requires compatible JDK 11; matched build.java_homes.java-11,,1,2,1,COMPILE_FAILED,,,com.raywenderlich.android.validatetor.ValidateTor,,,,,EXCLUDED,baseline,error: could not find or load main class org.gradle.wrapper.gradlewrappermain,2.123,G:\FPT Specialized\Ki 9\SET490\workspace\ARROW\runs\sample_selection\distributed\shard-1\candidates\01207_112947883_112947883_39
1212,152245376,152245376_33.json,https://github.com/criteo/garmadon,PrometheusMetrics,readers/hdfs/src/main/java/com/criteo/hadoop/garmadon/hdfs/monitoring/PrometheusMetrics.java,production,,,,getRegisteredCollectors,3,public static,True,True,,,,,EXCLUDED,trivial_focal_method,,,,,,,,,2,0,,,,,,,,,EXCLUDED,semantic_metadata,trivial_focal_method,0.013,G:\FPT Specialized\Ki 9\SET490\workspace\ARROW\runs\sample_selection\distributed\shard-1\candidates\01212_152245376_152245376_33
1217,73840074,73840074_4.json,https://github.com/uber-archive/chaperone,KafkaBrokerTopicObserver,ChaperoneServiceController/src/main/java/com/uber/stream/kafka/mirrormaker/controller/core/KafkaBrokerTopicObserver.java,production,,,,KafkaBrokerTopicObserver,15,public,False,False,,,,,EXCLUDED,no_observable_behavior,,,,,,,,,2,0,,,,,,,,,EXCLUDED,semantic_metadata,no_observable_behavior,0.013,G:\FPT Specialized\Ki 9\SET490\workspace\ARROW\runs\sample_selection\distributed\shard-1\candidates\01217_73840074_73840074_4
1222,12854207,12854207_1.json,https://github.com/jeffdcamp/dbtools-gen,DBToolsInit,dbtools-gen/src/main/java/org/dbtools/gen/DBToolsInit.java,production,,,,initDBTools,4,public,False,False,,,,,EXCLUDED,no_observable_behavior,,,,,,,,,2,0,,,,,,,,,EXCLUDED,semantic_metadata,no_observable_behavior,0.017,G:\FPT Specialized\Ki 9\SET490\workspace\ARROW\runs\sample_selection\distributed\shard-1\candidates\01222_12854207_12854207_1
1227,5590873,5590873_47.json,https://github.com/arouel/quality-check,ConditionalCheck,modules/quality-check/src/main/java/net/sf/qualitycheck/ConditionalCheck.java,production,,,,equals,7,@Throws(IllegalNotEqualException.class) public static,True,False,,,,,EXCLUDED,no_observable_behavior,,,,,,,,,2,0,,,,,,,,,EXCLUDED,semantic_metadata,no_observable_behavior,0.021,G:\FPT Specialized\Ki 9\SET490\workspace\ARROW\runs\sample_selection\distributed\shard-1\candidates\01227_5590873_5590873_47
1232,14612017,14612017_58.json,https://github.com/apache/velocity-tools,JspWriterImpl,velocity-tools-view-jsp/src/main/java/org/apache/velocity/tools/view/jsp/jspimpl/JspWriterImpl.java,production,class,False,350,clearBuffer,3,public,True,True,1,False,,10,ELIGIBLE,,maven,velocity-tools-view-jsp,junit4,unknown,G:\FPT Specialized\Ki 9\SET490\workspace\ARROW\Java version\jdk-17,no project java version detected; using build.java_default,d106e283e3075dabda758ee39afc86d059da54e5,1,2,2,MODULE_TESTS_PASSED|MODULE_TESTS_PASSED,True,1,org.apache.velocity.tools.view.jsp.jspimpl.JspWriterImpl,True,TARGET_TEST_PASSED,MODULE_TESTS_PASSED,MODULE_TESTS_PASSED,ELIGIBLE,,,61.064,G:\FPT Specialized\Ki 9\SET490\workspace\ARROW\runs\sample_selection\distributed\shard-1\candidates\01232_14612017_14612017_58
1237,7316492,7316492_0.json,https://github.com/wix/openrest4j,LocalizedString,openrest4j-api/src/main/java/com/wix/restaurants/i18n/LocalizedString.java,production,class,False,47,get,3,public,False,True,0,False,,7,ELIGIBLE,,maven,openrest4j-api,junit4,unknown,G:\FPT Specialized\Ki 9\SET490\workspace\ARROW\Java version\jdk-17,no project java version detected; using build.java_default,,1,2,1,COMPILE_FAILED,,,com.wix.restaurants.i18n.LocalizedString,,,,,EXCLUDED,baseline,[warning] com.wix.restaurants:wix-restaurants-availability-api:<n>.12.0-snapshot/maven-metadata.xml failed to transfer from http://0.0.0.0/ during a previous attempt. this failure was cached in the local repository and resolution will not be reattempted until the update interval of maven-default-htt,29.672,G:\FPT Specialized\Ki 9\SET490\workspace\ARROW\runs\sample_selection\distributed\shard-1\candidates\01237_7316492_7316492_0
1242,50542309,50542309_7.json,https://github.com/palantir/docker-compose-rule,PatternCollection,docker-compose-rule-core/src/main/java/com/palantir/docker/compose/reporting/PatternCollection.java,production,class,False,28,anyMatch,4,public,False,True,1,False,,8,ELIGIBLE,,gradle,docker-compose-rule-core,junit4,8,G:\FPT Specialized\Ki 9\SET490\workspace\ARROW\Java version\jdk-8,matched build.java_homes.java-8,,1,2,1,COMPILE_FAILED,,,com.palantir.docker.compose.reporting.PatternCollection,,,,,EXCLUDED,baseline,error: could not create the java virtual machine.,18.661,G:\FPT Specialized\Ki 9\SET490\workspace\ARROW\runs\sample_selection\distributed\shard-1\candidates\01242_50542309_50542309_7
1247,2868402,2868402_2.json,https://github.com/cjh1/gerrit,ListBranches,gerrit-httpd/src/main/java/com/google/gerrit/httpd/rpc/project/ListBranches.java,production,class,False,151,call,86,@Override public,True,True,3,True,database,9,EXCLUDED,external_dependency_risk:database,,,,,,,,1,2,0,,,,,,,,,EXCLUDED,semantic,external_dependency_risk:database,4.260,G:\FPT Specialized\Ki 9\SET490\workspace\ARROW\runs\sample_selection\distributed\shard-1\candidates\01247_2868402_2868402_2
1252,40457462,40457462_102.json,https://github.com/Voidious/Diamond,DiamondFist,voidious/gun/DiamondFist.java,nonstandard,,,,onDeath,3,public,False,False,,,,,EXCLUDED,source_layout:nonstandard;no_observable_behavior,,,,,,,,,2,0,,,,,,,,,EXCLUDED,semantic_metadata,source_layout:nonstandard;no_observable_behavior,0.010,G:\FPT Specialized\Ki 9\SET490\workspace\ARROW\runs\sample_selection\distributed\shard-1\candidates\01252_40457462_40457462_102
1257,4597158,4597158_0.json,https://github.com/Data2Semantics/d2s-tools,Graphs,d2s-tools/src/main/java/org/data2semantics/tools/graphs/Graphs.java,production,class,False,481,undirectedSubgraph,11,public static,True,True,0,True,filesystem,8,EXCLUDED,external_dependency_risk:filesystem,,,,,,,,1,2,0,,,,,,,,,EXCLUDED,semantic,external_dependency_risk:filesystem,3.070,G:\FPT Specialized\Ki 9\SET490\workspace\ARROW\runs\sample_selection\distributed\shard-1\candidates\01257_4597158_4597158_0
1262,36564453,36564453_10.json,https://github.com/auth0/Lock-SmartLock,SmartLock,lock-smartlock/src/main/java/com/auth0/lock/smartlock/SmartLock.java,production,,,,onCredentialRetrievalError,13,,True,False,,,,,EXCLUDED,no_observable_behavior,,,,,,,,,2,0,,,,,,,,,EXCLUDED,semantic_metadata,no_observable_behavior,0.018,G:\FPT Specialized\Ki 9\SET490\workspace\ARROW\runs\sample_selection\distributed\shard-1\candidates\01262_36564453_36564453_10
1267,133753413,133753413_82.json,https://github.com/reb1995/Runelite-with-DEOB,BankCalculation,runelite-client/src/main/java/net/runelite/client/plugins/bankvalue/BankCalculation.java,production,,,,calculate,95,,True,False,,,,,EXCLUDED,no_observable_behavior,,,,,,,,,2,0,,,,,,,,,EXCLUDED,semantic_metadata,no_observable_behavior,0.023,G:\FPT Specialized\Ki 9\SET490\workspace\ARROW\runs\sample_selection\distributed\shard-1\candidates\01267_133753413_133753413_82
1272,8262372,8262372_54.json,https://github.com/intel-hadoop/hbase-rhino,HFileArchiveUtil,hbase-server/src/main/java/org/apache/hadoop/hbase/util/HFileArchiveUtil.java,production,,,,getStoreArchivePath,6,public static,False,True,,,,,ELIGIBLE,,,,,,,,,,2,0,,,,,,,,,EXCLUDED,setup,"RuntimeError: Repository setup failed after 3 attempts: CalledProcessError: Command '['git', '-c', 'core.longpaths=true', 'clone', '--depth', '1', 'https://github.com/intel-hadoop/hbase-rhino', 'G:\\FPT Specialized\\Ki 9\\SET490\\workspace\\ARROW\\repos\\8262372']' returned non-zero exit status 128.",9.572,G:\FPT Specialized\Ki 9\SET490\workspace\ARROW\runs\sample_selection\distributed\shard-1\candidates\01272_8262372_8262372_54
1277,9349893,9349893_0.json,https://github.com/Redpill-Linpro/alfresco-libreoffice-online-edit,LibreOfficeLauncherHelper,libreoffice-launcher-applet/src/main/java/com/redpill_linpro/libreoffice/LibreOfficeLauncherHelper.java,production,class,False,82,getOperatingSystem,14,public static,True,True,0,False,,10,ELIGIBLE,,maven,libreoffice-launcher-applet,junit4,unknown,G:\FPT Specialized\Ki 9\SET490\workspace\ARROW\Java version\jdk-17,no project java version detected; using build.java_default,,1,2,1,RUNTIME_FAILED,,,com.redpill_linpro.libreoffice.LibreOfficeLauncherHelper,,,,,EXCLUDED,baseline,[error] [error] some problems were encountered while processing the poms:,3.823,G:\FPT Specialized\Ki 9\SET490\workspace\ARROW\runs\sample_selection\distributed\shard-1\candidates\01277_9349893_9349893_0
1282,33100783,33100783_0.json,https://github.com/shevek/jarjar,JarTransformer,jarjar-core/src/main/java/com/tonicsystems/jarjar/transform/JarTransformer.java,production,,,,transform,39,public,True,False,,,,,EXCLUDED,no_observable_behavior,,,,,,,,,2,0,,,,,,,,,EXCLUDED,semantic_metadata,no_observable_behavior,0.018,G:\FPT Specialized\Ki 9\SET490\workspace\ARROW\runs\sample_selection\distributed\shard-1\candidates\01282_33100783_33100783_0
1287,1204957,1204957_0.json,https://github.com/longkerdandy/chii2,JsonParser,medialibrary.provider.tmdb/src/main/java/org/chii2/medialibrary/provider/tmdb/parser/JsonParser.java,production,class,False,145,parseMovieInfo,112,"@SuppressWarnings(""ConstantConditions"") @Override public",True,True,1,False,,10,ELIGIBLE,,maven,medialibrary.provider.tmdb,testng,7,G:\FPT Specialized\Ki 9\SET490\workspace\ARROW\Java version\jdk-8,using compatible JDK 8 from build.java_homes.java-8 for Java 7,,1,2,1,ASSERTION_FAILED,,,org.chii2.medialibrary.provider.tmdb.parser.JsonParser,,,,,EXCLUDED,baseline,[info] chii2 utility ...................................... failure [ 2.581 s],13.260,G:\FPT Specialized\Ki 9\SET490\workspace\ARROW\runs\sample_selection\distributed\shard-1\candidates\01287_1204957_1204957_0
1292,20530482,20530482_5.json,https://github.com/Impetus/jumbune,JobUtil,utilities/src/main/java/org/jumbune/utils/JobUtil.java,production,class,False,345,validateIPAddress,4,public static,False,True,0,True,nondeterminism,7,EXCLUDED,external_dependency_risk:nondeterminism,,,,,,,,1,2,0,,,,,,,,,EXCLUDED,semantic,external_dependency_risk:nondeterminism,5.894,G:\FPT Specialized\Ki 9\SET490\workspace\ARROW\runs\sample_selection\distributed\shard-1\candidates\01292_20530482_20530482_5
1297,9004636,9004636_0.json,https://github.com/NorthernStars/MR-FWNS,ExceptionUtilities,mrbotkiessentials/src/main/java/essentials/logging/ExceptionUtilities.java,production,class,False,10,getStackTraceAsString,7,public static,True,True,0,False,,8,ELIGIBLE,,gradle,.,junit4,unknown,G:\FPT Specialized\Ki 9\SET490\workspace\ARROW\Java version\jdk-11,Gradle 5.0 requires compatible JDK 11; matched build.java_homes.java-11,,1,2,1,COMPILE_FAILED,,,essentials.logging.ExceptionUtilities,,,,,EXCLUDED,baseline,<path> specialized\ki 9\set490\workspace\arrow\runs\sample_selection\distributed\shard-1\candidates\01297_9004636_9004636_0\workspace\mrbotkiessentials\src\main\java\essentials\communication\objectfactory.java:<n>: error: package javax.xml.bind.annotation does not exist,58.427,G:\FPT Specialized\Ki 9\SET490\workspace\ARROW\runs\sample_selection\distributed\shard-1\candidates\01297_9004636_9004636_0
1302,84791542,84791542_0.json,https://github.com/NHNNEXT/2017-01-HUDI-MAC-CHAR,User,WEB-MAC-CHAR/src/main/java/com/mapia/domain/User.java,production,,,,isReady,3,public,False,True,,,,,EXCLUDED,trivial_focal_method,,,,,,,,,2,0,,,,,,,,,EXCLUDED,semantic_metadata,trivial_focal_method,0.033,G:\FPT Specialized\Ki 9\SET490\workspace\ARROW\runs\sample_selection\distributed\shard-1\candidates\01302_84791542_84791542_0
1307,8064341,8064341_17.json,https://github.com/twitter/hbc,IOUtils,hbc-core/src/main/java/com/twitter/hbc/common/IOUtils.java,production,class,False,34,readFully,13,public static,True,True,0,False,,9,ELIGIBLE,,maven,hbc-core,junit4,6,G:\FPT Specialized\Ki 9\SET490\workspace\ARROW\Java version\jdk-8,using compatible JDK 8 from build.java_homes.java-8 for Java 6,,1,2,2,MODULE_TESTS_PASSED|MODULE_TESTS_PASSED,True,0,com.twitter.hbc.common.IOUtils,True,TEST_DISCOVERY_FAILED,,,EXCLUDED,probe_target,generated target test was not discovered,28.285,G:\FPT Specialized\Ki 9\SET490\workspace\ARROW\runs\sample_selection\distributed\shard-1\candidates\01307_8064341_8064341_17
1312,48046454,48046454_253.json,https://github.com/hazelcast/hazelcast-jet,PartitionArrangement,hazelcast-jet-core/src/main/java/com/hazelcast/jet/impl/execution/init/PartitionArrangement.java,production,,,,getRemotePartitionAssignment,3,,False,True,,,,,EXCLUDED,trivial_focal_method,,,,,,,,,2,0,,,,,,,,,EXCLUDED,semantic_metadata,trivial_focal_method,0.011,G:\FPT Specialized\Ki 9\SET490\workspace\ARROW\runs\sample_selection\distributed\shard-1\candidates\01312_48046454_48046454_253
1317,1767747,1767747_0.json,https://github.com/spring-projects/spring-social-gowalla,GowallaAdapter,spring-social-gowalla/src/main/java/org/springframework/social/gowalla/connect/GowallaAdapter.java,production,class,False,52,fetchUserProfile,4,public,False,True,0,False,,7,ELIGIBLE,,gradle,.,junit4,unknown,G:\FPT Specialized\Ki 9\SET490\workspace\ARROW\Java version\jdk-17,no project java version detected; using build.java_default,,1,2,2,MODULE_TESTS_PASSED|MODULE_TESTS_PASSED,False,0,org.springframework.social.gowalla.connect.GowallaAdapter,False,,,,EXCLUDED,classpath,Không resolve được project classpath,2.706,G:\FPT Specialized\Ki 9\SET490\workspace\ARROW\runs\sample_selection\distributed\shard-1\candidates\01317_1767747_1767747_0
1322,70470785,70470785_3.json,https://github.com/RainbowSh/SoftwareTestCourse,FieldDefineParser,f14012126 caoxujun TDD/src/f14012126TDD/FieldDefineParser.java,nonstandard,,,,parse,4,public,False,True,,,,,EXCLUDED,source_layout:nonstandard,,,,,,,,,2,0,,,,,,,,,EXCLUDED,semantic_metadata,source_layout:nonstandard,0.011,G:\FPT Specialized\Ki 9\SET490\workspace\ARROW\runs\sample_selection\distributed\shard-1\candidates\01322_70470785_70470785_3
1327,10275891,10275891_3.json,https://github.com/trautonen/coveralls-maven-plugin,PartialCoverage,sample/module2/src/main/java/org/eluder/coverage/sample/PartialCoverage.java,production,,,,partial,7,public,True,False,,,,,EXCLUDED,no_observable_behavior,,,,,,,,,2,0,,,,,,,,,EXCLUDED,semantic_metadata,no_observable_behavior,0.013,G:\FPT Specialized\Ki 9\SET490\workspace\ARROW\runs\sample_selection\distributed\shard-1\candidates\01327_10275891_10275891_3
1332,18506893,18506893_17.json,https://github.com/johnmartel/javaccPlugin,JavaccExecutorAction,subprojects/plugin/src/main/java/ca/coglinc/gradle/plugins/javacc/programexecution/JavaccExecutorAction.java,production,,,,execute,7,@Override public,False,False,,,,,EXCLUDED,no_observable_behavior,,,,,,,,,2,0,,,,,,,,,EXCLUDED,semantic_metadata,no_observable_behavior,0.014,G:\FPT Specialized\Ki 9\SET490\workspace\ARROW\runs\sample_selection\distributed\shard-1\candidates\01332_18506893_18506893_17
1337,76278501,76278501_64.json,https://github.com/kickstarter/android-oss,ProjectUtils,app/src/main/java/com/kickstarter/libs/utils/ProjectUtils.java,production,class,False,149,metadataForProject,10,public static @Nullable,True,True,0,False,,9,ELIGIBLE,,gradle,app,junit4,1,G:\FPT Specialized\Ki 9\SET490\workspace\ARROW\Java version\jdk-8,using compatible JDK 8 from build.java_homes.java-8 for Java 1,c5658c2aeab4eb6bec26117c49f8e84712d74d9a,1,2,1,ASSERTION_FAILED,,,com.kickstarter.libs.utils.ProjectUtils,,,,,EXCLUDED,baseline,failure: build failed with an exception.,167.326,G:\FPT Specialized\Ki 9\SET490\workspace\ARROW\runs\sample_selection\distributed\shard-1\candidates\01337_76278501_76278501_64
1342,62700410,62700410_2.json,https://github.com/deeplearning4j/DataVec,ImageLoader,datavec-data/datavec-data-image/src/main/java/org/datavec/image/loader/ImageLoader.java,production,,,,toIntArrayArray,19,protected,True,True,,,,,ELIGIBLE,,,,,,,,,,2,0,,,,,,,,,EXCLUDED,setup,"RuntimeError: Repository setup failed after 3 attempts: CalledProcessError: Command '['git', '-c', 'core.longpaths=true', 'clone', '--depth', '1', 'https://github.com/deeplearning4j/DataVec', 'G:\\FPT Specialized\\Ki 9\\SET490\\workspace\\ARROW\\repos\\62700410']' returned non-zero exit status 128.",9.525,G:\FPT Specialized\Ki 9\SET490\workspace\ARROW\runs\sample_selection\distributed\shard-1\candidates\01342_62700410_62700410_2
1347,14807800,14807800_1.json,https://github.com/recommenders/rival,DataModel,rival-core/src/main/java/net/recommenders/rival/core/DataModel.java,production,,,,getNumItems,4,@Override public,False,True,,,,,EXCLUDED,trivial_focal_method,,,,,,,,,2,0,,,,,,,,,EXCLUDED,semantic_metadata,trivial_focal_method,0.017,G:\FPT Specialized\Ki 9\SET490\workspace\ARROW\runs\sample_selection\distributed\shard-1\candidates\01347_14807800_14807800_1
1352,67461402,67461402_8.json,https://github.com/eclipse/jnosql-diana-driver,SolrDocumentConfiguration,solr-driver/src/main/java/org/eclipse/jnosql/diana/solr/document/SolrDocumentConfiguration.java,production,class,False,60,get,4,public,False,True,0,False,,7,ELIGIBLE,,maven,solr-driver,junit5,unknown,G:\FPT Specialized\Ki 9\SET490\workspace\ARROW\Java version\jdk-17,no project java version detected; using build.java_default,7e816325b3d816baa046288b33b7e0eda45ff9fc,1,2,1,RUNTIME_FAILED,,,org.eclipse.jnosql.diana.solr.document.SolrDocumentConfiguration,,,,,EXCLUDED,baseline,[error] [error] some problems were encountered while processing the poms:,28.078,G:\FPT Specialized\Ki 9\SET490\workspace\ARROW\runs\sample_selection\distributed\shard-1\candidates\01352_67461402_67461402_8
1357,4759439,4759439_0.json,https://github.com/mitallast/diablo-js,ShadowMaker,shadowmaker/src/main/java/org/mitallast/ShadowMaker.java,production,,,,processImage,12,public static,False,False,,,,,EXCLUDED,no_observable_behavior,,,,,,,,,2,0,,,,,,,,,EXCLUDED,semantic_metadata,no_observable_behavior,0.013,G:\FPT Specialized\Ki 9\SET490\workspace\ARROW\runs\sample_selection\distributed\shard-1\candidates\01357_4759439_4759439_0
1362,134505330,134505330_1562.json,https://github.com/wangrenlei/localization_ambari,ViewInstanceResourceDefinition,ambari-server/src/main/java/org/apache/ambari/server/api/resources/ViewInstanceResourceDefinition.java,production,,,,getSubResourceDefinitions,4,@Override public,False,True,,,,,EXCLUDED,trivial_focal_method,,,,,,,,,2,0,,,,,,,,,EXCLUDED,semantic_metadata,trivial_focal_method,0.012,G:\FPT Specialized\Ki 9\SET490\workspace\ARROW\runs\sample_selection\distributed\shard-1\candidates\01362_134505330_134505330_1562
1367,85795396,85795396_44.json,https://github.com/apache/calcite-avatica,ConnectionConfigImpl,core/src/main/java/org/apache/calcite/avatica/ConnectionConfigImpl.java,production,class,False,396,truststore,7,public,True,True,1,True,filesystem,9,EXCLUDED,external_dependency_risk:filesystem,,,,,,,,1,2,0,,,,,,,,,EXCLUDED,semantic,external_dependency_risk:filesystem,3.221,G:\FPT Specialized\Ki 9\SET490\workspace\ARROW\runs\sample_selection\distributed\shard-1\candidates\01367_85795396_85795396_44
1372,57096675,57096675_0.json,https://github.com/sczyh30/vertx-blueprint-microservice,Functional,microservice-blueprint-common/src/main/java/io/vertx/blueprint/microservice/common/functional/Functional.java,production,class,False,34,allOfFutures,7,public static,False,True,0,False,,7,ELIGIBLE,,maven,microservice-blueprint-common,junit4,8,G:\FPT Specialized\Ki 9\SET490\workspace\ARROW\Java version\jdk-8,matched build.java_homes.java-8,,1,2,2,MODULE_TESTS_PASSED|MODULE_TESTS_PASSED,True,0,io.vertx.blueprint.microservice.common.functional.Functional,True,TARGET_TEST_PASSED,MODULE_TESTS_PASSED,MODULE_TESTS_PASSED,ELIGIBLE,,,41.431,G:\FPT Specialized\Ki 9\SET490\workspace\ARROW\runs\sample_selection\distributed\shard-1\candidates\01372_57096675_57096675_0
1377,3487509,3487509_56.json,https://github.com/ericlemerdy/one-kata-per-day,BankOCR,kata-bank-OCR/src/main/java/name/lemerdy/eric/katabankocr/BankOCR.java,production,class,False,13,entry,8,public static,False,True,0,False,,7,ELIGIBLE,,maven,kata-bank-OCR,junit5,17,G:\FPT Specialized\Ki 9\SET490\workspace\ARROW\Java version\jdk-17,matched build.java_homes.java-17,,1,2,1,RUNTIME_FAILED,,,name.lemerdy.eric.katabankocr.BankOCR,,,,,EXCLUDED,baseline,[error] [error] some problems were encountered while processing the poms:,12.175,G:\FPT Specialized\Ki 9\SET490\workspace\ARROW\runs\sample_selection\distributed\shard-1\candidates\01377_3487509_3487509_56
1382,46449357,46449357_116.json,https://github.com/uber/rides-android-sdk,AuthUtils,core-android/src/main/java/com/uber/sdk/android/core/auth/AuthUtils.java,production,class,False,259,parseAuthorizationCode,7,static,True,True,0,True,framework_context,8,EXCLUDED,external_dependency_risk:framework_context,,,,,,,,1,2,0,,,,,,,,,EXCLUDED,semantic,external_dependency_risk:framework_context,2.546,G:\FPT Specialized\Ki 9\SET490\workspace\ARROW\runs\sample_selection\distributed\shard-1\candidates\01382_46449357_46449357_116
1387,53649949,53649949_16.json,https://github.com/apache/aries-rsa,RemoteServiceAdminCore,rsa/src/main/java/org/apache/aries/rsa/core/RemoteServiceAdminCore.java,production,class,False,543,createEndpointProps,15,protected,True,True,5,False,,7,ELIGIBLE,,maven,rsa,junit4,unknown,G:\FPT Specialized\Ki 9\SET490\workspace\ARROW\Java version\jdk-17,no project java version detected; using build.java_default,,1,2,2,MODULE_TESTS_PASSED|MODULE_TESTS_PASSED,True,1,org.apache.aries.rsa.core.RemoteServiceAdminCore,True,TARGET_TEST_PASSED,MODULE_TESTS_PASSED,MODULE_TESTS_PASSED,ELIGIBLE,,,80.970,G:\FPT Specialized\Ki 9\SET490\workspace\ARROW\runs\sample_selection\distributed\shard-1\candidates\01387_53649949_53649949_16
1392,93984344,93984344_0.json,https://github.com/wzypandaking/rbac-shiro,AdminAuthGroupService,rbac-web/src/main/java/rbac/service/AdminAuthGroupService.java,production,class,False,123,delete,8,@Transactional public,False,True,0,True,database,6,EXCLUDED,external_dependency_risk:database;testability_score_below_7,,,,,,,,1,2,0,,,,,,,,,EXCLUDED,semantic,external_dependency_risk:database;testability_score_below_7,3.311,G:\FPT Specialized\Ki 9\SET490\workspace\ARROW\runs\sample_selection\distributed\shard-1\candidates\01392_93984344_93984344_0
1397,82821845,82821845_16.json,https://github.com/martinmarinov/AndroidDvbDriver,TsDumpFileUtils,dvbservice/src/main/java/info/martinmarinov/dvbservice/tools/TsDumpFileUtils.java,production,class,False,90,getFreqAndBandwidth,14,@VisibleForTesting static,True,True,0,True,filesystem,8,EXCLUDED,external_dependency_risk:filesystem,,,,,,,,1,2,0,,,,,,,,,EXCLUDED,semantic,external_dependency_risk:filesystem,3.416,G:\FPT Specialized\Ki 9\SET490\workspace\ARROW\runs\sample_selection\distributed\shard-1\candidates\01397_82821845_82821845_16
1402,91026662,91026662_7.json,https://github.com/amazon-archives/AWS-MIMIC-IIItoOMOP,Loader,SparkBatchProcessor/src/main/java/com/amazon/sparkbatchprocessor/Loader.java,production,,,,teardown,6,public,False,False,,,,,EXCLUDED,no_observable_behavior,,,,,,,,,2,0,,,,,,,,,EXCLUDED,semantic_metadata,no_observable_behavior,0.013,G:\FPT Specialized\Ki 9\SET490\workspace\ARROW\runs\sample_selection\distributed\shard-1\candidates\01402_91026662_91026662_7
1407,25345432,25345432_0.json,https://github.com/danielnorberg/auto-matter,AutoMatterTypeAdapterFactory,gson/src/main/java/io/norberg/automatter/gson/AutoMatterTypeAdapterFactory.java,production,class,False,118,create,68,"@SuppressWarnings(""unchecked"") @Override public",True,True,0,False,,9,ELIGIBLE,,maven,gson,junit4,8,G:\FPT Specialized\Ki 9\SET490\workspace\ARROW\Java version\jdk-8,matched build.java_homes.java-8,,1,2,2,MODULE_TESTS_PASSED|MODULE_TESTS_PASSED,True,1,io.norberg.automatter.gson.AutoMatterTypeAdapterFactory,True,TARGET_TEST_PASSED,MODULE_TESTS_PASSED,MODULE_TESTS_PASSED,ELIGIBLE,,,64.008,G:\FPT Specialized\Ki 9\SET490\workspace\ARROW\runs\sample_selection\distributed\shard-1\candidates\01407_25345432_25345432_0
1412,147324252,147324252_12.json,https://github.com/dengziming/janusgraph-util,BulkLoad,janusgraph-import/src/main/java/janusgraph/util/batchimport/unsafe/BulkLoad.java,production,class,False,1101,nodeData,15,public static,True,True,0,True,process_or_native,7,EXCLUDED,external_dependency_risk:process_or_native,,,,,,,,1,2,0,,,,,,,,,EXCLUDED,semantic,external_dependency_risk:process_or_native,2.297,G:\FPT Specialized\Ki 9\SET490\workspace\ARROW\runs\sample_selection\distributed\shard-1\candidates\01412_147324252_147324252_12
1417,96760451,96760451_0.json,https://github.com/redlink-gmbh/smarti,UrlFactory,lib/ner/src/main/java/io/redlink/smarti/processor/ner/UrlFactory.java,production,,,,getRegexes,4,@Override protected,False,True,,,,,EXCLUDED,trivial_focal_method,,,,,,,,,2,0,,,,,,,,,EXCLUDED,semantic_metadata,trivial_focal_method,0.023,G:\FPT Specialized\Ki 9\SET490\workspace\ARROW\runs\sample_selection\distributed\shard-1\candidates\01417_96760451_96760451_0
1422,28194950,28194950_3.json,https://github.com/mulesoft/mule-agent-modules,RestTransportConfig,mule-agent-modules-common/src/main/java/com/mulesoft/agent/common/internalhandler/splunk/transport/config/RestTransportConfig.java,production,,,,setUser,4,public,False,True,,,,,EXCLUDED,trivial_focal_method,,,,,,,,,2,0,,,,,,,,,EXCLUDED,semantic_metadata,trivial_focal_method,0.021,G:\FPT Specialized\Ki 9\SET490\workspace\ARROW\runs\sample_selection\distributed\shard-1\candidates\01422_28194950_28194950_3
1427,56551000,56551000_119.json,https://github.com/jaegertracing/jaeger-client-java,BaggageSetter,jaeger-core/src/main/java/io/jaegertracing/internal/baggage/BaggageSetter.java,production,class,False,85,setBaggage,19,public,True,True,2,False,,9,ELIGIBLE,,gradle,jaeger-core,junit4,8,G:\FPT Specialized\Ki 9\SET490\workspace\ARROW\Java version\jdk-8,matched build.java_homes.java-8,,1,2,2,MODULE_TESTS_PASSED|MODULE_TESTS_PASSED,True,0,io.jaegertracing.internal.baggage.BaggageSetter,True,TARGET_TEST_PASSED,MODULE_TESTS_PASSED,MODULE_TESTS_PASSED,ELIGIBLE,,,220.481,G:\FPT Specialized\Ki 9\SET490\workspace\ARROW\runs\sample_selection\distributed\shard-1\candidates\01427_56551000_56551000_119
1432,120152712,120152712_0.json,https://github.com/AlphaWallet/alpha-wallet-android,TrustAddressGenerator,lib/src/main/java/com/alphawallet/token/tools/TrustAddressGenerator.java,production,,,,getTrustAddress,3,public static,False,True,,,,,EXCLUDED,trivial_focal_method,,,,,,,,,2,0,,,,,,,,,EXCLUDED,semantic_metadata,trivial_focal_method,0.013,G:\FPT Specialized\Ki 9\SET490\workspace\ARROW\runs\sample_selection\distributed\shard-1\candidates\01432_120152712_120152712_0
1437,6691222,6691222_570.json,https://github.com/deric/clueminer,BaseCluster,modules/clustering-struct/src/main/java/org/clueminer/clustering/struct/BaseCluster.java,production,,,,setClusterId,4,@Override public,False,True,,,,,EXCLUDED,trivial_focal_method,,,,,,,,,2,0,,,,,,,,,EXCLUDED,semantic_metadata,trivial_focal_method,0.011,G:\FPT Specialized\Ki 9\SET490\workspace\ARROW\runs\sample_selection\distributed\shard-1\candidates\01437_6691222_6691222_570
1442,54973527,54973527_469.json,https://github.com/ctripcorp/x-pipe,ClusterMetaServiceImpl,redis/redis-console/src/main/java/com/ctrip/xpipe/redis/console/service/meta/impl/ClusterMetaServiceImpl.java,production,class,False,369,getClusterMetaCurrentPrimaryDc,10,@Override public,True,True,0,True,database,8,EXCLUDED,external_dependency_risk:database,,,,,,,,1,2,0,,,,,,,,,EXCLUDED,semantic,external_dependency_risk:database,9.194,G:\FPT Specialized\Ki 9\SET490\workspace\ARROW\runs\sample_selection\distributed\shard-1\candidates\01442_54973527_54973527_469
1447,10400052,10400052_34.json,https://github.com/javalite/javalite,Base,activejdbc/src/main/java/org/javalite/activejdbc/Base.java,production,class,False,439,find,3,public static,False,True,0,True,database,6,EXCLUDED,external_dependency_risk:database;testability_score_below_7,,,,,,,,1,2,0,,,,,,,,,EXCLUDED,semantic,external_dependency_risk:database;testability_score_below_7,3.940,G:\FPT Specialized\Ki 9\SET490\workspace\ARROW\runs\sample_selection\distributed\shard-1\candidates\01447_10400052_10400052_34
1452,12485637,12485637_21.json,https://github.com/EBISPOT/zooma,URIUtils,zooma-api/src/main/java/uk/ac/ebi/fgpt/zooma/util/URIUtils.java,production,,,,getShortform,3,public static,False,True,,,,,EXCLUDED,trivial_focal_method,,,,,,,,,2,0,,,,,,,,,EXCLUDED,semantic_metadata,trivial_focal_method,0.014,G:\FPT Specialized\Ki 9\SET490\workspace\ARROW\runs\sample_selection\distributed\shard-1\candidates\01452_12485637_12485637_21
1457,45889273,45889273_0.json,https://github.com/upenn-libraries/xmlaminar,IntegratorOutputNode,integrator/src/main/java/edu/upenn/library/xmlaminar/integrator/IntegratorOutputNode.java,production,class,False,1079,addDescendent,5,public,False,True,0,True,filesystem,5,EXCLUDED,external_dependency_risk:filesystem;testability_score_below_7,,,,,,,,1,2,0,,,,,,,,,EXCLUDED,semantic,external_dependency_risk:filesystem;testability_score_below_7,2.130,G:\FPT Specialized\Ki 9\SET490\workspace\ARROW\runs\sample_selection\distributed\shard-1\candidates\01457_45889273_45889273_0
1462,7676364,7676364_17.json,https://github.com/forcedotcom/phoenix,ByteUtil,phoenix-core/src/main/java/com/salesforce/phoenix/util/ByteUtil.java,production,class,False,524,vintToBytes,25,public static,True,True,0,False,,9,ELIGIBLE,,maven,phoenix-core,junit4,${antlr-output.dir},G:\FPT Specialized\Ki 9\SET490\workspace\ARROW\Java version\jdk-17,JDK ${antlr-output.dir} not mapped; using build.java_default,,1,2,1,ASSERTION_FAILED,,,com.salesforce.phoenix.util.ByteUtil,,,,,EXCLUDED,baseline,[info] phoenix core ....................................... failure [ 27.977 s],34.686,G:\FPT Specialized\Ki 9\SET490\workspace\ARROW\runs\sample_selection\distributed\shard-1\candidates\01462_7676364_7676364_17
1467,184650438,184650438_27.json,https://github.com/adobe/commerce-cif-connector,ChildrenDataSourceServlet,bundles/cif-connector-graphql/src/main/java/com/adobe/cq/commerce/gui/components/common/cifproductfield/impl/ChildrenDataSourceServlet.java,production,,,,doGet,70,protected,True,False,,,,,EXCLUDED,no_observable_behavior,,,,,,,,,2,0,,,,,,,,,EXCLUDED,semantic_metadata,no_observable_behavior,0.026,G:\FPT Specialized\Ki 9\SET490\workspace\ARROW\runs\sample_selection\distributed\shard-1\candidates\01467_184650438_184650438_27
1472,22527647,22527647_1.json,https://github.com/JaiHirsch/mongo-tail,ShardSetFinder,mongo-tail/src/main/java/org/mongo/util/ShardSetFinder.java,production,class,False,44,findShardSets,13,public,True,True,0,True,nondeterminism,8,EXCLUDED,external_dependency_risk:nondeterminism,,,,,,,,1,2,0,,,,,,,,,EXCLUDED,semantic,external_dependency_risk:nondeterminism,97.382,G:\FPT Specialized\Ki 9\SET490\workspace\ARROW\runs\sample_selection\distributed\shard-1\candidates\01472_22527647_22527647_1
1477,161317975,161317975_1.json,https://github.com/intuit/foremast,K8sMetricsAutoConfiguration,foremast-metrics/foremast-spring-boot-15x-starter/src/main/java/ai/foremast/metrics/k8s/starter/K8sMetricsAutoConfiguration.java,production,class,False,76,customize,50,@Override public,True,True,0,False,,9,ELIGIBLE,,maven,foremast-metrics\foremast-spring-boot-15x-starter,junit4,8,G:\FPT Specialized\Ki 9\SET490\workspace\ARROW\Java version\jdk-8,matched build.java_homes.java-8,,1,2,1,COMPILE_FAILED,,,ai.foremast.metrics.k8s.starter.K8sMetricsAutoConfiguration,,,,,EXCLUDED,baseline,error: could not find or load main class org.apache.maven.wrapper.mavenwrappermain,71.981,G:\FPT Specialized\Ki 9\SET490\workspace\ARROW\runs\sample_selection\distributed\shard-1\candidates\01477_161317975_161317975_1
1482,12953256,12953256_173.json,https://github.com/lenskit/lenskit,TypeUtils,lenskit-core/src/main/java/org/lenskit/util/TypeUtils.java,production,class,False,190,resolveTypeName,32,public static,True,True,0,False,,10,ELIGIBLE,,gradle,lenskit-core,junit4,8,G:\FPT Specialized\Ki 9\SET490\workspace\ARROW\Java version\jdk-8,matched build.java_homes.java-8,,1,2,1,ASSERTION_FAILED,,,org.lenskit.util.TypeUtils,,,,,EXCLUDED,baseline,failure: build failed with an exception.,78.674,G:\FPT Specialized\Ki 9\SET490\workspace\ARROW\runs\sample_selection\distributed\shard-1\candidates\01482_12953256_12953256_173
1487,84466727,84466727_12.json,https://github.com/spotify/hype,VolumeRepository,hype-submitter/src/main/java/com/spotify/hype/runner/VolumeRepository.java,production,,,,getClaim,3,,False,True,,,,,EXCLUDED,trivial_focal_method,,,,,,,,,2,0,,,,,,,,,EXCLUDED,semantic_metadata,trivial_focal_method,0.030,G:\FPT Specialized\Ki 9\SET490\workspace\ARROW\runs\sample_selection\distributed\shard-1\candidates\01487_84466727_84466727_12
1492,110099034,110099034_0.json,https://github.com/JamesZBL/java_design_patterns,MordernWar,bridge/src/main/java/me/zbl/bridge/MordernWar.java,production,class,False,55,MordernWar,3,public,False,True,1,False,,7,ELIGIBLE,,maven,bridge,junit4,8,G:\FPT Specialized\Ki 9\SET490\workspace\ARROW\Java version\jdk-8,matched build.java_homes.java-8,,1,2,2,MODULE_TESTS_PASSED|MODULE_TESTS_PASSED,True,0,me.zbl.bridge.MordernWar,True,TARGET_TEST_PASSED,MODULE_TESTS_PASSED,MODULE_TESTS_PASSED,ELIGIBLE,,,22.981,G:\FPT Specialized\Ki 9\SET490\workspace\ARROW\runs\sample_selection\distributed\shard-1\candidates\01492_110099034_110099034_0
1497,74059585,74059585_16.json,https://github.com/GoogleCloudPlatform/cloud-trace-java-instrumentation,StatementInvocationHandler,jdbc/driver-common/src/main/java/com/google/cloud/trace/jdbc/StatementInvocationHandler.java,production,class,False,73,invoke,32,@Override public,True,True,4,True,database,7,EXCLUDED,external_dependency_risk:database,,,,,,,,1,2,0,,,,,,,,,EXCLUDED,semantic,external_dependency_risk:database,46.793,G:\FPT Specialized\Ki 9\SET490\workspace\ARROW\runs\sample_selection\distributed\shard-1\candidates\01497_74059585_74059585_16
1502,32535364,32535364_3.json,https://github.com/gerrit-review/gerrit,ProjectChangeId,gerrit-gwtui/src/main/java/com/google/gerrit/client/change/ProjectChangeId.java,production,class,False,102,create,26,public static,True,True,2,False,,10,ELIGIBLE,,unknown,.,junit4,unknown,G:\FPT Specialized\Ki 9\SET490\workspace\ARROW\Java version\jdk-17,no project java version detected; using build.java_default,,1,2,1,TOOL_ERROR,,,com.google.gerrit.client.change.ProjectChangeId,,,,,EXCLUDED,baseline,unsupported build tool,8.358,G:\FPT Specialized\Ki 9\SET490\workspace\ARROW\runs\sample_selection\distributed\shard-1\candidates\01502_32535364_32535364_3
1507,26593878,26593878_1.json,https://github.com/skoulouzis/lobcder,MMTypeTools,lobcder-master-SC13Demo/lobcder-master/src/main/java/nl/uva/cs/lobcder/util/MMTypeTools.java,production,class,False,175,bestMatch,20,public static,True,True,0,False,,10,ELIGIBLE,,maven,lobcder-master-SC13Demo\lobcder-master,junit4,7,G:\FPT Specialized\Ki 9\SET490\workspace\ARROW\Java version\jdk-8,using compatible JDK 8 from build.java_homes.java-8 for Java 7,,1,2,1,COMPILE_FAILED,,,nl.uva.cs.lobcder.util.MMTypeTools,,,,,EXCLUDED,baseline,[warning] io.milton:milton-server-ce:<n>.4.2-snapshot/maven-metadata.xml failed to transfer from http://0.0.0.0/ during a previous attempt. this failure was cached in the local repository and resolution will not be reattempted until the update interval of maven-default-http-blocker has elapsed or up,34.947,G:\FPT Specialized\Ki 9\SET490\workspace\ARROW\runs\sample_selection\distributed\shard-1\candidates\01507_26593878_26593878_1
1512,111669949,111669949_36.json,https://github.com/pamarin-tech/commons,CustomSession,oauth2/src/main/java/com/pamarin/oauth2/session/CustomSession.java,production,,,,isExpired,4,@Override public,False,True,,,,,EXCLUDED,trivial_focal_method,,,,,,,,,2,0,,,,,,,,,EXCLUDED,semantic_metadata,trivial_focal_method,0.012,G:\FPT Specialized\Ki 9\SET490\workspace\ARROW\runs\sample_selection\distributed\shard-1\candidates\01512_111669949_111669949_36
1517,20855247,20855247_64.json,https://github.com/commercetools/commercetools-jvm-sdk,PriceDraftBuilder,commercetools-models/src/main/java/io/sphere/sdk/products/PriceDraftBuilder.java,production,class,False,172,of,3,public static,False,True,1,False,,7,ELIGIBLE,,maven,commercetools-models,junit4,${project.build.directory}/generated-sources/annotations/,G:\FPT Specialized\Ki 9\SET490\workspace\ARROW\Java version\jdk-17,JDK ${project.build.directory}/generated-sources/annotations/ not mapped; using build.java_default,,1,2,1,ASSERTION_FAILED,,,io.sphere.sdk.products.PriceDraftBuilder,,,,,EXCLUDED,baseline,"[info] tests run: 3, failures: 0, errors: 0, skipped: 0, time elapsed: 0.102 s - in io.sphere.sdk.http.urlbuildertest",47.942,G:\FPT Specialized\Ki 9\SET490\workspace\ARROW\runs\sample_selection\distributed\shard-1\candidates\01517_20855247_20855247_64
1522,91427887,91427887_2.json,https://github.com/openzipkin/brave-cassandra,Tracing,cassandra/src/main/java/brave/cassandra/Tracing.java,production,class,False,192,spanFromPayload,7,,True,True,0,True,network|process_or_native,8,EXCLUDED,external_dependency_risk:network|process_or_native,,,,,,,,1,2,0,,,,,,,,,EXCLUDED,semantic,external_dependency_risk:network|process_or_native,1.950,G:\FPT Specialized\Ki 9\SET490\workspace\ARROW\runs\sample_selection\distributed\shard-1\candidates\01522_91427887_91427887_2
1527,50429558,50429558_25.json,https://github.com/fundacionjala/enforce-sonarqube-plugin,ApexRulesDefinition,sonar-apex-plugin/src/main/java/org/fundacionjala/enforce/sonarqube/apex/rules/ApexRulesDefinition.java,production,,,,define,12,@Override public,False,False,,,,,EXCLUDED,no_observable_behavior,,,,,,,,,2,0,,,,,,,,,EXCLUDED,semantic_metadata,no_observable_behavior,0.013,G:\FPT Specialized\Ki 9\SET490\workspace\ARROW\runs\sample_selection\distributed\shard-1\candidates\01527_50429558_50429558_25
1532,7043506,7043506_8.json,https://github.com/Netflix/Turbine,StreamAggregator,turbine-core/src/main/java/com/netflix/turbine/aggregator/StreamAggregator.java,production,class,False,270,aggregateGroupedStreams,3,public static,False,True,0,False,,7,ELIGIBLE,,gradle,turbine-core,junit4,1,G:\FPT Specialized\Ki 9\SET490\workspace\ARROW\Java version\jdk-8,using compatible JDK 8 from build.java_homes.java-8 for Java 1,,1,2,1,RUNTIME_FAILED,,,com.netflix.turbine.aggregator.StreamAggregator,,,,,EXCLUDED,baseline,"exception in thread ""main"" java.util.zip.zipexception: error in opening zip file",4.140,G:\FPT Specialized\Ki 9\SET490\workspace\ARROW\runs\sample_selection\distributed\shard-1\candidates\01532_7043506_7043506_8
1537,192508383,192508383_4.json,https://github.com/caowenliang/sonar-pmd-p3c,PmdRuleSets,sonar-pmd-plugin/src/main/java/org/sonar/plugins/pmd/xml/PmdRuleSets.java,production,class,False,73,from,3,public static,False,True,0,False,,7,ELIGIBLE,,maven,sonar-pmd-plugin,junit5,8,G:\FPT Specialized\Ki 9\SET490\workspace\ARROW\Java version\jdk-8,matched build.java_homes.java-8,,1,2,1,COMPILE_FAILED,,,org.sonar.plugins.pmd.xml.PmdRuleSets,,,,,EXCLUDED,baseline,[warning] org.codehaus.woodstox:stax2-api/maven-metadata.xml failed to transfer from http://0.0.0.0/ during a previous attempt. this failure was cached in the local repository and resolution will not be reattempted until the update interval of maven-default-http-blocker has elapsed or updates are fo,38.681,G:\FPT Specialized\Ki 9\SET490\workspace\ARROW\runs\sample_selection\distributed\shard-1\candidates\01537_192508383_192508383_4
1542,7272424,7272424_0.json,https://github.com/jbossdemocentral/brms-coolstore-demo,ShippingService,projects/brms-coolstore-demo/src/main/java/com/redhat/coolstore/service/ShippingService.java,production,,,,calculateShipping,15,public,True,False,,,,,EXCLUDED,no_observable_behavior,,,,,,,,,2,0,,,,,,,,,EXCLUDED,semantic_metadata,no_observable_behavior,0.012,G:\FPT Specialized\Ki 9\SET490\workspace\ARROW\runs\sample_selection\distributed\shard-1\candidates\01542_7272424_7272424_0
1547,27244573,27244573_54.json,https://github.com/richsmith/sexytopo,TherionImporter,app/src/main/java/org/hwyl/sexytopo/control/io/thirdparty/therion/TherionImporter.java,production,class,False,184,getContentsOfBeginEndBlock,34,public static,True,True,0,False,,10,ELIGIBLE,,gradle,app,junit4,11,G:\FPT Specialized\Ki 9\SET490\workspace\ARROW\Java version\jdk-11,matched build.java_homes.java-11,,1,2,1,ASSERTION_FAILED,,,org.hwyl.sexytopo.control.io.thirdparty.therion.TherionImporter,,,,,EXCLUDED,baseline,failure: build failed with an exception.,20.582,G:\FPT Specialized\Ki 9\SET490\workspace\ARROW\runs\sample_selection\distributed\shard-1\candidates\01547_27244573_27244573_54
1552,99676748,99676748_0.json,https://github.com/UKPLab/argument-reasoning-comprehension-task,AnnotationSpans,corpus-creation/src/main/java/de/tudarmstadt/ukp/experiments/pipeline/uima/AnnotationSpans.java,production,class,False,119,extractAnnotationSpans,32,public static,True,True,1,False,,9,ELIGIBLE,,maven,corpus-creation,junit4,8,G:\FPT Specialized\Ki 9\SET490\workspace\ARROW\Java version\jdk-8,matched build.java_homes.java-8,,1,2,2,MODULE_TESTS_PASSED|MODULE_TESTS_PASSED,True,1,de.tudarmstadt.ukp.experiments.pipeline.uima.AnnotationSpans,True,TARGET_TEST_PASSED,MODULE_TESTS_PASSED,MODULE_TESTS_PASSED,ELIGIBLE,,,98.858,G:\FPT Specialized\Ki 9\SET490\workspace\ARROW\runs\sample_selection\distributed\shard-1\candidates\01552_99676748_99676748_0
1557,101559429,101559429_7.json,https://github.com/mohamad-amin/RxActivityResults,ActivityResult,rxactivityresults/src/main/java/com/mohamadamin/rxactivityresults/ActivityResult.java,production,,,,toString,5,@Override public,False,True,,,,,EXCLUDED,trivial_focal_method,,,,,,,,,2,0,,,,,,,,,EXCLUDED,semantic_metadata,trivial_focal_method,0.017,G:\FPT Specialized\Ki 9\SET490\workspace\ARROW\runs\sample_selection\distributed\shard-1\candidates\01557_101559429_101559429_7
1562,132811956,132811956_605.json,https://github.com/TIBCOSoftware/jasperreports-server-ce,ClientNull,workbench/jasperserver-dto/src/main/java/com/jaspersoft/jasperserver/dto/adhoc/query/el/literal/ClientNull.java,production,,,,accept,5,@Override public,False,False,,,,,EXCLUDED,no_observable_behavior,,,,,,,,,2,0,,,,,,,,,EXCLUDED,semantic_metadata,no_observable_behavior,0.012,G:\FPT Specialized\Ki 9\SET490\workspace\ARROW\runs\sample_selection\distributed\shard-1\candidates\01562_132811956_132811956_605
1567,2432524,2432524_4.json,https://github.com/opensagres/xdocreport,StylesHelper,document/fr.opensagres.xdocreport.document/src/main/java/fr/opensagres/xdocreport/document/textstyling/html/StylesHelper.java,production,class,False,266,createSpanProperties,11,public static,True,True,0,False,,10,ELIGIBLE,,maven,document\fr.opensagres.xdocreport.document,junit4,17,G:\FPT Specialized\Ki 9\SET490\workspace\ARROW\Java version\jdk-17,matched build.java_homes.java-17,,1,2,2,MODULE_TESTS_PASSED|MODULE_TESTS_PASSED,True,1,fr.opensagres.xdocreport.document.textstyling.html.StylesHelper,True,TARGET_TEST_PASSED,MODULE_TESTS_PASSED,MODULE_TESTS_PASSED,ELIGIBLE,,,89.192,G:\FPT Specialized\Ki 9\SET490\workspace\ARROW\runs\sample_selection\distributed\shard-1\candidates\01567_2432524_2432524_4
1572,32848140,32848140_52.json,https://github.com/apache/zeppelin,AlluxioInterpreter,alluxio/src/main/java/org/apache/zeppelin/alluxio/AlluxioInterpreter.java,production,class,False,231,interpret,5,@Override public,False,True,1,False,,7,ELIGIBLE,,maven,alluxio,junit5,8,G:\FPT Specialized\Ki 9\SET490\workspace\ARROW\Java version\jdk-8,matched build.java_homes.java-8,32f2a8e67b6fe0b115c83d45f2131c321ae7497a,1,2,1,COMPILE_FAILED,,,org.apache.zeppelin.alluxio.AlluxioInterpreter,,,,,EXCLUDED,baseline,[warning] repository metadata for: 'artifact io.grpc:grpc-api' could not be retrieved from repository: cloudera-repo due to an error: transfer failed for https:/<path> status: 500 server error,308.487,G:\FPT Specialized\Ki 9\SET490\workspace\ARROW\runs\sample_selection\distributed\shard-1\candidates\01572_32848140_32848140_52
1577,23502577,23502577_85.json,https://github.com/pushtorefresh/storio,PutResult,storio-sqlite/src/main/java/com/pushtorefresh/storio3/sqlite/operations/put/PutResult.java,production,class,False,287,newUpdateResult,8,@NonNull public static,False,True,4,False,,7,ELIGIBLE,,gradle,storio-sqlite,junit4,1,G:\FPT Specialized\Ki 9\SET490\workspace\ARROW\Java version\jdk-8,using compatible JDK 8 from build.java_homes.java-8 for Java 1,,1,2,1,ASSERTION_FAILED,,,com.pushtorefresh.storio3.sqlite.operations.put.PutResult,,,,,EXCLUDED,baseline,failure: build failed with an exception.,85.061,G:\FPT Specialized\Ki 9\SET490\workspace\ARROW\runs\sample_selection\distributed\shard-1\candidates\01577_23502577_23502577_85
1582,14057993,14057993_0.json,https://github.com/pbailis/bolton-sigmod2013-code,ElasticSearchClient,ycsb-lipstick/ycsb-src/elasticsearch/src/main/java/com/yahoo/ycsb/db/ElasticSearchClient.java,production,class,False,238,insert,18,@Override public,True,True,0,False,,9,ELIGIBLE,,maven,ycsb-lipstick\ycsb-src\elasticsearch,testng,unknown,G:\FPT Specialized\Ki 9\SET490\workspace\ARROW\Java version\jdk-17,no project java version detected; using build.java_default,,1,2,1,ASSERTION_FAILED,,,com.yahoo.ycsb.db.ElasticSearchClient,,,,,EXCLUDED,baseline,[info] build failure,15.507,G:\FPT Specialized\Ki 9\SET490\workspace\ARROW\runs\sample_selection\distributed\shard-1\candidates\01582_14057993_14057993_0
1587,2125451,2125451_120.json,https://github.com/planetfederal/GeoGig,RevParse,src/core/src/main/java/org/locationtech/geogig/api/plumbing/RevParse.java,production,,,,setRefSpec,4,public,False,True,,,,,ELIGIBLE,,,,,,,,,,2,0,,,,,,,,,EXCLUDED,setup,"RuntimeError: Repository setup failed after 3 attempts: CalledProcessError: Command '['git', '-c', 'core.longpaths=true', 'clone', '--depth', '1', 'https://github.com/planetfederal/GeoGig', 'G:\\FPT Specialized\\Ki 9\\SET490\\workspace\\ARROW\\repos\\2125451']' returned non-zero exit status 128.",9.550,G:\FPT Specialized\Ki 9\SET490\workspace\ARROW\runs\sample_selection\distributed\shard-1\candidates\01587_2125451_2125451_120
1592,51858172,51858172_88.json,https://github.com/intuit/Autumn,HttpCallImplWithConnectionPooling,modules/client/src/main/java/com/intuit/autumn/client/impl/HttpCallImplWithConnectionPooling.java,production,class,False,224,doPost,6,@Override public,False,True,0,True,network,6,EXCLUDED,external_dependency_risk:network;testability_score_below_7,,,,,,,,1,2,0,,,,,,,,,EXCLUDED,semantic,external_dependency_risk:network;testability_score_below_7,2.383,G:\FPT Specialized\Ki 9\SET490\workspace\ARROW\runs\sample_selection\distributed\shard-1\candidates\01592_51858172_51858172_88
1597,30008535,30008535_0.json,https://github.com/pulsarIO/jetstream-esper,EPLUtilities,jetstream-esper/src/main/java/com/ebay/jetstream/epl/EPLUtilities.java,production,class,False,956,findIntersection,7,"@SuppressWarnings(""unchecked"") public static",True,True,0,True,nondeterminism,7,EXCLUDED,external_dependency_risk:nondeterminism,,,,,,,,1,2,0,,,,,,,,,EXCLUDED,semantic,external_dependency_risk:nondeterminism,1.941,G:\FPT Specialized\Ki 9\SET490\workspace\ARROW\runs\sample_selection\distributed\shard-1\candidates\01597_30008535_30008535_0
1602,42446819,42446819_0.json,https://github.com/gyfora/StreamKV,KVOperationSerializer,streamkv-java/src/main/java/streamkv/api/java/types/KVOperationSerializer.java,production,class,False,369,copy,67,"@SuppressWarnings(""unchecked"") @Override public",True,True,5,False,,8,ELIGIBLE,,maven,streamkv-java,junit4,7,G:\FPT Specialized\Ki 9\SET490\workspace\ARROW\Java version\jdk-8,using compatible JDK 8 from build.java_homes.java-8 for Java 7,,1,2,1,COMPILE_FAILED,,,streamkv.api.java.types.KVOperationSerializer,,,,,EXCLUDED,baseline,[warning] org.apache.flink:flink-streaming-core:<n>.10-snapshot/maven-metadata.xml failed to transfer from https:/<path>/ during a previous attempt. this failure was cached in the local repository and resolution will not be reattempted until the update interval of apache.snapshots has elapsed or upd,47.491,G:\FPT Specialized\Ki 9\SET490\workspace\ARROW\runs\sample_selection\distributed\shard-1\candidates\01602_42446819_42446819_0
1607,20087730,20087730_0.json,https://github.com/robertkuhar/FPiJ,CalculateNAV,src/ch04/CalculateNAV.java,nonstandard,,,,computeStockWorth,4,public,False,True,,,,,EXCLUDED,source_layout:nonstandard,,,,,,,,,2,0,,,,,,,,,EXCLUDED,semantic_metadata,source_layout:nonstandard,0.011,G:\FPT Specialized\Ki 9\SET490\workspace\ARROW\runs\sample_selection\distributed\shard-1\candidates\01607_20087730_20087730_0
1612,2185113,2185113_6.json,https://github.com/neophob/PixelController,FileUtils,pixelcontroller-core/src/main/java/com/neophob/sematrix/core/glue/FileUtils.java,production,,,,findFiles,10,private,True,True,,,,,EXCLUDED,focal_method_not_directly_testable,,,,,,,,,2,0,,,,,,,,,EXCLUDED,semantic_metadata,focal_method_not_directly_testable,0.013,G:\FPT Specialized\Ki 9\SET490\workspace\ARROW\runs\sample_selection\distributed\shard-1\candidates\01612_2185113_2185113_6
1617,100135378,100135378_6.json,https://github.com/joffrey-bion/livedoc,Defaults,livedoc-core/src/main/java/org/hildan/livedoc/core/util/Defaults.java,production,class,False,23,defaultValueFor,6,public static,True,True,0,False,,9,ELIGIBLE,,gradle,livedoc-core,junit4,unknown,G:\FPT Specialized\Ki 9\SET490\workspace\ARROW\Java version\jdk-11,Gradle 6.8.3 requires compatible JDK 11; matched build.java_homes.java-11,,1,2,2,MODULE_TESTS_PASSED|MODULE_TESTS_PASSED,True,0,org.hildan.livedoc.core.util.Defaults,True,TARGET_TEST_PASSED,MODULE_TESTS_PASSED,MODULE_TESTS_PASSED,ELIGIBLE,,,160.605,G:\FPT Specialized\Ki 9\SET490\workspace\ARROW\runs\sample_selection\distributed\shard-1\candidates\01617_100135378_100135378_6
1622,38271397,38271397_0.json,https://github.com/apakulov/kafka-graphite,GraphiteReporter,kafka-graphite-clients/src/main/java/org/apache/kafka/common/metrics/GraphiteReporter.java,production,,,,close,17,@Override public,True,False,,,,,EXCLUDED,no_observable_behavior,,,,,,,,,2,0,,,,,,,,,EXCLUDED,semantic_metadata,no_observable_behavior,0.016,G:\FPT Specialized\Ki 9\SET490\workspace\ARROW\runs\sample_selection\distributed\shard-1\candidates\01622_38271397_38271397_0
1627,206444,206444_18.json,https://github.com/apache/hive,TempletonUtils,hcatalog/webhcat/svr/src/main/java/org/apache/hive/hcatalog/templeton/tool/TempletonUtils.java,production,class,False,426,isset,3,public static,True,True,0,True,network|filesystem,9,EXCLUDED,external_dependency_risk:network|filesystem,,,,,,,,1,2,0,,,,,,,,,EXCLUDED,semantic,external_dependency_risk:network|filesystem,69.976,G:\FPT Specialized\Ki 9\SET490\workspace\ARROW\runs\sample_selection\distributed\shard-1\candidates\01627_206444_206444_18
1632,83142122,83142122_3.json,https://github.com/zugaldia/android-robocar,LaneManager,robocar/libcv/src/main/java/com/zugaldia/robocar/cv/LaneManager.java,production,class,False,260,getSaturationChannel,6,public static,False,True,0,False,,7,ELIGIBLE,,gradle,robocar\libcv,junit4,unknown,G:\FPT Specialized\Ki 9\SET490\workspace\ARROW\Java version\jdk-17,no project java version detected; using build.java_default,,1,2,1,ASSERTION_FAILED,,,com.zugaldia.robocar.cv.LaneManager,,,,,EXCLUDED,baseline,failure: build failed with an exception.,66.371,G:\FPT Specialized\Ki 9\SET490\workspace\ARROW\runs\sample_selection\distributed\shard-1\candidates\01632_83142122_83142122_3
1637,51074108,51074108_8.json,https://github.com/flipkart-incubator/flux,WorkFlowExecutionController,runtime/src/main/java/com/flipkart/flux/controller/WorkFlowExecutionController.java,production,,,,updateTaskStatus,35,"@Transactional @SelectDataSource(type = DataSourceType.READ_WRITE, storage = Storage.SHARDED) public",True,False,,,,,EXCLUDED,no_observable_behavior,,,,,,,,,2,0,,,,,,,,,EXCLUDED,semantic_metadata,no_observable_behavior,0.013,G:\FPT Specialized\Ki 9\SET490\workspace\ARROW\runs\sample_selection\distributed\shard-1\candidates\01637_51074108_51074108_8
1642,112424920,112424920_0.json,https://github.com/scauzhangpeng/Sample,PhoneUtil,util/src/main/java/com/xyz/util/PhoneUtil.java,production,class,False,60,hiddenMiddlePhoneNum,6,public static,True,True,0,False,,10,ELIGIBLE,,gradle,util,junit4,unknown,G:\FPT Specialized\Ki 9\SET490\workspace\ARROW\Java version\jdk-11,Gradle 6.7.1 requires compatible JDK 11; matched build.java_homes.java-11,,1,2,1,ASSERTION_FAILED,,,com.xyz.util.PhoneUtil,,,,,EXCLUDED,baseline,failure: build failed with an exception.,74.265,G:\FPT Specialized\Ki 9\SET490\workspace\ARROW\runs\sample_selection\distributed\shard-1\candidates\01642_112424920_112424920_0
1647,131759992,131759992_6.json,https://github.com/IBM/java-async-util,AsyncFunnel,asyncutil/src/main/java/com/ibm/asyncutil/locks/AsyncFunnel.java,production,class,False,85,doOrGet,21,public,True,True,0,False,,9,ELIGIBLE,,maven,asyncutil,junit4,8,G:\FPT Specialized\Ki 9\SET490\workspace\ARROW\Java version\jdk-8,matched build.java_homes.java-8,,1,2,2,MODULE_TESTS_PASSED|MODULE_TESTS_PASSED,True,0,com.ibm.asyncutil.locks.AsyncFunnel,True,TARGET_TEST_PASSED,MODULE_TESTS_PASSED,MODULE_TESTS_PASSED,ELIGIBLE,,,93.469,G:\FPT Specialized\Ki 9\SET490\workspace\ARROW\runs\sample_selection\distributed\shard-1\candidates\01647_131759992_131759992_6
1652,181445409,181445409_110.json,https://github.com/snowdrop/vertx-spring-boot,SnowdropKafkaProducer,vertx-spring-boot-starter-kafka/src/main/java/dev/snowdrop/vertx/kafka/SnowdropKafkaProducer.java,production,class,False,109,partitionsFor,11,@Override public,True,True,1,False,,10,ELIGIBLE,,maven,vertx-spring-boot-starter-kafka,junit5,8,G:\FPT Specialized\Ki 9\SET490\workspace\ARROW\Java version\jdk-8,matched build.java_homes.java-8,,1,2,2,MODULE_TESTS_PASSED|MODULE_TESTS_PASSED,True,1,dev.snowdrop.vertx.kafka.SnowdropKafkaProducer,True,TARGET_TEST_PASSED,MODULE_TESTS_PASSED,MODULE_TESTS_PASSED,ELIGIBLE,,,87.922,G:\FPT Specialized\Ki 9\SET490\workspace\ARROW\runs\sample_selection\distributed\shard-1\candidates\01652_181445409_181445409_110
1657,53726669,53726669_38.json,https://github.com/lordcodes/materialandroid,GridItemView,library/src/main/java/com/github/andrewlord1990/materialandroid/component/grid/GridItemView.java,production,,,,setPrimaryTextColor,4,public,False,False,,,,,EXCLUDED,no_observable_behavior,,,,,,,,,2,0,,,,,,,,,EXCLUDED,semantic_metadata,no_observable_behavior,0.012,G:\FPT Specialized\Ki 9\SET490\workspace\ARROW\runs\sample_selection\distributed\shard-1\candidates\01657_53726669_53726669_38
1662,2139087,2139087_9.json,https://github.com/GeoLatte/geolatte-mapserver,BasicHttpRequest,mapserver/src/main/java/org/geolatte/mapserver/http/BasicHttpRequest.java,production,class,False,98,parseQuery,4,@Override public,False,True,3,False,,8,ELIGIBLE,,maven,mapserver,junit4,8,G:\FPT Specialized\Ki 9\SET490\workspace\ARROW\Java version\jdk-8,matched build.java_homes.java-8,,1,2,1,ASSERTION_FAILED,,,org.geolatte.mapserver.http.BasicHttpRequest,,,,,EXCLUDED,baseline,[info] mapserver .......................................... failure [ 1.071 s],5.182,G:\FPT Specialized\Ki 9\SET490\workspace\ARROW\runs\sample_selection\distributed\shard-1\candidates\01662_2139087_2139087_9
1667,168665843,168665843_0.json,https://github.com/mkyong/spring-boot,BookController,spring-rest-hello-world/src/main/java/com/mkyong/BookController.java,production,class,False,69,findAll,4,"@GetMapping(""/books"")",False,True,0,True,database,7,EXCLUDED,external_dependency_risk:database,,,,,,,,1,2,0,,,,,,,,,EXCLUDED,semantic,external_dependency_risk:database,2.575,G:\FPT Specialized\Ki 9\SET490\workspace\ARROW\runs\sample_selection\distributed\shard-1\candidates\01667_168665843_168665843_0
1672,749137,749137_2.json,https://github.com/Atmosphere/atmosphere,DefaultBroadcasterFactory,modules/cpr/src/main/java/org/atmosphere/cpr/DefaultBroadcasterFactory.java,production,class,False,295,get,4,@Override public synchronized,False,True,0,False,,8,ELIGIBLE,,maven,modules\cpr,junit5,21,G:\FPT Specialized\Ki 9\SET490\workspace\ARROW\Java version\jdk-21,matched build.java_homes.java-21,,1,2,1,ASSERTION_FAILED,,,org.atmosphere.cpr.DefaultBroadcasterFactory,,,,,EXCLUDED,baseline,[info] atmosphere-project ................................. failure [03:<n> min],300.877,G:\FPT Specialized\Ki 9\SET490\workspace\ARROW\runs\sample_selection\distributed\shard-1\candidates\01672_749137_749137_2
1677,67436705,67436705_17.json,https://github.com/openhab/org.openhab.binding.zigbee,ZigBeeConverterColorTemperature,org.openhab.binding.zigbee/src/main/java/org/openhab/binding/zigbee/internal/converter/ZigBeeConverterColorTemperature.java,production,,,,attributeUpdated,22,@Override public,True,False,,,,,EXCLUDED,no_observable_behavior,,,,,,,,,2,0,,,,,,,,,EXCLUDED,semantic_metadata,no_observable_behavior,0.015,G:\FPT Specialized\Ki 9\SET490\workspace\ARROW\runs\sample_selection\distributed\shard-1\candidates\01677_67436705_67436705_17
1682,120961330,120961330_16.json,https://github.com/envoyproxy/java-control-plane,V3DiscoveryServer,server/src/main/java/io/envoyproxy/controlplane/server/V3DiscoveryServer.java,production,class,False,243,getAggregatedDiscoveryServiceImpl,9,public,False,True,1,False,,8,ELIGIBLE,,maven,server,junit4,8,G:\FPT Specialized\Ki 9\SET490\workspace\ARROW\Java version\jdk-8,matched build.java_homes.java-8,,1,2,1,COMPILE_FAILED,,,io.envoyproxy.controlplane.server.V3DiscoveryServer,,,,,EXCLUDED,baseline,[error] failed to execute goal org.apache.maven.plugins:maven-compiler-plugin:<n>.15.0:testcompile (default-testcompile) on project cache: compilation failure,116.570,G:\FPT Specialized\Ki 9\SET490\workspace\ARROW\runs\sample_selection\distributed\shard-1\candidates\01682_120961330_120961330_16
1687,55954702,55954702_0.json,https://github.com/advanced-android-book/samples,MainActivity,tech07/BmiCalculator/app/src/main/java/com/advanced_android/bmicalculator/MainActivity.java,production,,,,initViews,9,@VisibleForTesting,False,False,,,,,EXCLUDED,no_observable_behavior,,,,,,,,,2,0,,,,,,,,,EXCLUDED,semantic_metadata,no_observable_behavior,0.176,G:\FPT Specialized\Ki 9\SET490\workspace\ARROW\runs\sample_selection\distributed\shard-1\candidates\01687_55954702_55954702_0
1692,10808572,10808572_54.json,https://github.com/davidmoten/geo,Base32,geo/src/main/java/com/github/davidmoten/geo/Base32.java,production,class,False,128,encodeBase32,18,public static,True,True,0,False,,10,ELIGIBLE,,maven,geo,junit5,8,G:\FPT Specialized\Ki 9\SET490\workspace\ARROW\Java version\jdk-8,matched build.java_homes.java-8,,1,2,2,MODULE_TESTS_PASSED|MODULE_TESTS_PASSED,True,0,com.github.davidmoten.geo.Base32,True,TARGET_TEST_PASSED,MODULE_TESTS_PASSED,MODULE_TESTS_PASSED,ELIGIBLE,,,38.445,G:\FPT Specialized\Ki 9\SET490\workspace\ARROW\runs\sample_selection\distributed\shard-1\candidates\01692_10808572_10808572_54
1697,8262365,8262365_372.json,https://github.com/intel-hadoop/hadoop-common-rhino,FifoScheduler,hadoop-yarn-project/hadoop-yarn/hadoop-yarn-server/hadoop-yarn-server-resourcemanager/src/main/java/org/apache/hadoop/yarn/server/resourcemanager/scheduler/fifo/FifoScheduler.java,production,,,,getQueueInfo,5,@Override public,False,True,,,,,EXCLUDED,trivial_focal_method,,,,,,,,,2,0,,,,,,,,,EXCLUDED,semantic_metadata,trivial_focal_method,0.014,G:\FPT Specialized\Ki 9\SET490\workspace\ARROW\runs\sample_selection\distributed\shard-1\candidates\01697_8262365_8262365_372
1702,105686726,105686726_12.json,https://github.com/uber/RIBs,Workflow,android/libraries/rib-workflow/src/main/java/com/uber/rib/workflow/core/Workflow.java,production,class,True,42,createSingle,4,public,False,True,0,False,,7,EXCLUDED,non_concrete:class:abstract,,,,,,,cb51d73da20d92dbfc93a8a39012d06af9b7043e,1,2,0,,,,,,,,,EXCLUDED,semantic,non_concrete:class:abstract,16.019,G:\FPT Specialized\Ki 9\SET490\workspace\ARROW\runs\sample_selection\distributed\shard-1\candidates\01702_105686726_105686726_12
1707,105269391,105269391_2.json,https://github.com/xm-online/xm-commons,KafkaMetricsSet,xm-commons-metric/src/main/java/com/icthh/xm/commons/metric/KafkaMetricsSet.java,production,class,False,56,connectionToKafkaTopicsIsSuccess,23,public,True,True,3,False,,10,ELIGIBLE,,gradle,xm-commons-metric,junit4,17,G:\FPT Specialized\Ki 9\SET490\workspace\ARROW\Java version\jdk-17,matched build.java_homes.java-17,48e6ab344bf509005dde0ca72c64df4afd99555b,1,2,1,ASSERTION_FAILED,,,com.icthh.xm.commons.metric.KafkaMetricsSet,,,,,EXCLUDED,baseline,failure: build failed with an exception.,80.641,G:\FPT Specialized\Ki 9\SET490\workspace\ARROW\runs\sample_selection\distributed\shard-1\candidates\01707_105269391_105269391_2
1712,1307005,1307005_0.json,https://github.com/thucydides-webtests/thucydides,ExtendedTemporaryFolder,thucydides-core/src/main/java/net/thucydides/core/util/ExtendedTemporaryFolder.java,production,class,False,131,newFolder,3,public,False,True,0,True,filesystem,7,EXCLUDED,external_dependency_risk:filesystem,,,,,,,,1,2,0,,,,,,,,,EXCLUDED,semantic,external_dependency_risk:filesystem,18.679,G:\FPT Specialized\Ki 9\SET490\workspace\ARROW\runs\sample_selection\distributed\shard-1\candidates\01712_1307005_1307005_0
1717,31906424,31906424_4.json,https://github.com/opendaylight/iotdm,Onem2mbenchmarkModule,onem2mbenchmark/impl/src/main/java/org/opendaylight/yang/gen/v1/urn/opendaylight/params/xml/ns/yang/onem2mbenchmark/impl/rev141210/Onem2mbenchmarkModule.java,production,,,,customValidation,4,@Override public,False,False,,,,,EXCLUDED,no_observable_behavior,,,,,,,,,2,0,,,,,,,,,EXCLUDED,semantic_metadata,no_observable_behavior,0.011,G:\FPT Specialized\Ki 9\SET490\workspace\ARROW\runs\sample_selection\distributed\shard-1\candidates\01717_31906424_31906424_4
1722,1100144,1100144_54.json,https://github.com/codegist/crest,DelegatingResponse,core/src/main/java/org/codegist/crest/io/http/DelegatingResponse.java,production,,,,getExpectedType,3,public,True,True,,,,,EXCLUDED,trivial_focal_method,,,,,,,,,2,0,,,,,,,,,EXCLUDED,semantic_metadata,trivial_focal_method,0.011,G:\FPT Specialized\Ki 9\SET490\workspace\ARROW\runs\sample_selection\distributed\shard-1\candidates\01722_1100144_1100144_54
1727,178922614,178922614_3.json,https://github.com/eclipse/microprofile-graphql,CsvParser,server/tck/src/main/java/org/eclipse/microprofile/graphql/tck/dynamic/schema/CsvParser.java,production,,,,parse,8,public static,True,True,,,,,ELIGIBLE,,,,,,,,,1,2,0,,,,,,,,,EXCLUDED,setup,FileNotFoundError: Cannot resolve focal class path: server/tck/src/main/java/org/eclipse/microprofile/graphql/tck/dynamic/schema/CsvParser.java,4.895,G:\FPT Specialized\Ki 9\SET490\workspace\ARROW\runs\sample_selection\distributed\shard-1\candidates\01727_178922614_178922614_3
1732,185475705,185475705_7.json,https://github.com/gemini-projects/gemini,Password,gemini-core/src/main/java/it/at7/gemini/core/type/Password.java,production,class,False,107,equals,18,@Override public,True,True,1,True,nondeterminism,8,EXCLUDED,external_dependency_risk:nondeterminism,,,,,,,f523b64b8c327014f2d1d434d82facb25cbf0d42,1,2,0,,,,,,,,,EXCLUDED,semantic,external_dependency_risk:nondeterminism,6.881,G:\FPT Specialized\Ki 9\SET490\workspace\ARROW\runs\sample_selection\distributed\shard-1\candidates\01732_185475705_185475705_7
1737,32935745,32935745_359.json,https://github.com/eclipse/che,DefaultEditorProvisioner,wsmaster/che-core-api-workspace/src/main/java/org/eclipse/che/api/workspace/server/devfile/convert/DefaultEditorProvisioner.java,production,,,,apply,29,public,True,False,,,,,EXCLUDED,no_observable_behavior,,,,,,,,,2,0,,,,,,,,,EXCLUDED,semantic_metadata,no_observable_behavior,0.012,G:\FPT Specialized\Ki 9\SET490\workspace\ARROW\runs\sample_selection\distributed\shard-1\candidates\01737_32935745_32935745_359
1742,199027540,199027540_29.json,https://github.com/nsg-ethz/SP-PIFO,EcmpSwitch,java-code/src/main/java/ch/ethz/systems/netbench/ext/ecmp/EcmpSwitch.java,production,class,False,83,toString,19,@Override public,True,True,4,False,,9,ELIGIBLE,,maven,java-code,junit4,8,G:\FPT Specialized\Ki 9\SET490\workspace\ARROW\Java version\jdk-8,matched build.java_homes.java-8,,1,2,1,COMPILE_FAILED,,,ch.ethz.systems.netbench.ext.ecmp.EcmpSwitch,,,,,EXCLUDED,baseline,"java.lang.assertionerror: use assertequals(expected, actual, delta) to compare floating-point numbers",27.716,G:\FPT Specialized\Ki 9\SET490\workspace\ARROW\runs\sample_selection\distributed\shard-1\candidates\01742_199027540_199027540_29
1747,44293742,44293742_2.json,https://github.com/liuhouer/wxqyh,WXBizMsgCrypt,src/com/bruce/wechat/encryption/WXBizMsgCrypt.java,nonstandard,,,,VerifyURL,8,public,True,True,,,,,EXCLUDED,source_layout:nonstandard,,,,,,,,,2,0,,,,,,,,,EXCLUDED,semantic_metadata,source_layout:nonstandard,0.013,G:\FPT Specialized\Ki 9\SET490\workspace\ARROW\runs\sample_selection\distributed\shard-1\candidates\01747_44293742_44293742_2
1752,38092182,38092182_465.json,https://github.com/harshalbenake/hbworkspace2-100,MraidNativeCommandHandler,MoPubAd/mopub-sdk/src/main/java/com/mopub/mraid/MraidNativeCommandHandler.java,production,,,,createCalendarEvent,36,,True,True,,,,,ELIGIBLE,,,,,,,,,,2,0,,,,,,,,,EXCLUDED,setup,"RuntimeError: Repository setup failed after 3 attempts: CalledProcessError: Command '['git', '-c', 'core.longpaths=true', 'clone', '--depth', '1', 'https://github.com/harshalbenake/hbworkspace2-100', 'G:\\FPT Specialized\\Ki 9\\SET490\\workspace\\ARROW\\repos\\38092182']' returned non-zero exit status 128.",313.997,G:\FPT Specialized\Ki 9\SET490\workspace\ARROW\runs\sample_selection\distributed\shard-1\candidates\01752_38092182_38092182_465
1757,23310687,23310687_13.json,https://github.com/phax/ph-ubl,UBL23DocumentTypes,ph-ubl23/src/main/java/com/helger/ubl23/UBL23DocumentTypes.java,production,,,,getAllNamespaces,6,@Nonnull @ReturnsMutableCopy public static,False,True,,,,,EXCLUDED,trivial_focal_method,,,,,,,,,2,0,,,,,,,,,EXCLUDED,semantic_metadata,trivial_focal_method,0.014,G:\FPT Specialized\Ki 9\SET490\workspace\ARROW\runs\sample_selection\distributed\shard-1\candidates\01757_23310687_23310687_13
1762,7465720,7465720_6.json,https://github.com/selendroid/selendroid,DefaultAndroidApp,selendroid-standalone/src/main/java/io/selendroid/standalone/android/impl/DefaultAndroidApp.java,production,class,False,121,getMainActivity,12,@Override public,True,True,1,True,filesystem,9,EXCLUDED,external_dependency_risk:filesystem,,,,,,,,1,2,0,,,,,,,,,EXCLUDED,semantic,external_dependency_risk:filesystem,12.270,G:\FPT Specialized\Ki 9\SET490\workspace\ARROW\runs\sample_selection\distributed\shard-1\candidates\01762_7465720_7465720_6
1767,197277844,197277844_0.json,https://github.com/scholzj/kafka-kubernetes-authenticator,OAuthBearerTokenImpl,authenticator-common/src/main/java/io/strimzi/kafka/kubernetes/authenticator/OAuthBearerTokenImpl.java,production,class,False,89,getPayload,5,static,False,True,1,False,,8,ELIGIBLE,,maven,authenticator-common,junit4,${maven.compiler.source},G:\FPT Specialized\Ki 9\SET490\workspace\ARROW\Java version\jdk-17,JDK ${maven.compiler.source} not mapped; using build.java_default,,1,2,2,MODULE_TESTS_PASSED|MODULE_TESTS_PASSED,True,0,io.strimzi.kafka.kubernetes.authenticator.OAuthBearerTokenImpl,True,TARGET_TEST_PASSED,MODULE_TESTS_PASSED,MODULE_TESTS_PASSED,ELIGIBLE,,,20.985,G:\FPT Specialized\Ki 9\SET490\workspace\ARROW\runs\sample_selection\distributed\shard-1\candidates\01767_197277844_197277844_0
1772,101970978,101970978_57.json,https://github.com/thulab/iotdb,MTree,iotdb/src/main/java/org/apache/iotdb/db/metadata/MTree.java,production,class,False,895,addTimeseriesPath,52,public,True,True,1,False,,9,ELIGIBLE,,maven,iotdb,junit4,3,G:\FPT Specialized\Ki 9\SET490\workspace\ARROW\Java version\jdk-8,using compatible JDK 8 from build.java_homes.java-8 for Java 3,,1,2,1,ASSERTION_FAILED,,,org.apache.iotdb.db.metadata.MTree,,,,,EXCLUDED,baseline,[info] iotdb root ......................................... failure [ 8.413 s],18.976,G:\FPT Specialized\Ki 9\SET490\workspace\ARROW\runs\sample_selection\distributed\shard-1\candidates\01772_101970978_101970978_57
1777,552448,552448_13.json,https://github.com/sunye/AlmaGTD,ConnexionServeur,GTDClientGil/src/main/java/fr/alma/modele/serveur/ConnexionServeur.java,production,class,False,122,connect,6,public,False,True,0,False,,8,ELIGIBLE,,maven,GTDClientGil,junit4,${compileSource},G:\FPT Specialized\Ki 9\SET490\workspace\ARROW\Java version\jdk-17,JDK ${compileSource} not mapped; using build.java_default,,1,2,1,ASSERTION_FAILED,,,fr.alma.modele.serveur.ConnexionServeur,,,,,EXCLUDED,baseline,[info] module gtd client gil .............................. failure [ 4.739 s],15.705,G:\FPT Specialized\Ki 9\SET490\workspace\ARROW\runs\sample_selection\distributed\shard-1\candidates\01777_552448_552448_13
1782,90792480,90792480_1.json,https://github.com/russelarms/OffsetAnimator,OffsetAnimator,offsetanimator/src/main/java/com/russelarms/offsetanimator/OffsetAnimator.java,production,class,False,94,computeValueByOffset,5,protected,False,True,2,False,,8,ELIGIBLE,,gradle,offsetanimator,junit4,unknown,G:\FPT Specialized\Ki 9\SET490\workspace\ARROW\Java version\jdk-8,Gradle 3.3 requires compatible JDK 8; matched build.java_homes.java-8,,1,2,1,ASSERTION_FAILED,,,com.russelarms.offsetanimator.OffsetAnimator,,,,,EXCLUDED,baseline,failure: build failed with an exception.,23.593,G:\FPT Specialized\Ki 9\SET490\workspace\ARROW\runs\sample_selection\distributed\shard-1\candidates\01782_90792480_90792480_1
1787,208270825,208270825_15.json,https://github.com/xiuhuai/Spring-Boot-Book,UserController,08/Jdbc/src/main/java/com/example/demo/controller/UserController.java,production,class,False,109,batchSaveUser,14,"@GetMapping(""batchSave"") public",True,True,0,True,database,9,EXCLUDED,external_dependency_risk:database,,,,,,,,1,2,0,,,,,,,,,EXCLUDED,semantic,external_dependency_risk:database,3.653,G:\FPT Specialized\Ki 9\SET490\workspace\ARROW\runs\sample_selection\distributed\shard-1\candidates\01787_208270825_208270825_15
1792,41324285,41324285_13.json,https://github.com/QualInsight/qualinsight-plugins-sonarqube-smell,AbstractSmellMeasureComputer,plugin/src/main/java/com/qualinsight/plugins/sonarqube/smell/plugin/extension/AbstractSmellMeasureComputer.java,production,,,,compute,7,@Override public,True,False,,,,,EXCLUDED,no_observable_behavior,,,,,,,,,2,0,,,,,,,,,EXCLUDED,semantic_metadata,no_observable_behavior,0.013,G:\FPT Specialized\Ki 9\SET490\workspace\ARROW\runs\sample_selection\distributed\shard-1\candidates\01792_41324285_41324285_13
1797,195077933,195077933_10.json,https://github.com/spring2go/staffjoy,AccountController,account-svc/src/main/java/xyz/staffjoy/account/controller/AccountController.java,production,class,False,201,changeEmail,11,"@PostMapping(path = ""/change_email"") @Authorize(value = { AuthConstant.AUTHORIZATION_WWW_SERVICE, AuthConstant.AUTHORIZATION_SUPPORT_USER }) public",False,True,0,False,,7,ELIGIBLE,,maven,account-svc,junit4,8,G:\FPT Specialized\Ki 9\SET490\workspace\ARROW\Java version\jdk-8,matched build.java_homes.java-8,,1,2,1,ASSERTION_FAILED,,,xyz.staffjoy.account.controller.AccountController,,,,,EXCLUDED,baseline,[info] staffjoy-common-library 1.0.1 ...................... failure [ 9.906 s],23.325,G:\FPT Specialized\Ki 9\SET490\workspace\ARROW\runs\sample_selection\distributed\shard-1\candidates\01797_195077933_195077933_10
1802,58223375,58223375_13.json,https://github.com/peterjosling/scroball,LastfmClient,app/src/main/java/com/peterjosling/scroball/LastfmClient.java,production,,,,updateNowPlaying,4,public,False,False,,,,,EXCLUDED,no_observable_behavior,,,,,,,,,2,0,,,,,,,,,EXCLUDED,semantic_metadata,no_observable_behavior,0.013,G:\FPT Specialized\Ki 9\SET490\workspace\ARROW\runs\sample_selection\distributed\shard-1\candidates\01802_58223375_58223375_13
1807,15374337,15374337_16.json,https://github.com/vanioinformatika/easydao,Generator,easydao-maven-plugin/src/main/java/hu/vanio/maven/plugins/easydao/Generator.java,production,class,False,358,validateBoolean,5,protected,True,True,0,True,database,9,EXCLUDED,external_dependency_risk:database,,,,,,,,1,2,0,,,,,,,,,EXCLUDED,semantic,external_dependency_risk:database,2.530,G:\FPT Specialized\Ki 9\SET490\workspace\ARROW\runs\sample_selection\distributed\shard-1\candidates\01807_15374337_15374337_16
1812,93973957,93973957_0.json,https://github.com/CentauriCloud/CentauriCloud,Cloud,centauricloud-master/src/main/java/org/centauri/cloud/cloud/Cloud.java,production,,,,createPacketsFile,16,public,True,False,,,,,EXCLUDED,no_observable_behavior,,,,,,,,,2,0,,,,,,,,,EXCLUDED,semantic_metadata,no_observable_behavior,0.019,G:\FPT Specialized\Ki 9\SET490\workspace\ARROW\runs\sample_selection\distributed\shard-1\candidates\01812_93973957_93973957_0
1817,122078259,122078259_11.json,https://github.com/trasiercom/trasier-client,OAuthTokenSafe,trasier-client-core/src/main/java/com/trasier/client/auth/OAuthTokenSafe.java,production,,,,getToken,6,public,True,True,,,,,ELIGIBLE,,,,,,,,,,2,0,,,,,,,,,EXCLUDED,setup,"RuntimeError: Repository setup failed after 3 attempts: CalledProcessError: Command '['git', '-c', 'core.longpaths=true', 'clone', '--depth', '1', 'https://github.com/trasiercom/trasier-client', 'G:\\FPT Specialized\\Ki 9\\SET490\\workspace\\ARROW\\repos\\122078259']' returned non-zero exit status 128.",9.607,G:\FPT Specialized\Ki 9\SET490\workspace\ARROW\runs\sample_selection\distributed\shard-1\candidates\01817_122078259_122078259_11
1822,40189580,40189580_3.json,https://github.com/vertigo-io/vertigo-extensions,PegRules,vertigo-commons/src/main/java/io/vertigo/commons/peg/PegRules.java,production,class,False,173,skipBlanks,3,public static,False,True,0,False,,8,ELIGIBLE,,maven,vertigo-commons,junit5,unknown,G:\FPT Specialized\Ki 9\SET490\workspace\ARROW\Java version\jdk-17,no project java version detected; using build.java_default,d3047d0b3c7d24a049edf4f0bf83a831c9b1a6b9,1,2,1,RUNTIME_FAILED,,,io.vertigo.commons.peg.PegRules,,,,,EXCLUDED,baseline,[error] [error] some problems were encountered while processing the poms:,42.101,G:\FPT Specialized\Ki 9\SET490\workspace\ARROW\runs\sample_selection\distributed\shard-1\candidates\01822_40189580_40189580_3
1827,84506236,84506236_3.json,https://github.com/kdgregory/log4j-aws-appenders,JsonAccessLayout,logback-appenders/src/main/java/com/kdgregory/logback/aws/JsonAccessLayout.java,production,,,,setEnableSessionId,4,public,False,False,,,,,EXCLUDED,trivial_focal_method;no_observable_behavior,,,,,,,,,2,0,,,,,,,,,EXCLUDED,semantic_metadata,trivial_focal_method;no_observable_behavior,0.047,G:\FPT Specialized\Ki 9\SET490\workspace\ARROW\runs\sample_selection\distributed\shard-1\candidates\01827_84506236_84506236_3
1832,231519592,231519592_1.json,https://github.com/1991wangliang/springboot-ddd-demo,AnimalPutCmdExe,demo/src/main/java/com/example/springboot/demo/executor/AnimalPutCmdExe.java,production,,,,execute,14,@Override public,False,True,,,,,ELIGIBLE,,,,,,,,,1,2,0,,,,,,,,,EXCLUDED,setup,FileNotFoundError: Cannot resolve focal class path: demo/src/main/java/com/example/springboot/demo/executor/AnimalPutCmdExe.java,4.560,G:\FPT Specialized\Ki 9\SET490\workspace\ARROW\runs\sample_selection\distributed\shard-1\candidates\01832_231519592_231519592_1
1837,9545480,9545480_12.json,https://github.com/roskart/dropwizard-jaxws,JAXWSEnvironment,dropwizard-jaxws/src/main/java/com/roskart/dropwizard/jaxws/JAXWSEnvironment.java,production,class,False,185,getClient,40,public,True,True,1,False,,9,ELIGIBLE,,maven,dropwizard-jaxws,junit4,8,G:\FPT Specialized\Ki 9\SET490\workspace\ARROW\Java version\jdk-8,matched build.java_homes.java-8,,1,2,2,MODULE_TESTS_PASSED|MODULE_TESTS_PASSED,True,0,com.roskart.dropwizard.jaxws.JAXWSEnvironment,True,TARGET_TEST_PASSED,MODULE_TESTS_PASSED,MODULE_TESTS_PASSED,ELIGIBLE,,,76.058,G:\FPT Specialized\Ki 9\SET490\workspace\ARROW\runs\sample_selection\distributed\shard-1\candidates\01837_9545480_9545480_12
1842,29480568,29480568_1925.json,https://github.com/speedment/speedment,Tuple19OfNullablesMapperImpl,common-parent/tuple/src/main/java/com/speedment/common/tuple/internal/nullable/mapper/Tuple19OfNullablesMapperImpl.java,production,class,False,201,get14,3,public,False,True,19,False,,7,ELIGIBLE,,maven,common-parent\tuple,junit5,8,G:\FPT Specialized\Ki 9\SET490\workspace\ARROW\Java version\jdk-8,matched build.java_homes.java-8,,1,2,1,ASSERTION_FAILED,,,com.speedment.common.tuple.internal.nullable.mapper.Tuple19OfNullablesMapperImpl,,,,,EXCLUDED,baseline,[info] speedment .......................................... failure [ 0.531 s],8.947,G:\FPT Specialized\Ki 9\SET490\workspace\ARROW\runs\sample_selection\distributed\shard-1\candidates\01842_29480568_29480568_1925
1847,56533838,56533838_1.json,https://github.com/googleapis/gapic-generator,BuildFileGenerator,rules_gapic/bazel/src/main/java/com/google/api/codegen/bazel/BuildFileGenerator.java,production,,,,generateBuildFiles,8,,False,False,,,,,EXCLUDED,no_observable_behavior,,,,,,,,,2,0,,,,,,,,,EXCLUDED,semantic_metadata,no_observable_behavior,0.016,G:\FPT Specialized\Ki 9\SET490\workspace\ARROW\runs\sample_selection\distributed\shard-1\candidates\01847_56533838_56533838_1
1852,80043676,80043676_148.json,https://github.com/zsmartsystems/com.zsmartsystems.zigbee,SmartEnergyClient,com.zsmartsystems.zigbee/src/main/java/com/zsmartsystems/zigbee/app/seclient/SmartEnergyClient.java,production,,,,keyEstablishmentCallback,22,protected,True,False,,,,,EXCLUDED,no_observable_behavior,,,,,,,,,2,0,,,,,,,,,EXCLUDED,semantic_metadata,no_observable_behavior,0.013,G:\FPT Specialized\Ki 9\SET490\workspace\ARROW\runs\sample_selection\distributed\shard-1\candidates\01852_80043676_80043676_148
1857,253269900,253269900_165.json,https://github.com/dan2097/opsin,CASTools,opsin-core/src/main/java/uk/ac/cam/ch/wwmm/opsin/CASTools.java,production,class,False,239,uninvertCASName,145,static,True,True,0,False,,9,ELIGIBLE,,maven,opsin-core,junit5,8,G:\FPT Specialized\Ki 9\SET490\workspace\ARROW\Java version\jdk-8,matched build.java_homes.java-8,,1,2,2,MODULE_TESTS_PASSED|MODULE_TESTS_PASSED,True,0,uk.ac.cam.ch.wwmm.opsin.CASTools,True,TARGET_TEST_PASSED,MODULE_TESTS_PASSED,MODULE_TESTS_PASSED,ELIGIBLE,,,50.784,G:\FPT Specialized\Ki 9\SET490\workspace\ARROW\runs\sample_selection\distributed\shard-1\candidates\01857_253269900_253269900_165
1862,44944683,44944683_0.json,https://github.com/monowai/flockdata.org,EntityResultBean,fd-spring/src/main/java/org/flockdata/spring/bean/EntityResultBean.java,production,class,False,37,getKey,6,,True,True,1,False,,10,ELIGIBLE,,maven,fd-spring,junit4,${java.version},G:\FPT Specialized\Ki 9\SET490\workspace\ARROW\Java version\jdk-17,JDK ${java.version} not mapped; using build.java_default,,1,2,1,ASSERTION_FAILED,,,org.flockdata.spring.bean.EntityResultBean,,,,,EXCLUDED,baseline,[info] build failure,16.555,G:\FPT Specialized\Ki 9\SET490\workspace\ARROW\runs\sample_selection\distributed\shard-1\candidates\01862_44944683_44944683_0
1867,51451752,51451752_1.json,https://github.com/sockeqwe/AdapterCommands,DiffCommandsCalculator,adaptercommands/src/main/java/com/hannesdorfmann/adaptercommands/command/DiffCommandsCalculator.java,production,class,False,234,diff,92,public,True,True,0,False,,10,ELIGIBLE,,gradle,adaptercommands,junit4,1,G:\FPT Specialized\Ki 9\SET490\workspace\ARROW\Java version\jdk-8,using compatible JDK 8 from build.java_homes.java-8 for Java 1,,1,2,1,ASSERTION_FAILED,,,com.hannesdorfmann.adaptercommands.command.DiffCommandsCalculator,,,,,EXCLUDED,baseline,"failed to notify projectevaluationlistener.afterevaluate(), but primary configuration failure takes precedence.",51.260,G:\FPT Specialized\Ki 9\SET490\workspace\ARROW\runs\sample_selection\distributed\shard-1\candidates\01867_51451752_51451752_1
1872,41633076,41633076_0.json,https://github.com/Sponge-RPG-dev/NT-RPG,ClassDefinitionDao,Common/src/main/java/cz/neumimto/rpg/common/persistance/dao/ClassDefinitionDao.java,production,class,False,128,parseClassFiles,30,public,True,True,0,True,filesystem,8,EXCLUDED,external_dependency_risk:filesystem,,,,,,,,1,2,0,,,,,,,,,EXCLUDED,semantic,external_dependency_risk:filesystem,4.478,G:\FPT Specialized\Ki 9\SET490\workspace\ARROW\runs\sample_selection\distributed\shard-1\candidates\01872_41633076_41633076_0
1877,102415104,102415104_3.json,https://github.com/zirouan/android-mvp,HomePresenter,app/src/main/java/br/com/liveo/mvp/screen/home/HomePresenter.java,production,,,,fetchUsers,19,@Override public,True,False,,,,,EXCLUDED,no_observable_behavior,,,,,,,,,2,0,,,,,,,,,EXCLUDED,semantic_metadata,no_observable_behavior,0.015,G:\FPT Specialized\Ki 9\SET490\workspace\ARROW\runs\sample_selection\distributed\shard-1\candidates\01877_102415104_102415104_3
1882,16189524,16189524_19.json,https://github.com/OpenNMS/newts,FileIterable,examples/gsod/src/main/java/org/opennms/newts/gsod/FileIterable.java,production,class,False,194,fileTreeWalker,3,public static,False,True,0,True,filesystem,6,EXCLUDED,external_dependency_risk:filesystem;testability_score_below_7,,,,,,,,1,2,0,,,,,,,,,EXCLUDED,semantic,external_dependency_risk:filesystem;testability_score_below_7,4.072,G:\FPT Specialized\Ki 9\SET490\workspace\ARROW\runs\sample_selection\distributed\shard-1\candidates\01882_16189524_16189524_19
1887,16404471,16404471_6.json,https://github.com/dice-group/Palmetto,WordSetSizeBasedWeighter,palmetto/src/main/java/org/aksw/palmetto/weight/WordSetSizeBasedWeighter.java,production,class,False,46,createWeights,20,@Override public,True,True,0,False,,9,ELIGIBLE,,maven,palmetto,junit4,8,G:\FPT Specialized\Ki 9\SET490\workspace\ARROW\Java version\jdk-8,matched build.java_homes.java-8,,1,2,1,COMPILE_FAILED,,,org.aksw.palmetto.weight.WordSetSizeBasedWeighter,,,,,EXCLUDED,baseline,[warning] org.dice-research:topicmodeling.commons:<n>.0.3-snapshot/maven-metadata.xml failed to transfer from https:/<path> during a previous attempt. this failure was cached in the local repository and resolution will not be reattempted until the update interval of maven.aksw.internal has elapsed o,149.687,G:\FPT Specialized\Ki 9\SET490\workspace\ARROW\runs\sample_selection\distributed\shard-1\candidates\01887_16404471_16404471_6
1892,6405716,6405716_26.json,https://github.com/hpehl/piriti,CharacterConverter,user/src/main/java/name/pehl/piriti/converter/client/CharacterConverter.java,production,class,False,30,convert,9,@Override public,True,True,0,False,,10,ELIGIBLE,,maven,user,junit4,6,G:\FPT Specialized\Ki 9\SET490\workspace\ARROW\Java version\jdk-8,using compatible JDK 8 from build.java_homes.java-8 for Java 6,,1,2,2,MODULE_TESTS_PASSED|MODULE_TESTS_PASSED,True,0,name.pehl.piriti.converter.client.CharacterConverter,True,TARGET_TEST_PASSED,MODULE_TESTS_PASSED,MODULE_TESTS_PASSED,ELIGIBLE,,,46.527,G:\FPT Specialized\Ki 9\SET490\workspace\ARROW\runs\sample_selection\distributed\shard-1\candidates\01892_6405716_6405716_26
1897,94459145,94459145_3.json,https://github.com/CMSgov/bluebutton-data-model,PdfParser,bluebutton-data-model-codebook-extractor/src/main/java/gov/hhs/cms/bluebutton/data/codebook/extractor/PdfParser.java,production,class,False,738,parseCodebookPdf,20,public static,True,True,0,False,,8,ELIGIBLE,,maven,bluebutton-data-model-codebook-extractor,junit4,unknown,G:\FPT Specialized\Ki 9\SET490\workspace\ARROW\Java version\jdk-17,no project java version detected; using build.java_default,,1,2,1,RUNTIME_FAILED,,,gov.hhs.cms.bluebutton.data.codebook.extractor.PdfParser,,,,,EXCLUDED,baseline,[error] [error] some problems were encountered while processing the poms:,8.842,G:\FPT Specialized\Ki 9\SET490\workspace\ARROW\runs\sample_selection\distributed\shard-1\candidates\01897_94459145_94459145_3
1902,16425010,16425010_9.json,https://github.com/adrobisch/brainslug,JGraphBpmnRenderer,renderer/src/main/java/brainslug/flow/renderer/JGraphBpmnRenderer.java,production,,,,render,9,@Override public,False,False,,,,,EXCLUDED,no_observable_behavior,,,,,,,,,2,0,,,,,,,,,EXCLUDED,semantic_metadata,no_observable_behavior,0.013,G:\FPT Specialized\Ki 9\SET490\workspace\ARROW\runs\sample_selection\distributed\shard-1\candidates\01902_16425010_16425010_9
1907,3894929,3894929_71.json,https://github.com/hamcrest/JavaHamcrest,IsNot,hamcrest/src/main/java/org/hamcrest/core/IsNot.java,production,class,False,60,not,3,public static,False,True,1,False,,7,ELIGIBLE,,gradle,.,junit5,1,G:\FPT Specialized\Ki 9\SET490\workspace\ARROW\Java version\jdk-8,using compatible JDK 8 from build.java_homes.java-8 for Java 1,,1,2,1,COMPILE_FAILED,,,org.hamcrest.core.IsNot,,,,,EXCLUDED,baseline,org.opentest4j.assertionfailederror: expected: <,79.535,G:\FPT Specialized\Ki 9\SET490\workspace\ARROW\runs\sample_selection\distributed\shard-1\candidates\01907_3894929_3894929_71
1912,1024699,1024699_30.json,https://github.com/anthonydahanne/ReGalAndroid,G3ConvertUtils,g3-java-client/src/main/java/net/dahanne/gallery3/client/utils/G3ConvertUtils.java,production,class,False,59,itemToAlbum,13,public static,True,True,0,False,,9,ELIGIBLE,,maven,g3-java-client,junit4,5,G:\FPT Specialized\Ki 9\SET490\workspace\ARROW\Java version\jdk-8,using compatible JDK 8 from build.java_homes.java-8 for Java 5,,1,2,1,ASSERTION_FAILED,,,net.dahanne.gallery3.client.utils.G3ConvertUtils,,,,,EXCLUDED,baseline,[info] gallery commons .................................... failure [ 0.152 s],10.833,G:\FPT Specialized\Ki 9\SET490\workspace\ARROW\runs\sample_selection\distributed\shard-1\candidates\01912_1024699_1024699_30
1917,64314375,64314375_56.json,https://github.com/steinarb/ukelonn,JobResource,ukelonn.web.services/src/main/java/no/priv/bang/ukelonn/api/resources/JobResource.java,production,class,False,70,doRegisterJob,11,"@Path(""/register"") @POST @Consumes(MediaType.APPLICATION_JSON) public",True,True,0,False,,9,ELIGIBLE,,maven,ukelonn.web.services,junit5,unknown,G:\FPT Specialized\Ki 9\SET490\workspace\ARROW\Java version\jdk-17,no project java version detected; using build.java_default,,1,2,1,COMPILE_FAILED,,,no.priv.bang.ukelonn.api.resources.JobResource,,,,,EXCLUDED,baseline,[error] failed to execute goal org.apache.maven.plugins:maven-compiler-plugin:<n>.15.0:compile (default-compile) on project ukelonn.services: fatal error compiling: error: release version 21 not supported -> [help 1],46.114,G:\FPT Specialized\Ki 9\SET490\workspace\ARROW\runs\sample_selection\distributed\shard-1\candidates\01917_64314375_64314375_56
1922,6493570,6493570_1.json,https://github.com/barchart/barchart-http,HttpServer,server/src/main/java/com/barchart/http/server/HttpServer.java,production,,,,kill,10,public,True,True,,,,,ELIGIBLE,,,,,,,,,,2,0,,,,,,,,,EXCLUDED,setup,"RuntimeError: Repository setup failed after 3 attempts: CalledProcessError: Command '['git', '-c', 'core.longpaths=true', 'clone', '--depth', '1', 'https://github.com/barchart/barchart-http', 'G:\\FPT Specialized\\Ki 9\\SET490\\workspace\\ARROW\\repos\\6493570']' returned non-zero exit status 128.",10.029,G:\FPT Specialized\Ki 9\SET490\workspace\ARROW\runs\sample_selection\distributed\shard-1\candidates\01922_6493570_6493570_1
1927,103989411,103989411_4.json,https://github.com/uber/AthenaX,Planner,athenax-vm-compiler/src/main/java/com/uber/athenax/vm/compiler/planner/Planner.java,production,class,False,72,parse,14,@VisibleForTesting static,True,True,2,False,,10,ELIGIBLE,,maven,athenax-vm-compiler,junit4,${project.build.directory}/generated-sources,G:\FPT Specialized\Ki 9\SET490\workspace\ARROW\Java version\jdk-17,JDK ${project.build.directory}/generated-sources not mapped; using build.java_default,,1,2,2,MODULE_TESTS_PASSED|MODULE_TESTS_PASSED,True,1,com.uber.athenax.vm.compiler.planner.Planner,True,TARGET_TEST_PASSED,MODULE_TESTS_PASSED,MODULE_TESTS_PASSED,ELIGIBLE,,,120.668,G:\FPT Specialized\Ki 9\SET490\workspace\ARROW\runs\sample_selection\distributed\shard-1\candidates\01927_103989411_103989411_4
1932,72740687,72740687_51.json,https://github.com/gchq/stroom,TimePeriod,stroom-util/src/main/java/stroom/util/time/TimePeriod.java,production,,,,getDuration,3,public,False,True,,,,,EXCLUDED,trivial_focal_method,,,,,,,,,2,0,,,,,,,,,EXCLUDED,semantic_metadata,trivial_focal_method,0.011,G:\FPT Specialized\Ki 9\SET490\workspace\ARROW\runs\sample_selection\distributed\shard-1\candidates\01932_72740687_72740687_51
1937,43357646,43357646_1.json,https://github.com/robovm/robovm-store-app,RoboVMWebService,core/src/main/java/org/robovm/store/api/RoboVMWebService.java,production,class,False,185,getProducts,30,public,True,True,0,True,network,8,EXCLUDED,external_dependency_risk:network,,,,,,,,1,2,0,,,,,,,,,EXCLUDED,semantic,external_dependency_risk:network,2.342,G:\FPT Specialized\Ki 9\SET490\workspace\ARROW\runs\sample_selection\distributed\shard-1\candidates\01937_43357646_43357646_1
1942,24224646,24224646_5.json,https://github.com/neo4j/neo4j-ogm,ConfigurationUtils,api/src/main/java/org/neo4j/ogm/config/ConfigurationUtils.java,production,class,False,85,getResourceUrl,15,static,True,True,0,False,,10,ELIGIBLE,,maven,api,junit5,17,G:\FPT Specialized\Ki 9\SET490\workspace\ARROW\Java version\jdk-17,matched build.java_homes.java-17,,1,2,1,ASSERTION_FAILED,,,org.neo4j.ogm.config.ConfigurationUtils,,,,,EXCLUDED,baseline,[info] neo4j-ogm .......................................... failure [ 4.705 s],19.035,G:\FPT Specialized\Ki 9\SET490\workspace\ARROW\runs\sample_selection\distributed\shard-1\candidates\01942_24224646_24224646_5
1947,86871676,86871676_4.json,https://github.com/WillemJiang/acmeair,CustomerServiceImpl,acmeair-customer-service/src/main/java/com/acmeair/morphia/services/CustomerServiceImpl.java,production,class,False,70,createSession,6,@Override protected,False,True,0,False,,7,ELIGIBLE,,maven,acmeair-customer-service,junit4,8,G:\FPT Specialized\Ki 9\SET490\workspace\ARROW\Java version\jdk-8,matched build.java_homes.java-8,,1,2,1,COMPILE_FAILED,,,com.acmeair.morphia.services.CustomerServiceImpl,,,,,EXCLUDED,baseline,"exception in thread ""main"" java.lang.noclassdeffounderror: org<path>",7.524,G:\FPT Specialized\Ki 9\SET490\workspace\ARROW\runs\sample_selection\distributed\shard-1\candidates\01947_86871676_86871676_4
1952,10144081,10144081_94.json,https://github.com/j-easy/easy-random,LongRangeRandomizer,easy-random-core/src/main/java/org/jeasy/random/randomizers/range/LongRangeRandomizer.java,production,class,False,68,aNewLongRangeRandomizer,3,public static,False,True,2,False,,8,ELIGIBLE,,maven,.,junit5,17,G:\FPT Specialized\Ki 9\SET490\workspace\ARROW\Java version\jdk-17,matched build.java_homes.java-17,,1,2,2,MODULE_TESTS_PASSED|MODULE_TESTS_PASSED,True,0,org.jeasy.random.randomizers.range.LongRangeRandomizer,True,TARGET_TEST_PASSED,MODULE_TESTS_PASSED,MODULE_TESTS_PASSED,ELIGIBLE,,,99.695,G:\FPT Specialized\Ki 9\SET490\workspace\ARROW\runs\sample_selection\distributed\shard-1\candidates\01952_10144081_10144081_94
1957,78556475,78556475_2.json,https://github.com/Exlll/ConfigLib,YamlConfiguration,ConfigLib-Core/src/main/java/de/exlll/configlib/configs/yaml/YamlConfiguration.java,production,class,True,185,loadAndSave,13,public final,True,True,1,False,,10,EXCLUDED,non_concrete:class:abstract,,,,,,,49e5b56b5c47b49c7bfa242a5592a8931fe3a3be,1,2,0,,,,,,,,,EXCLUDED,semantic,non_concrete:class:abstract,6.892,G:\FPT Specialized\Ki 9\SET490\workspace\ARROW\runs\sample_selection\distributed\shard-1\candidates\01957_78556475_78556475_2
1962,78016530,78016530_1.json,https://github.com/Lambda-3/Indra,ANNIndex,indra-core/src/main/java/internal/com/spotify/annoy/ANNIndex.java,production,class,False,325,getNearest,62,@Override public final,True,True,2,True,filesystem,9,EXCLUDED,external_dependency_risk:filesystem,,,,,,,,1,2,0,,,,,,,,,EXCLUDED,semantic,external_dependency_risk:filesystem,3.658,G:\FPT Specialized\Ki 9\SET490\workspace\ARROW\runs\sample_selection\distributed\shard-1\candidates\01962_78016530_78016530_1
1967,161629108,161629108_28.json,https://github.com/PlatONnetwork/PlatON-Java,TimelinessValidator,core/src/main/java/org/platon/core/validator/TimelinessValidator.java,production,class,False,154,validateBlockHash,24,public,True,True,0,False,,10,ELIGIBLE,,gradle,core,junit4,8,G:\FPT Specialized\Ki 9\SET490\workspace\ARROW\Java version\jdk-8,matched build.java_homes.java-8,,1,2,1,COMPILE_FAILED,,,org.platon.core.validator.TimelinessValidator,,,,,EXCLUDED,baseline,error: could not find or load main class org.gradle.wrapper.gradlewrappermain,3.037,G:\FPT Specialized\Ki 9\SET490\workspace\ARROW\runs\sample_selection\distributed\shard-1\candidates\01967_161629108_161629108_28
1972,22824768,22824768_18.json,https://github.com/cfparser/cfparser,CFMLParser,cfml.parsing/src/main/java/cfml/parsing/CFMLParser.java,production,class,False,531,parseScript,8,public,True,True,0,True,filesystem,8,EXCLUDED,external_dependency_risk:filesystem,,,,,,,,1,2,0,,,,,,,,,EXCLUDED,semantic,external_dependency_risk:filesystem,3.661,G:\FPT Specialized\Ki 9\SET490\workspace\ARROW\runs\sample_selection\distributed\shard-1\candidates\01972_22824768_22824768_18
1977,6278839,6278839_0.json,https://github.com/miho/VWorkflows,ConnectionEvent,VWorkflows-Core/src/main/java/eu/mihosoft/vrl/workflow/ConnectionEvent.java,production,,,,getConnection,3,public,False,True,,,,,EXCLUDED,trivial_focal_method,,,,,,,,,2,0,,,,,,,,,EXCLUDED,semantic_metadata,trivial_focal_method,0.024,G:\FPT Specialized\Ki 9\SET490\workspace\ARROW\runs\sample_selection\distributed\shard-1\candidates\01977_6278839_6278839_0
1982,3513191,3513191_102.json,https://github.com/te-con/ehour,CustomerServiceImpl,eHour-service/src/main/java/net/rrm/ehour/customer/service/CustomerServiceImpl.java,production,,,,getCustomers,5,@Override @Transactional(readOnly = true) public,False,True,,,,,EXCLUDED,trivial_focal_method,,,,,,,,,2,0,,,,,,,,,EXCLUDED,semantic_metadata,trivial_focal_method,0.012,G:\FPT Specialized\Ki 9\SET490\workspace\ARROW\runs\sample_selection\distributed\shard-1\candidates\01982_3513191_3513191_102
1987,29603649,29603649_73.json,https://github.com/epam/Wilma,LuceneEngineFacade,wilma-message-search/modules/wilma-message-search-lucene/src/main/java/com/epam/wilma/message/search/lucene/LuceneEngineFacade.java,production,,,,addFileToIndex,4,@Override public,False,False,,,,,EXCLUDED,no_observable_behavior,,,,,,,,,2,0,,,,,,,,,EXCLUDED,semantic_metadata,no_observable_behavior,0.017,G:\FPT Specialized\Ki 9\SET490\workspace\ARROW\runs\sample_selection\distributed\shard-1\candidates\01987_29603649_29603649_73
1992,90881605,90881605_0.json,https://github.com/mbari-media-management/vars-annotation,VideoIndexUtils,org.mbari.vars.services/src/main/java/org/mbari/vars/services/util/VideoIndexUtils.java,production,class,False,75,resolve,21,public static,True,True,0,False,,9,ELIGIBLE,,gradle,org.mbari.vars.services,junit4,11,G:\FPT Specialized\Ki 9\SET490\workspace\ARROW\Java version\jdk-11,matched build.java_homes.java-11,a6ca368103ec2c633f0b1dd3e99bd06cc18aa492,1,2,1,ASSERTION_FAILED,,,org.mbari.vars.services.util.VideoIndexUtils,,,,,EXCLUDED,baseline,- improved error messages for unexpected failures,76.569,G:\FPT Specialized\Ki 9\SET490\workspace\ARROW\runs\sample_selection\distributed\shard-1\candidates\01992_90881605_90881605_0
1997,21500212,21500212_0.json,https://github.com/brucechan0921/RocketMQ-3.0.8,ConsumerOffsetManager,rocketmq-broker/src/main/java/com/alibaba/rocketmq/broker/offset/ConsumerOffsetManager.java,production,,,,commitOffset,8,public,False,False,,,,,EXCLUDED,no_observable_behavior,,,,,,,,,2,0,,,,,,,,,EXCLUDED,semantic_metadata,no_observable_behavior,0.011,G:\FPT Specialized\Ki 9\SET490\workspace\ARROW\runs\sample_selection\distributed\shard-1\candidates\01997_21500212_21500212_0
2002,235577942,235577942_376.json,https://github.com/BurningOKR/BurningOKR,NoteService,backend/burning-okr/burning-okr-logic/src/main/java/org/burningokr/service/okr/NoteService.java,production,class,False,65,updateNote,8,@Transactional public,False,True,2,True,framework_context,6,EXCLUDED,external_dependency_risk:framework_context;testability_score_below_7,,,,,,,,1,2,0,,,,,,,,,EXCLUDED,semantic,external_dependency_risk:framework_context;testability_score_below_7,4.140,G:\FPT Specialized\Ki 9\SET490\workspace\ARROW\runs\sample_selection\distributed\shard-1\candidates\02002_235577942_235577942_376
2007,97570753,97570753_0.json,https://github.com/infinum/thrifty-retrofit-converter,ThriftyConverterFactory,retrofit-converter-thrifty/src/main/java/co/infinum/thrifty/ThriftyConverterFactory.java,production,class,False,65,create,3,public static,False,True,1,True,network,6,EXCLUDED,external_dependency_risk:network;testability_score_below_7,,,,,,,bfa1a383938e44585a7fd58b70520046f539e85b,1,2,0,,,,,,,,,EXCLUDED,semantic,external_dependency_risk:network;testability_score_below_7,4.723,G:\FPT Specialized\Ki 9\SET490\workspace\ARROW\runs\sample_selection\distributed\shard-1\candidates\02007_97570753_97570753_0
2012,2562371,2562371_14.json,https://github.com/gumartinm/JavaForFun,Calculator,TDD/tdd/src/main/java/de/example/tdd/Calculator.java,production,class,False,9,sum,3,public,False,True,0,False,,7,ELIGIBLE,,maven,TDD\tdd,junit4,8,G:\FPT Specialized\Ki 9\SET490\workspace\ARROW\Java version\jdk-8,matched build.java_homes.java-8,,1,2,2,MODULE_TESTS_PASSED|MODULE_TESTS_PASSED,True,0,de.example.tdd.Calculator,True,TARGET_TEST_PASSED,MODULE_TESTS_PASSED,MODULE_TESTS_PASSED,ELIGIBLE,,,30.411,G:\FPT Specialized\Ki 9\SET490\workspace\ARROW\runs\sample_selection\distributed\shard-1\candidates\02012_2562371_2562371_14
2017,45991588,45991588_0.json,https://github.com/codecov/example-android,NumberProvider,sample-app/src/main/java/com/dicedmelon/example/android/NumberProvider.java,production,class,False,6,provideNumber,3,public,False,True,0,False,,7,ELIGIBLE,,gradle,sample-app,junit4,unknown,G:\FPT Specialized\Ki 9\SET490\workspace\ARROW\Java version\jdk-11,Gradle 6.7.1 requires compatible JDK 11; matched build.java_homes.java-11,,1,2,1,ASSERTION_FAILED,,,com.dicedmelon.example.android.NumberProvider,,,,,EXCLUDED,baseline,failure: build failed with an exception.,35.338,G:\FPT Specialized\Ki 9\SET490\workspace\ARROW\runs\sample_selection\distributed\shard-1\candidates\02017_45991588_45991588_0
2022,205407,205407_48.json,https://github.com/apache/directory-studio,OpenLdapAclParser,plugins/openldap.acl.editor/src/main/java/org/apache/directory/studio/openldap/config/acl/model/OpenLdapAclParser.java,production,class,False,111,parse,20,public synchronized,True,True,0,False,,10,ELIGIBLE,,maven,plugins\openldap.acl.editor,junit5,8,G:\FPT Specialized\Ki 9\SET490\workspace\ARROW\Java version\jdk-8,matched build.java_homes.java-8,,1,2,1,COMPILE_FAILED,,,org.apache.directory.studio.openldap.config.acl.model.OpenLdapAclParser,,,,,EXCLUDED,baseline,"caused by: java.lang.unsupportedclassversionerror: org<path> has been compiled by a more recent version of the java runtime (class file version 55.0), this version of the java runtime only recognizes class file versions up to 52.0",23.459,G:\FPT Specialized\Ki 9\SET490\workspace\ARROW\runs\sample_selection\distributed\shard-1\candidates\02022_205407_205407_48
2027,119921993,119921993_3.json,https://github.com/chenrenfei/sagacity-sqltoy,MacroIfLogic,trunk/sqltoy-orm/src/main/java/org/sagacity/sqltoy/utils/MacroIfLogic.java,production,,,,include,31,private static,True,True,,,,,EXCLUDED,focal_method_not_directly_testable,,,,,,,,,2,0,,,,,,,,,EXCLUDED,semantic_metadata,focal_method_not_directly_testable,0.013,G:\FPT Specialized\Ki 9\SET490\workspace\ARROW\runs\sample_selection\distributed\shard-1\candidates\02027_119921993_119921993_3
2032,44411821,44411821_16.json,https://github.com/eBay/Eagle,DateTimeUtil,eagle-core/eagle-query/eagle-common/src/main/java/org/apache/eagle/common/DateTimeUtil.java,production,,,,roundDown,16,public static,True,True,,,,,ELIGIBLE,,,,,,,,,,2,0,,,,,,,,,EXCLUDED,setup,"RuntimeError: Repository setup failed after 3 attempts: CalledProcessError: Command '['git', '-c', 'core.longpaths=true', 'clone', '--depth', '1', 'https://github.com/eBay/Eagle', 'G:\\FPT Specialized\\Ki 9\\SET490\\workspace\\ARROW\\repos\\44411821']' returned non-zero exit status 128.",9.533,G:\FPT Specialized\Ki 9\SET490\workspace\ARROW\runs\sample_selection\distributed\shard-1\candidates\02032_44411821_44411821_16
2037,72816730,72816730_9.json,https://github.com/typ0520/bizsocket,BizSocketCall,bizsocket-rx1/src/main/java/bizsocket/rx1/BizSocketCall.java,production,class,False,93,call,28,public,True,True,0,False,,9,ELIGIBLE,,gradle,bizsocket-rx1,junit4,7,G:\FPT Specialized\Ki 9\SET490\workspace\ARROW\Java version\jdk-8,using compatible JDK 8 from build.java_homes.java-8 for Java 7,,1,2,1,ASSERTION_FAILED,,,bizsocket.rx1.BizSocketCall,,,,,EXCLUDED,baseline,failure: build failed with an exception.,12.078,G:\FPT Specialized\Ki 9\SET490\workspace\ARROW\runs\sample_selection\distributed\shard-1\candidates\02037_72816730_72816730_9
2042,117256380,117256380_0.json,https://github.com/janbodnar/Java-Advanced,MathUtils,junit5/beforeall/MathUtils.java,nonstandard,,,,sum,4,public static,False,True,,,,,EXCLUDED,source_layout:nonstandard,,,,,,,,,2,0,,,,,,,,,EXCLUDED,semantic_metadata,source_layout:nonstandard,0.013,G:\FPT Specialized\Ki 9\SET490\workspace\ARROW\runs\sample_selection\distributed\shard-1\candidates\02042_117256380_117256380_0
2047,33368284,33368284_1.json,https://github.com/domeide/doclipser,DockerClientJavaApi,com.zenika.doclipser.api/src/main/java/com/zenika/doclipser/api/DockerClientJavaApi.java,production,,,,defaultBuildCommand,24,@Override public,True,False,,,,,EXCLUDED,no_observable_behavior,,,,,,,,,2,0,,,,,,,,,EXCLUDED,semantic_metadata,no_observable_behavior,0.014,G:\FPT Specialized\Ki 9\SET490\workspace\ARROW\runs\sample_selection\distributed\shard-1\candidates\02047_33368284_33368284_1
2052,70584705,70584705_4.json,https://github.com/dianping/pigeon,Utils,pigeon-extensions/pigeon-registry-zookeeper/src/main/java/com/dianping/pigeon/registry/zookeeper/Utils.java,production,,,,getServiceIpPortList,25,public static,True,True,,,,,ELIGIBLE,,,,,,,,,,2,0,,,,,,,,,EXCLUDED,setup,"RuntimeError: Repository setup failed after 3 attempts: CalledProcessError: Command '['git', '-c', 'core.longpaths=true', 'clone', '--depth', '1', 'https://github.com/dianping/pigeon', 'G:\\FPT Specialized\\Ki 9\\SET490\\workspace\\ARROW\\repos\\70584705']' returned non-zero exit status 128.",11.556,G:\FPT Specialized\Ki 9\SET490\workspace\ARROW\runs\sample_selection\distributed\shard-1\candidates\02052_70584705_70584705_4
2057,43142077,43142077_1.json,https://github.com/mybatis/spring-boot-starter,CityDao,mybatis-spring-boot-samples/mybatis-spring-boot-sample-xml/src/main/java/sample/mybatis/dao/CityDao.java,production,class,False,32,selectCityById,3,public,False,True,1,False,,8,ELIGIBLE,,maven,mybatis-spring-boot-samples\mybatis-spring-boot-sample-xml,junit5,unknown,G:\FPT Specialized\Ki 9\SET490\workspace\ARROW\Java version\jdk-17,no project java version detected; using build.java_default,bc8861bd9f7d34e8165dd7a310e579b9899ba1b5,1,2,2,MODULE_TESTS_PASSED|MODULE_TESTS_PASSED,True,1,sample.mybatis.dao.CityDao,True,TARGET_TEST_PASSED,MODULE_TESTS_PASSED,MODULE_TESTS_PASSED,ELIGIBLE,,,305.565,G:\FPT Specialized\Ki 9\SET490\workspace\ARROW\runs\sample_selection\distributed\shard-1\candidates\02057_43142077_43142077_1
2062,119080111,119080111_105.json,https://github.com/felixreimann/opt4j,AbstractArchive,opt4j-core/src/main/java/org/opt4j/core/common/archive/AbstractArchive.java,production,,,,removeArchiveDominated,16,protected,True,False,,,,,EXCLUDED,no_observable_behavior,,,,,,,,,2,0,,,,,,,,,EXCLUDED,semantic_metadata,no_observable_behavior,0.014,G:\FPT Specialized\Ki 9\SET490\workspace\ARROW\runs\sample_selection\distributed\shard-1\candidates\02062_119080111_119080111_105
2067,899555,899555_51.json,https://github.com/errai/errai,JBossVfsDir,errai-jboss-as-support/src/main/java/org/jboss/errai/common/metadata/JBossVfsDir.java,production,class,False,97,getFiles,40,@Override public,True,True,1,False,,10,ELIGIBLE,,maven,errai-jboss-as-support,junit4,17,G:\FPT Specialized\Ki 9\SET490\workspace\ARROW\Java version\jdk-17,matched build.java_homes.java-17,,1,2,2,MODULE_TESTS_PASSED|MODULE_TESTS_PASSED,True,0,org.jboss.errai.common.metadata.JBossVfsDir,True,TARGET_TEST_PASSED,MODULE_TESTS_PASSED,MODULE_TESTS_PASSED,ELIGIBLE,,,333.398,G:\FPT Specialized\Ki 9\SET490\workspace\ARROW\runs\sample_selection\distributed\shard-1\candidates\02067_899555_899555_51
2072,184471389,184471389_25.json,https://github.com/adobe/aem-core-cif-components,PreviewServlet,bundles/core/src/main/java/com/adobe/cq/commerce/core/components/internal/servlets/PreviewServlet.java,production,,,,doGet,25,protected,True,False,,,,,EXCLUDED,no_observable_behavior,,,,,,,,,2,0,,,,,,,,,EXCLUDED,semantic_metadata,no_observable_behavior,0.015,G:\FPT Specialized\Ki 9\SET490\workspace\ARROW\runs\sample_selection\distributed\shard-1\candidates\02072_184471389_184471389_25
2077,25032213,25032213_23.json,https://github.com/akquinet/vaadinator,TimesheetDayEntryChangePresenterImplEx,VaadinatorExample/Timesheet/src/main/java/de/akquinet/engineering/vaadinator/timesheet/ui/std/presenter/TimesheetDayEntryChangePresenterImplEx.java,production,,,,saveToModel,4,@Override public,False,False,,,,,EXCLUDED,no_observable_behavior,,,,,,,,,2,0,,,,,,,,,EXCLUDED,semantic_metadata,no_observable_behavior,0.015,G:\FPT Specialized\Ki 9\SET490\workspace\ARROW\runs\sample_selection\distributed\shard-1\candidates\02077_25032213_25032213_23
2082,148614148,148614148_0.json,https://github.com/Zhuinden/command-queue,CommandQueue,command-queue/src/main/java/com/zhuinden/commandqueue/CommandQueue.java,production,class,False,154,sendEvent,12,public,True,True,0,False,,9,ELIGIBLE,,gradle,.,junit4,7,G:\FPT Specialized\Ki 9\SET490\workspace\ARROW\Java version\jdk-8,using compatible JDK 8 from build.java_homes.java-8 for Java 7,,1,2,2,MODULE_TESTS_PASSED|MODULE_TESTS_PASSED,True,0,com.zhuinden.commandqueue.CommandQueue,True,TARGET_TEST_PASSED,MODULE_TESTS_PASSED,MODULE_TESTS_PASSED,ELIGIBLE,,,60.287,G:\FPT Specialized\Ki 9\SET490\workspace\ARROW\runs\sample_selection\distributed\shard-1\candidates\02082_148614148_148614148_0
2087,232712706,232712706_10.json,https://github.com/jimdb-org/jimdb,NettyClient,jimsql/jim-rpc/src/main/java/io/jimdb/rpc/client/NettyClient.java,production,,,,send,11,public,True,True,,,,,ELIGIBLE,,,,,,,,,,2,0,,,,,,,,,EXCLUDED,setup,"RuntimeError: Repository setup failed after 3 attempts: CalledProcessError: Command '['git', '-c', 'core.longpaths=true', 'clone', '--depth', '1', 'https://github.com/jimdb-org/jimdb', 'G:\\FPT Specialized\\Ki 9\\SET490\\workspace\\ARROW\\repos\\232712706']' returned non-zero exit status 128.",17.024,G:\FPT Specialized\Ki 9\SET490\workspace\ARROW\runs\sample_selection\distributed\shard-1\candidates\02087_232712706_232712706_10
2092,5194874,5194874_14.json,https://github.com/openmrs/openmrs-module-hl7query,HL7TemplateFunctions,api/src/main/java/org/openmrs/module/hl7query/HL7TemplateFunctions.java,production,class,False,191,formatDate,13,public,True,True,0,False,,9,ELIGIBLE,,maven,api,junit4,6,G:\FPT Specialized\Ki 9\SET490\workspace\ARROW\Java version\jdk-8,using compatible JDK 8 from build.java_homes.java-8 for Java 6,,1,2,1,RUNTIME_FAILED,,,org.openmrs.module.hl7query.HL7TemplateFunctions,,,,,EXCLUDED,baseline,error:java.lang.illegalstateexception:failed to transform class with name org.openmrs.module.hl7query.hl7messageheadertest. reason: java.io.ioexception: invalid constant type: 18,101.594,G:\FPT Specialized\Ki 9\SET490\workspace\ARROW\runs\sample_selection\distributed\shard-1\candidates\02092_5194874_5194874_14
2097,47840491,47840491_1.json,https://github.com/subes/invesdwin-nowicket,FootwearIndustryReportParser,invesdwin-nowicket-examples/invesdwin-nowicket-examples-mvp-bsgcoach/src/main/java/com/bsgcoach/reports/fir/parser/FootwearIndustryReportParser.java,production,class,False,32,call,16,@Override public,True,True,1,False,,10,ELIGIBLE,,maven,invesdwin-nowicket-examples\invesdwin-nowicket-examples-mvp-bsgcoach,junit5,8,G:\FPT Specialized\Ki 9\SET490\workspace\ARROW\Java version\jdk-8,matched build.java_homes.java-8,,1,2,1,ASSERTION_FAILED,,,com.bsgcoach.reports.fir.parser.FootwearIndustryReportParser,,,,,EXCLUDED,baseline,"org.eclipse.aether.transfer.checksumfailureexception: checksum validation failed, no checksums available",313.898,G:\FPT Specialized\Ki 9\SET490\workspace\ARROW\runs\sample_selection\distributed\shard-1\candidates\02097_47840491_47840491_1
2102,17971138,17971138_138.json,https://github.com/apache/tajo,StatisticsUtil,tajo-catalog/tajo-catalog-common/src/main/java/org/apache/tajo/catalog/statistics/StatisticsUtil.java,production,,,,aggregateTableStat,38,public static,True,False,,,,,EXCLUDED,no_observable_behavior,,,,,,,,,2,0,,,,,,,,,EXCLUDED,semantic_metadata,no_observable_behavior,0.014,G:\FPT Specialized\Ki 9\SET490\workspace\ARROW\runs\sample_selection\distributed\shard-1\candidates\02102_17971138_17971138_138
2107,71171131,71171131_2.json,https://github.com/spotify/android-auth,AuthorizationRequest,auth-lib/src/main/java/com/spotify/sdk/android/auth/AuthorizationRequest.java,production,class,False,248,toUri,25,public,True,True,1,False,,10,ELIGIBLE,,gradle,auth-lib,junit4,unknown,G:\FPT Specialized\Ki 9\SET490\workspace\ARROW\Java version\jdk-17,Gradle 7.5 requires compatible JDK 17; matched build.java_homes.java-17,beed47db624eea2cb555634387a98f34fc92f81e,1,2,1,ASSERTION_FAILED,,,com.spotify.sdk.android.auth.AuthorizationRequest,,,,,EXCLUDED,baseline,failure: build failed with an exception.,57.561,G:\FPT Specialized\Ki 9\SET490\workspace\ARROW\runs\sample_selection\distributed\shard-1\candidates\02107_71171131_71171131_2
2112,11217397,11217397_2.json,https://github.com/jan-molak/jenkins-build-monitor-plugin,CanBeClaimed,build-monitor-plugin/src/main/java/com/smartcodeltd/jenkinsci/plugins/buildmonitor/viewmodel/features/CanBeClaimed.java,production,class,False,52,of,5,@Override public,False,True,0,False,,7,ELIGIBLE,,maven,.,junit5,unknown,G:\FPT Specialized\Ki 9\SET490\workspace\ARROW\Java version\jdk-17,no project java version detected; using build.java_default,,1,2,1,BUILD_TIMEOUT,,,com.smartcodeltd.jenkinsci.plugins.buildmonitor.viewmodel.features.CanBeClaimed,,,,,EXCLUDED,baseline,build timeout,902.710,G:\FPT Specialized\Ki 9\SET490\workspace\ARROW\runs\sample_selection\distributed\shard-1\candidates\02112_11217397_11217397_2
2117,39477878,39477878_5.json,https://github.com/atlassian/commonmark-java,LinkReferenceDefinitionParser,commonmark/src/main/java/org/commonmark/internal/LinkReferenceDefinitionParser.java,production,,,,label,31,private,True,True,,,,,EXCLUDED,focal_method_not_directly_testable,,,,,,,,,2,0,,,,,,,,,EXCLUDED,semantic_metadata,focal_method_not_directly_testable,0.013,G:\FPT Specialized\Ki 9\SET490\workspace\ARROW\runs\sample_selection\distributed\shard-1\candidates\02117_39477878_39477878_5
2122,10277647,10277647_1.json,https://github.com/jvanzyl/provisio,ModeParser,provisio-core/src/main/java/ca/vanzyl/provisio/perms/ModeParser.java,production,class,False,134,parseOne,26,static,True,True,0,False,,10,ELIGIBLE,,maven,provisio-core,junit4,11,G:\FPT Specialized\Ki 9\SET490\workspace\ARROW\Java version\jdk-11,matched build.java_homes.java-11,,1,2,1,ASSERTION_FAILED,,,ca.vanzyl.provisio.perms.ModeParser,,,,,EXCLUDED,baseline,[info] provisio ........................................... failure [ 1.114 s],20.644,G:\FPT Specialized\Ki 9\SET490\workspace\ARROW\runs\sample_selection\distributed\shard-1\candidates\02122_10277647_10277647_1
2127,86651310,86651310_1.json,https://github.com/OpenBW/BWAPI4J,Altitude,BWAPI4J/src/main/java/bwem/typedef/Altitude.java,production,class,False,53,compareTo,4,@Override public,False,True,1,False,,7,ELIGIBLE,,gradle,.,junit4,unknown,G:\FPT Specialized\Ki 9\SET490\workspace\ARROW\Java version\jdk-8,Gradle 4.10.2 requires compatible JDK 8; matched build.java_homes.java-8,,1,2,2,MODULE_TESTS_PASSED|MODULE_TESTS_PASSED,True,1,bwem.typedef.Altitude,True,TARGET_TEST_PASSED,MODULE_TESTS_PASSED,MODULE_TESTS_PASSED,ELIGIBLE,,,69.405,G:\FPT Specialized\Ki 9\SET490\workspace\ARROW\runs\sample_selection\distributed\shard-1\candidates\02127_86651310_86651310_1
2132,9812178,9812178_129.json,https://github.com/topicusonderwijs/tribe-krd-opensource,CompoundHibernateInterceptor,cobra/hibernate/src/main/java/nl/topicus/cobra/hibernate/CompoundHibernateInterceptor.java,production,class,False,318,getEntity,13,@Override public,True,True,0,False,,9,ELIGIBLE,,maven,cobra\hibernate,junit4,unknown,G:\FPT Specialized\Ki 9\SET490\workspace\ARROW\Java version\jdk-17,no project java version detected; using build.java_default,,1,2,1,RUNTIME_FAILED,,,nl.topicus.cobra.hibernate.CompoundHibernateInterceptor,,,,,EXCLUDED,baseline,[error] [error] some problems were encountered while processing the poms:,13.384,G:\FPT Specialized\Ki 9\SET490\workspace\ARROW\runs\sample_selection\distributed\shard-1\candidates\02132_9812178_9812178_129
2137,149780295,149780295_33.json,https://github.com/SonarSource/sonar-training-examples,CoverageMetrics,coverage-metrics/src/main/java/coverage_metrics/CoverageMetrics.java,production,class,False,15,f,7,public,True,True,0,False,,9,ELIGIBLE,,maven,coverage-metrics,junit4,8,G:\FPT Specialized\Ki 9\SET490\workspace\ARROW\Java version\jdk-8,matched build.java_homes.java-8,,1,2,2,MODULE_TESTS_PASSED|MODULE_TESTS_PASSED,True,0,coverage_metrics.CoverageMetrics,True,TARGET_TEST_PASSED,MODULE_TESTS_PASSED,MODULE_TESTS_PASSED,ELIGIBLE,,,50.401,G:\FPT Specialized\Ki 9\SET490\workspace\ARROW\runs\sample_selection\distributed\shard-1\candidates\02137_149780295_149780295_33
2142,5426789,5426789_13.json,https://github.com/need4spd/crescent,CustomQueryStringParser,crescent_core_web/src/main/java/com/tistory/devyongsik/crescent/query/CustomQueryStringParser.java,production,class,False,263,getQuery,7,protected,True,True,0,False,,9,ELIGIBLE,,gradle,crescent_core_web,junit4,11,G:\FPT Specialized\Ki 9\SET490\workspace\ARROW\Java version\jdk-11,matched build.java_homes.java-11,,1,2,2,MODULE_TESTS_PASSED|MODULE_TESTS_PASSED,True,0,com.tistory.devyongsik.crescent.query.CustomQueryStringParser,True,TARGET_TEST_PASSED,MODULE_TESTS_PASSED,MODULE_TESTS_PASSED,ELIGIBLE,,,91.151,G:\FPT Specialized\Ki 9\SET490\workspace\ARROW\runs\sample_selection\distributed\shard-1\candidates\02142_5426789_5426789_13
2147,182082980,182082980_2.json,https://github.com/pe4ch/cve-hub,SshUriPropertyProcessor,cve-2019-3799/spring-cloud-config/spring-cloud-config-server/src/main/java/org/springframework/cloud/config/server/ssh/SshUriPropertyProcessor.java,production,,,,getSshKeysByHostname,3,public,False,True,,,,,EXCLUDED,trivial_focal_method,,,,,,,,,2,0,,,,,,,,,EXCLUDED,semantic_metadata,trivial_focal_method,0.011,G:\FPT Specialized\Ki 9\SET490\workspace\ARROW\runs\sample_selection\distributed\shard-1\candidates\02147_182082980_182082980_2
2152,1076094,1076094_96.json,https://github.com/motech/MOTECH-Mobile,ClickatellGatewayManagerImpl,motech-mobile-omp/src/main/java/org/motechproject/mobile/omp/manager/clickatell/ClickatellGatewayManagerImpl.java,production,class,False,230,mapMessageStatus,3,public,False,True,0,True,network,6,EXCLUDED,external_dependency_risk:network;testability_score_below_7,,,,,,,,1,2,0,,,,,,,,,EXCLUDED,semantic,external_dependency_risk:network;testability_score_below_7,2.736,G:\FPT Specialized\Ki 9\SET490\workspace\ARROW\runs\sample_selection\distributed\shard-1\candidates\02152_1076094_1076094_96
2157,186642789,186642789_2.json,https://github.com/vmzakharov/mutate-test-kata,Company,kata/src/main/java/mtk/domain/Company.java,production,,,,getName,4,public,False,True,,,,,EXCLUDED,trivial_focal_method,,,,,,,,,2,0,,,,,,,,,EXCLUDED,semantic_metadata,trivial_focal_method,0.010,G:\FPT Specialized\Ki 9\SET490\workspace\ARROW\runs\sample_selection\distributed\shard-1\candidates\02157_186642789_186642789_2
2162,1350993,1350993_0.json,https://github.com/sonatype/hudson-jsr330,Smoothie,matrix-smoothie/src/main/java/com/sonatype/matrix/smoothie/Smoothie.java,production,class,False,79,getContainer,7,public static synchronized,True,True,0,False,,10,ELIGIBLE,,maven,matrix-smoothie,junit4,"def buildDir = new File(project.build.directory)
                                        def smoothieHudsonDir = new File(buildDir, 'smoothie-hudson')
                                        ant.mkdir(dir: smoothieHudsonDir)

                                        def stockHudsonWar = new File(buildDir, 'stock-hudson.war')
                                        ant.unzip(src: stockHudsonWar, dest: smoothieHudsonDir) {
                                            patternset {
                                                // exclude the signing bits
                                                exclude(name: 'META-INF/HUDSON.*')
                                            }
                                        }

                                        ant.copy(todir: new File(smoothieHudsonDir, 'WEB-INF/lib')) {
                                            fileset(dir: buildDir) {
                                                include(name: 'matrix-smoothie-*.jar')
                                            }

                                            fileset(dir: new File(buildDir, 'dependency')) {
                                                include(name: '*.jar')
                                            }
                                        }

                                        def smoothieHudsonWar = new File(buildDir, 'smoothie-hudson.war')
                                        ant.jar(destfile: smoothieHudsonWar, manifest: new File(smoothieHudsonDir, 'META-INF/MANIFEST.MF')) {
                                            fileset(dir: smoothieHudsonDir) {
                                                include(name: '**')
                                            }
                                        }",G:\FPT Specialized\Ki 9\SET490\workspace\ARROW\Java version\jdk-17,"JDK def buildDir = new File(project.build.directory)
                                        def smoothieHudsonDir = new File(buildDir, 'smoothie-hudson')
                                        ant.mkdir(dir: smoothieHudsonDir)

                                        def stockHudsonWar = new File(buildDir, 'stock-hudson.war')
                                        ant.unzip(src: stockHudsonWar, dest: smoothieHudsonDir) {
                                            patternset {
                                                // exclude the signing bits
                                                exclude(name: 'META-INF/HUDSON.*')
                                            }
                                        }

                                        ant.copy(todir: new File(smoothieHudsonDir, 'WEB-INF/lib')) {
                                            fileset(dir: buildDir) {
                                                include(name: 'matrix-smoothie-*.jar')
                                            }

                                            fileset(dir: new File(buildDir, 'dependency')) {
                                                include(name: '*.jar')
                                            }
                                        }

                                        def smoothieHudsonWar = new File(buildDir, 'smoothie-hudson.war')
                                        ant.jar(destfile: smoothieHudsonWar, manifest: new File(smoothieHudsonDir, 'META-INF/MANIFEST.MF')) {
                                            fileset(dir: smoothieHudsonDir) {
                                                include(name: '**')
                                            }
                                        } not mapped; using build.java_default",,1,2,1,ASSERTION_FAILED,,,com.sonatype.matrix.smoothie.Smoothie,,,,,EXCLUDED,baseline,[info] matrix smoothie .................................... failure [01:<n> min],118.854,G:\FPT Specialized\Ki 9\SET490\workspace\ARROW\runs\sample_selection\distributed\shard-1\candidates\02162_1350993_1350993_0
2167,72736755,72736755_0.json,https://github.com/gchq/event-logging,DefaultEventSerializer,event-logging-base/src/main/java/event/logging/base/impl/DefaultEventSerializer.java,production,class,False,70,serialize,4,@Override public,False,True,0,False,,7,ELIGIBLE,,gradle,event-logging-base,junit5,11,G:\FPT Specialized\Ki 9\SET490\workspace\ARROW\Java version\jdk-11,matched build.java_homes.java-11,,1,2,1,COMPILE_FAILED,,,event.logging.base.impl.DefaultEventSerializer,,,,,EXCLUDED,baseline,<path> specialized\ki 9\set490\workspace\arrow\runs\sample_selection\distributed\shard-1\candidates\02167_72736755_72736755_0\workspace\event-logging-api\src\main\java\event\logging\advancedquery.java:<n>: error: illegal start of expression,107.627,G:\FPT Specialized\Ki 9\SET490\workspace\ARROW\runs\sample_selection\distributed\shard-1\candidates\02167_72736755_72736755_0
2172,88274548,88274548_0.json,https://github.com/rosette-api/rosette-elasticsearch-plugin,RosetteAbstractProcessor,plugin/src/main/java/com/rosette/elasticsearch/RosetteAbstractProcessor.java,production,class,True,71,execute,22,@Override public,True,True,6,False,,8,EXCLUDED,non_concrete:class:abstract,,,,,,,,1,2,0,,,,,,,,,EXCLUDED,semantic,non_concrete:class:abstract,75.191,G:\FPT Specialized\Ki 9\SET490\workspace\ARROW\runs\sample_selection\distributed\shard-1\candidates\02172_88274548_88274548_0
2177,241224534,241224534_0.json,https://github.com/ververica/flink-statefun-workshop,TransactionManager,statefun-workshop-functions/src/main/java/com/ververica/statefun/workshop/functions/TransactionManager.java,production,,,,invoke,41,@Override public,True,True,,,,,ELIGIBLE,,,,,,,,,1,2,0,,,,,,,,,EXCLUDED,setup,FileNotFoundError: Cannot resolve focal class path: statefun-workshop-functions/src/main/java/com/ververica/statefun/workshop/functions/TransactionManager.java,4.199,G:\FPT Specialized\Ki 9\SET490\workspace\ARROW\runs\sample_selection\distributed\shard-1\candidates\02177_241224534_241224534_0
2182,5455433,5455433_8.json,https://github.com/RestComm/media-core,RestrictedNetworkGuard,network/src/main/java/org/restcomm/media/core/network/deprecated/channel/RestrictedNetworkGuard.java,production,class,False,50,isSecure,10,@Override public,True,True,2,False,,9,ELIGIBLE,,maven,network,junit4,unknown,G:\FPT Specialized\Ki 9\SET490\workspace\ARROW\Java version\jdk-17,no project java version detected; using build.java_default,,1,2,1,RUNTIME_FAILED,,,org.restcomm.media.core.network.deprecated.channel.RestrictedNetworkGuard,,,,,EXCLUDED,baseline,[error] [error] some problems were encountered while processing the poms:,15.156,G:\FPT Specialized\Ki 9\SET490\workspace\ARROW\runs\sample_selection\distributed\shard-1\candidates\02182_5455433_5455433_8
2187,118768968,118768968_1.json,https://github.com/opencypher/cypher-for-gremlin,GremlinServerStatementResult,tinkerpop/cypher-gremlin-neo4j-driver/src/main/java/org/opencypher/gremlin/neo4j/driver/GremlinServerStatementResult.java,production,class,False,93,list,6,@Override public,False,True,4,False,,7,ELIGIBLE,,gradle,.,junit4,8,G:\FPT Specialized\Ki 9\SET490\workspace\ARROW\Java version\jdk-8,matched build.java_homes.java-8,,1,2,1,ASSERTION_FAILED,,,org.opencypher.gremlin.neo4j.driver.GremlinServerStatementResult,,,,,EXCLUDED,baseline,failure: build failed with an exception.,52.254,G:\FPT Specialized\Ki 9\SET490\workspace\ARROW\runs\sample_selection\distributed\shard-1\candidates\02187_118768968_118768968_1
2192,47182929,47182929_0.json,https://github.com/labcabrera/lab-insurance,CalendarService,insurance-common/src/main/java/org/lab/insurance/common/services/calendar/CalendarService.java,production,class,False,33,getNextLaboralDay,17,public,True,True,0,False,,9,ELIGIBLE,,gradle,.,junit4,8,G:\FPT Specialized\Ki 9\SET490\workspace\ARROW\Java version\jdk-8,matched build.java_homes.java-8,,1,2,1,TOOL_ERROR,,,org.lab.insurance.common.services.calendar.CalendarService,,,,,EXCLUDED,baseline,[WinError 2] The system cannot find the file specified,2.314,G:\FPT Specialized\Ki 9\SET490\workspace\ARROW\runs\sample_selection\distributed\shard-1\candidates\02192_47182929_47182929_0
2197,1511246,1511246_8.json,https://github.com/junit-team/junit.contrib,CompilingProxyFactory,assertthrows/src/main/java/org/junit/contrib/assertthrows/proxy/CompilingProxyFactory.java,production,class,False,485,createProxy,16,"@SuppressWarnings(""unchecked"") public",True,True,0,False,,9,ELIGIBLE,,maven,assertthrows,junit4,5,G:\FPT Specialized\Ki 9\SET490\workspace\ARROW\Java version\jdk-8,using compatible JDK 8 from build.java_homes.java-8 for Java 5,,1,2,1,COMPILE_FAILED,,,org.junit.contrib.assertthrows.proxy.CompilingProxyFactory,,,,,EXCLUDED,baseline,caused by: java.lang.classnotfoundexception: could not compile class arraylistproxy: <path>:<n>: error: elementdata(int) is not public in arraylist; cannot be accessed from outside package,12.330,G:\FPT Specialized\Ki 9\SET490\workspace\ARROW\runs\sample_selection\distributed\shard-1\candidates\02197_1511246_1511246_8
2202,100366560,100366560_65.json,https://github.com/keepcosmos/beanmother,ObjectToStringConverter,beanmother-core/src/main/java/io/beanmother/core/converter/std/ObjectToStringConverter.java,production,class,False,27,convert,4,@Override public,True,True,0,False,,9,ELIGIBLE,,maven,beanmother-core,junit4,7,G:\FPT Specialized\Ki 9\SET490\workspace\ARROW\Java version\jdk-8,using compatible JDK 8 from build.java_homes.java-8 for Java 7,,1,2,1,ASSERTION_FAILED,,,io.beanmother.core.converter.std.ObjectToStringConverter,,,,,EXCLUDED,baseline,error:java.lang.illegalargumentexception:can not find unknown_author,57.225,G:\FPT Specialized\Ki 9\SET490\workspace\ARROW\runs\sample_selection\distributed\shard-1\candidates\02202_100366560_100366560_65
2207,68661482,68661482_2.json,https://github.com/carbondata/carbondata,SegmentProperties,core/src/main/java/org/apache/carbondata/core/carbon/datastore/block/SegmentProperties.java,production,,,,getComplexDimColumnCardinality,3,public,False,True,,,,,EXCLUDED,trivial_focal_method,,,,,,,,,2,0,,,,,,,,,EXCLUDED,semantic_metadata,trivial_focal_method,0.013,G:\FPT Specialized\Ki 9\SET490\workspace\ARROW\runs\sample_selection\distributed\shard-1\candidates\02207_68661482_68661482_2
2212,11383343,11383343_1.json,https://github.com/nitinsurana/Struts2-Examples,MyAction,Struts2Junit4/src/main/java/actions/MyAction.java,production,class,False,37,save,5,public,False,True,0,False,,8,ELIGIBLE,,maven,Struts2Junit4,junit4,6,G:\FPT Specialized\Ki 9\SET490\workspace\ARROW\Java version\jdk-8,using compatible JDK 8 from build.java_homes.java-8 for Java 6,,1,2,2,MODULE_TESTS_PASSED|MODULE_TESTS_PASSED,True,0,actions.MyAction,True,TARGET_TEST_PASSED,MODULE_TESTS_PASSED,MODULE_TESTS_PASSED,ELIGIBLE,,,51.392,G:\FPT Specialized\Ki 9\SET490\workspace\ARROW\runs\sample_selection\distributed\shard-1\candidates\02212_11383343_11383343_1
2217,34044469,34044469_0.json,https://github.com/vonvey/esl-client,Client,org.freeswitch.esl.client/src/main/java/org/freeswitch/esl/client/inbound/Client.java,production,class,False,492,connect,50,public,True,True,0,True,network|nondeterminism,9,EXCLUDED,external_dependency_risk:network|nondeterminism,,,,,,,,1,2,0,,,,,,,,,EXCLUDED,semantic,external_dependency_risk:network|nondeterminism,1.792,G:\FPT Specialized\Ki 9\SET490\workspace\ARROW\runs\sample_selection\distributed\shard-1\candidates\02217_34044469_34044469_0
2222,82427374,82427374_43.json,https://github.com/PatternFM/tokamak,CommonPasswordsDictionary,tokamak-server/src/main/java/fm/pattern/tokamak/server/security/CommonPasswordsDictionary.java,production,class,False,27,list,3,public static,False,True,0,True,filesystem,7,EXCLUDED,external_dependency_risk:filesystem,,,,,,,,1,2,0,,,,,,,,,EXCLUDED,semantic,external_dependency_risk:filesystem,2.987,G:\FPT Specialized\Ki 9\SET490\workspace\ARROW\runs\sample_selection\distributed\shard-1\candidates\02222_82427374_82427374_43
2227,181322928,181322928_0.json,https://github.com/yueshutong/SnowJena,MonitorServiceImpl,snowjena-ticket-server/src/main/java/com/github/onblog/snowjenaticketserver/monitor/service/MonitorServiceImpl.java,production,,,,getAll,27,@Override public,True,True,,,,,ELIGIBLE,,,,,,,,,,2,0,,,,,,,,,EXCLUDED,setup,"RuntimeError: Repository setup failed after 3 attempts: CalledProcessError: Command '['git', '-c', 'core.longpaths=true', 'clone', '--depth', '1', 'https://github.com/yueshutong/SnowJena', 'G:\\FPT Specialized\\Ki 9\\SET490\\workspace\\ARROW\\repos\\181322928']' returned non-zero exit status 128.",9.615,G:\FPT Specialized\Ki 9\SET490\workspace\ARROW\runs\sample_selection\distributed\shard-1\candidates\02227_181322928_181322928_0
2232,1592475,1592475_3.json,https://github.com/skyscreamer/yoga,ResultTraverser,yoga-core/src/main/java/org/skyscreamer/yoga/mapper/ResultTraverser.java,production,,,,traverse,23,public,True,False,,,,,EXCLUDED,no_observable_behavior,,,,,,,,,2,0,,,,,,,,,EXCLUDED,semantic_metadata,no_observable_behavior,0.011,G:\FPT Specialized\Ki 9\SET490\workspace\ARROW\runs\sample_selection\distributed\shard-1\candidates\02232_1592475_1592475_3
2237,5710819,5710819_3.json,https://github.com/vmware-serengeti/vhm,EmbeddedVHM,elastic-runtime/src/main/java/com/vmware/vhadoop/vhm/EmbeddedVHM.java,production,,,,setNumTTVMsForCluster,63,protected,True,False,,,,,EXCLUDED,no_observable_behavior,,,,,,,,,2,0,,,,,,,,,EXCLUDED,semantic_metadata,no_observable_behavior,0.013,G:\FPT Specialized\Ki 9\SET490\workspace\ARROW\runs\sample_selection\distributed\shard-1\candidates\02237_5710819_5710819_3
2242,47502698,47502698_10.json,https://github.com/Mauin/RxFingerprint,FingerprintEncryptionResult,rxfingerprint/src/main/java/com/mtramin/rxfingerprint/data/FingerprintEncryptionResult.java,production,class,False,43,getEncrypted,6,public,True,True,3,False,,10,ELIGIBLE,,gradle,rxfingerprint,junit4,unknown,G:\FPT Specialized\Ki 9\SET490\workspace\ARROW\Java version\jdk-8,Gradle 4.3.1 requires compatible JDK 8; matched build.java_homes.java-8,,1,2,1,ASSERTION_FAILED,,,com.mtramin.rxfingerprint.data.FingerprintEncryptionResult,,,,,EXCLUDED,baseline,failure: build failed with an exception.,77.176,G:\FPT Specialized\Ki 9\SET490\workspace\ARROW\runs\sample_selection\distributed\shard-1\candidates\02242_47502698_47502698_10
2247,141671109,141671109_219.json,https://github.com/bing-chou/etherscan-explorer,Request,web3j-app/core/src/main/java/org/web3j/protocol/core/Request.java,production,class,False,61,send,3,public,False,True,0,False,,8,ELIGIBLE,,gradle,web3j-app\core,junit4,unknown,G:\FPT Specialized\Ki 9\SET490\workspace\ARROW\Java version\jdk-17,no project java version detected; using build.java_default,,1,2,1,ASSERTION_FAILED,,,org.web3j.protocol.core.Request,,,,,EXCLUDED,baseline,failure: build failed with an exception.,21.185,G:\FPT Specialized\Ki 9\SET490\workspace\ARROW\runs\sample_selection\distributed\shard-1\candidates\02247_141671109_141671109_219
2252,2488113,2488113_19.json,https://github.com/jayway/jax-rs-hateoas,MapBasedHateoasLinkInjector,jax-rs-hateoas-core/src/main/java/com/jayway/jaxrs/hateoas/support/MapBasedHateoasLinkInjector.java,production,,,,injectLinks,22,@Override public,True,True,,,,,ELIGIBLE,,,,,,,,,,2,0,,,,,,,,,EXCLUDED,setup,"RuntimeError: Repository setup failed after 3 attempts: CalledProcessError: Command '['git', '-c', 'core.longpaths=true', 'clone', '--depth', '1', 'https://github.com/jayway/jax-rs-hateoas', 'G:\\FPT Specialized\\Ki 9\\SET490\\workspace\\ARROW\\repos\\2488113']' returned non-zero exit status 128.",9.555,G:\FPT Specialized\Ki 9\SET490\workspace\ARROW\runs\sample_selection\distributed\shard-1\candidates\02252_2488113_2488113_19
2257,25121397,25121397_8.json,https://github.com/vladimir-bukhtoyarov/bucket4j,FakeLock,bucket4j-core/src/main/java/io/github/bucket4j/local/FakeLock.java,production,class,False,54,newCondition,4,@Override public,True,True,0,False,,8,ELIGIBLE,,maven,bucket4j-core,junit4,unknown,G:\FPT Specialized\Ki 9\SET490\workspace\ARROW\Java version\jdk-17,no project java version detected; using build.java_default,7d646bba2607986862780d9e85b1d94fe8f17e8b,1,2,1,COMPILE_FAILED,,,io.github.bucket4j.local.FakeLock,,,,,EXCLUDED,baseline,"org.spockframework.runtime.unallowedexceptionthrownerror: expected no exception to be thrown, but got 'java.lang.reflect.inaccessibleobjectexception'",133.567,G:\FPT Specialized\Ki 9\SET490\workspace\ARROW\runs\sample_selection\distributed\shard-1\candidates\02257_25121397_25121397_8
2262,130808918,130808918_40.json,https://github.com/shubhamvrkr/android-fabric-sdk,CryptoPrimitives,Fabricsdkjava/src/main/java/org/hyperledger/fabric/sdk/security/CryptoPrimitives.java,production,class,False,795,addCACertificateToTrustStore,16,public,True,True,0,True,filesystem|nondeterminism,7,EXCLUDED,external_dependency_risk:filesystem|nondeterminism,,,,,,,,1,2,0,,,,,,,,,EXCLUDED,semantic,external_dependency_risk:filesystem|nondeterminism,38.252,G:\FPT Specialized\Ki 9\SET490\workspace\ARROW\runs\sample_selection\distributed\shard-1\candidates\02262_130808918_130808918_40
2267,43989661,43989661_0.json,https://github.com/apigee/iloveapis2015-hmac-httpsignature,TimeResolver,httpsig/callout/src/main/java/com/google/apigee/util/TimeResolver.java,production,class,False,49,resolveExpression,9,public static,True,True,0,False,,10,ELIGIBLE,,maven,httpsig\callout,testng,8,G:\FPT Specialized\Ki 9\SET490\workspace\ARROW\Java version\jdk-8,matched build.java_homes.java-8,,1,2,1,ASSERTION_FAILED,,,com.google.apigee.util.TimeResolver,,,,,EXCLUDED,baseline,[info] build failure,7.868,G:\FPT Specialized\Ki 9\SET490\workspace\ARROW\runs\sample_selection\distributed\shard-1\candidates\02267_43989661_43989661_0
2272,904873,904873_3.json,https://github.com/ops4j/org.ops4j.pax.url,Parser,pax-url-aether/src/main/java/org/ops4j/pax/url/mvn/internal/Parser.java,production,,,,getVersionMetadataPath,12,public,False,True,,,,,EXCLUDED,trivial_focal_method,,,,,,,,,2,0,,,,,,,,,EXCLUDED,semantic_metadata,trivial_focal_method,0.013,G:\FPT Specialized\Ki 9\SET490\workspace\ARROW\runs\sample_selection\distributed\shard-1\candidates\02272_904873_904873_3
2277,134213856,134213856_3.json,https://github.com/tencentyun/qcloud-cos-sts-sdk,CosStsClient,java/src/main/java/com/tencent/cloud/CosStsClient.java,production,class,False,300,getCredential,66,public static,True,True,0,True,nondeterminism,8,EXCLUDED,external_dependency_risk:nondeterminism,,,,,,,,1,2,0,,,,,,,,,EXCLUDED,semantic,external_dependency_risk:nondeterminism,1.986,G:\FPT Specialized\Ki 9\SET490\workspace\ARROW\runs\sample_selection\distributed\shard-1\candidates\02277_134213856_134213856_3
2282,135332674,135332674_3.json,https://github.com/google/capillary,DecrypterManager,lib-android/src/main/java/com/google/capillary/android/DecrypterManager.java,production,,,,decryptSaved,7,public synchronized,True,False,,,,,EXCLUDED,no_observable_behavior,,,,,,,,,2,0,,,,,,,,,EXCLUDED,semantic_metadata,no_observable_behavior,0.013,G:\FPT Specialized\Ki 9\SET490\workspace\ARROW\runs\sample_selection\distributed\shard-1\candidates\02282_135332674_135332674_3
2287,7826526,7826526_36.json,https://github.com/wikimedia/kraken,ZeroFilterFunc,kraken-pig/src/main/java/org/wikimedia/analytics/kraken/pig/ZeroFilterFunc.java,production,class,False,288,exec,19,public final,True,True,0,False,,9,ELIGIBLE,,maven,kraken-pig,junit4,6,G:\FPT Specialized\Ki 9\SET490\workspace\ARROW\Java version\jdk-8,using compatible JDK 8 from build.java_homes.java-8 for Java 6,,1,2,1,COMPILE_FAILED,,,org.wikimedia.analytics.kraken.pig.ZeroFilterFunc,,,,,EXCLUDED,baseline,error: could not create the java virtual machine.,13.366,G:\FPT Specialized\Ki 9\SET490\workspace\ARROW\runs\sample_selection\distributed\shard-1\candidates\02287_7826526_7826526_36
2292,227847226,227847226_1.json,https://github.com/daniellavoie/replication-processor,ConnectServiceImpl,processor/src/main/java/io/daniellavoie/replication/processor/connect/ConnectServiceImpl.java,production,class,False,111,configurationMatches,23,public,True,True,1,True,network,8,EXCLUDED,external_dependency_risk:network,,,,,,,,1,2,0,,,,,,,,,EXCLUDED,semantic,external_dependency_risk:network,1.980,G:\FPT Specialized\Ki 9\SET490\workspace\ARROW\runs\sample_selection\distributed\shard-1\candidates\02292_227847226_227847226_1
2297,20577351,20577351_6.json,https://github.com/killbill/killbill-platform,PluginFinder,osgi/src/main/java/org/killbill/billing/osgi/pluginconf/PluginFinder.java,production,,,,getLatestJavaPlugins,3,public,False,True,,,,,EXCLUDED,trivial_focal_method,,,,,,,,,2,0,,,,,,,,,EXCLUDED,semantic_metadata,trivial_focal_method,0.011,G:\FPT Specialized\Ki 9\SET490\workspace\ARROW\runs\sample_selection\distributed\shard-1\candidates\02297_20577351_20577351_6
2302,33030494,33030494_10.json,https://github.com/ignl/BinarySearchTrees,ScapegoatTree,Trees/src/main/java/org/intelligentjava/algos/trees/ScapegoatTree.java,production,class,False,203,insert,24,@Override public,True,True,0,False,,10,ELIGIBLE,,maven,Trees,junit4,7,G:\FPT Specialized\Ki 9\SET490\workspace\ARROW\Java version\jdk-8,using compatible JDK 8 from build.java_homes.java-8 for Java 7,,1,2,2,MODULE_TESTS_PASSED|MODULE_TESTS_PASSED,True,0,org.intelligentjava.algos.trees.ScapegoatTree,True,TARGET_TEST_PASSED,MODULE_TESTS_PASSED,MODULE_TESTS_PASSED,ELIGIBLE,,,24.283,G:\FPT Specialized\Ki 9\SET490\workspace\ARROW\runs\sample_selection\distributed\shard-1\candidates\02302_33030494_33030494_10
2307,1768088,1768088_11.json,https://github.com/spring-projects/spring-social-github,GistTemplate,spring-social-github/src/main/java/org/springframework/social/github/api/impl/GistTemplate.java,production,,,,getPublicGists,3,public,False,True,,,,,EXCLUDED,trivial_focal_method,,,,,,,,,2,0,,,,,,,,,EXCLUDED,semantic_metadata,trivial_focal_method,0.013,G:\FPT Specialized\Ki 9\SET490\workspace\ARROW\runs\sample_selection\distributed\shard-1\candidates\02307_1768088_1768088_11
2312,56342003,56342003_209.json,https://github.com/kangaroo-server/kangaroo,O2Principal,kangaroo-server-authz/src/main/java/net/krotscheck/kangaroo/authz/oauth2/authn/O2Principal.java,production,class,False,228,merge,27,public,True,True,0,False,,9,ELIGIBLE,,maven,kangaroo-server-authz,junit4,8,G:\FPT Specialized\Ki 9\SET490\workspace\ARROW\Java version\jdk-8,matched build.java_homes.java-8,,1,2,1,COMPILE_FAILED,,,net.krotscheck.kangaroo.authz.oauth2.authn.O2Principal,,,,,EXCLUDED,baseline,java.lang.assertionerror: expected:<null> but was:<example.com>,112.309,G:\FPT Specialized\Ki 9\SET490\workspace\ARROW\runs\sample_selection\distributed\shard-1\candidates\02312_56342003_56342003_209
2317,58089419,58089419_0.json,https://github.com/mzdu/AdSearch_Endpoints,AdsOptimizationImpl,src/main/java/com/bitTiger/searchAds/adsOptimization/AdsOptimizationImpl.java,production,class,False,181,filterAds,27,@Override public,True,True,1,False,,9,ELIGIBLE,,maven,.,junit4,7,G:\FPT Specialized\Ki 9\SET490\workspace\ARROW\Java version\jdk-8,using compatible JDK 8 from build.java_homes.java-8 for Java 7,,1,2,1,COMPILE_FAILED,,,com.bitTiger.searchAds.adsOptimization.AdsOptimizationImpl,,,,,EXCLUDED,baseline,"[error] /g:/fpt specialized/ki 9<path>:[line,col] package org.junit does not exist",13.230,G:\FPT Specialized\Ki 9\SET490\workspace\ARROW\runs\sample_selection\distributed\shard-1\candidates\02317_58089419_58089419_0
2322,1328283,1328283_34.json,https://github.com/LiveRamp/hank,ZooKeeperPlus,hank-core/src/main/java/com/liveramp/hank/zookeeper/ZooKeeperPlus.java,production,,,,ensureCreated,3,public,False,False,,,,,EXCLUDED,no_observable_behavior,,,,,,,,,2,0,,,,,,,,,EXCLUDED,semantic_metadata,no_observable_behavior,0.014,G:\FPT Specialized\Ki 9\SET490\workspace\ARROW\runs\sample_selection\distributed\shard-1\candidates\02322_1328283_1328283_34
2327,21741891,21741891_4.json,https://github.com/spring-cloud/spring-cloud-netflix,WebClientTransportClientFactories,spring-cloud-netflix-eureka-client/src/main/java/org/springframework/cloud/netflix/eureka/http/WebClientTransportClientFactories.java,production,class,False,47,newTransportClientFactory,5,@Override public,True,True,1,True,network,8,EXCLUDED,external_dependency_risk:network,,,,,,,d0f8fbe274028e45f3a6a19ce38101a15a9e46e5,1,2,0,,,,,,,,,EXCLUDED,semantic,external_dependency_risk:network,13.582,G:\FPT Specialized\Ki 9\SET490\workspace\ARROW\runs\sample_selection\distributed\shard-1\candidates\02327_21741891_21741891_4
2332,159189646,159189646_1.json,https://github.com/Ailubby/JMPisces,SwaggerBasePathRewritingFilter,registry/src/main/java/io/github/jhipster/registry/filters/responserewriting/SwaggerBasePathRewritingFilter.java,production,class,False,79,shouldFilter,4,@Override public,False,True,0,False,,8,ELIGIBLE,,maven,registry,junit4,8,G:\FPT Specialized\Ki 9\SET490\workspace\ARROW\Java version\jdk-8,matched build.java_homes.java-8,,1,2,2,MODULE_TESTS_PASSED|MODULE_TESTS_PASSED,True,1,io.github.jhipster.registry.filters.responserewriting.SwaggerBasePathRewritingFilter,True,TARGET_TEST_PASSED,MODULE_TESTS_PASSED,MODULE_TESTS_PASSED,ELIGIBLE,,,194.893,G:\FPT Specialized\Ki 9\SET490\workspace\ARROW\runs\sample_selection\distributed\shard-1\candidates\02332_159189646_159189646_1
2337,91855710,91855710_2.json,https://github.com/nkonev/blog,SettingsController,backend/src/main/java/com/github/nkonev/blog/controllers/SettingsController.java,production,class,False,117,getConfig,39,@GetMapping(API+CONFIG) public,True,True,0,True,database,8,EXCLUDED,external_dependency_risk:database,,,,,,,,1,2,0,,,,,,,,,EXCLUDED,semantic,external_dependency_risk:database,2.505,G:\FPT Specialized\Ki 9\SET490\workspace\ARROW\runs\sample_selection\distributed\shard-1\candidates\02337_91855710_91855710_2
2342,166984581,166984581_2.json,https://github.com/jaaaar/ad,UserController,ad-service/ad-sponsor/src/main/java/top/ezttf/ad/controller/UserController.java,production,class,False,29,createUser,5,"@PostMapping(""/create/user"") public",False,True,1,False,,7,ELIGIBLE,,maven,ad-service\ad-sponsor,junit4,8,G:\FPT Specialized\Ki 9\SET490\workspace\ARROW\Java version\jdk-8,matched build.java_homes.java-8,,1,2,1,RUNTIME_FAILED,,,top.ezttf.ad.controller.UserController,,,,,EXCLUDED,baseline,error:java.lang.illegalstateexception:failed to load applicationcontext,169.974,G:\FPT Specialized\Ki 9\SET490\workspace\ARROW\runs\sample_selection\distributed\shard-1\candidates\02342_166984581_166984581_2
2347,133533106,133533106_0.json,https://github.com/Hygieia/ExecDashboard,PortfolioController,exec-api/src/main/java/com/capitalone/dashboard/executive/rest/PortfolioController.java,production,,,,getPortfolio,4,"@GetMapping(""/{name}/{lob}"") public",False,True,,,,,EXCLUDED,trivial_focal_method,,,,,,,,,2,0,,,,,,,,,EXCLUDED,semantic_metadata,trivial_focal_method,0.012,G:\FPT Specialized\Ki 9\SET490\workspace\ARROW\runs\sample_selection\distributed\shard-1\candidates\02347_133533106_133533106_0
2352,26902200,26902200_3.json,https://github.com/CloudCycle2/YAML_Transformer,YamlBeansConverter,org.opentosca.yamlconverter.main/src/main/java/org/opentosca/yamlconverter/main/YamlBeansConverter.java,production,class,False,96,convertToYaml,16,@Override public,True,True,0,False,,9,ELIGIBLE,,maven,org.opentosca.yamlconverter.main,junit4,7,G:\FPT Specialized\Ki 9\SET490\workspace\ARROW\Java version\jdk-8,using compatible JDK 8 from build.java_homes.java-8 for Java 7,,1,2,1,ASSERTION_FAILED,,,org.opentosca.yamlconverter.main.YamlBeansConverter,,,,,EXCLUDED,baseline,[info] org.opentosca.yamlconverter.main ................... failure [ 2.374 s],15.654,G:\FPT Specialized\Ki 9\SET490\workspace\ARROW\runs\sample_selection\distributed\shard-1\candidates\02352_26902200_26902200_3
2357,2978404,2978404_25.json,https://github.com/t1/message-api,JmsMappingAdapter,adapter/src/main/java/net/java/messageapi/adapter/JmsMappingAdapter.java,production,class,False,145,unmarshal,9,@Override public,True,True,0,False,,9,ELIGIBLE,,maven,adapter,junit4,6,G:\FPT Specialized\Ki 9\SET490\workspace\ARROW\Java version\jdk-8,using compatible JDK 8 from build.java_homes.java-8 for Java 6,,1,2,2,MODULE_TESTS_PASSED|MODULE_TESTS_PASSED,True,1,net.java.messageapi.adapter.JmsMappingAdapter,True,TARGET_TEST_PASSED,MODULE_TESTS_PASSED,MODULE_TESTS_PASSED,ELIGIBLE,,,51.618,G:\FPT Specialized\Ki 9\SET490\workspace\ARROW\runs\sample_selection\distributed\shard-1\candidates\02357_2978404_2978404_25
2362,28992330,28992330_22.json,https://github.com/googleapis/google-http-java-client,ApacheHttpTransport,google-http-client-apache-v2/src/main/java/com/google/api/client/http/apache/v2/ApacheHttpTransport.java,production,,,,ApacheHttpTransport,3,public,False,False,,,,,EXCLUDED,no_observable_behavior,,,,,,,,,2,0,,,,,,,,,EXCLUDED,semantic_metadata,no_observable_behavior,0.022,G:\FPT Specialized\Ki 9\SET490\workspace\ARROW\runs\sample_selection\distributed\shard-1\candidates\02362_28992330_28992330_22
2367,2479886,2479886_54.json,https://github.com/yamcs/yamcs,VarIntUtil,yamcs-core/src/main/java/org/yamcs/utils/VarIntUtil.java,production,class,False,245,readVarInt32,10,public static,True,True,0,False,,9,ELIGIBLE,,maven,yamcs-core,junit5,17,G:\FPT Specialized\Ki 9\SET490\workspace\ARROW\Java version\jdk-17,matched build.java_homes.java-17,,1,2,1,ASSERTION_FAILED,,,org.yamcs.utils.VarIntUtil,,,,,EXCLUDED,baseline,[info] yamcs :: api ....................................... failure [ 5.933 s],20.363,G:\FPT Specialized\Ki 9\SET490\workspace\ARROW\runs\sample_selection\distributed\shard-1\candidates\02367_2479886_2479886_54
2372,860694,860694_18.json,https://github.com/mrdon/AMPS,JiraProductHandler,maven-amps-plugin/src/main/java/com/atlassian/maven/plugins/amps/product/JiraProductHandler.java,production,class,False,207,createDbConfigXmlIfNecessary,25,static,True,True,2,True,database|filesystem,8,EXCLUDED,external_dependency_risk:database|filesystem,,,,,,,,1,2,0,,,,,,,,,EXCLUDED,semantic,external_dependency_risk:database|filesystem,3.376,G:\FPT Specialized\Ki 9\SET490\workspace\ARROW\runs\sample_selection\distributed\shard-1\candidates\02372_860694_860694_18
2377,124869132,124869132_0.json,https://github.com/sealuzh/msr18-docker-dataset,App,tool/src/src/main/java/ch/dfa/dfa_tool/App.java,production,class,False,370,getDockerFilesFromGitRepository,19,public,True,True,1,True,database|filesystem|nondeterminism,9,EXCLUDED,external_dependency_risk:database|filesystem|nondeterminism,,,,,,,,1,2,0,,,,,,,,,EXCLUDED,semantic,external_dependency_risk:database|filesystem|nondeterminism,7.890,G:\FPT Specialized\Ki 9\SET490\workspace\ARROW\runs\sample_selection\distributed\shard-1\candidates\02377_124869132_124869132_0
2382,169530455,169530455_2.json,https://github.com/ks-shim/klay,Trie,common/src/main/java/klay/common/dictionary/structure/Trie.java,production,,,,getLastOnPath,3,public,False,True,,,,,EXCLUDED,trivial_focal_method,,,,,,,,,2,0,,,,,,,,,EXCLUDED,semantic_metadata,trivial_focal_method,0.014,G:\FPT Specialized\Ki 9\SET490\workspace\ARROW\runs\sample_selection\distributed\shard-1\candidates\02382_169530455_169530455_2
2387,7783162,7783162_8.json,https://github.com/JavaMoney/javamoney-examples,Rounding,console/moneymachine/src/main/java/org/javamoney/adopjsr/Rounding.java,production,class,False,72,roundMathematical,3,public,True,True,0,False,,9,ELIGIBLE,,maven,console\moneymachine,junit4,${maven.compile.sourceLevel},G:\FPT Specialized\Ki 9\SET490\workspace\ARROW\Java version\jdk-17,JDK ${maven.compile.sourceLevel} not mapped; using build.java_default,942a81cc1d625e26632b6042468d1f8a464cbe76,1,2,1,COMPILE_FAILED,,,org.javamoney.adopjsr.Rounding,,,,,EXCLUDED,baseline,[warning] org.javamoney:moneta:<n>.0.1-snapshot/maven-metadata.xml failed to transfer from http://0.0.0.0/ during a previous attempt. this failure was cached in the local repository and resolution will not be reattempted until the update interval of maven-default-http-blocker has elapsed or updates ,26.598,G:\FPT Specialized\Ki 9\SET490\workspace\ARROW\runs\sample_selection\distributed\shard-1\candidates\02387_7783162_7783162_8
2392,74164375,74164375_4.json,https://github.com/melkir/API-Libraries-Demo,ModulesPresenter,app/src/main/java/com/melkir/libraries/modules/ModulesPresenter.java,production,,,,setDisplayTypeSearch,4,@Override public,False,False,,,,,EXCLUDED,trivial_focal_method;no_observable_behavior,,,,,,,,,2,0,,,,,,,,,EXCLUDED,semantic_metadata,trivial_focal_method;no_observable_behavior,0.028,G:\FPT Specialized\Ki 9\SET490\workspace\ARROW\runs\sample_selection\distributed\shard-1\candidates\02392_74164375_74164375_4
2397,51074728,51074728_41.json,https://github.com/T-NOVA/Marketplace,PoliciedServiceLevelEvaluator,marketplace/sla-core/sla-enforcement/src/main/java/eu/atos/sla/evaluation/guarantee/PoliciedServiceLevelEvaluator.java,production,class,False,336,evaluate,57,@Override public,True,True,0,False,,9,ELIGIBLE,,maven,marketplace\sla-core\sla-enforcement,junit4,unknown,G:\FPT Specialized\Ki 9\SET490\workspace\ARROW\Java version\jdk-17,no project java version detected; using build.java_default,,1,2,1,ASSERTION_FAILED,,,eu.atos.sla.evaluation.guarantee.PoliciedServiceLevelEvaluator,,,,,EXCLUDED,baseline,[info] build failure,22.116,G:\FPT Specialized\Ki 9\SET490\workspace\ARROW\runs\sample_selection\distributed\shard-1\candidates\02397_51074728_51074728_41
2402,19932015,19932015_45.json,https://github.com/apache/gora,DataStoreFactory,gora-core/src/main/java/org/apache/gora/store/DataStoreFactory.java,production,,,,getDataStore,5,public static,False,True,,,,,EXCLUDED,trivial_focal_method,,,,,,,,,2,0,,,,,,,,,EXCLUDED,semantic_metadata,trivial_focal_method,0.012,G:\FPT Specialized\Ki 9\SET490\workspace\ARROW\runs\sample_selection\distributed\shard-1\candidates\02402_19932015_19932015_45
2407,1158118,1158118_0.json,https://github.com/contra/JMD,DashOTransformer,jmd-core/src/main/java/net/contra/jmd/transformers/dasho/DashOTransformer.java,production,class,False,159,decrypt,16,public static,True,True,1,True,filesystem,9,EXCLUDED,external_dependency_risk:filesystem,,,,,,,,1,2,0,,,,,,,,,EXCLUDED,semantic,external_dependency_risk:filesystem,1.745,G:\FPT Specialized\Ki 9\SET490\workspace\ARROW\runs\sample_selection\distributed\shard-1\candidates\02407_1158118_1158118_0
2412,1872106,1872106_0.json,https://github.com/jboss-developer/jboss-eap-quickstarts,CustomerManagerEJB,cmt/src/main/java/org/jboss/as/quickstarts/cmt/ejb/CustomerManagerEJB.java,production,class,False,78,nameIsValid,3,static,False,True,0,True,database,7,EXCLUDED,external_dependency_risk:database,,,,,,,,1,2,0,,,,,,,,,EXCLUDED,semantic,external_dependency_risk:database,4.476,G:\FPT Specialized\Ki 9\SET490\workspace\ARROW\runs\sample_selection\distributed\shard-1\candidates\02412_1872106_1872106_0
2417,95226986,95226986_0.json,https://github.com/ericmaxwell2003/android-architecture-samples,TodoController,uni-directional-realm/src/main/java/com/acme/room/controller/TodoController.java,production,,,,addItem,8,public,True,False,,,,,EXCLUDED,no_observable_behavior,,,,,,,,,2,0,,,,,,,,,EXCLUDED,semantic_metadata,no_observable_behavior,0.139,G:\FPT Specialized\Ki 9\SET490\workspace\ARROW\runs\sample_selection\distributed\shard-1\candidates\02417_95226986_95226986_0
2422,188574042,188574042_0.json,https://github.com/qianxingchuan/doraemon,AsgardBundle,asgard-doraemon/src/main/java/io/github/qianxingchuan/framework/doraemon/bundle/AsgardBundle.java,production,,,,getBundleName,3,public,False,True,,,,,EXCLUDED,trivial_focal_method,,,,,,,,,2,0,,,,,,,,,EXCLUDED,semantic_metadata,trivial_focal_method,0.133,G:\FPT Specialized\Ki 9\SET490\workspace\ARROW\runs\sample_selection\distributed\shard-1\candidates\02422_188574042_188574042_0
2427,48183909,48183909_8.json,https://github.com/SerNet/verinice,DateChecker,sernet.gs.server/src/sernet/verinice/bpm/DateChecker.java,nonstandard,,,,checkIfDateIsPast,3,public,False,True,,,,,EXCLUDED,source_layout:nonstandard,,,,,,,,,2,0,,,,,,,,,EXCLUDED,semantic_metadata,source_layout:nonstandard,0.072,G:\FPT Specialized\Ki 9\SET490\workspace\ARROW\runs\sample_selection\distributed\shard-1\candidates\02427_48183909_48183909_8
2432,2265146,2265146_20.json,https://github.com/kevinsawicki/gitng-plugin,RepositoryManager,plugin/src/main/java/org/jenkinsci/git/RepositoryManager.java,production,,,,getRepositories,4,@Exported public,False,True,,,,,EXCLUDED,trivial_focal_method,,,,,,,,,2,0,,,,,,,,,EXCLUDED,semantic_metadata,trivial_focal_method,0.022,G:\FPT Specialized\Ki 9\SET490\workspace\ARROW\runs\sample_selection\distributed\shard-1\candidates\02432_2265146_2265146_20
2437,9478484,9478484_0.json,https://github.com/SimonVT/cathode,IssueRegistry,cathode-lint/src/main/java/net/simonvt/cathode/lint/IssueRegistry.java,production,,,,getIssues,3,@Override public,False,True,,,,,EXCLUDED,trivial_focal_method,,,,,,,,,2,0,,,,,,,,,EXCLUDED,semantic_metadata,trivial_focal_method,0.015,G:\FPT Specialized\Ki 9\SET490\workspace\ARROW\runs\sample_selection\distributed\shard-1\candidates\02437_9478484_9478484_0
2442,61691853,61691853_9.json,https://github.com/qubole/rubix,CacheUtil,rubix-spi/src/main/java/com/qubole/rubix/spi/CacheUtil.java,production,class,False,347,getMetadataFilePath,6,public static,False,True,0,True,filesystem,6,EXCLUDED,external_dependency_risk:filesystem;testability_score_below_7,,,,,,,,1,2,0,,,,,,,,,EXCLUDED,semantic,external_dependency_risk:filesystem;testability_score_below_7,2.477,G:\FPT Specialized\Ki 9\SET490\workspace\ARROW\runs\sample_selection\distributed\shard-1\candidates\02442_61691853_61691853_9
2447,47585751,47585751_3.json,https://github.com/Coveros/zap-sonar-plugin,ReportParser,sonar-zap-plugin/src/main/java/org/sonar/zaproxy/parser/ReportParser.java,production,class,False,180,parse,21,public,True,True,0,False,,9,ELIGIBLE,,maven,.,junit5,8,G:\FPT Specialized\Ki 9\SET490\workspace\ARROW\Java version\jdk-8,matched build.java_homes.java-8,,1,2,1,COMPILE_FAILED,,,org.sonar.zaproxy.parser.ReportParser,,,,,EXCLUDED,baseline,[info] package loader-utils,138.531,G:\FPT Specialized\Ki 9\SET490\workspace\ARROW\runs\sample_selection\distributed\shard-1\candidates\02447_47585751_47585751_3
2452,8397753,8397753_17.json,https://github.com/bit-man/SwissArmyJavaGit,GitCommit,javagit/src/main/java/edu/nyu/cs/javagit/api/commands/GitCommit.java,production,class,False,223,commit,9,public,False,True,0,True,database|filesystem,6,EXCLUDED,external_dependency_risk:database|filesystem;testability_score_below_7,,,,,,,,1,2,0,,,,,,,,,EXCLUDED,semantic,external_dependency_risk:database|filesystem;testability_score_below_7,2.213,G:\FPT Specialized\Ki 9\SET490\workspace\ARROW\runs\sample_selection\distributed\shard-1\candidates\02452_8397753_8397753_17
2457,13133836,13133836_7.json,https://github.com/pentaho/pentaho-metadata-editor,MetaEditor,editor/src/main/java/org/pentaho/pms/ui/MetaEditor.java,production,class,False,3634,getSchemas,23,,True,True,0,True,filesystem,7,EXCLUDED,external_dependency_risk:filesystem,,,,,,,,1,2,0,,,,,,,,,EXCLUDED,semantic,external_dependency_risk:filesystem,3.896,G:\FPT Specialized\Ki 9\SET490\workspace\ARROW\runs\sample_selection\distributed\shard-1\candidates\02457_13133836_13133836_7
2462,64537232,64537232_3.json,https://github.com/cryxli/sr201,Sr201TcpConnection,sr201-common/src/main/java/li/cryx/sr201/connection/Sr201TcpConnection.java,production,class,False,110,connect,11,@Override public,True,True,1,True,database|network,9,EXCLUDED,external_dependency_risk:database|network,,,,,,,,1,2,0,,,,,,,,,EXCLUDED,semantic,external_dependency_risk:database|network,1.854,G:\FPT Specialized\Ki 9\SET490\workspace\ARROW\runs\sample_selection\distributed\shard-1\candidates\02462_64537232_64537232_3
2467,142747385,142747385_72.json,https://github.com/GIScience/oshdb,OSHDBGeometryBuilder,oshdb-util/src/main/java/org/heigit/bigspatialdata/oshdb/util/geometry/OSHDBGeometryBuilder.java,production,class,False,597,getGeometry,75,@Nonnull public static,True,True,0,False,,8,ELIGIBLE,,maven,oshdb-util,junit4,unknown,G:\FPT Specialized\Ki 9\SET490\workspace\ARROW\Java version\jdk-17,no project java version detected; using build.java_default,dd2a61d72c7375347d4b2962929bacccfb029715,1,2,2,MODULE_TESTS_PASSED|MODULE_TESTS_PASSED,True,0,org.heigit.bigspatialdata.oshdb.util.geometry.OSHDBGeometryBuilder,True,TARGET_TEST_PASSED,MODULE_TESTS_PASSED,MODULE_TESTS_PASSED,ELIGIBLE,,,97.125,G:\FPT Specialized\Ki 9\SET490\workspace\ARROW\runs\sample_selection\distributed\shard-1\candidates\02467_142747385_142747385_72
2472,29964541,29964541_14.json,https://github.com/brooklyncentral/brooklyn-ambari,AmbariServerImpl,ambari/src/main/java/io/brooklyn/ambari/server/AmbariServerImpl.java,production,class,False,569,getRequestState,11,,False,True,0,True,network|nondeterminism,6,EXCLUDED,external_dependency_risk:network|nondeterminism;testability_score_below_7,,,,,,,,1,2,0,,,,,,,,,EXCLUDED,semantic,external_dependency_risk:network|nondeterminism;testability_score_below_7,2.060,G:\FPT Specialized\Ki 9\SET490\workspace\ARROW\runs\sample_selection\distributed\shard-1\candidates\02472_29964541_29964541_14
2477,15928650,15928650_19.json,https://github.com/apache/struts,OsgiUtil,plugins/osgi/src/main/java/org/apache/struts2/osgi/OsgiUtil.java,production,class,False,162,generateJavaVersionForSystemPackages,37,public static,True,True,0,False,,10,ELIGIBLE,,maven,plugins\osgi,junit4,8,G:\FPT Specialized\Ki 9\SET490\workspace\ARROW\Java version\jdk-8,matched build.java_homes.java-8,cb3ca4b3111474a309a50b644e0c43095e9367b5,1,2,2,MODULE_TESTS_PASSED|MODULE_TESTS_PASSED,True,0,org.apache.struts2.osgi.OsgiUtil,True,TARGET_TEST_PASSED,MODULE_TESTS_PASSED,MODULE_TESTS_PASSED,ELIGIBLE,,,473.862,G:\FPT Specialized\Ki 9\SET490\workspace\ARROW\runs\sample_selection\distributed\shard-1\candidates\02477_15928650_15928650_19
2482,13240419,13240419_0.json,https://github.com/tamirhassan/pdfxtk,EdgeAttributeComparator,pdfXtk/src/main/java/at/ac/tuwien/dbai/pdfwrap/comparators/EdgeAttributeComparator.java,production,class,False,183,compare,121,public,True,True,0,False,,9,ELIGIBLE,,maven,pdfXtk,junit4,7,G:\FPT Specialized\Ki 9\SET490\workspace\ARROW\Java version\jdk-8,using compatible JDK 8 from build.java_homes.java-8 for Java 7,f5d37104bf99a640fbaa25adf8904057b620edc6,1,2,1,ASSERTION_FAILED,,,at.ac.tuwien.dbai.pdfwrap.comparators.EdgeAttributeComparator,,,,,EXCLUDED,baseline,[info] pdfxtk ............................................. failure [ 3.161 s],13.680,G:\FPT Specialized\Ki 9\SET490\workspace\ARROW\runs\sample_selection\distributed\shard-1\candidates\02482_13240419_13240419_0
2487,12504536,12504536_15.json,https://github.com/lukaspili/Volley-Ball,BallExecutorDelivery,library/src/main/java/com/siu/android/volleyball/ball/BallExecutorDelivery.java,production,,,,postResponse,5,@Override public,True,False,,,,,EXCLUDED,no_observable_behavior,,,,,,,,,2,0,,,,,,,,,EXCLUDED,semantic_metadata,no_observable_behavior,0.012,G:\FPT Specialized\Ki 9\SET490\workspace\ARROW\runs\sample_selection\distributed\shard-1\candidates\02487_12504536_12504536_15
2492,20043683,20043683_0.json,https://github.com/NICTA/t3as-snomedct-service,SnomedDescriptionComparator,snomed-coder-ui-web/src/main/java/org/t3as/snomedct/gwt/client/snomed/SnomedDescriptionComparator.java,production,class,False,43,compare,8,public,True,True,0,False,,9,ELIGIBLE,,maven,snomed-coder-ui-web,testng,7,G:\FPT Specialized\Ki 9\SET490\workspace\ARROW\Java version\jdk-8,using compatible JDK 8 from build.java_homes.java-8 for Java 7,,1,2,1,ASSERTION_FAILED,,,org.t3as.snomedct.gwt.client.snomed.SnomedDescriptionComparator,,,,,EXCLUDED,baseline,[info] nicta t3as snomed ct service ....................... failure [ 10.513 s],14.548,G:\FPT Specialized\Ki 9\SET490\workspace\ARROW\runs\sample_selection\distributed\shard-1\candidates\02492_20043683_20043683_0
2497,49359743,49359743_2.json,https://github.com/dkajiwara/Curson,Curson,curson/src/main/java/curson/Curson.java,production,class,False,133,fromCursor,4,@Nullable public static,False,True,0,False,,7,ELIGIBLE,,gradle,curson,junit4,1,G:\FPT Specialized\Ki 9\SET490\workspace\ARROW\Java version\jdk-8,using compatible JDK 8 from build.java_homes.java-8 for Java 1,,1,2,1,ASSERTION_FAILED,,,curson.Curson,,,,,EXCLUDED,baseline,failure: build failed with an exception.,46.118,G:\FPT Specialized\Ki 9\SET490\workspace\ARROW\runs\sample_selection\distributed\shard-1\candidates\02497_49359743_49359743_2
2502,216840838,216840838_50.json,https://github.com/nixer-io/nixer-spring-plugin,CaptchaBehavior,captcha/src/main/java/io/nixer/nixerplugin/captcha/CaptchaBehavior.java,production,,,,act,5,@Override public,False,False,,,,,EXCLUDED,no_observable_behavior,,,,,,,,,2,0,,,,,,,,,EXCLUDED,semantic_metadata,no_observable_behavior,0.026,G:\FPT Specialized\Ki 9\SET490\workspace\ARROW\runs\sample_selection\distributed\shard-1\candidates\02502_216840838_216840838_50
2507,5796756,5796756_9.json,https://github.com/joliciel-informatique/talismane,SentenceDetector,talismane_core/src/main/java/com/joliciel/talismane/sentenceDetector/SentenceDetector.java,production,class,False,264,detectSentences,100,public,True,True,1,False,,9,ELIGIBLE,,maven,talismane_core,junit4,11,G:\FPT Specialized\Ki 9\SET490\workspace\ARROW\Java version\jdk-11,matched build.java_homes.java-11,,1,2,2,MODULE_TESTS_PASSED|MODULE_TESTS_PASSED,True,0,com.joliciel.talismane.sentenceDetector.SentenceDetector,True,TARGET_TEST_PASSED,MODULE_TESTS_PASSED,MODULE_TESTS_PASSED,ELIGIBLE,,,108.170,G:\FPT Specialized\Ki 9\SET490\workspace\ARROW\runs\sample_selection\distributed\shard-1\candidates\02507_5796756_5796756_9
2512,16946884,16946884_16.json,https://github.com/eppleton/canvas,JavaFXGraphicsEnvironment,javafx-canvas/src/main/java/de/eppleton/canvas/javafx/JavaFXGraphicsEnvironment.java,production,,,,getTextAlign,4,@Override public,False,True,,,,,EXCLUDED,trivial_focal_method,,,,,,,,,2,0,,,,,,,,,EXCLUDED,semantic_metadata,trivial_focal_method,0.012,G:\FPT Specialized\Ki 9\SET490\workspace\ARROW\runs\sample_selection\distributed\shard-1\candidates\02512_16946884_16946884_16
2517,137522340,137522340_0.json,https://github.com/ma1uta/jmsdk,ContentUriModel,client-impl/src/main/java/io/github/ma1uta/matrix/client/ContentUriModel.java,production,,,,toString,4,@Override public,False,True,,,,,EXCLUDED,trivial_focal_method,,,,,,,,,2,0,,,,,,,,,EXCLUDED,semantic_metadata,trivial_focal_method,0.012,G:\FPT Specialized\Ki 9\SET490\workspace\ARROW\runs\sample_selection\distributed\shard-1\candidates\02517_137522340_137522340_0
2522,27191143,27191143_5.json,https://github.com/konmik/nucleus,Delivery,nucleus/src/main/java/nucleus/presenter/delivery/Delivery.java,production,,,,split,6,public,True,False,,,,,EXCLUDED,no_observable_behavior,,,,,,,,,2,0,,,,,,,,,EXCLUDED,semantic_metadata,no_observable_behavior,0.012,G:\FPT Specialized\Ki 9\SET490\workspace\ARROW\runs\sample_selection\distributed\shard-1\candidates\02522_27191143_27191143_5
2527,26949678,26949678_1.json,https://github.com/dma-ais/AisTrack,TrackResource,ais-track-rest/src/main/java/dk/dma/ais/track/rest/resource/TrackResource.java,production,class,False,212,createTargetFilterPredicate,30,static,True,True,0,False,,10,ELIGIBLE,,maven,ais-track-rest,junit4,8,G:\FPT Specialized\Ki 9\SET490\workspace\ARROW\Java version\jdk-8,matched build.java_homes.java-8,,1,2,1,COMPILE_FAILED,,,dk.dma.ais.track.rest.resource.TrackResource,,,,,EXCLUDED,baseline,[warning] dk.dma.enav:enav-model:<n>.6-snapshot/maven-metadata.xml failed to transfer from https:/<path> during a previous attempt. this failure was cached in the local repository and resolution will not be reattempted until the update interval of spring-releases has elapsed or updates are forced. o,34.635,G:\FPT Specialized\Ki 9\SET490\workspace\ARROW\runs\sample_selection\distributed\shard-1\candidates\02527_26949678_26949678_1
2532,39183519,39183519_21.json,https://github.com/allegro/fogger,ScreenShooter,fogger/src/main/java/pl/allegro/fogger/utils/ScreenShooter.java,production,class,False,87,createScreenShot,3,public,False,True,0,True,framework_context,6,EXCLUDED,external_dependency_risk:framework_context;testability_score_below_7,,,,,,,,1,2,0,,,,,,,,,EXCLUDED,semantic,external_dependency_risk:framework_context;testability_score_below_7,4.052,G:\FPT Specialized\Ki 9\SET490\workspace\ARROW\runs\sample_selection\distributed\shard-1\candidates\02532_39183519_39183519_21
2537,54135763,54135763_6.json,https://github.com/novoda/accessibilitools,AccessibilityServices,core/src/main/java/com/novoda/accessibility/AccessibilityServices.java,production,,,,isSwitchAccessEnabled,3,public,False,True,,,,,EXCLUDED,trivial_focal_method,,,,,,,,,2,0,,,,,,,,,EXCLUDED,semantic_metadata,trivial_focal_method,0.019,G:\FPT Specialized\Ki 9\SET490\workspace\ARROW\runs\sample_selection\distributed\shard-1\candidates\02537_54135763_54135763_6
2542,32488797,32488797_0.json,https://github.com/w2ji/VitaminSaber,ResourceInjector,vitaminsaber/src/main/java/com/w2ji/vitaminsaber/internal/ResourceInjector.java,production,,,,emitHumanDescription,24,static,True,False,,,,,EXCLUDED,no_observable_behavior,,,,,,,,,2,0,,,,,,,,,EXCLUDED,semantic_metadata,no_observable_behavior,0.017,G:\FPT Specialized\Ki 9\SET490\workspace\ARROW\runs\sample_selection\distributed\shard-1\candidates\02542_32488797_32488797_0
2547,48427914,48427914_10.json,https://github.com/lingochamp/FileDownloader,DownloadRunnable,library/src/main/java/com/liulishuo/filedownloader/download/DownloadRunnable.java,production,class,False,206,run,73,@Override public,True,True,6,True,database|network,6,EXCLUDED,external_dependency_risk:database|network;testability_score_below_7,,,,,,,,1,2,0,,,,,,,,,EXCLUDED,semantic,external_dependency_risk:database|network;testability_score_below_7,7.981,G:\FPT Specialized\Ki 9\SET490\workspace\ARROW\runs\sample_selection\distributed\shard-1\candidates\02547_48427914_48427914_10
2552,79467343,79467343_5.json,https://github.com/pakoito/RxTuples2,RxTuples,rxtuples2/src/main/java/com/pacoworks/rxtuples2/RxTuples.java,production,class,False,372,toSextet,8,public static,False,True,0,False,,8,ELIGIBLE,,gradle,rxtuples2,junit4,6,G:\FPT Specialized\Ki 9\SET490\workspace\ARROW\Java version\jdk-8,using compatible JDK 8 from build.java_homes.java-8 for Java 6,,1,2,2,MODULE_TESTS_PASSED|MODULE_TESTS_PASSED,False,1,com.pacoworks.rxtuples2.RxTuples,False,,,,EXCLUDED,classpath,Không resolve được project classpath,43.752,G:\FPT Specialized\Ki 9\SET490\workspace\ARROW\runs\sample_selection\distributed\shard-1\candidates\02552_79467343_79467343_5
2557,98801926,98801926_11.json,https://github.com/thombergs/code-examples,Controller,spring-boot/hazelcast/hazelcast-embedded-cache/src/main/java/io/refectoring/cache/embedded/rest/Controller.java,production,class,False,22,get,4,"@GetMapping(value = ""/{number}"", produces = MediaType.APPLICATION_JSON_VALUE) public",False,True,1,False,,8,ELIGIBLE,,gradle,spring-boot\hazelcast\hazelcast-embedded-cache,junit5,8,G:\FPT Specialized\Ki 9\SET490\workspace\ARROW\Java version\jdk-8,matched build.java_homes.java-8,,1,2,2,MODULE_TESTS_PASSED|MODULE_TESTS_PASSED,True,0,io.refectoring.cache.embedded.rest.Controller,True,TARGET_TEST_PASSED,MODULE_TESTS_PASSED,MODULE_TESTS_PASSED,ELIGIBLE,,,208.524,G:\FPT Specialized\Ki 9\SET490\workspace\ARROW\runs\sample_selection\distributed\shard-1\candidates\02557_98801926_98801926_11
2562,69571507,69571507_38.json,https://github.com/openzipkin/zipkin-aws,KinesisSender,sender-kinesis/src/main/java/zipkin2/reporter/kinesis/KinesisSender.java,production,class,False,229,toBuilder,3,public,False,True,1,False,,8,ELIGIBLE,,maven,sender-kinesis,junit4,8,G:\FPT Specialized\Ki 9\SET490\workspace\ARROW\Java version\jdk-8,matched build.java_homes.java-8,53f5e8fe7e8e2698138c17ef73dd2519f518778f,1,2,1,ASSERTION_FAILED,,,zipkin2.reporter.kinesis.KinesisSender,,,,,EXCLUDED,baseline,[info] zipkin aws (parent) ................................ failure [ 1.822 s],13.897,G:\FPT Specialized\Ki 9\SET490\workspace\ARROW\runs\sample_selection\distributed\shard-1\candidates\02562_69571507_69571507_38
2567,132375056,132375056_64.json,https://github.com/getheimdall/heimdall,OperationService,heimdall-core/src/main/java/br/com/conductor/heimdall/core/service/OperationService.java,production,class,False,247,save,17,@Transactional public,True,True,0,True,database,8,EXCLUDED,external_dependency_risk:database,,,,,,,,1,2,0,,,,,,,,,EXCLUDED,semantic,external_dependency_risk:database,3.321,G:\FPT Specialized\Ki 9\SET490\workspace\ARROW\runs\sample_selection\distributed\shard-1\candidates\02567_132375056_132375056_64
2572,145264090,145264090_1.json,https://github.com/peterchenhdu/interface21,ClassLoaderUtils,interface21-framework/src/main/java/com/interface21/util/ClassLoaderUtils.java,production,class,True,69,showClassLoaderHierarchy,4,public static,False,True,0,False,,7,EXCLUDED,non_concrete:class:abstract,,,,,,,,1,2,0,,,,,,,,,EXCLUDED,semantic,non_concrete:class:abstract,3.154,G:\FPT Specialized\Ki 9\SET490\workspace\ARROW\runs\sample_selection\distributed\shard-1\candidates\02572_145264090_145264090_1
2577,63837927,63837927_7.json,https://github.com/gonzadocarmo/teamcity-s3-plugin,AWSS3BuildProcessAdapterHelper,awsS3Plugin-agent/src/main/java/com/dcn/teamcity/awsS3Plugin/AWSS3BuildProcessAdapterHelper.java,production,class,False,124,createClientConfiguration,25,public @NotNull,True,True,0,True,filesystem,9,EXCLUDED,external_dependency_risk:filesystem,,,,,,,,1,2,0,,,,,,,,,EXCLUDED,semantic,external_dependency_risk:filesystem,2.044,G:\FPT Specialized\Ki 9\SET490\workspace\ARROW\runs\sample_selection\distributed\shard-1\candidates\02577_63837927_63837927_7
2582,114775425,114775425_5.json,https://github.com/HenriquesLab/NanoJ-Core,ConvolutionKernels,Core/src/nanoj/core/java/image/filtering/ConvolutionKernels.java,nonstandard,,,,genLaplacian3,7,public static,False,True,,,,,EXCLUDED,source_layout:nonstandard,,,,,,,,,2,0,,,,,,,,,EXCLUDED,semantic_metadata,source_layout:nonstandard,0.013,G:\FPT Specialized\Ki 9\SET490\workspace\ARROW\runs\sample_selection\distributed\shard-1\candidates\02582_114775425_114775425_5
2587,8054843,8054843_3.json,https://github.com/oasisfeng/deagle,Hack,library/src/main/java/com/oasisfeng/hack/Hack.java,production,class,False,1013,into,3,public static,False,True,0,False,,6,EXCLUDED,testability_score_below_7,,,,,,,,1,2,0,,,,,,,,,EXCLUDED,semantic,testability_score_below_7,1.938,G:\FPT Specialized\Ki 9\SET490\workspace\ARROW\runs\sample_selection\distributed\shard-1\candidates\02587_8054843_8054843_3
2592,59975597,59975597_3.json,https://github.com/pakoito/RxMemoization,RxMemoization,rxmemoization/src/main/java/com/pacoworks/rxmemoization/RxMemoization.java,production,class,False,320,memoize,16,public static,True,True,0,False,,9,ELIGIBLE,,gradle,rxmemoization,junit4,6,G:\FPT Specialized\Ki 9\SET490\workspace\ARROW\Java version\jdk-8,using compatible JDK 8 from build.java_homes.java-8 for Java 6,,1,2,2,MODULE_TESTS_PASSED|MODULE_TESTS_PASSED,False,1,com.pacoworks.rxmemoization.RxMemoization,False,,,,EXCLUDED,classpath,Không resolve được project classpath,34.355,G:\FPT Specialized\Ki 9\SET490\workspace\ARROW\runs\sample_selection\distributed\shard-1\candidates\02592_59975597_59975597_3
2597,1365306,1365306_308.json,https://github.com/kiegroup/droolsjbpm-integration,TaskAssigningServiceConfig,kie-server-parent/kie-server-services/kie-server-services-task-assigning/kie-server-services-task-assigning-planning/src/main/java/org/kie/server/services/taskassigning/planning/TaskAssigningServiceConfig.java,production,,,,getSolverHandlerConfig,3,public,False,True,,,,,EXCLUDED,trivial_focal_method,,,,,,,,,2,0,,,,,,,,,EXCLUDED,semantic_metadata,trivial_focal_method,0.012,G:\FPT Specialized\Ki 9\SET490\workspace\ARROW\runs\sample_selection\distributed\shard-1\candidates\02597_1365306_1365306_308
2602,44565647,44565647_17.json,https://github.com/pwm-project/pwm,StoredConfigurationModifier,server/src/main/java/password/pwm/config/stored/StoredConfigurationModifier.java,production,,,,writeSetting,10,public,False,False,,,,,EXCLUDED,no_observable_behavior,,,,,,,,,2,0,,,,,,,,,EXCLUDED,semantic_metadata,no_observable_behavior,0.017,G:\FPT Specialized\Ki 9\SET490\workspace\ARROW\runs\sample_selection\distributed\shard-1\candidates\02602_44565647_44565647_17
2607,103558693,103558693_10.json,https://github.com/BudgetFreak/BudgetFreak,AccountService,server/accounting/src/main/java/de/budgetfreak/accounting/service/AccountService.java,production,,,,list,3,public,False,True,,,,,ELIGIBLE,,,,,,,,,,2,0,,,,,,,,,EXCLUDED,setup,"RuntimeError: Repository setup failed after 3 attempts: CalledProcessError: Command '['git', '-c', 'core.longpaths=true', 'clone', '--depth', '1', 'https://github.com/BudgetFreak/BudgetFreak', 'G:\\FPT Specialized\\Ki 9\\SET490\\workspace\\ARROW\\repos\\103558693']' returned non-zero exit status 128.",9.550,G:\FPT Specialized\Ki 9\SET490\workspace\ARROW\runs\sample_selection\distributed\shard-1\candidates\02607_103558693_103558693_10
2612,47718426,47718426_0.json,https://github.com/stealthcopter/AndroidNetworkTools,IPTools,library/src/main/java/com/stealthcopter/networktools/IPTools.java,production,,,,isIPv4Address,3,public static,True,True,,,,,EXCLUDED,trivial_focal_method,,,,,,,,,2,0,,,,,,,,,EXCLUDED,semantic_metadata,trivial_focal_method,0.011,G:\FPT Specialized\Ki 9\SET490\workspace\ARROW\runs\sample_selection\distributed\shard-1\candidates\02612_47718426_47718426_0
2617,45396840,45396840_1.json,https://github.com/bentolor/microframeworks-showcase,Repository,ninja/src/main/java/persistence/Repository.java,production,,,,getLists,4,public,False,True,,,,,EXCLUDED,trivial_focal_method,,,,,,,,,2,0,,,,,,,,,EXCLUDED,semantic_metadata,trivial_focal_method,0.011,G:\FPT Specialized\Ki 9\SET490\workspace\ARROW\runs\sample_selection\distributed\shard-1\candidates\02617_45396840_45396840_1
2622,41754174,41754174_2.json,https://github.com/devrandom/java-stratum,ElectrumMultiWallet,stratum-protocol/src/main/java/org/smartwallet/multi/ElectrumMultiWallet.java,production,,,,handleAddressQueueItem,23,@VisibleForTesting,True,False,,,,,EXCLUDED,no_observable_behavior,,,,,,,,,2,0,,,,,,,,,EXCLUDED,semantic_metadata,no_observable_behavior,0.012,G:\FPT Specialized\Ki 9\SET490\workspace\ARROW\runs\sample_selection\distributed\shard-1\candidates\02622_41754174_41754174_2
2627,2057739,2057739_40.json,https://github.com/shainnif/Recxx,CSVLogger,Recxx/src/main/java/org/recxx/writer/CSVLogger.java,production,,,,writeLine,11,public,True,False,,,,,EXCLUDED,no_observable_behavior,,,,,,,,,2,0,,,,,,,,,EXCLUDED,semantic_metadata,no_observable_behavior,0.047,G:\FPT Specialized\Ki 9\SET490\workspace\ARROW\runs\sample_selection\distributed\shard-1\candidates\02627_2057739_2057739_40
2632,15090649,15090649_2.json,https://github.com/chrlns/sonews,CouchDBStorageProvider,sonews-modules/storage-hibernate-ogm-couchdb/src/main/java/org/sonews/storage/impl/hibernate/couchdb/CouchDBStorageProvider.java,production,,,,storage,4,@Override public,False,True,,,,,ELIGIBLE,,,,,,,,,,2,0,,,,,,,,,EXCLUDED,setup,"RuntimeError: Repository setup failed after 3 attempts: CalledProcessError: Command '['git', '-c', 'core.longpaths=true', 'clone', '--depth', '1', 'https://github.com/chrlns/sonews', 'G:\\FPT Specialized\\Ki 9\\SET490\\workspace\\ARROW\\repos\\15090649']' returned non-zero exit status 128.",9.588,G:\FPT Specialized\Ki 9\SET490\workspace\ARROW\runs\sample_selection\distributed\shard-1\candidates\02632_15090649_15090649_2
2637,30084378,30084378_46.json,https://github.com/esig/dss,AbstractCRLUtils,dss-crl-parser/src/main/java/eu/europa/esig/dss/crl/AbstractCRLUtils.java,production,class,True,153,buildCRLBinary,3,public,False,True,0,False,,8,EXCLUDED,non_concrete:class:abstract,,,,,,,,1,2,0,,,,,,,,,EXCLUDED,semantic,non_concrete:class:abstract,50.961,G:\FPT Specialized\Ki 9\SET490\workspace\ARROW\runs\sample_selection\distributed\shard-1\candidates\02637_30084378_30084378_46
2642,47246081,47246081_729.json,https://github.com/apache/brooklyn-server,Machines,core/src/main/java/org/apache/brooklyn/core/location/Machines.java,production,class,False,174,findSubnetHostname,8,public static,True,True,0,False,,10,ELIGIBLE,,maven,core,testng,${java.version},G:\FPT Specialized\Ki 9\SET490\workspace\ARROW\Java version\jdk-17,JDK ${java.version} not mapped; using build.java_default,,1,2,1,COMPILE_FAILED,,,org.apache.brooklyn.core.location.Machines,,,,,EXCLUDED,baseline,[warning] manifest org.apache.brooklyn:brooklyn-utils-common:jar:<n>.2.0-snapshot : unused export-package instructions: [brooklyn.*],78.156,G:\FPT Specialized\Ki 9\SET490\workspace\ARROW\runs\sample_selection\distributed\shard-1\candidates\02642_47246081_47246081_729
2647,172695826,172695826_2.json,https://github.com/xwings-technologies/ripple-lib-java,EDKeyPair,ripple-core/src/main/java/com/ripple/crypto/ecdsa/EDKeyPair.java,production,class,False,87,verifySignature,11,@Override public,True,True,1,False,,10,ELIGIBLE,,maven,ripple-core,junit4,6,G:\FPT Specialized\Ki 9\SET490\workspace\ARROW\Java version\jdk-8,using compatible JDK 8 from build.java_homes.java-8 for Java 6,,1,2,2,MODULE_TESTS_PASSED|MODULE_TESTS_PASSED,True,1,com.ripple.crypto.ecdsa.EDKeyPair,True,TARGET_TEST_PASSED,MODULE_TESTS_PASSED,MODULE_TESTS_PASSED,ELIGIBLE,,,74.634,G:\FPT Specialized\Ki 9\SET490\workspace\ARROW\runs\sample_selection\distributed\shard-1\candidates\02647_172695826_172695826_2
2652,63602831,63602831_2.json,https://github.com/OpenHFT/Chronicle-Queue-Demo,OMSImpl,order-processor/src/main/java/town/lost/oms/OMSImpl.java,production,,,,cancelOrderRequest,10,@Override public,False,False,,,,,EXCLUDED,no_observable_behavior,,,,,,,,,2,0,,,,,,,,,EXCLUDED,semantic_metadata,no_observable_behavior,0.036,G:\FPT Specialized\Ki 9\SET490\workspace\ARROW\runs\sample_selection\distributed\shard-1\candidates\02652_63602831_63602831_2
2657,41889031,41889031_3.json,https://github.com/TeamNewPipe/NewPipe,ListHelper,app/src/main/java/org/schabi/newpipe/util/ListHelper.java,production,class,False,794,getHighestQualityAudioIndex,23,static,True,True,0,False,,8,ELIGIBLE,,gradle,app,junit4,unknown,G:\FPT Specialized\Ki 9\SET490\workspace\ARROW\Java version\jdk-17,no project java version detected; using build.java_default,,1,2,1,ASSERTION_FAILED,,,org.schabi.newpipe.util.ListHelper,,,,,EXCLUDED,baseline,failure: build failed with an exception.,282.111,G:\FPT Specialized\Ki 9\SET490\workspace\ARROW\runs\sample_selection\distributed\shard-1\candidates\02657_41889031_41889031_3
2662,88127865,88127865_0.json,https://github.com/opentracing-contrib/java-cassandra-driver,CustomStringSpanName,opentracing-cassandra-driver-3/src/main/java/io/opentracing/contrib/cassandra/nameprovider/CustomStringSpanName.java,production,class,False,45,CustomStringSpanName,7,,True,True,1,False,,10,ELIGIBLE,,maven,opentracing-cassandra-driver-3,junit4,8,G:\FPT Specialized\Ki 9\SET490\workspace\ARROW\Java version\jdk-8,matched build.java_homes.java-8,,1,2,1,COMPILE_FAILED,,,io.opentracing.contrib.cassandra.nameprovider.CustomStringSpanName,,,,,EXCLUDED,baseline,error: could not find or load main class specialized\ki,2.279,G:\FPT Specialized\Ki 9\SET490\workspace\ARROW\runs\sample_selection\distributed\shard-1\candidates\02662_88127865_88127865_0
2667,17234441,17234441_8.json,https://github.com/Cloudslab/CloudSimEx,GeoIP2IPGenerator,cloudsimex-geolocation/src/main/java/org/cloudbus/cloudsim/ex/geolocation/geoip2/GeoIP2IPGenerator.java,production,class,False,202,pollRandomIP,10,@Override public,True,True,1,True,filesystem,9,EXCLUDED,external_dependency_risk:filesystem,,,,,,,,1,2,0,,,,,,,,,EXCLUDED,semantic,external_dependency_risk:filesystem,13.420,G:\FPT Specialized\Ki 9\SET490\workspace\ARROW\runs\sample_selection\distributed\shard-1\candidates\02667_17234441_17234441_8
2672,2614085,2614085_157.json,https://github.com/Jasig/uPortal,RemoteCookieCheckFilter,uPortal-api/uPortal-api-rest/src/main/java/org/apereo/portal/utils/web/RemoteCookieCheckFilter.java,production,,,,doFilter,34,@Override public,True,False,,,,,EXCLUDED,no_observable_behavior,,,,,,,,,2,0,,,,,,,,,EXCLUDED,semantic_metadata,no_observable_behavior,0.014,G:\FPT Specialized\Ki 9\SET490\workspace\ARROW\runs\sample_selection\distributed\shard-1\candidates\02672_2614085_2614085_157
2677,147984736,147984736_6.json,https://github.com/code4everything/wanna-spring,UserServiceImpl,spring-bee/src/main/java/org/code4everything/springbee/service/impl/UserServiceImpl.java,production,,,,updateInfo,5,"@Override @LogMethod(""更新用户信息"") public",False,False,,,,,EXCLUDED,no_observable_behavior,,,,,,,,,2,0,,,,,,,,,EXCLUDED,semantic_metadata,no_observable_behavior,0.014,G:\FPT Specialized\Ki 9\SET490\workspace\ARROW\runs\sample_selection\distributed\shard-1\candidates\02677_147984736_147984736_6
2682,136310429,136310429_97.json,https://github.com/fangxiaopeng/HybridAppDev,WXListComponent,HybridAppDev/weex_sdk/src/main/java/com/taobao/weex/ui/component/list/WXListComponent.java,production,,,,addChild,32,@Override public,True,False,,,,,EXCLUDED,no_observable_behavior,,,,,,,,,2,0,,,,,,,,,EXCLUDED,semantic_metadata,no_observable_behavior,0.014,G:\FPT Specialized\Ki 9\SET490\workspace\ARROW\runs\sample_selection\distributed\shard-1\candidates\02682_136310429_136310429_97
2687,167594750,167594750_1.json,https://github.com/ubc-library/geodisy,GeographicFields,Geodisy/Geodisy/src/main/java/Dataverse/DataverseJSONFieldClasses/Fields/DataverseJSONGeoFieldClasses/GeographicFields.java,production,,,,addBB,18,public,True,False,,,,,EXCLUDED,no_observable_behavior,,,,,,,,,2,0,,,,,,,,,EXCLUDED,semantic_metadata,no_observable_behavior,0.014,G:\FPT Specialized\Ki 9\SET490\workspace\ARROW\runs\sample_selection\distributed\shard-1\candidates\02687_167594750_167594750_1
2692,240468,240468_5.json,https://github.com/apache/geronimo,SortUtils,framework/modules/geronimo-kernel/src/main/java/org/apache/geronimo/kernel/util/SortUtils.java,production,class,False,290,sort,93,public static,True,True,0,False,,9,ELIGIBLE,,maven,framework\modules\geronimo-kernel,junit4,5,G:\FPT Specialized\Ki 9\SET490\workspace\ARROW\Java version\jdk-8,using compatible JDK 8 from build.java_homes.java-8 for Java 5,,1,2,1,COMPILE_FAILED,,,org.apache.geronimo.kernel.util.SortUtils,,,,,EXCLUDED,baseline,[warning] org.apache.karaf.tooling:karaf-maven-plugin:<n>.0.0-snapshot/maven-metadata.xml failed to transfer from http://0.0.0.0/ during a previous attempt. this failure was cached in the local repository and resolution will not be reattempted until the update interval of maven-default-http-blocker ,26.351,G:\FPT Specialized\Ki 9\SET490\workspace\ARROW\runs\sample_selection\distributed\shard-1\candidates\02692_240468_240468_5
2697,82282677,82282677_3.json,https://github.com/akuhtz/timingframework,PropertySetter,timingframework-core/src/main/java/org/jdesktop/core/animation/timing/PropertySetter.java,production,,,,getTarget,3,public static,False,True,,,,,EXCLUDED,trivial_focal_method,,,,,,,,,2,0,,,,,,,,,EXCLUDED,semantic_metadata,trivial_focal_method,0.013,G:\FPT Specialized\Ki 9\SET490\workspace\ARROW\runs\sample_selection\distributed\shard-1\candidates\02697_82282677_82282677_3
2702,124765869,124765869_2.json,https://github.com/vmarchaud/Alkazia,BukkitDLUpdaterService,1.7.2/Spigot/src/main/java/org/bukkit/craftbukkit/updater/BukkitDLUpdaterService.java,production,class,False,86,fetchArtifact,15,public,True,True,1,True,database|network,9,EXCLUDED,external_dependency_risk:database|network,,,,,,,,1,2,0,,,,,,,,,EXCLUDED,semantic,external_dependency_risk:database|network,13.899,G:\FPT Specialized\Ki 9\SET490\workspace\ARROW\runs\sample_selection\distributed\shard-1\candidates\02702_124765869_124765869_2
2707,48394219,48394219_19.json,https://github.com/Yatko/Gifteng,MailChimpSender,gifteng-webapp/src/main/java/com/venefica/common/MailChimpSender.java,production,class,False,72,listSubscribe,36,public,True,True,0,False,,10,ELIGIBLE,,maven,gifteng-webapp,junit4,6,G:\FPT Specialized\Ki 9\SET490\workspace\ARROW\Java version\jdk-8,using compatible JDK 8 from build.java_homes.java-8 for Java 6,,1,2,1,ASSERTION_FAILED,,,com.venefica.common.MailChimpSender,,,,,EXCLUDED,baseline,[info] build failure,39.837,G:\FPT Specialized\Ki 9\SET490\workspace\ARROW\runs\sample_selection\distributed\shard-1\candidates\02707_48394219_48394219_19
2712,66321621,66321621_1.json,https://github.com/akka-ja/akka-doc-ja,SampleActor,rst/java/code/docs/actor/SampleActor.java,nonstandard,,,,SampleActor,14,public,True,False,,,,,EXCLUDED,source_layout:nonstandard;no_observable_behavior,,,,,,,,,2,0,,,,,,,,,EXCLUDED,semantic_metadata,source_layout:nonstandard;no_observable_behavior,0.013,G:\FPT Specialized\Ki 9\SET490\workspace\ARROW\runs\sample_selection\distributed\shard-1\candidates\02712_66321621_66321621_1
2717,39924219,39924219_3.json,https://github.com/Rlshep/BJCPBeerStyles_Android,MetricConverter,bjcp_beer_styles/src/main/java/io/github/rlshep/bjcp2015beerstyles/converters/MetricConverter.java,production,class,False,48,isCountryMetric,7,public static,True,True,0,False,,10,ELIGIBLE,,gradle,bjcp_beer_styles,junit4,21,G:\FPT Specialized\Ki 9\SET490\workspace\ARROW\Java version\jdk-21,matched build.java_homes.java-21,,1,2,1,ASSERTION_FAILED,,,io.github.rlshep.bjcp2015beerstyles.converters.MetricConverter,,,,,EXCLUDED,baseline,failure: build failed with an exception.,4.413,G:\FPT Specialized\Ki 9\SET490\workspace\ARROW\runs\sample_selection\distributed\shard-1\candidates\02717_39924219_39924219_3
2722,56890246,56890246_2.json,https://github.com/lightstep/lightstep-tracer-java,TracerParameters,lightstep-tracer-jre-bundle/src/main/java/com/lightstep/tracer/jre/TracerParameters.java,production,class,False,272,getParameters,14,"@SuppressWarnings({""unchecked"", ""rawtypes""}) public static",True,True,0,False,,10,ELIGIBLE,,maven,lightstep-tracer-jre-bundle,junit4,8,G:\FPT Specialized\Ki 9\SET490\workspace\ARROW\Java version\jdk-8,matched build.java_homes.java-8,,1,2,2,MODULE_TESTS_PASSED|MODULE_TESTS_PASSED,True,0,com.lightstep.tracer.jre.TracerParameters,True,TARGET_TEST_PASSED,MODULE_TESTS_PASSED,MODULE_TESTS_PASSED,ELIGIBLE,,,57.276,G:\FPT Specialized\Ki 9\SET490\workspace\ARROW\runs\sample_selection\distributed\shard-1\candidates\02722_56890246_56890246_2
2727,107386062,107386062_18.json,https://github.com/ctripcorp/caravan,PatternCorrector,caravan-common/src/main/java/com/ctrip/soa/caravan/common/value/corrector/PatternCorrector.java,production,class,False,25,correct,10,@Override public,True,True,1,False,,10,ELIGIBLE,,maven,caravan-common,junit4,7,G:\FPT Specialized\Ki 9\SET490\workspace\ARROW\Java version\jdk-8,using compatible JDK 8 from build.java_homes.java-8 for Java 7,,1,2,2,MODULE_TESTS_PASSED|MODULE_TESTS_PASSED,True,0,com.ctrip.soa.caravan.common.value.corrector.PatternCorrector,True,TARGET_TEST_PASSED,MODULE_TESTS_PASSED,MODULE_TESTS_PASSED,ELIGIBLE,,,26.340,G:\FPT Specialized\Ki 9\SET490\workspace\ARROW\runs\sample_selection\distributed\shard-1\candidates\02727_107386062_107386062_18
2732,6733624,6733624_97.json,https://github.com/doanduyhai/Achilles,EntityParser,achilles-core/src/main/java/info/archinnov/achilles/internals/parser/EntityParser.java,production,class,False,52,parseEntity,9,public,False,True,1,False,,7,ELIGIBLE,,maven,achilles-core,junit4,8,G:\FPT Specialized\Ki 9\SET490\workspace\ARROW\Java version\jdk-8,matched build.java_homes.java-8,,1,2,1,COMPILE_FAILED,,,info.archinnov.achilles.internals.parser.EntityParser,,,,,EXCLUDED,baseline,"java.lang.unsupportedclassversionerror: aqute<path> has been compiled by a more recent version of the java runtime (class file version 61.0), this version of the java runtime only recognizes class file versions up to 52.0",17.738,G:\FPT Specialized\Ki 9\SET490\workspace\ARROW\runs\sample_selection\distributed\shard-1\candidates\02732_6733624_6733624_97
2737,26907542,26907542_0.json,https://github.com/sasa7812/jfbdemo,FilterConverterHelper,jpafilterbuilder/src/main/java/ru/savvy/jpafilterbuilder/FilterConverterHelper.java,production,class,False,122,dateConvert,32,public static,True,True,0,False,,10,ELIGIBLE,,maven,jpafilterbuilder,junit4,8,G:\FPT Specialized\Ki 9\SET490\workspace\ARROW\Java version\jdk-8,matched build.java_homes.java-8,,1,2,1,COMPILE_FAILED,,,ru.savvy.jpafilterbuilder.FilterConverterHelper,,,,,EXCLUDED,baseline,tests in error:,45.931,G:\FPT Specialized\Ki 9\SET490\workspace\ARROW\runs\sample_selection\distributed\shard-1\candidates\02737_26907542_26907542_0
2742,114886091,114886091_5.json,https://github.com/peterjurkovic/travel-agency,PhoneUtils,travel-agency-common/src/main/java/com/peterjurkovic/travelagency/common/utils/PhoneUtils.java,production,class,True,46,extractPhoneNumber,11,public static,True,True,0,False,,10,EXCLUDED,non_concrete:class:abstract,,,,,,,,1,2,0,,,,,,,,,EXCLUDED,semantic,non_concrete:class:abstract,2.528,G:\FPT Specialized\Ki 9\SET490\workspace\ARROW\runs\sample_selection\distributed\shard-1\candidates\02742_114886091_114886091_5
2747,164034455,164034455_1.json,https://github.com/jpomykala/javagram-bot,RandomUtils,src/main/java/me/jpomykala/javagram/util/RandomUtils.java,production,,,,getTrueWithProbability,5,public static,False,True,,,,,ELIGIBLE,,,,,,,,,,2,0,,,,,,,,,EXCLUDED,setup,"RuntimeError: Repository setup failed after 3 attempts: CalledProcessError: Command '['git', '-c', 'core.longpaths=true', 'clone', '--depth', '1', 'https://github.com/jpomykala/javagram-bot', 'G:\\FPT Specialized\\Ki 9\\SET490\\workspace\\ARROW\\repos\\164034455']' returned non-zero exit status 128.",9.490,G:\FPT Specialized\Ki 9\SET490\workspace\ARROW\runs\sample_selection\distributed\shard-1\candidates\02747_164034455_164034455_1
2752,253251724,253251724_14.json,https://github.com/actumn/keycafe,DeleteCommand,server/src/main/java/io/keycafe/server/command/handler/DeleteCommand.java,production,class,False,29,run,12,@Override public,True,True,1,False,,9,ELIGIBLE,,gradle,server,junit4,8,G:\FPT Specialized\Ki 9\SET490\workspace\ARROW\Java version\jdk-8,matched build.java_homes.java-8,,1,2,2,MODULE_TESTS_PASSED|MODULE_TESTS_PASSED,True,0,io.keycafe.server.command.handler.DeleteCommand,True,TARGET_TEST_PASSED,MODULE_TESTS_PASSED,MODULE_TESTS_PASSED,ELIGIBLE,,,46.018,G:\FPT Specialized\Ki 9\SET490\workspace\ARROW\runs\sample_selection\distributed\shard-1\candidates\02752_253251724_253251724_14
2757,28649714,28649714_79.json,https://github.com/caeos/coner-core,RunScoringInteractor,service/src/main/java/org/coner/core/domain/interactor/RunScoringInteractor.java,production,class,False,51,score,23,public,True,True,2,False,,9,ELIGIBLE,,maven,service,junit4,8,G:\FPT Specialized\Ki 9\SET490\workspace\ARROW\Java version\jdk-8,matched build.java_homes.java-8,,1,2,1,COMPILE_FAILED,,,org.coner.core.domain.interactor.RunScoringInteractor,,,,,EXCLUDED,baseline,"warn [<timestamp> org.hibernate.engine.jdbc.spi.sqlexceptionhelper: sql error: -10, sqlstate: 23502",143.320,G:\FPT Specialized\Ki 9\SET490\workspace\ARROW\runs\sample_selection\distributed\shard-1\candidates\02757_28649714_28649714_79
2762,14518795,14518795_0.json,https://github.com/canhnt/sne-xacml,FirstApplicableAlg,sne-xacml/src/main/java/nl/uva/sne/midd/algorithms/FirstApplicableAlg.java,production,class,False,36,combine,10,@Override public,True,True,0,False,,9,ELIGIBLE,,maven,sne-xacml,junit4,7,G:\FPT Specialized\Ki 9\SET490\workspace\ARROW\Java version\jdk-8,using compatible JDK 8 from build.java_homes.java-8 for Java 7,,1,2,2,MODULE_TESTS_PASSED|MODULE_TESTS_PASSED,True,0,nl.uva.sne.midd.algorithms.FirstApplicableAlg,True,TARGET_TEST_PASSED,MODULE_TESTS_PASSED,MODULE_TESTS_PASSED,ELIGIBLE,,,62.197,G:\FPT Specialized\Ki 9\SET490\workspace\ARROW\runs\sample_selection\distributed\shard-1\candidates\02762_14518795_14518795_0
2767,20456181,20456181_4.json,https://github.com/Kixeye/janus,Janus,janus-core/src/main/java/com/kixeye/janus/Janus.java,production,class,False,373,getServer,15,public,True,True,4,True,nondeterminism,8,EXCLUDED,external_dependency_risk:nondeterminism,,,,,,,,1,2,0,,,,,,,,,EXCLUDED,semantic,external_dependency_risk:nondeterminism,1.900,G:\FPT Specialized\Ki 9\SET490\workspace\ARROW\runs\sample_selection\distributed\shard-1\candidates\02767_20456181_20456181_4
2772,175376,175376_3.json,https://github.com/sma/smython3,Parser,src/sma/smython/Parser.java,nonstandard,,,,parseYieldExpr,3,,False,True,,,,,EXCLUDED,source_layout:nonstandard,,,,,,,,,2,0,,,,,,,,,EXCLUDED,semantic_metadata,source_layout:nonstandard,0.011,G:\FPT Specialized\Ki 9\SET490\workspace\ARROW\runs\sample_selection\distributed\shard-1\candidates\02772_175376_175376_3
2777,25857692,25857692_3.json,https://github.com/huge-data/storm-sentiment,WordCount,storm-dao/src/main/java/zx/soft/storm/dao/wordcount/WordCount.java,production,,,,updateWordCount,7,public,True,False,,,,,EXCLUDED,no_observable_behavior,,,,,,,,,2,0,,,,,,,,,EXCLUDED,semantic_metadata,no_observable_behavior,0.012,G:\FPT Specialized\Ki 9\SET490\workspace\ARROW\runs\sample_selection\distributed\shard-1\candidates\02777_25857692_25857692_3
2782,84742920,84742920_9.json,https://github.com/kynosarges/tektosyne,Fortran,tektosyne/src/main/java/org/kynosarges/tektosyne/Fortran.java,production,class,False,410,modulo,5,public static,True,True,0,False,,10,ELIGIBLE,,gradle,tektosyne,junit4,source.compatibility,G:\FPT Specialized\Ki 9\SET490\workspace\ARROW\Java version\jdk-17,JDK source.compatibility not mapped; using build.java_default,,1,2,1,ASSERTION_FAILED,,,org.kynosarges.tektosyne.Fortran,,,,,EXCLUDED,baseline,failure: build failed with an exception.,14.231,G:\FPT Specialized\Ki 9\SET490\workspace\ARROW\runs\sample_selection\distributed\shard-1\candidates\02782_84742920_84742920_9
2787,96060769,96060769_197.json,https://github.com/yahoojapan/multiple-dimension-spread,BooleanFilter,src/common/src/main/java/jp/co/yahoo/dataplatform/mds/spread/column/filter/BooleanFilter.java,production,,,,getFilterType,4,@Override public,False,True,,,,,EXCLUDED,trivial_focal_method,,,,,,,,,2,0,,,,,,,,,EXCLUDED,semantic_metadata,trivial_focal_method,0.015,G:\FPT Specialized\Ki 9\SET490\workspace\ARROW\runs\sample_selection\distributed\shard-1\candidates\02787_96060769_96060769_197
2792,28874374,28874374_0.json,https://github.com/appaloosa-store/appaloosa-android-tools,DeviceUtils,app/src/main/java/appaloosa_store/com/appaloosa_android_tools/utils/DeviceUtils.java,production,,,,getDeviceID,8,public static,True,True,,,,,ELIGIBLE,,,,,,,,,,2,0,,,,,,,,,EXCLUDED,setup,"RuntimeError: Repository setup failed after 3 attempts: CalledProcessError: Command '['git', '-c', 'core.longpaths=true', 'clone', '--depth', '1', 'https://github.com/appaloosa-store/appaloosa-android-tools', 'G:\\FPT Specialized\\Ki 9\\SET490\\workspace\\ARROW\\repos\\28874374']' returned non-zero exit status 128.",9.663,G:\FPT Specialized\Ki 9\SET490\workspace\ARROW\runs\sample_selection\distributed\shard-1\candidates\02792_28874374_28874374_0
2797,220248572,220248572_3.json,https://github.com/guchengwuyue/yshopmall,FileUtil,yshop-common/src/main/java/co/yixiang/utils/FileUtil.java,production,,,,getSize,16,public static,True,True,,,,,ELIGIBLE,,,,,,,,,1,2,0,,,,,,,,,EXCLUDED,setup,FileNotFoundError: Cannot resolve focal class path: yshop-common/src/main/java/co/yixiang/utils/FileUtil.java,27.893,G:\FPT Specialized\Ki 9\SET490\workspace\ARROW\runs\sample_selection\distributed\shard-1\candidates\02797_220248572_220248572_3
2802,50579018,50579018_34.json,https://github.com/hazelcast/hazelcast-hibernate-3-and-4,ExpiryMarker,hazelcast-hibernate3/src/main/java/com/hazelcast/hibernate/serialization/ExpiryMarker.java,production,class,False,133,isReplaceableBy,17,@Override public,True,True,0,False,,9,ELIGIBLE,,maven,hazelcast-hibernate3,junit4,6,G:\FPT Specialized\Ki 9\SET490\workspace\ARROW\Java version\jdk-8,using compatible JDK 8 from build.java_homes.java-8 for Java 6,,1,2,2,MODULE_TESTS_PASSED|MODULE_TESTS_PASSED,True,0,com.hazelcast.hibernate.serialization.ExpiryMarker,True,TARGET_TEST_PASSED,MODULE_TESTS_PASSED,MODULE_TESTS_PASSED,ELIGIBLE,,,625.843,G:\FPT Specialized\Ki 9\SET490\workspace\ARROW\runs\sample_selection\distributed\shard-1\candidates\02802_50579018_50579018_34
2807,7352878,7352878_0.json,https://github.com/Tirasa/ConnId,RandomGenerator,java/connector-framework-contract/src/main/java/org/identityconnectors/contract/data/RandomGenerator.java,production,class,False,217,generate,3,public static,False,True,0,True,nondeterminism,7,EXCLUDED,external_dependency_risk:nondeterminism,,,,,,,,1,2,0,,,,,,,,,EXCLUDED,semantic,external_dependency_risk:nondeterminism,3.448,G:\FPT Specialized\Ki 9\SET490\workspace\ARROW\runs\sample_selection\distributed\shard-1\candidates\02807_7352878_7352878_0
2812,710733,710733_12.json,https://github.com/spullara/havrobase,FAB,file/src/main/java/avrobase/file/FAB.java,production,class,False,499,scan,69,@Override public,True,True,6,True,filesystem,7,EXCLUDED,external_dependency_risk:filesystem,,,,,,,,1,2,0,,,,,,,,,EXCLUDED,semantic,external_dependency_risk:filesystem,3.283,G:\FPT Specialized\Ki 9\SET490\workspace\ARROW\runs\sample_selection\distributed\shard-1\candidates\02812_710733_710733_12
2817,61247013,61247013_40.json,https://github.com/busybusy/DBC-Android,MapCondition,lib/src/main/java/com/busybusy/dbc/conditions/MapCondition.java,production,class,False,147,containsValue,10,@Override public,True,True,1,False,,9,ELIGIBLE,,gradle,lib,junit4,1,G:\FPT Specialized\Ki 9\SET490\workspace\ARROW\Java version\jdk-8,using compatible JDK 8 from build.java_homes.java-8 for Java 1,,1,2,1,ASSERTION_FAILED,,,com.busybusy.dbc.conditions.MapCondition,,,,,EXCLUDED,baseline,failure: build failed with an exception.,34.399,G:\FPT Specialized\Ki 9\SET490\workspace\ARROW\runs\sample_selection\distributed\shard-1\candidates\02817_61247013_61247013_40
2822,42548113,42548113_1.json,https://github.com/atomix/copycat,Log,server/src/main/java/io/atomix/copycat/server/storage/Log.java,production,,,,close,8,@Override public,False,False,,,,,EXCLUDED,no_observable_behavior,,,,,,,,,2,0,,,,,,,,,EXCLUDED,semantic_metadata,no_observable_behavior,0.012,G:\FPT Specialized\Ki 9\SET490\workspace\ARROW\runs\sample_selection\distributed\shard-1\candidates\02822_42548113_42548113_1
2827,27790789,27790789_115.json,https://github.com/confluentinc/schema-registry,BearerAuthCredentialProviderFactory,client/src/main/java/io/confluent/kafka/schemaregistry/client/security/bearerauth/BearerAuthCredentialProviderFactory.java,production,class,False,35,getBearerAuthCredentialProvider,15,public static,True,True,0,False,,10,ELIGIBLE,,maven,client,junit4,11,G:\FPT Specialized\Ki 9\SET490\workspace\ARROW\Java version\jdk-11,matched build.java_homes.java-11,,1,2,1,RUNTIME_FAILED,,,io.confluent.kafka.schemaregistry.client.security.bearerauth.BearerAuthCredentialProviderFactory,,,,,EXCLUDED,baseline,[error] [error] some problems were encountered while processing the poms:,8.357,G:\FPT Specialized\Ki 9\SET490\workspace\ARROW\runs\sample_selection\distributed\shard-1\candidates\02827_27790789_27790789_115
2832,1335544,1335544_1.json,https://github.com/MongoLink/mongolink,Java8LocalDateTimeConverter,mongolink/src/main/java/org/mongolink/domain/converter/Java8LocalDateTimeConverter.java,production,class,False,33,toDbValue,4,@Override public,False,True,0,False,,7,ELIGIBLE,,maven,mongolink,junit4,8,G:\FPT Specialized\Ki 9\SET490\workspace\ARROW\Java version\jdk-8,matched build.java_homes.java-8,,1,2,1,COMPILE_FAILED,,,org.mongolink.domain.converter.Java8LocalDateTimeConverter,,,,,EXCLUDED,baseline,org.mongolink.mongolinkerror: error scanning package,20.937,G:\FPT Specialized\Ki 9\SET490\workspace\ARROW\runs\sample_selection\distributed\shard-1\candidates\02832_1335544_1335544_1
2837,86400116,86400116_6.json,https://github.com/openmessaging/openmessaging-java,AccessPointURI,openmessaging-api/src/main/java/io/openmessaging/internal/AccessPointURI.java,production,,,,getHosts,3,public,False,True,,,,,EXCLUDED,trivial_focal_method,,,,,,,,,2,0,,,,,,,,,EXCLUDED,semantic_metadata,trivial_focal_method,0.015,G:\FPT Specialized\Ki 9\SET490\workspace\ARROW\runs\sample_selection\distributed\shard-1\candidates\02837_86400116_86400116_6
2842,88132125,88132125_21.json,https://github.com/cylankj/IoTKit-App-Android,TimeUtils,app/src/main/java/com/cylan/jiafeigou/utils/TimeUtils.java,production,,,,getDayString,4,public static,False,True,,,,,EXCLUDED,trivial_focal_method,,,,,,,,,2,0,,,,,,,,,EXCLUDED,semantic_metadata,trivial_focal_method,0.013,G:\FPT Specialized\Ki 9\SET490\workspace\ARROW\runs\sample_selection\distributed\shard-1\candidates\02842_88132125_88132125_21
2847,56153614,56153614_30.json,https://github.com/jQAssistant/jqa-core-framework,ScannerImpl,scanner/src/main/java/com/buschmais/jqassistant/core/scanner/impl/ScannerImpl.java,production,class,False,254,scan,4,@Override public,False,True,4,False,,6,EXCLUDED,testability_score_below_7,,,,,,,,1,2,0,,,,,,,,,EXCLUDED,semantic,testability_score_below_7,2.748,G:\FPT Specialized\Ki 9\SET490\workspace\ARROW\runs\sample_selection\distributed\shard-1\candidates\02847_56153614_56153614_30
2852,109401796,109401796_3.json,https://github.com/apache/sling-whiteboard,MarkdownResourceProvider,mdresourceprovider/src/main/java/org/apache/sling/mdresource/impl/MarkdownResourceProvider.java,production,class,False,137,getResource,15,@Override public,True,True,0,True,filesystem,8,EXCLUDED,external_dependency_risk:filesystem,,,,,,,,1,2,0,,,,,,,,,EXCLUDED,semantic,external_dependency_risk:filesystem,19.531,G:\FPT Specialized\Ki 9\SET490\workspace\ARROW\runs\sample_selection\distributed\shard-1\candidates\02852_109401796_109401796_3
2857,91155672,91155672_2.json,https://github.com/openNaEF/openNaEF,WebhookAPI,subprojects/opennaef.notification/src/main/java/opennaef/notifier/webhook/WebhookAPI.java,production,class,False,122,get,5,@GET @Produces(MediaType.APPLICATION_JSON) public static,False,True,0,False,,8,ELIGIBLE,,gradle,subprojects\opennaef.notification,junit4,javaVersion,G:\FPT Specialized\Ki 9\SET490\workspace\ARROW\Java version\jdk-17,JDK javaVersion not mapped; using build.java_default,,1,2,1,ASSERTION_FAILED,,,opennaef.notifier.webhook.WebhookAPI,,,,,EXCLUDED,baseline,failure: build failed with an exception.,9.133,G:\FPT Specialized\Ki 9\SET490\workspace\ARROW\runs\sample_selection\distributed\shard-1\candidates\02857_91155672_91155672_2
2862,35256352,35256352_0.json,https://github.com/sanjayvacharya/sleeplessinslc,NationalPlayer,HibernateShards/src/main/java/com/welflex/model/NationalPlayer.java,production,,,,getId,3,public,False,True,,,,,EXCLUDED,trivial_focal_method,,,,,,,,,2,0,,,,,,,,,EXCLUDED,semantic_metadata,trivial_focal_method,0.014,G:\FPT Specialized\Ki 9\SET490\workspace\ARROW\runs\sample_selection\distributed\shard-1\candidates\02862_35256352_35256352_0
2867,190718318,190718318_5.json,https://github.com/PacktPublishing/Design-Patterns-and-SOLID-Principles-with-Java,Warehouse,6.5/demo-app/src/main/java/com/example/warehouse/Warehouse.java,production,class,False,94,addOrder,25,public,True,True,5,False,,9,ELIGIBLE,,maven,6.5\demo-app,junit5,unknown,G:\FPT Specialized\Ki 9\SET490\workspace\ARROW\Java version\jdk-17,no project java version detected; using build.java_default,,1,2,1,ASSERTION_FAILED,,,com.example.warehouse.Warehouse,,,,,EXCLUDED,baseline,[info] build failure,6.962,G:\FPT Specialized\Ki 9\SET490\workspace\ARROW\runs\sample_selection\distributed\shard-1\candidates\02867_190718318_190718318_5
2872,2316191,2316191_14.json,https://github.com/pentaho/data-access,JDBCDatasourceResource,core/src/main/java/org/pentaho/platform/dataaccess/datasource/api/resources/JDBCDatasourceResource.java,production,class,False,315,getConnection,17,"@GET @Path( ""/{name : .+}"" ) @Produces( { APPLICATION_JSON, APPLICATION_XML } ) @StatusCodes( { @ResponseCode( code = 200, condition = ""Successfully retrieved the JDBC datasource"" ), @ResponseCode( code = 500, condition = ""An error occurred retrieving the JDBC datasource"" ) } ) public",True,True,0,True,database,8,EXCLUDED,external_dependency_risk:database,,,,,,,,1,2,0,,,,,,,,,EXCLUDED,semantic,external_dependency_risk:database,4.211,G:\FPT Specialized\Ki 9\SET490\workspace\ARROW\runs\sample_selection\distributed\shard-1\candidates\02872_2316191_2316191_14
2877,15841325,15841325_1.json,https://github.com/orangesignal/orangesignal-android-camera,DisplayHelperHoneycombMR2,core/src/main/java/com/orangesignal/android/view/DisplayHelperHoneycombMR2.java,production,class,False,30,getDisplaySize,6,@Override public,False,True,1,False,,8,ELIGIBLE,,maven,core,junit4,7,G:\FPT Specialized\Ki 9\SET490\workspace\ARROW\Java version\jdk-8,using compatible JDK 8 from build.java_homes.java-8 for Java 7,,1,2,1,ASSERTION_FAILED,,,com.orangesignal.android.view.DisplayHelperHoneycombMR2,,,,,EXCLUDED,baseline,[info] orangesignal android camera core ................... failure [ 1.550 s],12.123,G:\FPT Specialized\Ki 9\SET490\workspace\ARROW\runs\sample_selection\distributed\shard-1\candidates\02877_15841325_15841325_1
2882,65041301,65041301_18.json,https://github.com/VictorAlbertos/DirtyAndroid,UserRepository,app/src/main/java/app/data/sections/users/UserRepository.java,production,,,,getUsers,4,public,False,True,,,,,EXCLUDED,trivial_focal_method,,,,,,,,,2,0,,,,,,,,,EXCLUDED,semantic_metadata,trivial_focal_method,0.013,G:\FPT Specialized\Ki 9\SET490\workspace\ARROW\runs\sample_selection\distributed\shard-1\candidates\02882_65041301_65041301_18
2887,6022685,6022685_4.json,https://github.com/jcodec/jcodec,BitmapUtil,android/src/main/org/jcodec/scale/BitmapUtil.java,nonstandard,,,,fromBitmap,3,public static,False,True,,,,,EXCLUDED,source_layout:nonstandard,,,,,,,,,2,0,,,,,,,,,EXCLUDED,semantic_metadata,source_layout:nonstandard,0.013,G:\FPT Specialized\Ki 9\SET490\workspace\ARROW\runs\sample_selection\distributed\shard-1\candidates\02887_6022685_6022685_4
2892,8672234,8672234_24.json,https://github.com/morfologik/morfologik-stemming,FSABuilder,morfologik-fsa-builders/src/main/java/morfologik/fsa/builders/FSABuilder.java,production,class,False,381,build,7,public static,True,True,0,False,,9,ELIGIBLE,,maven,morfologik-fsa-builders,junit5,11,G:\FPT Specialized\Ki 9\SET490\workspace\ARROW\Java version\jdk-11,matched build.java_homes.java-11,,1,2,1,ASSERTION_FAILED,,,morfologik.fsa.builders.FSABuilder,,,,,EXCLUDED,baseline,[info] morfologik (parent pom) ............................ failure [ 1.831 s],9.807,G:\FPT Specialized\Ki 9\SET490\workspace\ARROW\runs\sample_selection\distributed\shard-1\candidates\02892_8672234_8672234_24
2897,120487379,120487379_49.json,https://github.com/kklisura/chrome-devtools-java-client,CommandBuilder,cdt-java-protocol-builder/src/main/java/com/github/kklisura/cdt/definition/builder/support/protocol/builder/CommandBuilder.java,production,class,False,378,build,21,public,True,True,5,False,,8,ELIGIBLE,,maven,cdt-java-protocol-builder,junit4,8,G:\FPT Specialized\Ki 9\SET490\workspace\ARROW\Java version\jdk-8,matched build.java_homes.java-8,,1,2,1,COMPILE_FAILED,,,com.github.kklisura.cdt.definition.builder.support.protocol.builder.CommandBuilder,,,,,EXCLUDED,baseline,[error] com.github.kklisura.cdt.definition.builder.support.java.builder.impl.javaclassbuilderimpltest.testaddingimportsonsamepackage -- time elapsed: 0.001 s <<< failure!,27.241,G:\FPT Specialized\Ki 9\SET490\workspace\ARROW\runs\sample_selection\distributed\shard-1\candidates\02897_120487379_120487379_49
2902,138623536,138623536_26.json,https://github.com/apache/sling-org-apache-sling-app-cms,ChangePasswordOperation,core/src/main/java/org/apache/sling/cms/core/internal/operations/ChangePasswordOperation.java,production,class,False,63,run,25,@Override public,True,True,0,False,,9,ELIGIBLE,,maven,core,junit4,${sling.cms.java.version},G:\FPT Specialized\Ki 9\SET490\workspace\ARROW\Java version\jdk-17,JDK ${sling.cms.java.version} not mapped; using build.java_default,,1,2,2,MODULE_TESTS_PASSED|MODULE_TESTS_PASSED,True,1,org.apache.sling.cms.core.internal.operations.ChangePasswordOperation,True,TARGET_TEST_PASSED,MODULE_TESTS_PASSED,MODULE_TESTS_PASSED,ELIGIBLE,,,165.299,G:\FPT Specialized\Ki 9\SET490\workspace\ARROW\runs\sample_selection\distributed\shard-1\candidates\02902_138623536_138623536_26
2907,44013289,44013289_2.json,https://github.com/basilisk-fw/basilisk,TypeUtils,subprojects/basilisk-core/src/main/java/basilisk/util/TypeUtils.java,production,class,False,617,equals,36,public static,True,True,0,False,,8,ELIGIBLE,,gradle,.,junit4,subproj.sourceCompatibility,G:\FPT Specialized\Ki 9\SET490\workspace\ARROW\Java version\jdk-17,JDK subproj.sourceCompatibility not mapped; using build.java_default,,1,2,1,ASSERTION_FAILED,,,basilisk.util.TypeUtils,,,,,EXCLUDED,baseline,failure: build failed with an exception.,15.695,G:\FPT Specialized\Ki 9\SET490\workspace\ARROW\runs\sample_selection\distributed\shard-1\candidates\02907_44013289_44013289_2
2912,32446940,32446940_0.json,https://github.com/umlet/umlet,TextSplitter,umlet-elements/src/main/java/com/baselet/diagram/draw/TextSplitter.java,production,class,False,568,splitStringAlgorithm,3,public static,False,True,0,False,,6,EXCLUDED,testability_score_below_7,,,,,,,,1,2,0,,,,,,,,,EXCLUDED,semantic,testability_score_below_7,3.300,G:\FPT Specialized\Ki 9\SET490\workspace\ARROW\runs\sample_selection\distributed\shard-1\candidates\02912_32446940_32446940_0
2917,4604367,4604367_119.json,https://github.com/sirixdb/sirix,ElementNode,bundles/sirix-core/src/main/java/org/sirix/node/xml/ElementNode.java,production,,,,ElementNode,16,public,False,False,,,,,EXCLUDED,no_observable_behavior,,,,,,,,,2,0,,,,,,,,,EXCLUDED,semantic_metadata,no_observable_behavior,0.037,G:\FPT Specialized\Ki 9\SET490\workspace\ARROW\runs\sample_selection\distributed\shard-1\candidates\02917_4604367_4604367_119
2922,78049515,78049515_0.json,https://github.com/Lambda-3/Graphene,Graphene,graphene-core/src/main/java/org/lambda3/graphene/core/Graphene.java,production,class,False,119,doRelationExtraction,8,public,False,True,0,False,,8,ELIGIBLE,,maven,graphene-core,testng,8,G:\FPT Specialized\Ki 9\SET490\workspace\ARROW\Java version\jdk-8,matched build.java_homes.java-8,,1,2,1,ASSERTION_FAILED,,,org.lambda3.graphene.core.Graphene,,,,,EXCLUDED,baseline,[info] the graphene extraction tool ....................... failure [ 5.805 s],9.384,G:\FPT Specialized\Ki 9\SET490\workspace\ARROW\runs\sample_selection\distributed\shard-1\candidates\02922_78049515_78049515_0
2927,55719869,55719869_0.json,https://github.com/neuralcubes/musephero,RobotController,app/src/main/java/uk/co/neuralcubes/neuralates/controller/RobotController.java,production,class,False,97,computeAngle,9,static,True,True,3,False,,10,ELIGIBLE,,gradle,app,junit4,unknown,G:\FPT Specialized\Ki 9\SET490\workspace\ARROW\Java version\jdk-8,Gradle 2.10 requires compatible JDK 8; matched build.java_homes.java-8,,1,2,1,ASSERTION_FAILED,,,uk.co.neuralcubes.neuralates.controller.RobotController,,,,,EXCLUDED,baseline,"failed to notify projectevaluationlistener.afterevaluate(), but primary configuration failure takes precedence.",30.398,G:\FPT Specialized\Ki 9\SET490\workspace\ARROW\runs\sample_selection\distributed\shard-1\candidates\02927_55719869_55719869_0
2932,13349691,13349691_3.json,https://github.com/fillumina/PerformanceTools,Statistics,performance-tools/src/main/java/com/fillumina/performance/util/Statistics.java,production,class,False,128,max,4,public,False,True,1,False,,8,ELIGIBLE,,maven,performance-tools,junit4,7,G:\FPT Specialized\Ki 9\SET490\workspace\ARROW\Java version\jdk-8,using compatible JDK 8 from build.java_homes.java-8 for Java 7,,1,2,1,COMPILE_FAILED,,,com.fillumina.performance.util.Statistics,,,,,EXCLUDED,baseline,"java.lang.assertionerror: telemetry 'one' expected equals to 20.00 %, found 28.75 % with a tolerance of 5.0 %",20.624,G:\FPT Specialized\Ki 9\SET490\workspace\ARROW\runs\sample_selection\distributed\shard-1\candidates\02932_13349691_13349691_3
2937,84521629,84521629_3.json,https://github.com/PerficientDigital/AEM-DataLayer,AEMDataLayerInterceptorFilter,core/src/main/java/com/perficient/aem/datalayer/core/filters/AEMDataLayerInterceptorFilter.java,production,class,False,148,resourceHierarchyHasACycle,14,,True,True,0,False,,9,ELIGIBLE,,maven,core,junit4,8,G:\FPT Specialized\Ki 9\SET490\workspace\ARROW\Java version\jdk-8,matched build.java_homes.java-8,,1,2,2,MODULE_TESTS_PASSED|MODULE_TESTS_PASSED,True,0,com.perficient.aem.datalayer.core.filters.AEMDataLayerInterceptorFilter,True,TARGET_TEST_PASSED,MODULE_TESTS_PASSED,MODULE_TESTS_PASSED,ELIGIBLE,,,155.681,G:\FPT Specialized\Ki 9\SET490\workspace\ARROW\runs\sample_selection\distributed\shard-1\candidates\02937_84521629_84521629_3
2942,36165669,36165669_2.json,https://github.com/mrmans0n/smart-adapters,SmartAdapter,library/src/main/java/io/nlopez/smartadapters/SmartAdapter.java,production,class,False,153,empty,3,public static,False,True,0,False,,8,ELIGIBLE,,gradle,library,junit4,1,G:\FPT Specialized\Ki 9\SET490\workspace\ARROW\Java version\jdk-8,using compatible JDK 8 from build.java_homes.java-8 for Java 1,,1,2,1,ASSERTION_FAILED,,,io.nlopez.smartadapters.SmartAdapter,,,,,EXCLUDED,baseline,"failed to notify projectevaluationlistener.afterevaluate(), but primary configuration failure takes precedence.",39.286,G:\FPT Specialized\Ki 9\SET490\workspace\ARROW\runs\sample_selection\distributed\shard-1\candidates\02942_36165669_36165669_2
2947,9713275,9713275_143.json,https://github.com/seeker/similarImage,SQLiteDatabase,core/src/main/java/com/github/dozedoff/similarImage/db/SQLiteDatabase.java,production,,,,getCs,4,@Override public,False,True,,,,,EXCLUDED,trivial_focal_method,,,,,,,,,2,0,,,,,,,,,EXCLUDED,semantic_metadata,trivial_focal_method,0.012,G:\FPT Specialized\Ki 9\SET490\workspace\ARROW\runs\sample_selection\distributed\shard-1\candidates\02947_9713275_9713275_143
2952,14029306,14029306_32.json,https://github.com/jersey/jersey-1.x,WadlGeneratorResourceDocSupport,jersey-server/src/main/java/com/sun/jersey/server/wadl/generators/resourcedoc/WadlGeneratorResourceDocSupport.java,production,class,False,327,createResource,10,public,True,True,0,True,filesystem,8,EXCLUDED,external_dependency_risk:filesystem,,,,,,,,1,2,0,,,,,,,,,EXCLUDED,semantic,external_dependency_risk:filesystem,8.570,G:\FPT Specialized\Ki 9\SET490\workspace\ARROW\runs\sample_selection\distributed\shard-1\candidates\02952_14029306_14029306_32
2957,13869700,13869700_0.json,https://github.com/FeatureIDE/FeatureIDE,StringMatcher,plugins/de.ovgu.featureide.examples/featureide_examples/StringMatcher-FH-JML/features/Comparison/StringMatcher.java,nonstandard,,,,compare,3,public,False,True,,,,,EXCLUDED,source_layout:nonstandard,,,,,,,,,2,0,,,,,,,,,EXCLUDED,semantic_metadata,source_layout:nonstandard,0.013,G:\FPT Specialized\Ki 9\SET490\workspace\ARROW\runs\sample_selection\distributed\shard-1\candidates\02957_13869700_13869700_0
2962,80550971,80550971_14.json,https://github.com/hortonworks/nifi-android-s2s,RegexFileFilter,s2s/src/main/java/com/hortonworks/hdf/android/sitetosite/collectors/filters/RegexFileFilter.java,production,,,,accept,5,@Override public,True,True,,,,,ELIGIBLE,,,,,,,,,,2,0,,,,,,,,,EXCLUDED,setup,"RuntimeError: Repository setup failed after 3 attempts: CalledProcessError: Command '['git', '-c', 'core.longpaths=true', 'clone', '--depth', '1', 'https://github.com/hortonworks/nifi-android-s2s', 'G:\\FPT Specialized\\Ki 9\\SET490\\workspace\\ARROW\\repos\\80550971']' returned non-zero exit status 128.",9.473,G:\FPT Specialized\Ki 9\SET490\workspace\ARROW\runs\sample_selection\distributed\shard-1\candidates\02962_80550971_80550971_14
2967,16863086,16863086_7.json,https://github.com/johnjohndoe/TypedPreferences,IntPreference,Library/src/main/java/info/metadude/android/typedpreferences/IntPreference.java,production,,,,set,3,public,False,False,,,,,EXCLUDED,no_observable_behavior,,,,,,,,,2,0,,,,,,,,,EXCLUDED,semantic_metadata,no_observable_behavior,0.013,G:\FPT Specialized\Ki 9\SET490\workspace\ARROW\runs\sample_selection\distributed\shard-1\candidates\02967_16863086_16863086_7
2972,30417900,30417900_2.json,https://github.com/dsharpe/blog-jahia-jhipster2,SecurityUtils,node_modules/generator-jhipster/app/templates/src/main/java/package/security/_SecurityUtils.java,production,class,False,49,isAuthenticated,12,public static,True,True,0,False,,10,ELIGIBLE,,maven,.,junit4,7,G:\FPT Specialized\Ki 9\SET490\workspace\ARROW\Java version\jdk-8,using compatible JDK 8 from build.java_homes.java-8 for Java 7,,1,2,2,MODULE_TESTS_PASSED|MODULE_TESTS_PASSED,True,0,SecurityUtils,False,,,,EXCLUDED,bytecode,Không tìm thấy bytecode focal class SecurityUtils,104.608,G:\FPT Specialized\Ki 9\SET490\workspace\ARROW\runs\sample_selection\distributed\shard-1\candidates\02972_30417900_30417900_2
2977,221992547,221992547_37.json,https://github.com/aws/random-cut-forest-by-aws,SimpleInterpolationVisitor,Java/core/src/main/java/com/amazon/randomcutforest/interpolation/SimpleInterpolationVisitor.java,production,,,,accept,46,@Override public,True,False,,,,,EXCLUDED,no_observable_behavior,,,,,,,,,2,0,,,,,,,,,EXCLUDED,semantic_metadata,no_observable_behavior,0.013,G:\FPT Specialized\Ki 9\SET490\workspace\ARROW\runs\sample_selection\distributed\shard-1\candidates\02977_221992547_221992547_37
2982,185739179,185739179_31.json,https://github.com/95MISTAKE/sonar,PmdProfileExporter,sonar-p3c-pmd/src/main/java/org/sonar/plugins/pmd/profile/PmdProfileExporter.java,production,class,False,165,processXPathRule,19,static,True,True,0,False,,9,ELIGIBLE,,maven,sonar-p3c-pmd,junit5,unknown,G:\FPT Specialized\Ki 9\SET490\workspace\ARROW\Java version\jdk-17,no project java version detected; using build.java_default,,1,2,1,COMPILE_FAILED,,,org.sonar.plugins.pmd.profile.PmdProfileExporter,,,,,EXCLUDED,baseline,[warning] org.codehaus.woodstox:stax2-api/maven-metadata.xml failed to transfer from http://0.0.0.0/ during a previous attempt. this failure was cached in the local repository and resolution will not be reattempted until the update interval of maven-default-http-blocker has elapsed or updates are fo,31.949,G:\FPT Specialized\Ki 9\SET490\workspace\ARROW\runs\sample_selection\distributed\shard-1\candidates\02982_185739179_185739179_31
2987,21993347,21993347_38.json,https://github.com/Netflix/spectator,MappingExpr,spectator-ext-jvm/src/main/java/com/netflix/spectator/jvm/MappingExpr.java,production,class,False,143,substitute,10,static,True,True,0,False,,10,ELIGIBLE,,gradle,spectator-ext-jvm,junit5,17,G:\FPT Specialized\Ki 9\SET490\workspace\ARROW\Java version\jdk-17,matched build.java_homes.java-17,,1,2,1,ASSERTION_FAILED,,,com.netflix.spectator.jvm.MappingExpr,,,,,EXCLUDED,baseline,failure: build failed with an exception.,137.302,G:\FPT Specialized\Ki 9\SET490\workspace\ARROW\runs\sample_selection\distributed\shard-1\candidates\02987_21993347_21993347_38
2992,118782609,118782609_0.json,https://github.com/luchsh/bridgedCHeap,LogCompilation,src/utils/LogCompilation/src/main/java/com/sun/hotspot/tools/compiler/LogCompilation.java,production,,,,main,91,public static,True,False,,,,,EXCLUDED,no_observable_behavior,,,,,,,,,2,0,,,,,,,,,EXCLUDED,semantic_metadata,no_observable_behavior,0.012,G:\FPT Specialized\Ki 9\SET490\workspace\ARROW\runs\sample_selection\distributed\shard-1\candidates\02992_118782609_118782609_0
2997,33926359,33926359_0.json,https://github.com/xolan/android-debouncer,Debouncer,debouncer/src/main/java/com/github/xolan/android/debouncer/Debouncer.java,production,class,False,55,debounce,10,public static,True,True,0,False,,9,ELIGIBLE,,gradle,debouncer,junit4,unknown,G:\FPT Specialized\Ki 9\SET490\workspace\ARROW\Java version\jdk-8,Gradle 2.2.1 requires compatible JDK 8; matched build.java_homes.java-8,,1,2,1,ASSERTION_FAILED,,,com.github.xolan.android.debouncer.Debouncer,,,,,EXCLUDED,baseline,"failed to notify projectevaluationlistener.afterevaluate(), but primary configuration failure takes precedence.",78.823,G:\FPT Specialized\Ki 9\SET490\workspace\ARROW\runs\sample_selection\distributed\shard-1\candidates\02997_33926359_33926359_0
