candidate_rank,project_id,sample_file,sample_sha256,sample_bytes
1,105081364,105081364_6.json,f9c4f9dcabe96655c8175dc5a51a755711446b31655bd8ad7b18d5180457ab70,10719
2,60701247,60701247_744.json,9da3d16bff80ea75103609f651c3cdaf33dfc314bb2fb0cdfcca06c370431d7e,38216
3,992012,992012_1.json,e91ca4d48f93a1bc10295f2fc6150f8d2d725b723bc88061528e1642c493aafb,4540
4,38882107,38882107_3.json,ebe6ef31e5f83b7a7b8a800b0db2d639475b7fef3a4afbc65790a50ef8f27d09,8219
5,38443009,38443009_4.json,a97c8e71b852ca3e69278734ee861c17b234f96cec1429a29d21cff8f9ff4bbd,4643
6,766240,766240_13.json,740dea0825bb0cfaa7d3d87661014896db2ebbf9b0b354ccbf0b38fae6a53b53,3809
7,48369985,48369985_247.json,1d146997497f42e1fe3700e5418d696ba7bab24932c2853c53c45303ff7797bc,3022
8,145032308,145032308_3.json,ea873f02cd2a44ff9ac61dfbfba09b40fd41cb85af8d301877f379fb9bcc8761,2355
9,60982325,60982325_0.json,23c3ef972707c59a33ab820bc990f43977898e6d9c2fe4dd5134a965c8b739a2,7554
10,1028034,1028034_3.json,aa83e0472b03ffa3aa5bd99fa26adee17114761e25d006ecb279275c16675a80,9389
11,61372044,61372044_181.json,3edb009dc57c504883164807bd2089f2ded7836b08ec8b0df0f32430d3c960ee,73485
12,132938098,132938098_44.json,7c0fe94d46c5bb0bcfad44a25fac09e11c1a2d98d8ffa7ea07f5128a7d22b2a9,50130
13,10085184,10085184_0.json,8a68799bec18524e1074ae488bd7028268abc2be0dd2f07ed05fbbd9db545520,5231
14,44512524,44512524_229.json,91c92717ef4762a0c5682a0406a00d0b38d520f55366fab5aadefa85852fb9e3,8628
15,55246521,55246521_89.json,836244420c9a2193d5189a2472dd8602a445c279110c855b69bdac662121da47,14510
16,76667858,76667858_0.json,8a171d83fbfda5cf13243a3a0dc7d3bdce6bc4fa1460e56c202f5add269e79ab,5475
17,1342891,1342891_1.json,ef15acbf5f1928032f2218b44d4b36301e73cf6639c5c033159f3b8555bc70d6,12712
18,128274093,128274093_618.json,09d2a2ff81cecd7100e2414c5daf1f346455bf9a5660338a82be92356ff9fe3a,21207
19,69595482,69595482_76.json,bceeeb8c849242d10737ce34f6bf6952c864806bf0723769f61db47db94c825f,11803
20,218912806,218912806_6.json,660f93d68cea1a1c0ef96564b18a771e192aeeb5257768a29c3478f659cc52f8,4739
21,23686634,23686634_7.json,452b0dcc5d2e962ce0361456dcf6b66f023a5a3c252373ed63929d03dc2b6338,2748
22,52231932,52231932_0.json,d2a5353f37d7e058a6160eb1aa0df48224ff8fb64200a98bf29e5215bf46fc9f,4885
23,30333472,30333472_21.json,5f8f642ffd53f5c41d20b8832c6901f991ad7c056fa1cc545612d3b926f81716,24267
24,1361792,1361792_2.json,3df51d2a414c2ce0a418a3eea77acc4575657b442284e69b41a6b11db2281d49,8364
25,60586822,60586822_0.json,7236daa59bacd59bd56454962fccfb1e84ea0b68c05ac830fb9971faa0cd6c11,8610
26,24855056,24855056_82.json,fea8061ab8c8829f0c8c834601ebf8814e55ea4df24aea2b7358dee8f60f2f67,15012
27,2698192,2698192_5.json,639c4e6fa93f7f1a790c8ce4271a951178172cb320e6a6637337d5fb4ade8ce5,4014
28,67473511,67473511_37.json,2e864baccc625108dbe560d3681a6b2bdc3b830df0d83fdb22acf4e373fb06c5,13709
29,38484146,38484146_30.json,1b1fea7144b4c24bdab0a1744e9dcf0d33cee1ec30a6b8c2b6b1afd57bf25388,10936
30,116932005,116932005_14.json,74fa68e2145747ec5064e6097653a59b1a7f3853fa160bc58c10005cfa4e1c73,9178
31,66020851,66020851_16.json,83de1b9a1368391e2248b5f5b5eeb7eb514af712f9324d73b73c043d28bccd75,6599
32,45471150,45471150_0.json,0cca6eaec6fbd0364ec9b67cefb01b0221b7ea46ed128c948691fab5aef2f433,9388
33,173952800,173952800_30.json,137c6db6781cc2937c521f6f0411c16a19c3d452d228c0a3bcabfc95c5f711d3,10841
34,47773974,47773974_1.json,e5f40aa7df9b8a819c471b00451e3342de370981aec947a52be041c455913e3d,6308
35,4695543,4695543_8.json,b1055184e336f61355b5163cbeef40c61b7581c6f708a04e12a033743a49c84e,2713
36,55986996,55986996_1.json,ef881b1a107373ed46b94e80ee8ab018b6e90f5d9f0519f67554f640776b2037,4521
37,2708082,2708082_47.json,927e9aff83e05e91d7465d9539ffb552fe1f05064e41f0f228f62d5c8668c64a,23390
38,21432552,21432552_13.json,13761695b330fbd54755ec649d15d6e87f9157fc68055124ea16dd11203ca700,15191
39,18023059,18023059_19.json,cd1fd212ec31a57dd7d3cd2e7f1550950c5a67729c1f1b1b5608c1809057d9b4,22809
40,1827687,1827687_0.json,be808c3f4a190e568dc0bb514aa985d4f00ef49adea61bda518e5bdc7a3af803,5974
41,5126482,5126482_11.json,221c56ce57a02bea3723afea34a01de412e89e61caf448711b0664ddfd457805,18440
42,162806930,162806930_1.json,e6ab6f507d4e3b2313e24773a334990b8b05020c63e02af7ca533049f1ce5d85,5797
43,74458764,74458764_173.json,ff7df845e632a279f114b477b1615e334e82b95792588f4f1ce61754b15d81da,4427
44,24155908,24155908_0.json,b0631c0f75e71c2f831a70139d45bcb5e1541152c06439d77743e17502abe853,10419
45,53265801,53265801_5.json,d05e294a6d821746278f92d0c6c6b4f9955b6870180821a25d6f7139702aab27,4669
46,2193717,2193717_2.json,019b7d0cc67708e9611a0b4eb77cf1b54823a5d7c3850ff2570fb5821170296b,3177
47,86106666,86106666_0.json,9ed538e50f227072c36a022d6184b65a07ebddee9fcdee1f12af47eca11bb217,4324
48,133938603,133938603_4.json,ff77c41ceef08a2ac87a2e40350e5440d5c98ee40f9a2ea1ef42c83893aac3d7,2764
49,35402802,35402802_4.json,17a4db8877d11dc0eaad191a84330651bdb31418b6d76c04e4ff14df9545d958,2615
50,74950506,74950506_1.json,d407b322230f124b4f88e832b39e56649786857930edd9b2b5d2ece6951bc23b,10569
51,5094929,5094929_0.json,b58b375c546f4964a6c3e410beaed1f4c6faa11c79f407958b11c6e8325d375a,2636
52,168531964,168531964_0.json,6b302c6ddf05659050069afdb6258abec6161922f9be9ee51d3a45030fd4f70a,6973
53,50594316,50594316_8.json,bb54e67fcf06cd10c3270610668eefe8a7db12fb4bb8f8381f266157614dccdc,6719
54,21242302,21242302_0.json,1068c10b37eb0e4b0aa44a4ee2dfa6e30f3bebd2ec6dcaa28af2a7f831fcc318,7894
55,19408279,19408279_4.json,df70854f1aa7adae7e9b830ecfa7e08aed60bb7f0e5b6a1c344a51eb660a2113,4541
56,155883728,155883728_301.json,d49b59b76c15f7bdfa5d30ea152e664cb99e020fa420785c71950350b413e795,4097
57,101466853,101466853_0.json,dc087b74853409ab512d276053360c0c09f4dfbcf6df252e4647bf8cd91dbedf,15221
58,50105719,50105719_25.json,a5cf68e3545f7350ec5fad76241d89fed895ad44d8e8783a9c661738db39424d,6061
59,74169960,74169960_59.json,45cd829abc073d759dc0a0e477f26f635f47f9b1657be57c13e2a970be099601,18975
60,191478424,191478424_0.json,b4484ad7d46bc9225b4434843341b6442f9e7811815ccc5e5c01f3cd5dcece04,6389
61,88765628,88765628_5.json,6bd6f602779ff07cbd5284b3fe8cf21edd93824bfe760e39feaf60acaf3385cb,13133
62,173721564,173721564_51.json,7e634ff035d1a768f8a3fd8bc61d8998c8a636488dd77c74e4b6151e6e419d41,7318
63,34411308,34411308_1.json,8feec4ef7199d1a05377e6d48f07879fd59a7592774d56a0054d3dcbc56f3ba5,5499
64,13236207,13236207_0.json,424ec08d72c41b634f4a0debc491e197235fd2d937467891169be64c04905b25,5048
65,185871137,185871137_77.json,20231090c32c950a2d641ca33ed2c6bbb0aa8e60ad477a6b594e53469e4523ff,6199
66,163514144,163514144_1.json,632f382e174c7f16d0da8db1e2509eb9a5ba44edece661dfa7c4b29af882be65,24600
67,81932909,81932909_16.json,cb559b7553b792dfd4751b62b5f0235e66ef12defe8980e839adbda77c858ead,4855
68,85860202,85860202_0.json,41257d6604075dae9ea6936cd24a911e5aad731d3c6b3008890dd95439e1a213,7441
69,129259201,129259201_28.json,e96d9eaa1fe3a9a55f582c6e13cf0bc02dce943d6fb921fc1ac09f9a70e2c77c,23831
70,10361643,10361643_523.json,9f70370d7f0530bdd6e0d5789aebfc7a23bb3f0f94602476b43b18708980b725,22325
71,7695110,7695110_11.json,7eb6b788a20849222f7160ed6bf6914ad899f86f8fb8a24518e18a66ee8e2e11,6335
72,22252491,22252491_1.json,2e154c9d64eac73337565f9f890c1fc2a69e2dc904ed1273f1351f1c4d74d9f6,10741
73,73535587,73535587_1.json,62a56f5d22a2cac0c052d551289bb64a1300da2ba5e6134515e7c930952231fb,6010
74,26628954,26628954_6.json,7148baed679bf8ecef46095a08ee78af1e68a4be0a4153979491ffdac406ef10,40087
75,24363680,24363680_57.json,d13ce9931b9daa5c0575aa9b5287bae744941ab84af833fc116787b56e57dbd4,10493
76,36268631,36268631_1.json,344f963d53bb01bd61790365b8e491567390fe74587fb43a78f698335e0ae8b5,4297
77,67680403,67680403_0.json,49420e3307b1e83fa36110729bff84eb20a59077ddd544d1b2f1a64d534a90e8,2574
78,115838569,115838569_4.json,c5d495f8848407b8fbc4eb5bb5c165e9904d2d1cc01b41d0e5d4d3fc2c64e088,9222
79,5279091,5279091_4.json,ad88cdbff4e4a28276a926d97ebf9ddd208dfbe06ff1570511d9fb5f50c502fd,13574
80,2148480,2148480_4.json,03b598f4de45922e051bf9ceb0dd12ae0547c1ee673d02752145204dfe29345b,7576
81,17559168,17559168_38.json,79a76fd7006cf139a5abbd6e962577d0896c13b35270e99979dde7ef00c8bd0c,10387
82,232306581,232306581_16.json,7e88f181a63d33978feecd204b1579a75765dfecab49ed6f58e6acf1399dfbc6,17391
83,18133301,18133301_5.json,f8bc75935750508304382305d1356492ac76d3b6d7a3adc731dd857b2b97449a,7070
84,89220387,89220387_0.json,95bff7ae41f5dd9af35661bcecbc80ce4f7c84313c722372994856b179c5cbcb,5341
85,144251992,144251992_262.json,1e5dfe96a789dab21b45a56324481cbbd98acf8073c3a39d4041c71cb80f5b3a,9437
86,28344352,28344352_0.json,348fee4879975201c270c433a51a26d780870d32e686569a31440d3c2590f026,23189
87,74740415,74740415_8.json,c84b59be611d31ed5fc2dac1916051eb8f21da71a78c348064a58f143a96fd6b,11548
88,106200322,106200322_5.json,9486af25943a94b80e0895ceccf8ba8ac55674a1d426a64ce8a9a5a4bdb6222d,63153
89,1894664,1894664_6.json,b2cdd392ed1f89a350543b57f3fa9f93e12f4c75314687498c07d2afa4230f84,5126
90,42949039,42949039_245.json,4f9d632c6349afe6be951ffedeabd06ed378d39ddac2769350c69306813924a2,9753
91,163078506,163078506_18.json,aa49e05ed76c07236ca39d229571d8a28c712a99dadfbe89b2f2e2cfd4e8e284,6182
92,4835576,4835576_18.json,87286a3bb7fb233d69d273c5e84ccb11c657ff76096a0641d283dd0ef45bd9fb,7698
93,41371438,41371438_98.json,fb06bddbc37ff5f37779afce041340a3b4de435cef06164512713f941fcb437a,6632
94,13660977,13660977_48.json,e7f6af0f1a3cc56cbb8f6fdbc0edfc345d24798818e9fdba7abc93687d9c069c,5379
95,44212362,44212362_2.json,6fc096e0b3b28510763dd6a0a9decec0ab0e5aa2c2013059f500f7f2d2582f94,5549
96,37987555,37987555_6.json,fed95730ee8ee454f7ecf53ba88b02f9e50ce3616c42b5b7275b33739371bb6c,11290
97,32034982,32034982_134.json,5132513736dd6d38843cd7b54abeda16fab630f334d2b2fbf0bf86d59efd681e,14849
98,81464583,81464583_3.json,852dbce9a4ad36f9e9a912b767ca1be49ecee710b17fe229e3e922a0a20f2d71,6419
99,207567112,207567112_7.json,7a7c86528df1fbd6792e772200603c3b30cbaf6b88a2f6729fe525800694ddec,7934
100,152217753,152217753_4.json,a5c56eb3fc77dd65abd02ff6c267d70e8bf7e18df30ecb85d360512099f13eb1,2591
101,142015901,142015901_1.json,db3f515fdfd3a21f7c608cc6dd1467e07dffb99a00b11bd44584dac7ac662401,10386
102,6448810,6448810_160.json,9a2ec64462e7af806f99e3df845cd74ce43805d40a7e19fd787870fbdd53d6ee,10518
103,927454,927454_3.json,843dd7e8b7370d718382dde19c40211253888f13b4b2a593a11278c48fb0ea95,6272
104,14106147,14106147_10.json,2f79381f5bc2dc979f101a39e0626e98c5d3c519be06679e3e156918df4372be,3267
105,137178358,137178358_0.json,3e06db98cc1ea35a802bbc2167a9eda74a17b533d658eda4afaf9746f95c5be4,4567
106,103155862,103155862_235.json,3dbb27eabe5474b19a4d0ea552469691f64f9c28ee895ec28cda649519fbc51c,7246
107,3165021,3165021_49.json,2a53c6f3b1e417353b8d39498f594256478fc7d1a65848fc852925cb34ac929d,5985
108,34456739,34456739_2.json,81c0787d36e2f5acbb1846fe4c0ddc264a294ba9f698c067bf9e0f054d370bad,9719
109,23803268,23803268_11.json,d08617aba60f1d6913e607ed6e4f6b533e3317c0b564299d4c785efeaa48d57e,5542
110,68199747,68199747_17.json,5ca90192dfed952cb993f1d8aaf74d21528c2e354df07aac9767353371f88a7b,7552
111,141550213,141550213_58.json,ed2bfe7719f3b8b48646d723681a92e82fcfb366b41eaa148547528be1632cf7,13989
112,235076,235076_3.json,627b97a6385c95b560e50b4518eb2757d82641fd91293c44b86de777004520fd,7159
113,28407415,28407415_13.json,206287e32f2278107d819b21d88fcfbf1d005a7f5760ace877b2ea48e3b5cb0b,8847
114,100716846,100716846_3.json,32069f881293a65b53adca27de27da8fec58b33749711bc4289410710fc364fc,32693
115,56988303,56988303_6.json,bb65b3210ef23e13a7dd08b99e2cb9f63a606b94356007da6f709f7af7f3a702,18420
116,112121863,112121863_17.json,a9cd88883ecae0d567c7f4739e8f5d3c78f23438babcb8ffb62fdd6e26e72e86,3620
117,91712296,91712296_0.json,d8959936f027f6702a279a2b11bc42d291fa20bc864930b1f039a7af2c2911a2,2392
118,171132936,171132936_2.json,20a10dc0f6ac7b86351ef2765377db4e280b3584c9b1cd0f1bc0821d98c99ef5,7238
119,115063846,115063846_91.json,a1438eade519e23afa46afcd1b0a11aa48d43827347e619103a78bf917c705f0,3073
120,32567407,32567407_1.json,1c12c371011ed61fc229c3992f4b3c62284fb0ee1db36f486a4357b3f008ee41,2891
121,23505879,23505879_73.json,a3414bdabc797f0398a862855011a4cde686880a3eaecd190afed3541913ab72,17334
122,67075821,67075821_4.json,3de3e25e00812210e795319d3fd26481e066567745eeeb274e2e4b16396146fa,8065
123,9754885,9754885_1.json,7f833aae1f971c46504bcf42b79a6caa0abf3be13a671584674780e2947f5906,7445
124,158088669,158088669_1.json,633c8cddf57dbf882339d0b05fc439f148ab88b4616f52d0dbd3e64c4ead680c,5178
125,40442532,40442532_5.json,0e95387ef9c5f88926b09e1cb3e6435fbc3bd9bdcfa76ac32a3914355849d1ae,8745
126,2610204,2610204_8.json,65a7e7ded42580e7f3e600c8191608501bb9a98b588a086e4b717143f49c4b93,5082
127,48321891,48321891_0.json,774e3465806eaa77f69f7dd66825684f46153a56c0d05287a9f346a565313a7c,16606
128,46931835,46931835_0.json,203d42962c0a68b40a984f39bfcaf3b3536aa205fa34b774b882b20975f0bcf4,2814
129,105876502,105876502_6.json,403d6c84d9b1ddd954bccfd74b397b2eb39c05a1d70ec662ae201785eb3e36e4,15417
130,17898911,17898911_348.json,e5b9e5943c77fedd6cde0766f11d3f38eaff752f042e731d4b9a97a8bc8c2111,8179
131,115276927,115276927_1.json,4c59ab3b0327e9f6313d483325f4057d661ef4aba9bc9f50e4d43b407f1df027,4072
132,37462781,37462781_26.json,e460ad5a590c3162b82e636da01e54902ab3d8ca6222b712cd98302934be212f,5209
133,122514469,122514469_23.json,6c0923b2648ca8cfc2aec4c96661bccab2b9206f0b583ba136de6166cf330536,3022
134,46847195,46847195_17.json,8d67000b174522a72306fe4b887ddb301663bb3444708e05be00da040b7af8b3,7624
135,55209260,55209260_1.json,7c7c4b469591cb71df5b672e5ac2492e85b18d07b02540219651c6ab92ea41c3,3029
136,2784782,2784782_21.json,43b460cd58b86a23c6a3337fb9af322ae42663fbc4e396e7177a4800e9b916e4,26554
137,86418271,86418271_0.json,a460a7300afafcf76094c8009ad2ae60684a587cb2a7f83e3547e9d6a98014b9,6083
138,35880827,35880827_6.json,7d1bef89a774dff01354569b6fcde5c0feda4fca2008c66c0e40aefc58720ea9,7649
139,16641539,16641539_17.json,309cf7401f583a58f5bf21141f3fa0bbdc684f5bbaf064d2dc839b5ef7bd5b6e,16002
140,35632860,35632860_2.json,2b89dde31f78c8b95e58693dd6ee1195162cbd3c2c8f68a3c840226b40fa85b4,9646
141,124447570,124447570_0.json,bb88fdd3407b7c4b25ae3b5b68d452a99d0da7c3780809bb173b238b7f375ed2,11633
142,137451403,137451403_73.json,ac34951139e3f7a5837b11808b8ee224b8a060132d148761927c95d0d53ce493,6392
143,15845284,15845284_0.json,7b03eb27d5f2f7041259bda0b180a7a071ab9dbec83bff01a431b88c2ae2bffd,4500
144,97638785,97638785_1.json,2a57a40b06545f96d86722875133a9176c2798ad3666bc0390efea11516a7204,9647
145,94090559,94090559_89.json,dcddb9caf7d1c9a121591a9742a4d72b32726bd275c161cf291a1ea8e57d7a66,12001
146,145134450,145134450_0.json,cf4de29e99dd496173cb72a2903bcc3deaca0e882910116fe459c4085e9d0d6f,4384
147,158126654,158126654_12.json,c1bf00b191bf04a44f66f421ab3126e4b47270e978e2569a2c0f7fad9703dfd7,5038
148,157370190,157370190_6.json,af00ceb5a33d14d8177281575839c8471b822aec48e924c2d4c4aa34cfc70511,5925
149,142085119,142085119_20.json,74cbc89454ee66047173176b87af82b69856edffccba74571b73369740582559,4388
150,88063304,88063304_6.json,57d9fa7cc11059e4d073f3e5e208cc862714fdf0c4207ce8020d347b0de05f97,4698
151,104078932,104078932_1.json,6fc4e7bc17bdac26c9df80e1e75b1b4cc70c387199422a27ee1dac7539620fd7,2912
152,78372835,78372835_1.json,8ed803c2e2c7c12811562176fd8ede260ab04d3a9c6c68ee5899238d5c14fdb8,8475
153,79666748,79666748_1.json,5cd9dc5c8d23ae1853ff6b0a225085e6410e491c15132cf33d14938e88d64c10,8010
154,205116498,205116498_4.json,a4ed93d3ce265df4c2e64a2a20c2ac8d8ef49099a5773f3a05d31ec2c085ab4b,8834
155,19361874,19361874_4.json,e7bf326dbdc5b36978db55e129fa40c16da93ff8cc7cfe2dd382e3c246b6d54c,4375
156,101401522,101401522_2.json,86c1ee59b4734456b847ecbaeae8a7087b087dbeffb77a4b1596b7d7d6e3dcda,5223
157,62695979,62695979_0.json,ffc6dcceba87a719e7338a5dd61524b4f630190112f829afde630458550e1c83,7034
158,37208641,37208641_44.json,6960b6d3526909191e8a8c86ad80f247d906dd76a676c8d4fc39a530fc170e69,29648
159,154520,154520_549.json,dbb97626cea31ee2e7c2deb1d507c0deff31c07f912374b88f3ea28a4a33b4d9,2972
160,263047969,263047969_18.json,cf2f220367cb8b8e956ad44831380ca66513996c98d0b9ef48d52bb5f51cd907,8766
161,3644569,3644569_1.json,83f1437348c1a147f5df9bf0bf69a2bbac25de906216e768f7a72a9f16a03ace,3685
162,119170338,119170338_91.json,92e7bdb9af61679a53a51bda1ee54bdafa4e178f0aee09bf34c60414684ca7b8,3315
163,31989343,31989343_19.json,bdc810d27e9350d2b97903a9dbe08df4662d19bb0b301e45125e0f04c6826473,11549
164,101989943,101989943_20.json,bdc033d42e29de391b273ad1b8a093d95b1d6393257e0a775927c83b833f0312,24950
165,56354946,56354946_15.json,310445d5c190a276206397c4ece7c21b23decacc6d6baf7a286cbb62801365f7,4206
166,251049092,251049092_33.json,9438302989743aa130506a30f7758077e79597a0906e2f91cd1fb7af3fdef989,7821
167,152814648,152814648_122.json,e770caa590e3ff2922e5736fe3c2394acfd365cc94e192ab2adf9ae1289a31ac,7217
168,76684353,76684353_3.json,a385cc1a0ec9e3b72f7477ba0be315f593ebef797cceb3b93e546496031ac655,9901
169,21187043,21187043_0.json,be848f10eb8c8bbff1b98b5597422eacb42b8eb14f64393c0435c6a52f45af37,4036
170,16460789,16460789_6.json,8fa583aa9fcc4303c4f8b01b578ca9df9bac1f7fffb5196d00697275fb34f575,10224
171,2846293,2846293_16.json,ee7fdcc005ceffad29cd3c1787ee1d7feaad320f22c7345c2ba32a026e0125e9,6732
172,2641714,2641714_177.json,202f5b42c5b3368dae5c3a875e00f54706eb53e5aa761ae360a92be7be8bf91b,7594
173,84320045,84320045_0.json,b5555a470d8eaa835644c09df6d4c8170514f9a63f95870b8aadb083771404df,2335
174,38710494,38710494_4.json,a5db5c03729414d9b1e02e3f8f2ad68464d32a6c3afbac303540193e7f8e964d,6824
175,22080403,22080403_0.json,496e808471c35980d54941c9d7a15dcc224295a3e9a49d4f2223d24f0c9b2c03,8939
176,16362540,16362540_73.json,5e9875e74f17b3adf6699e3093da30f4f153d2e5949db0fc0cbddebb752eeada,11527
177,28665076,28665076_0.json,1010143d76a5d4b5ea4beec4b16c99d18757156e54ab1715daa4d11eaa26c450,4795
178,3216014,3216014_8.json,8fd91295c10c0f112010c24f5b9965eced49d8159dd309d60c5e0539a4ffb361,55625
179,3010630,3010630_0.json,5f1d41755af8cb8081a6375c54d35bee51812802918fbd659daf3b955b63706d,3595
180,11275102,11275102_2.json,585d34abea8b39f76765ba342d9f86577b150bcb4b98fb0a295b130a4b63cbea,3521
181,113222463,113222463_106.json,8e7453d2b206803c3cf406d45ad4ebcb08fa9d7d5bdbc8aabb4a4791187ee252,12605
182,643234,643234_12.json,3bab6686d10ccb3b2e2cfd0dda0290d055200e3d2b958bc1643f8a5a05e99fde,5645
183,11799054,11799054_55.json,87f579defd890c81a1cc0ef17878ab6bc25627e40c3d50f31c38fbc120f72301,9786
184,9165045,9165045_20.json,af9ec6761e38796e7f74422f69cc985bf30c203f599532579040df2b853856b2,3761
185,78306233,78306233_7.json,92a05e62e833f7683087b52d0c329fe4e7d74fdc32c67da678495c47f5fac064,4624
186,86607520,86607520_21.json,04e1bd55e3e50e822782131194ac28237aca9e3565493c31da766c59e54ed470,21221
187,16395045,16395045_72.json,287f9c9f1a121f3c9e653e5799d4f81ac1f3a3acfd8b3d70f7220ab5c414b488,9839
188,21970330,21970330_0.json,8aca6fb1c35cb6945e4b81faff17bec89d154cd58baad22d4bcb6982eea40070,9265
189,17835696,17835696_0.json,474c23ad3987d864c91c8b1ffb5ce22fe17d13a65f97224d5c099d0c80e0b546,8097
190,21019797,21019797_1.json,7cfffe20bbe1972da01a83a4afa9b426515ba5c454b449e82189d6a932f5ce54,8149
191,69047858,69047858_5.json,1e57937a83796b113447e9eaad5f9d22479ed7d7db7b3d9ca29ec2b557ca7dd4,14104
192,19777812,19777812_7.json,75fda67a4cfb260dbd491008fb68f7443db58a8a0ed57dadd0dbe7f42a6da5c7,4000
193,223421707,223421707_0.json,108e0c3837644e5ced0e65d1a12b690ed5b081c4709557d98d09f5c5cdc805d2,15483
194,62250821,62250821_8.json,9d1b377b134d340dcf1af957dfa4d4b6287ae66b524364609c22700d938ab6f4,11253
195,24917019,24917019_7.json,bd01803b7f1513a6f2ba227715e48c595b47d67e7011a6e4ce14790638dd6414,4400
196,4242485,4242485_101.json,2b00dccf408ffd8af5f8e103348279647dc415ec2448b809beed006e766cdb8a,23187
197,181514613,181514613_3.json,4cac38cbace5d24dd2bcda23d50726dd6d1794376b3ece2b90809143cde1605b,7082
198,173230987,173230987_11.json,2be475cff0f2e5c03c014a03b2e00e973338624bf783ab5b685ad937085cbe47,3731
199,4120901,4120901_4.json,b6f997fbc2fff4ce320a63b280a21b809a14530046213d340448ca370a2349a7,2591
200,93131587,93131587_60.json,e5e5b74352c38025251641ce7c3a60cbc7d8a75922be86065c06100d880dde85,6427
201,726694,726694_5.json,ef759e7faa1cab40dedd9ff821361456cc961414da94fc81aac3a6bc28fbe204,6995
202,18419894,18419894_93.json,f7d8713737783b24d3a7deff3bc4a2cb886192266d24863fb5ab669deec4524b,2969
203,48556027,48556027_4.json,c1575b565865c8bfce44a0a54e16a16365622bd416ca0d289e33ea4b07dd79b6,9011
204,51344857,51344857_11.json,41c680b331e69cf344dd41b57097dc29969f32282948bb06a09dead0a1f8f4c7,4847
205,98410891,98410891_88.json,53dde6ec1b5545b9eea09ff17a48e22a8217dafc3dda5d1efaf5aa2350eabc2d,6796
206,782257,782257_112.json,0dce6644fb5d4438a51e57c8d410b733a3913a17d8b351b7db04cc25df94d9d0,6741
207,4129770,4129770_0.json,7e29f154811ee753e7cfbf4e0e35bb3b04b82eae1456147024cb49630b572c74,1870
208,1161604,1161604_0.json,a7cd8b34e781ec9118ef4d4182b023ff980ce286da0bb8b3cf1e831308fbf5b6,7636
209,16511407,16511407_1.json,872dea39f4ad47e4604f621cf564aecda60704c4c02e2942a563a80c8cbbc9a7,6924
210,113597154,113597154_24.json,593b26ba7fbc90133b74da94401c2eeb08437ae4d6230643b5615d6c4cb5ea30,7452
211,153314760,153314760_19.json,0491063e799666a62d736189f9ea43f217cf2a8caa4f657a06641f4cf824f5d6,17334
212,11236015,11236015_7.json,1b8d9910d630036cc4783d063287be4a2cd3cc4ba1d5b3707689ad656d68511e,6755
213,7731254,7731254_25.json,42cfa606dc962d7628659f64d2fec39218bf2cb0e698b0e45a88d07ec4797286,23790
214,63881913,63881913_1.json,4f1ab877f9e566c6c16ebba85dc68c6592c1a1a0616660c55ef45c9ca83ac65b,4195
215,27622439,27622439_70.json,c4dbe49a4be2d3891ce32aba867f9b041366564d8b7aa73bafa5db2ad1ac1b1a,13968
216,25206330,25206330_0.json,8de526e85aa2f8b59c6d07db7b29ebf7befc71861c6808a0debc52e83adf59e0,3394
217,63894475,63894475_41.json,30fabff0b992a1473f7eade1242bc8d89895941b72e126ae277080ce1c911bad,5378
218,212184596,212184596_0.json,4f6d4bb5ec75b2e176212382ee8dc22f074eda28d4ad63a125dbd08a24a1e482,5331
219,89129558,89129558_11.json,aea480d9be32fb6ea340def57564e7ebd8e925a01c032c89026126ddd77f8b7d,2990
220,125691541,125691541_10.json,49b2fc69effb5137ec6433805a66359a5d5d4c982896b97f2b1d4505c897b55e,3569
221,134503849,134503849_712.json,28323c6636faeb930840c410d9f5cf41e1a0249f840fa47e6e963b9687f4e43b,5024
222,104316906,104316906_19.json,272d421af9cd0ed125fd7c2d529fe9f9316d7c7028b7bac40f9402cf49f54e83,4631
223,23227907,23227907_137.json,d80314a6b188830c24fd1c5dd7a5b492e97dea03d2d559bac97ffc0c54c9de3e,8156
224,9702026,9702026_6.json,7016800c37f3f230c128edec0a5f7de282f06ae63571e78607dbc05f066bb382,11828
225,16391713,16391713_17.json,d0949b9fb2d44ff789767b6964ed43da30de8ee45808985b5f1e52f11807bbf2,6377
226,100069523,100069523_28.json,62b0c4f73c04d74185e0bfa607f9d2710cb74b1eb0ac185565d1a2007fe7c271,5864
227,3836962,3836962_23.json,f1f16938b9ad307d69655e554c4de199b108649eac37443e69136d49ec9226cb,9908
228,55970511,55970511_3.json,47cd028d8dc2b732835fe687cd040b12bdec45554a08aca71ae0861bc99a27fc,7405
229,11919447,11919447_1.json,c18df9843457cc4c9a013037eab4e04e121392b0d18cabc08726c1a6b1e87e1f,2986
230,20246038,20246038_3.json,f0a8765894a74c0654492454b1a758b6241fc61424efbcb99f391a91edffd4fc,8089
231,71493045,71493045_1.json,b76535a35e2a8c209831d2721b2e93e8542fe0a4ea4c37242cfdae494efe7bf3,11730
232,50151956,50151956_0.json,bd6e69f3ff0809abbf659b8261070bb07640d462e8a33225615dd05fe191bb4d,3193
233,91104663,91104663_8.json,fb69a042791311b2c6f2c49427c1f3e5bcff09637b91eb18c39814aae458690c,6501
234,225191103,225191103_0.json,fceac1379fd525873dd31d570c824293027037241406d16f8084f07f022ce563,2983
235,1404216,1404216_154.json,2efbd60befcb83ade7bfd2cdf5ca908babd3fbc67b5f731990fb57fcc09b320a,7022
236,133022875,133022875_96.json,38eeeb099cbaaebd7fe1db5b47233d60905c8ac490319fa95fd264629d530a60,8181
237,35757620,35757620_3.json,c8b4c38c4afbf2d3018b37037f0521cf8bc6f7f0917acd93dbfc9d822f68da83,7743
238,65368111,65368111_18.json,cb960a48ee06584545130d28faac994cd87ec16926e727dde1d22313eaeaafee,44063
239,2329961,2329961_18.json,457a49ddd027a1b8927839b68b467180ea28015754cce9d67935467215b583b4,5478
240,79226461,79226461_6.json,410a8a4c0ddce9dfeaff450f7bfd6c125d023f6909b1fe44f96761632ee599e8,33056
241,135262635,135262635_11.json,3857ed2762413561c82cd3431afb7d134543e6c52dcce9cc12ca7983ae4bb4c3,5248
242,14135467,14135467_12.json,5b36265b6584e767b7bfec0b674e0cc650c84ec046b65c0fccbd412c19bcf3e7,7617
243,77541577,77541577_1.json,1601f3e22076069ec409432ecfefe2c3f72a9c0f874aefa5e2b4fbecebaac840,11492
244,117021824,117021824_48.json,aab6421b75580e9c65f2dce9756c4711639a9f0c0179c1e5d4c73fe8e1516783,18620
245,20046149,20046149_1.json,65c0e1a1c4c835db2f837769c4fc339483c7b82a5539a3333c1942fda044d38d,3954
246,21052744,21052744_3.json,05d008489d72db54d225d90303ccdb3c358126e7a8aa10ae8af23e334075e6a9,8265
247,93878516,93878516_13.json,05ab74e05558a0b698f3b3741b59ccf94dd92915f7579509560a3260ed3cff74,21603
248,157534574,157534574_0.json,587f95bc05df7829039a5a3f2755bed7c44a989eb78607c0fd14128854bec9a0,3342
249,2851858,2851858_6.json,b9149d279966051297c9bf93e4e2076afb247c94f32ab9f20dd564feb6c5682a,18312
250,47017637,47017637_1.json,79bf20d69c670827515bcb161f20d98bea920c2dbc58cc7455945b0793a82739,5397
251,200810412,200810412_148.json,91b478412d2b86a1358c0309731b817e32c263bd97cccbd5ad72f87710c8d211,10415
252,180588003,180588003_46.json,f001d5a4ca1435014ac4c547b65fd4b0dd54dbd253d5e4d7269765a99c787a05,21636
253,10820374,10820374_28.json,167eefcd130777450f6911fc877ea6e7f697e2cd74a9ab621d7390073d43e737,13022
254,35888585,35888585_1.json,04041d7d95db27e9fea75b0f6cea77742509af6af4c0e4bb8d26153415b6ca61,8677
255,35024150,35024150_46.json,75b21e95325899c23856046fe507d60e9aa24eaf794fcbaf36c22b6fb015c2d6,9827
256,6972004,6972004_14.json,c22cfee028913680e026a915758fd8c460c17cc1122884b56af8fa05546c4536,5087
257,3273720,3273720_31.json,e97257d377694772d037d67b34e6e155816e526ed6e181e156d6048a5b02084b,18964
258,229560773,229560773_1.json,adcbc749a12d9c967406373c647d7d648010578aefcc33dc73039a1d019c3e9b,7864
259,62711375,62711375_3.json,03d4898c91f4133bcec0928c8886cf885498cd04bed57bb26bb7d3e6e2a1b8d5,7784
260,195232251,195232251_6.json,b206bc75103a97c10b7c70f4622f6a914398583eef9e74873d267b896d056af5,13543
261,1116314,1116314_43.json,dbf908391b09156646faf86a3475d2b0b91b3175ca1c400336d6e6e19fefb182,9069
262,12473833,12473833_48.json,7cbcade89d029acf6c41e29c36477c5c49e4f63bb49e73584878da3560608e84,7459
263,127906883,127906883_7.json,34af0faf8e13a51dc12fecf2f63d88c601909532865e17390786929e42b1e9c0,8542
264,1313372,1313372_22.json,16eaa666ee1bed0dd3fccc42e3c52788be01e8efa6cf388778f4d43e6b267248,6429
265,57180498,57180498_1.json,3ad897d3923f7b2c508b0add2aec661f73ca48c1111394a90fa898e5b75bafd4,6365
266,41688821,41688821_0.json,b95dc273cffef220b506e90e0fc0d0feaff386c57a521348446ac36cbb17bfac,7625
267,68539843,68539843_62.json,51319b5a66afa9d84a75d565071c95a2d6d4f61e00018177fcfe9ac6658047fe,4500
268,76284858,76284858_1.json,44cb5d79496aedc3a04ef70a08a1882cadce4fe036cc093e9c49f1d6c9c644f1,8709
269,620505,620505_0.json,3a123332770cee220cd98124315c1c430b6fac7c400cdd396fcdd0bf602e45ff,6165
270,97518356,97518356_250.json,e07a1aea378509ad6662d4b4566d73bf57b7e2dc8db4fb28ba960a456448ae9f,6408
271,27287531,27287531_1.json,d604a45a951ecc2f9ca1cb09b183d6e6eddac4fec8301820f2f0b5c00851b36b,8231
272,15722026,15722026_1.json,4a7fae0c0af220096b5afd530b525adceebd2222c703cb3af5efc56ccb37fdc8,10252
273,35483832,35483832_8.json,22cfb5ca80defea63e03c01f466e398fdcf23a2b8e694777e3ff25c390f802fd,7152
274,12067623,12067623_1.json,1950041c47fc58f9cf1e408e45d203d5e9f7dc42ac575d89d43ed7d9109e3bc9,2346
275,9800160,9800160_153.json,d59f2e890de40f988c91ad2c1084c750658d78929b213b1a467e177c496caa7c,4843
276,276256,276256_0.json,1eaac4ced06ed70a2cc9745f28ae10967cb33c3ecc421ec075636a4e9f7ec9de,8792
277,315033,315033_1.json,eef939b2885d4a0e81b6e2b6f47c80033731d6ca58d0a07f1fbfc2e4250a7d1b,12655
278,1205842,1205842_0.json,44a2e54503c69d8e1242326b22cd5447ee3d40108f78a6897a6ca530db470aad,4210
279,113425021,113425021_142.json,380779a1f1ea0cd9ad3de99f124e18cac45b7370efd7a52c655c00cbc1d9e25d,4650
280,200703047,200703047_118.json,9e7eb97a814b88ce395f0931a4f441c9f50bc1c2465b5f3d7857029b2148bb0b,16626
281,110329589,110329589_2.json,5f097189d0f1cebe49e5b009a0fdf742d1e04db4f6d3057cc9800d389dda0b82,19218
282,21860658,21860658_16.json,3584e58e4ae6bc06d3f3fb788f782fd08df8cfdf8b42dca09c9f04e009b58b84,12323
283,70767609,70767609_3.json,38290ad846ba9cbfc8e082e44f0714a54725275619996b1794f2d70af003d4fc,4390
284,95357887,95357887_50.json,d91602ceaedc2d326f04cd68cea0236ad3d3b8993720398b02214d79937a3a7d,10125
285,90798597,90798597_2.json,5420464837a5af4c604d3a6f0837993bc58c9fd9e7244e18c875acdfd79c7450,5129
286,35242391,35242391_22.json,163b4e23f73feff9471f3071959a440754b8eec13c2ac68340ff75e2ee3e58cc,8391
287,80993243,80993243_0.json,086803108968a15ba6604a1ba157a3bc12c4cced19b653ef08d31c3a8b8c5f27,11266
288,29397553,29397553_11.json,20e26c4e6ba5202fb3291b0df2239fb2f832b6b1b8ad749f0bc94a24dc31aa4f,5252
289,131964676,131964676_7.json,ae3dd3649b84f0d7d73d9eff49fa96652ca5b34bfb4ea35f2cf7531798525355,6195
290,153280357,153280357_3.json,4c3ca9dd8bd6f55721dd7150f2b53d7bf3c64b13cccfc2e220299bf6b22eafe8,16525
291,116057862,116057862_0.json,2fb885e56ccf3a37651120264a57a01cb45059ef9a8d1a9ae0c0269f6f20fa11,13500
292,46187719,46187719_163.json,c5ac70f85c85b264ba1c76435529df94fc492cdf39135bb8420369237ea17fef,18886
293,71376921,71376921_9.json,a8f2a76344ee35c1dfc291a8718bd038c773a6bb047d388fded0cdb99604d3d5,14934
294,84976265,84976265_60.json,f9a60d210f35c21aa58a49f056e469c8ee6ad4ef151a090c0366f3f80e9dfc36,4121
295,166411274,166411274_1.json,b210020e065b9450795b7a86cf2bcf6727ef459e07afed65721cc5533aef655b,16016
296,1548514,1548514_5.json,5f473e8352a36393af5d61e840593e8e82effedac7105a679974c744118df0d4,4597
297,78670243,78670243_0.json,6cad389dff188065c6a0cdc09f1fc0af470d46e22fc59405a413b9fe0a35f2b3,7495
298,19668829,19668829_1.json,afde8b9357e3a633f122794700963ee4609a652f81d0b1cca581c42217e6dd93,4125
299,25962820,25962820_2.json,fe232a082599a1317f50ae0a5a3dc6ab56de64c66e22173d615da402f15df980,8942
300,161649007,161649007_37.json,23d30bcbe01b469a329f93654599c80599ca3344e580a8f1c76129cd7b56b727,15286
301,2580771,2580771_2.json,510bb1e219f647142755b4ff789f05485649e4f81382675a4c55afff25bc9bfd,10158
302,35952836,35952836_43.json,0af77fd319b3dae9e73b4a9f3a8c63d292d2ca38400fd0fec2b02c77404e701a,7480
303,828909,828909_12.json,8aa72a499aae294235006c84505fbc7c83fefdc4e7d99a0da0253caf4375f64d,52616
304,183916330,183916330_1.json,dfc90492ac6a6bb511f9c7d9ade42b4f77dc54be7fddea4b78995fd62a667735,31551
305,10761704,10761704_3.json,c25b91f5a205393e3cbc6d2d171e7276ecb8bb12941651339c90692099a3abd9,4663
306,167468844,167468844_2.json,734047098df46e261d30f70fa59b322fa0d11e17f43112867f97f11ac464f49f,4111
307,153085231,153085231_1.json,34dc08601b7cd7e0129dc59485a380b2d8ccfc6afdb9f0d8ff1d48e9016e7ba1,3281
308,75065038,75065038_2.json,65885119b798e9066a5273e8c05e017a6d2b5462a8383455b29c746117875823,5873
309,155893423,155893423_0.json,b88500f78fde3174ba387fa2fde8f8c72b9a0af75b13f3884e8bc8814f575bac,3739
310,86312760,86312760_0.json,2475f4272b78dab8dca69692f87e3932723f979a81741c5d711f0dc9c8b4debf,12887
311,1616402,1616402_0.json,75f69a1b5a57c8d497e7cc82c8f69ec66e07b5181bd271108610759b7d2b36bd,4805
312,265243047,265243047_3.json,a5a981b02852ff987246208bc3a3bf1f32e041026f90659c4753ef4e00c01223,4752
313,34202547,34202547_34.json,bfd45a0c6670619a480b6e28922d89bebce4fd593eea63a1b06495ffeba9e833,16027
314,47873486,47873486_8.json,8f3c668da66d5ae35ecff2e25d681ac8658ae627723b367437f2c26d1a2c1daa,11384
315,13702023,13702023_1.json,799aece46c50e8dfcbeb0426fb0e9aee18a8d7d426e27a8e0d9757fd6959d08d,3909
316,5643380,5643380_41.json,a79d7dc841655427c7f8060b815283b945b1784544eb03aa3275306e46eba7d8,6601
317,119369247,119369247_6.json,5473e4ee7481bb0d94be27bef4341444f1232ce03cacfd4f6b76077c44f73ddc,3026
318,26094155,26094155_18.json,3737d9dcb019f11947035b7b58205a902901cf83f91781b34133d8c89504d655,4551
319,36419249,36419249_0.json,a8fefd1207c383c523afdbe98a8a8a742ef9f5134488103d06dd7bff9d8c10d0,3404
320,120905144,120905144_1.json,fa13c20b011384cfde3912120b8f371460fac58de63dd42aba04baf47bde5a47,9473
321,22417216,22417216_0.json,eaa69a999502d414aa1aa2236b79a36f56726708387b6b5a2f42bcd665aec163,4930
322,2449032,2449032_13.json,1e30982ccb2e3ab93e27aecbdf587b9e1e93154a646218d7d458d443a2dbe385,7980
323,47121388,47121388_2.json,f39ba43ff21c3177f1d56e9f62d98b969f894a073a55ef6f77c3ea40e6f02954,3145
324,32505934,32505934_3.json,6bd262551108fbc1bc3bef1d44258acaa18c0de2688055287f2d5c013c6a4a05,17977
325,64339521,64339521_0.json,01275025479c0553e7fabf47cda0aa290511abb8f6398974febb0ae7f2fb26bc,23502
326,77455386,77455386_1.json,66afb18cc61974090cc6f90bff0511d89a03716becf3d26e5882f0c252f88156,7015
327,52192427,52192427_0.json,9c04f0f2eb940e55791c41d21ae8229f0a05c7573d56c034fdd321013fac869d,2512
328,13028147,13028147_70.json,7b490268981d15b3537b42a29e4cec47140212ee9e3bb659291e727b9f993f11,7169
329,137793178,137793178_2.json,ea4b9b780281cc077dc591e0a2c5b5343df280092f3c04e6eb3c3db451b8bb6a,9410
330,71651118,71651118_21.json,391c667014e4ea72b11787f539ba094d0f83dc5edfdf531a9b2318ed51353f6a,53878
331,30764444,30764444_5.json,907c2e9163f213979b8fc79bd3f120013870ce44f2c4538cac65c36ca3aad915,7468
332,147608979,147608979_2.json,6a12643466aaf1a0fdf82968efc2892dd5ade7e78fd726c3c3bfcb2e50bada21,5484
333,777444,777444_4.json,b66f9025ca64842212d28a7f82f1b22f054a011b52a759935d9b7c20d74d0cda,5634
334,31202652,31202652_16.json,d2515d87b3d28d1b3f62b3b7922f6e6369ff47b5d0940f77d28b26eeb4031be4,13717
335,124624258,124624258_1.json,495804a27dfb138451250b8d2ae64f4c340b580d8215fbdd15080434f8ecab53,14515
336,84008299,84008299_19.json,03fd6f04c0a2c53729df1da8e1e9afb6d6d1f38106055eec1f559b3b1f64a2e8,4497
337,107437722,107437722_123.json,2794d9c948e3587afbef07bacb392812da4d8c6406b6b6ea0aca7ea0f171cc04,6965
338,53510819,53510819_5.json,c0a2cf3327e02470a4b605236721c3b3c192e8ef768c38d38364e3cd2c5d9cfd,7421
339,48337544,48337544_2.json,09bb77bac2e046164215a0c079e15c98673473610db09bfe31ad15cd23f98f94,20558
340,991965,991965_59.json,8a2a80a4144d74409f28d7f02ed307d3a1088c30e6b51ba23a4ffb6fa6efd135,6813
341,93782049,93782049_14.json,0ec16d5e77fb36e384ec20eae838713d04a6938d3285e09452331e58edaf6c96,11355
342,105203803,105203803_0.json,27723c8606b08e4a47f9f409aeb02147ab8831ae60d8e59dccc91048a49c75a7,2768
343,17278009,17278009_48.json,bdfc323d642f9900e40025e817a0f42c2ca6b79d5616f9805ed847a28e437870,10405
344,48849114,48849114_2.json,32a1a1e29a3dba00f08458abb28e53268f95846f6987f076d8d457165e527a46,16087
345,34667720,34667720_0.json,189f80004289397dc761040bf9ff8d7dbcf072ca16770bff7aad44569ce5a781,16771
346,87911627,87911627_2.json,80e2662ce6eea7ad69675a4154d80f103aa6aad0184915c6363d51fd2d16ff26,13369
347,104169114,104169114_3.json,4a51ce6ed46815389af8ae536b7eeb150cccbb1cca57b62229ad39b524cded4b,6005
348,35890978,35890978_26.json,a762e145539d18a80db599bf4e037b930314233b790179e35fd21cbec226d945,35524
349,129972128,129972128_72.json,0fd268a1b985f007bb7a6e38f887bf79077342803924b1b1a688cb1d6258a6c9,4928
350,46035308,46035308_3.json,e7072a4942be814ccff45bf23f9423653e0d09a9368345aba24e37ea3fae31e5,30487
351,7832943,7832943_2.json,92445e7430c099ac05711abaa5fb334ae38ed7a77c44fca7f460a01e3ae63668,7151
352,50459141,50459141_3.json,51f5bcc87b5da0f92b5026ae11340bf04a9cc6cd90e83251426f88876af7237e,21822
353,1045976,1045976_7.json,7a899a3278c81d42f84f46c15823f4e39e451fdef4f7be320fe70b48f5ef1858,14927
354,32870652,32870652_2.json,cbf1f229011e171769b51d1f9012870f2fb4deec123f2d7097691a1a7240076b,14430
355,747707,747707_10.json,d9f5195c30aecbf89d538261acd29268d7a1202af04fb1aef0c44498a46bba61,4247
356,195297601,195297601_2.json,b4a86ebdf541edda9719b9b9807fb70729ce581384e61719aa4705fd61632e95,3187
357,1020601,1020601_2.json,b074632da7bb93f820ab9c262a1a784c4c7b4c3d8ede75b7cd8869133b4b3e7a,4902
358,32332642,32332642_42.json,77048b300c8b0254ac561d62082167e45d596f410bf7e06b7bc8237a7f490da0,7316
359,33854851,33854851_38.json,225cc53724478fcfc1f7d95e45a33a510c609a1b00f69cb2243060fc8c7092c1,16550
360,130308047,130308047_0.json,3d065af72a9f05b0215fd0f450803338e46854fe6e04e42b5c8b68e8bef1d234,4139
361,2195909,2195909_1.json,a6bed3ae950bd327c6bc35f7d21903d731136633a6be100d610b29af7575c132,4242
362,143691055,143691055_0.json,c422512c3a70e3ba067a021c26efc9ed5c1c95ec4cf3f899a2b6646593e2d3f4,6444
363,1946637,1946637_152.json,fce6198ce6324b13a579ef861d57daac30b3eeebd5101e820c69212729c77dbc,4098
364,63895649,63895649_14.json,c9021cb2e5fda4fdd3686b4587cc34c2ba86ee6e04c8b817e111f9ad094ed9d9,20358
365,17953190,17953190_20.json,a12a5d4d8a275d3bcafff6d98ea884ab054a5b519312cf2fcef377865608627f,15508
366,25873783,25873783_36.json,0b0e937b7940ad118510caa8cf97d1872aa0a494263faef9b720bb6225ec17ef,6479
367,2310387,2310387_1.json,daac8b556c697a427c6a2cc224c91b59456593200ca8331f01271c6076ec624e,3821
368,59890339,59890339_10.json,f0e120a0f51d15a93da216025e07661e25ce54a39c3065eebe1270ecff34443d,9206
369,41327255,41327255_17.json,48c8a5f6959be1f3ba8a62746923b6fd768aef2529460534db608b7b1dbc0402,4261
370,28565575,28565575_2.json,f6c17f333adebb32acdd3131dc9a15307cdfb5d446a3e00ddbe2309754cfcba5,16305
371,36404681,36404681_0.json,bd4ee92b3b8062d52797ea20b08959f0140faa39f4bbc80137374ea9fc372b28,3213
372,24384638,24384638_0.json,f5b8679dc93c279d50f5556a89d93fb09216e7d1dce482a98be2f36ffe476670,4044
373,18208577,18208577_2.json,35943cc47ae73ad5b77eeb5f0c10d9d926bc859da0335b30a09270975832e90b,32268
374,2737689,2737689_118.json,bd6a3248d977952e6235879e38a11dddb7cbfc8d05efb22f9cc469d8974e8142,14340
375,214396571,214396571_2.json,5436d7567520b6a57bbf11f4880aadc7f659a96b49108abd097b40641ab1d17e,4195
376,35358657,35358657_4.json,198da3de676506d1980e68a711069e60fe268b8c6df98c707be43a7418062f10,11657
377,17034809,17034809_45.json,bcf729a3a4c8ea391b1da37045e317728623f016df7d2eea98771def39b1712f,3816
378,55416134,55416134_0.json,a4d614511a048aeb228e33efb27eb6dae99245112c960c7517c8c65b6d5a90ca,9866
379,37428038,37428038_0.json,b65558afe79dddd60763ecfdbe0b56ddbc4f45d3ea567d52cb4fbf891d0df6e1,3641
380,92500825,92500825_0.json,2b86dd5fcc34fd210bad15a35a86c0657c8b83e17ae4d97b5f6fea98f5c206fa,6084
381,35602142,35602142_25.json,2a890594389ddec19b37c3e2bbc5b14e559f1eb8fc0480ea11869c560713300e,17802
382,6963527,6963527_1.json,8258140985b27ee765e81a36cf06acb668f308db25878c199814415e163114c8,8909
383,17627031,17627031_32.json,51e8899d0a89424948eed5151496d92d2e567b2a7d5525c384931342724ab924,33743
384,7923123,7923123_14.json,df57a1328699e48e922af6f4de92098d520a10e7673f2f65bcf6515a8e8819e2,33503
385,82177245,82177245_0.json,ebd058d5834d033df4ea3ea134617265acd350681a2b44a1c65129607f673a1e,4466
386,215203638,215203638_12.json,4b8147a46eec2a9dd055474f4f56514f8ef54f993ee268c163ac7c235d542974,6760
387,702991,702991_26.json,436dd077c5cba9cd748b05aa1267ead1f92703c1e795d6fd6c6cdb5d73b9c8f6,34351
388,136564461,136564461_103.json,c574cbe76d7aac65927f0b7a3d6bfe9213ecdb63a5c488c31306b382757a6511,4817
389,110211147,110211147_1.json,fadfba7db13d0623366ab906e4efe252aa4a0e3ce3043d1b8a778b9cf547e7c1,4724
390,31356321,31356321_3.json,84fbbe549922092288e80698476328c2a822651f6e96cdc7b34074b25b90196b,18480
391,215805400,215805400_0.json,db05c7145ccb8a75a2c2a7b9cfc3f33962677f029a1850fa9cef7fb8be7eb654,2051
392,93627493,93627493_1.json,f7e281d62b98bb8491d64fee46736e036ed838f6a69dbf5588590326be364b65,6529
393,51512653,51512653_14.json,02893259b16935ca895b210dd5e0768751afaa8a439d32973fdebd6a1149fe43,13107
394,144361208,144361208_24.json,a5132a5e8dab0b5383bfbed285ca4f82e176e95f016528f2f184df164bc34d75,4290
395,46404009,46404009_29.json,b134e57f314034988323b9ef9d78474217ed69c951f719c72f2bd3caced6f3b9,8348
396,123532974,123532974_5.json,0941e5cecd010f35a93bc118b904687ed156b0b0210f74d3641d509d8bd71a85,15450
397,2964129,2964129_6.json,988c4bdf263a16e4f2cf5cc3b95dcae9ec1e7a847aada18dadac50fd77f2d89a,10057
398,7263059,7263059_6.json,0214cccd65eca794b285620bf6aab18f0262f437d9da0840643076247dec3758,11722
399,117143344,117143344_38.json,99762757166ae7be12fcc3d54fa7da8aa34df18511c419dd8c15496f934ce946,39979
400,39392321,39392321_49.json,2703720d95c52831a2451b6152d906f66966c4bfd6e6cb8b4a3135749aaba5bb,54066
401,174065041,174065041_297.json,db60e70c3bf35b6719ee54eee35527720c053fdaa870e6d7c4ef2bb9cb8f0a79,33853
402,50154902,50154902_38.json,c33c5182752abe615137759b02d79bc9928f441b37d01110e02ad1750fea6bf1,23371
403,24335430,24335430_8.json,12957c0c645cc732fc881071b781d422da3fe300285ba2988a0af17f08831f8f,10069
404,129501565,129501565_10.json,a658e9803c3352c8f4c7fbed53f7c343a6cca87a9a28c0f185382d4f9100885b,5735
405,33769933,33769933_6.json,06ba508a629607c872612600fa9d51e4fc7ea871270e9ef3b5a5114ddc4dbce7,26174
406,2009311,2009311_14.json,d88364de13a22a47d5045d11f0620ca189d09a5571f47310d173223097a54395,4377
407,42273328,42273328_33.json,588fdc7f4e028fc6d4855e7f3225872b909f7f0e5791dbc5ceedd194049b19cb,5243
408,53251585,53251585_0.json,d113200163d3e41b85f2a947a76f166343777068bc5d96ce4a6d5776c7faed73,4536
409,147324963,147324963_167.json,5cb55e47637bb194a6818a167619516ee9c8522df30f8f302f32008e82d5decb,38244
410,54898732,54898732_83.json,cc6d86365dce03755b19103a4794188b651218e1430704de107a1a5f315a90e9,4756
411,20570214,20570214_367.json,5929237ed0a7818f99f04b2016b36d68c394fbd94cda10de89b31eb15f2ce806,13114
412,39694047,39694047_5.json,8593b60a41c575b15256959930ed3d4d29c372a5d4ff5e74689d6e5ee712be97,7432
413,202361279,202361279_54.json,d83ac5ed939608dd7e9d961e4621d155709f9851b185b24a8fafd045d5bd3d75,7651
414,39005675,39005675_36.json,bedd4133f8885f2824cbe84737bba13625f4c44fd6c948ebd95c2c0f47b126e9,8956
415,10472733,10472733_137.json,7faf78488a56a8fb0c136fa4a0c26120fb29fa10bda3ea8e39a437d712a8874e,4515
416,18568629,18568629_82.json,bcd87b9b7c6e3da2d27f36b8776fd48e7ca48323bec7e00e920a623d3b161f2c,7354
417,14135469,14135469_7.json,d7300006c8e3e73edb81f04154a409af3998acb16188b7ed7995000ba60ae27b,3225
418,195288202,195288202_0.json,4ad23e3cb9b3f290e6fca5aba6a26ae2086e2b0d1adbdda20d613dfed5327120,6263
419,205815601,205815601_215.json,217ff05408b43f668d2256a68c12f6a41d493cdd70eab79cc002fd020c142ca3,16580
420,125830136,125830136_2.json,6a16aa836002e83e61ba5e7f2bb0ebcf9612f1335f818ca74f48b8fc5fd6ae60,3980
421,109116423,109116423_61.json,bd96aad2a829132c0a67a9e1a193017daab9fe0355ad97a3e598c4426dadc110,12666
422,39772980,39772980_67.json,01de85935e085e89feab496b55a02a550a451cd42bef683b01eb42750bb0a2fe,12390
423,2988709,2988709_42.json,97a63f5f5bde2c9935aca05e77382f4df111fd9a5b9444899b83bfa95d19c940,4849
424,198950692,198950692_148.json,e3b553c565a13b3e9ed981182a5bf3c704ee19036a35ad4ff536301f864fe565,5143
425,59326989,59326989_244.json,516b825142fa6a20723a0e84aeb365845536b1523f404d636c22b242fade57f9,9150
426,92915376,92915376_2.json,c981106cce1024d96ac5fa2430f6555734262c1100d7cc25284f6aca878d8847,8558
427,11660383,11660383_20.json,c006856b7b2dcb0e0d7a8507c8af06f55d5166adc89a84a1142cbf77c7c3f84f,3741
428,15951171,15951171_0.json,d83befa746b289b500b88f96f05df2f6f663f2fc254d4e657ae3475122a026b9,5824
429,172157587,172157587_5.json,01603a304db36a26fe94d6173859cac1eafdf96fa1e2882a0f32339a53b3b396,4293
430,200062847,200062847_30.json,27b8beea3b85239bd6d58ee85f948eaead2ff1606657c15b44b1207db7930e94,2991
431,138216750,138216750_32.json,ad75845abfb8de1985b567241b6f406ec222fc0a06e264a228552cd977dbaed7,12172
432,172513597,172513597_1.json,6c4f32a0b596acafbd18b3b57b434691fd983c2a4087e7370964c42f112f89b2,2901
433,79784019,79784019_31.json,c47bbd553153c5b7ce8d1375783c522b6685f5005afbf45563ac28424f870091,17396
434,226089680,226089680_2.json,8ecb6a7c72d15ff447fd6d66f91b35bf44add05888461f877f7df81047a596b7,5771
435,74091826,74091826_0.json,42a5eb5c14b18c0c80ee963e6723ca6fcd076b22d7a2b7b0dc14fbf0da58a10b,6370
436,150186815,150186815_4.json,a7b934237ef56e6979f74bead900af3853de7873a1702429ebcbfb9e261e7dbc,7669
437,9178484,9178484_2.json,4b155a08636207b6134eb75f9dce3bbdcf508dfeefdb976b1cd4fbd2d66abd19,4524
438,207457953,207457953_968.json,e677b121e3067cfa29ea72445c7a3ca85f1c6f2dd76d2b9d0f156bf8427daf0b,55033
439,42250911,42250911_1.json,42d555947a10ac1c920103b436926c206fa488051d3c51e83429c147bbb23916,3582
440,49472222,49472222_3.json,6d7c9217b59b325d26816aaf3aaec527a503e43fe803f56ce27ce38979129338,5129
441,60240214,60240214_42.json,de8711c4ae7468cd7a014fad943a6a8c1194c07b56cb7967c88c5029183c9872,30953
442,141573898,141573898_0.json,a0296ed067a851dd14d5e6673341b15bb4f3dd568577508984cda6085bc4f1b9,2888
443,146294560,146294560_0.json,5a76692ba0280040b6f709cc64cc8b900226167f0a7424dffedd2813998fdeed,4705
444,39175817,39175817_1.json,9a9824c7dfd33dd08fc9c4eb6a93d76cb56ec1eb230c03cb6d09387fd2333844,4643
445,41963016,41963016_0.json,3e5df66bd02aa6669c4bc096bb73565f58544006ca02c657bc388e47a961908b,5731
446,3242289,3242289_1.json,2b0048723b9f50580785d03547448dd219768d86b043c0d0f7196c0eec1dda15,8295
447,83904496,83904496_4.json,b386367ecb5c3e489fa46ff75e56d5abe38f1d7bcb81edd85ca1217bca17d8b9,9532
448,20448696,20448696_121.json,adc1de460c77b535a35b0aabbfa5863d1898e9e08a2f7001b8688a8184117093,10772
449,64193956,64193956_72.json,9ebd8d8cc9ba81f0816b17cdb7429ec259e8a5030f3d364e01e3304e982a83bd,7952
450,79943898,79943898_29.json,f1afa0f8f0b9780f8086b6d49a57f3885729ac2a9f5067b80a915fdc8261833d,10268
451,65144978,65144978_15.json,dcb169db0e38a3d4392bf3d643765ac2f7c9072350f49d995223aca67b869cd5,3281
452,69255078,69255078_6.json,eb11b2d5e69b46b894f55db8ac7058982d70b588df7d30c4abec57f0a7621e25,25152
453,97484669,97484669_14.json,1c9b6a7ac2926b4a78bff2f79e2613c6513d7b4d75b8b0d2b63376c03c791777,7086
454,92283185,92283185_0.json,9e2f6d75759a03fa4880ac5a0b75da5ff1d78eae46da84046de42d01324dce15,5115
455,2108481,2108481_4.json,eacf417dcb76409ff3ca4d5a80164fc639fe76c3e00ec86334a59b3584b4cab6,6085
456,48174668,48174668_4.json,f49074e5cf91bcd39959c33c7ba61c4fffb30418074d5dd395d4f97f74dba084,5968
457,163648692,163648692_210.json,48021afc45819173119fae52fd601e6707e4c2f2539f1d73abf3e03a63a4ab96,22197
458,19253642,19253642_2.json,f8572a6b293c092967fdd957431394d923faa038160553fb862e72616da13e2a,9112
459,91663814,91663814_3.json,010ad49aff56e16037e5a752422fdfaad5807ead217866ac3f0975c8755c6a19,5825
460,175193018,175193018_2.json,ab78857f11ae3278a2591a7a40b410513fcb9fccb7dbf630910d28791fa10716,3559
461,69984723,69984723_0.json,cd954c837fad7153b62dfdf95518ca237f2897b308fc370cacca1572e3d98e88,5896
462,86653876,86653876_1.json,8763763ada8a47baa48bfd88f279fd6cfac34c8ecff2a384542b8607d1299570,3389
463,6861229,6861229_0.json,5b7febdfa66441300f9195a96781edfed32c3107b1e9fc36297972e1a778b276,4344
464,6051489,6051489_126.json,402cc11e0d8a5f76a0e79139cf3141701c0b35365da8a794025069e396356523,5683
465,14611005,14611005_11.json,22cc3d1ee4646b6c7eab04bdc0b88b72cde516ce431c0bf7bb44c750cd63d980,20987
466,30883458,30883458_0.json,29e2f7bf4b6d9effc693796bd6c6473f4de0bcbf52ae806fdaaa1eeca6821560,10169
467,54601914,54601914_2.json,b293fc0b866c44f35f56f53094575f0cb30f335394d0c7dcc8ddbf32d1791768,6186
468,21919832,21919832_0.json,e140d6dd1279566db447d0401be8f9745ab4f455fc8843229093b3dad24b4c6b,3156
469,26318789,26318789_0.json,342d19286d002dd543a5020bd67701b23b1be8e356187bb66557a2ce54cad876,9008
470,58270602,58270602_3.json,27f013da3ebbc514a6001e4906541be04c90e3b1f52ccc9d82e776f9179fdb36,5379
471,28901545,28901545_0.json,803b8ca8209b40dfd8b5441769dd95718bdc300e80da6f2e295a30623fd3acdb,5204
472,3937799,3937799_17.json,2c04d5431425fdb9f12bf0e0999127d08567d14838f7dad469b730e467db1bb5,10986
473,58712872,58712872_3.json,6f813598dac9d6dd9eeef237a81d6c69cddebcb7fddf18329b95d95d248977c7,9245
474,28821307,28821307_3.json,35aa7c5ba8117bb2e8189c372e4490766a71f07ed5af83ae2a95601d49fa0847,3966
475,17939962,17939962_3.json,b5bd0f1f2217c697eef0cfd2cdf78716cd43e57ef1ace5d518e02910c94b6b7f,25827
476,69363264,69363264_0.json,c3911dab4ee5e53b764311d1bc33fd22b9504d091841e5a0ed69de62257d6af0,5576
477,15611804,15611804_0.json,92a2c2036886e7b62d113d647c65b26d678a09a6f86869ce6f606dca7b682e4d,6249
478,3935296,3935296_4.json,669c72b9f273ed71fec2d7d4cfb71ab8a10a290055ef450fbf5c0dbd6f4beb83,13216
479,28546353,28546353_6.json,4b572420eaae3c9f42d8f1126af16579771c8b63df8f180ca3e48b0efb3fcaab,8585
480,167560273,167560273_10.json,7a23777d6c4613524a71e5ff6d02fdb30698b3d36eb291059b0f2f4882083caf,2675
481,22430910,22430910_2.json,fbe5c17831e6ce807008941a3587c2e1b0794ad0f4035a13985620fc3cd7775d,16454
482,64487983,64487983_19.json,19604db3c15bb952e552bf87f2cffbc20a3b556597d96e5afd6b58c5947f86bf,3235
483,3551455,3551455_13.json,4b01953c41bc0e0508c7ec09586f927295d079e04953325ebd00a468f31cdb98,6589
484,8920316,8920316_8.json,4e76427e2f7b0759e93d36d8529db49ab417958e0f0e0d0e7d87406a37fcbf12,17188
485,70444046,70444046_0.json,268a6b48f111128d85e550c779df4e3d60f8a243208b50d0ca7b653ab010a24e,15909
486,125645968,125645968_29.json,a828f47ba1bf0bdcde1a56d15cb7b081d31a841be9519cb8dc260496744c5aca,3090
487,232697780,232697780_2.json,ca26bd38d5e0f7dc978bd297eeb128933e2ea4db45e39f5de3cc0c0de04510b2,3341
488,14377751,14377751_1.json,5a5302e43af8d99bc10ea85bcfe5e443a8584cdf4ef699782d31fabd42412f20,13157
489,70738287,70738287_0.json,38beeaf4bdd22dc3bbf4b2bf658e8e83bec274702382199b0648b3a66d5ef12f,5822
490,206073932,206073932_9.json,56bc61f69dbdef21d769eba74545bd1a1753d28fdaa94b22843da3f22e44d183,4343
491,77066767,77066767_6.json,c499c8f8773f07aa892dd2ae2c27544b4709ec0ba434c2088cc3dde57337281b,13589
492,11335237,11335237_197.json,52e2061366540a9da450032137cbd715fd67aeace0f43cbaffad895fda363b7e,4182
493,119759931,119759931_3.json,087e70ee97d46b0138c8db6b1844efbd700d0c6ad37460dc98b277dc5ab4aef7,6301
494,176135637,176135637_78.json,9c6bf55cca7514b8af4fa14c7c2d81269e52247a664d6ece39da87eeb924108b,43496
495,1458461,1458461_13.json,e4b02aa90b65e5ddfee96314ef2c9f1240a1ac09ee81d1aaa66cd13efbefcd9e,5091
496,52478731,52478731_38.json,d2ad7e6545d7283aa6eb9a4babba66d938e2cff1b23d84478a9ada2b6d305360,16205
497,66136602,66136602_9.json,973364f8a40cebfaa27afc2b9cd9ff8af8ead5d49bd062025977995ada83a2ec,11405
498,214200976,214200976_1.json,129d20c46f70394d543f911741831f6a34498b6a29eb13523c23e97581a67ffa,6098
499,84311940,84311940_48.json,af1d560fb537d6a4535f7407572fc3c501db151db4a263178e7419e347ee19d1,4483
500,180537027,180537027_12.json,7588bae3a04e2fdfae8b563a5be55dd1f38255e935e7accf9f1c3d1e9ef9f970,11939
501,90011594,90011594_44.json,94641c7183ad770771a2566b2afeba04f5cd3f9cbd8c04fd79d59a274dca3565,4029
502,8578424,8578424_0.json,7ec1e4c7cc4d332b7e353529d2187ba9e6b56b3fdc4e013b8a65e024e08d7663,7848
503,74351531,74351531_3.json,4d0e46376ed83f9c2228843d6bcb242541cbb23cbb9305454fe5ab19a71a3883,5650
504,46251204,46251204_496.json,e00e72f03d740dd31ef188ec0e5c793e0d29ac1233332e368e1ec323c0440221,15909
505,50882844,50882844_9.json,84deb560a3f1935135b43bed1095cbf591a1240563ecd6487d5a48ea90aa87f1,9754
506,3376848,3376848_4.json,e87de4967e75c907c3dbdce3b9a6cd7b5e9826f8cec4fb40c397619e4c37591f,14075
507,13899,13899_8.json,3a3cf6fed5477f532f2e2414a8d3d5f67a8c504ef967bbc36ec4db357cc4335e,11291
508,3425475,3425475_0.json,4c9e13ee15055c12b0f2f9ceb0463bf4b8710f986697cf7e534a5a7cfbbc3696,10418
509,160304314,160304314_6.json,fe1f9461a5fcf97e6ce4b10feeeff189fc2f587a470b153130768cd111548d34,4446
510,41423327,41423327_0.json,93ae0b8e8685cf4c57a878f2f2df8c2b03b80a0c3c6b6beea7239b95dcd0377a,4116
511,21404821,21404821_21.json,e789de24dce898459586d5a68bd5bbb9ae87173d565b65469f4b067ee530afe3,6905
512,117755974,117755974_0.json,e8a4c03812116e1c4017eeeca2f4fca8217a6af80ddfcb0210f62e78da9165eb,4909
513,132565379,132565379_1.json,08c15116d188377f1227564d5c64fdaad93099f31486514eeaf2f68324a05133,5531
514,130510170,130510170_0.json,c8aa09aa1bc6172c1507fcafea773509cf92cc4e1634fc4b02922666434a1c48,4046
515,32521417,32521417_72.json,6d95fbe7b3fb8096cf8283444f08ef2dc91e56113d46c1cc5299118d00194c8f,6070
516,36288389,36288389_1180.json,4a38954268d5803f002fa65c23c3500acedc9198b8e56cafd38c2fa1bd0758a9,5030
517,92062193,92062193_0.json,1bebd1a70c374a3fa87966f0fe9d8979925660ca5773fa5ca662ec8770418f07,4337
518,4101951,4101951_5.json,93cbdb28d773e3fa566db5e956dc4594b49fe3d07af06d073a5a4e1f1fc5546c,19686
519,109154869,109154869_201.json,c8f8e09d934c7ab56a3d0c03dccf3f5e6ae7ae9d8fc5512f0b9b8ac9f015ff1b,4931
520,93025616,93025616_0.json,ddecb073268b2db5b5a69ce86c9731cdbdb2818204461470595957c6233775a9,9829
521,25088312,25088312_1.json,4473b7b20c79e914b0a618176861de0a0a14577461e4f6740a7bb7d682f67f66,3545
522,69678968,69678968_2.json,a8d252744c9a5fdf15bf16c266c443ff4d6cc731ff4e3b7fd09b26f10962ac14,10426
523,124230133,124230133_7.json,a9a74b1d04e46ff31ae666c7e76e6753e49a4edc04892131b72b1b4ff3eb39df,6238
524,25706873,25706873_20.json,8f29277eea32ba9960b54d0cab95accef84aa1ee0e27ff69f8369010715686bd,12192
525,317887,317887_1034.json,51d7fc49423945538a45abcb67a5b679cac24ea1e2e940f55b09f9076f6720ce,9867
526,155342006,155342006_0.json,c49829e695cf34b27dda1d6f8d6d9c2f4c0703081b3c00bb1e51ff3bfcbb624a,6099
527,188402392,188402392_0.json,8c6f71d88a3d5f48817f6d57122741394983513a99b0de399a8461ad7e10cbc0,30535
528,26402719,26402719_0.json,14557911a6dc7451fb82bc5d86c72bbc19609706ed0c90fdd6e6d6ae1d5ba8cc,8464
529,231329990,231329990_2.json,6868f533ee617d9ab74953af5b01f08a176bca2a779cb6d5611609ad8dd6c53e,6989
530,49871069,49871069_0.json,59a710ff8dbb3e3e48e1cda2c35053bf17c551b0017b9ec12e81cde450539f93,6922
531,38952211,38952211_14.json,1cf008fd60f818e5ffb033479424b1d946a53a825ca3d4f444231340b74330b7,4829
532,107536049,107536049_7.json,c9c7d2c6acb34fd06887f8738d9b544d704d7b2bf31eee983b94f73c39630ee9,4223
533,13498449,13498449_0.json,cd879699daaec8d9d0166ad3081bff5b20b8d179d5b1e5ccaf4d72ac5792101f,4069
534,32310721,32310721_70.json,af14d5744497ee527d50ae3b02cd87b0f303d2ad38f1e4a4f5cfedc7d305793a,3759
535,189605649,189605649_35.json,9856b26cfcf86ba823b8670b3ffd8e25985ba132c262134ad8e54eeef16f27ec,10849
536,8166928,8166928_1.json,676e68a03635bac98cc8193786a4cc6da1d8b478ec6d8090a1789bb4fb4ad101,4661
537,13870893,13870893_121.json,e0ac5e21cf0573f3aa54b73eb0508abbaff73bc5d564e72e79b0699f5d7a54e5,23112
538,62138020,62138020_7.json,422af42da887faa3c9aa3d75b1bc6e9622e72576a81d3ebf8be6090c7fb4eede,10073
539,38044291,38044291_1.json,94710a2d9c879b6cb83a6562606f401f20dc80857aa63d0a95313914207fc9bf,3675
540,49483698,49483698_25.json,32a0197197f181afaca66ecae72d6a07ea34bcaf25a9dd9e78dd99a27a39f6a2,14918
541,88632627,88632627_96.json,543d418f3dcea556dca130e43e6c6c37274c976cc4d4002298fc0e158993d8a3,9583
542,189562861,189562861_153.json,8707960e64e54ca0b9f475ebbd586d6e7827a4f9e30092f588083432ff8e336e,7138
543,55402141,55402141_1.json,d68c7eb76f4caa475cec60a96ae5b81e04e2211f6618c2a980ddb6e3f2618615,2872
544,32823958,32823958_15.json,f08ca07ecb45705d42d512de6cc6ece28fa75cc9435acb3c83c3cbb240b6ad88,3463
545,119633513,119633513_2.json,0a24dd5417c626269553c1085888b921fec548f1893b543f8aef1bf59fb8e213,5426
546,229095535,229095535_4.json,0480693659287937e14fef9037afcdac06e0e98d2045c47a237f316a35b55507,4742
547,58224198,58224198_11.json,fe54a04fcd812d6b71659df1015882a5e3826189a626718050ebf4e359f05e27,11198
548,24404221,24404221_487.json,2cf74b1a73145e2fd94f2c58bc19b27cc27e8e7ed69476be3e1c3b68d3003871,34638
549,49250409,49250409_1.json,0aba24000c0de2727896d79add8f84486e197c4602993c6b05107475aa32dcb4,7532
550,155277206,155277206_4.json,ecbe304f7e624f19673e60061412d51e607cec3b62d0dea6f383e071a09276cf,22048
551,83122389,83122389_0.json,1905a73b546b9430103702a42ede9bf99f319e94af4efa82fdeb18dc9925cad9,17919
552,3192987,3192987_226.json,d371f58a463a4b0b5d00a2491993e3cce7f003f587d06723a36edd420bad86a7,3506
553,884758,884758_0.json,3328b01156bc7c0f3753d8151b6fe73c512ddbdb1089fddab679a837da144562,16636
554,152877991,152877991_1.json,171967812dfcf0a04b1f2edc94cb6606c2149e1462ab22f71662ca3ad0a40012,8152
555,4125347,4125347_3.json,e3aa5388461b0e6e36b19b9372d728a87cb157c0a5ecf5d3c4d92b99107cd035,8181
556,30047349,30047349_76.json,4633ba477b6dead82de714e4ec49d6f298ab97c6791e10d8ec3eda71d9e3958d,7287
557,4300205,4300205_2.json,62a0c2d73c29972af645d114773f9267c4d3c3e499d2dd72225daf2c6754c23d,7154
558,57079254,57079254_7.json,2b416aa79a140846ce6d074017835ea731f348a43ecf6e3758fb656b27e5e064,5585
559,1068402,1068402_9.json,459757d906bcd66804e0b4bda65824c29895d8e79dccce0eb3929205c8576227,3471
560,14104548,14104548_1.json,99d61bee5773f557dfc9ae95cb87a07575d0bece17005a9961981f2944438152,9186
561,89524112,89524112_4.json,fdfe9803f5ea875d404ed48178782b7c0da87eb6e6d6407fedc59ff4d93ead7c,6574
562,81125398,81125398_39.json,f21cddab169e51daa14a3657fea979b44ccd000b65895e6415ad613070bf396f,7241
563,13570618,13570618_1.json,007abbe4208cf8202a46f1dbc3561689be8268b94b236c4b70f0e3a229422e5b,22140
564,42774632,42774632_2.json,524335916d4eba8946c23dfe899d52472a9407f9d7cc6283941bb958517ea00c,3375
565,13300550,13300550_11.json,0d4f66e018f3b386c6b9b29a0e0fb552bdb7fa3b0e8b083fb8a01a701ba691f0,2670
566,1584558,1584558_0.json,4461a5f58f0359e9cd128313637ece6a80f6286f34af292f4c6217d848b69931,4449
567,33782165,33782165_34.json,3b0e6b4239ed90fdb8f5900a6d0b4fbbaa06fe5b8af2b2a7027c4082d6a57a3b,19993
568,5793738,5793738_108.json,49c44a286e9148f7ce0fef800cb364b80101086fb7bbced32db9860b7434850e,18502
569,45615254,45615254_2.json,891410719332d7d4141ab5872ac8fc6af3e79196cb40e1ba3e50c9bf5740756d,4315
570,1076159,1076159_60.json,bb0d6e694f457a31798c822fe610ccda60665dc60abca7370e2afb5e14a6fa9c,3474
571,82007769,82007769_25.json,215eab460f043d22a30a78b7423dd209f77e060fef0da9c97d2b614b2d35d703,3489
572,35185761,35185761_14.json,dfb1e92cafe9da715a2f5a6428b9a725dd24a6da2a3e49e4fe269a46b5c16e75,6598
573,108542665,108542665_46.json,c7791916f410ded32960dd6a5a4adb152c9041ad892c83b8a10c39091a41c13d,5727
574,30957532,30957532_1.json,904e451ee38433422c95b1c917f4b42cec63b5de7e22534a578fe7fe21377657,9167
575,589869,589869_0.json,8588fa5b5d7ce8f7ebdc7bc2247df904433cdab60c0c4db14f4fa9ac0a8da02e,11408
576,226116772,226116772_2.json,583297a36120644526fd94ae8aea91e612a0fec0174f466474710b89d6ad7038,7047
577,65977170,65977170_8.json,efdf252035e57c58901bd2c5a4b2f0664bc51130e51e5885bd83e4ac09d66284,10305
578,1553784,1553784_4.json,21cc2127dcdd8dc186096de4c12c9fbfbeac011a825b4640dcda7d2df83a391c,3940
579,2478263,2478263_137.json,72dc7738e69c26440810b8cb7eeee1d2169eb1093108e3e47319b4af35b63e63,27943
580,51113763,51113763_8.json,35e64653ab9d1ad954bb9aef0e81b86a61ead720d201ecc49c9d32ab8ec5b7e5,4983
581,16006160,16006160_1.json,c7602d1b2c9443c39f2045739b3a7a3b9bf81530bba89d946512798bfdf5676a,11834
582,194586350,194586350_6.json,07758132b8a6c68186cc20b22e5ba5bfd816c5bf527ad47088b6f4b8c37f4db4,5504
583,29201308,29201308_0.json,24189fc4e44ca0ccacfbca3354994579ea0586f39f3eb329be6c08ac82b815f9,6844
584,161246688,161246688_24.json,cf63326ca021daf015ff37c53ac66dc6261316074145446fffde51fbadb35e2c,3389
585,182200911,182200911_1.json,d10b63ae22e2615f6690c077de4da0d8e7c2c03fb711b6a341a95954946a8db6,2266
586,16727992,16727992_3.json,030628ce5b5581f0dd7a5026be0478d10ca4e413dfd7460f6b692b1a114bf768,8480
587,4718003,4718003_4.json,845ea61b561a7af25e52adade5ba956b1bca6bc1c9a67bb1eda520c1646e0c04,9812
588,147102058,147102058_0.json,784d1eb1998aeb2601488f655a9e66cd23c8f136708da2491daee2afe39e8321,15554
589,101179084,101179084_1.json,5288d86f2cb1244ad9fe29d4c0768e24e18b038405701616b4d879823bd1d494,14502
590,144786483,144786483_2.json,827b7f48b41b3f3f31e13e8258aca577be87172ca9786e2206665f71f5435828,3650
591,3781210,3781210_45.json,1a94f328eb3db54410cdd0d404ba751d34aa855683e875031c891b46430d1b87,6280
592,58236838,58236838_1.json,a298f3c601f5e174cb7a06c84dd16c5ee368f5c379ec8ca3f8369e1e34d90bf0,12085
593,59681438,59681438_1.json,115aac43a5f6695ed74d0c724f0bae7998163a21e592dc0b388e8b6be4e17fb1,6066
594,3016145,3016145_10.json,90c0cf2d6993ca43f412e9090e2b4c4270117541e7388ec7d0d3635d75f310ba,7803
595,113771986,113771986_25.json,a8b42607462ce2a6f26e46479050aa4d18b4bf4a9b716e5bb97d756d8ec4121f,4162
596,161651256,161651256_7.json,da48ef26de05b4564b6a8ba092b045c0f9c063d8e60d4a78320beaea18171d2d,4139
597,99116944,99116944_34.json,540d70a1496f36ca9ebe3afe8c97122c5d54c0911ff3e37a6fe10dbfe54fd8c8,5040
598,66187270,66187270_1.json,0811cccee7dc606f104c2010a27cde96795cbc4731418986ae69ecff0372bf7b,8790
599,73185566,73185566_1.json,5f0138f9469730659195c427c38b610f7815c5191d6984032f904e97e1d45d7d,20789
600,58760260,58760260_5.json,4970e8f633581a6fe4a204c39e222331ef0014487e6b30cb1946e6e02ee71da6,10237
601,24880683,24880683_0.json,23b31c419c174834b886abac87961f10b624ccefae1c48560448745b623a37a5,3259
602,125985734,125985734_35.json,ddfb322491f8993c00aaad4b9acb523aaf6266c1da07a7102f44784a9a361612,10174
603,82906551,82906551_107.json,dbf69d9d27f66fe75fef9a3c7315747e1fa4b08c7cd8967a69e80b9a755705c8,12045
604,176137170,176137170_0.json,5b058546d9a155ac11c2b78828ec033afd13ffcce3bdf0076f1525fbaced789a,3221
605,34915498,34915498_25.json,3e215d78c3ffb1ef49c3f40ab25da0c922648bb7653a98ecc497a4e92fb253d2,8924
606,46348026,46348026_9.json,eb27b22345fab45d055982b852eabbeaf051b6197b8f0402aa18a68bdd8b6d30,6042
607,8134070,8134070_3.json,bccbc6858bd33064cbbc0d4df335543366b73097bb935b75be830c049b76c690,10313
608,29397245,29397245_101.json,39ebc9a56ece43368d0e249ed445ab5ac95b466af9045d12d7a23b7b275e8662,10190
609,60270542,60270542_0.json,edb8decac0f3d8f9f69dfd6dca051f62b2d211b9ddaa3c9c2de4dad2577f4b43,4236
610,60073889,60073889_7.json,386db01e3735140f901898570d1e82ca4b16028f6b5ad2a24bd8dbdad4abaaad,5055
611,126002586,126002586_10.json,4ac64fbf313428069c1bb7fc1c7a05474a7f510f0c883fd904f24ee8c8e5d07c,8366
612,56074333,56074333_2.json,b9163262c8e6b0db5aa5e86faeb2e2c47c0294a3c6eb8d6c0addf85997ebab96,3144
613,9239473,9239473_3.json,38f833d5a8b9ddb2ff58d98ac84c2c0e9d43c9dc20deefc798a109cfc3c856e5,6670
614,6035195,6035195_6.json,18c2b703690e1b0cc2ea24c3e43db843f98ff7e6a23ec8b872af23325038c1ad,6811
615,45932568,45932568_14.json,e752b41cc145c5d2e2a1c41d3b3b8943192b7e65bf6601ab1809098a90941fd6,12321
616,32834215,32834215_16.json,f8827cb11e45c519dd957853f67a8e9745635fca397fd91cacfbfbda52f22e2d,4213
617,45384078,45384078_21.json,23534023479756d68dd720eee74d421b213c188ba9f8b37957cb346133ef5a6f,68810
618,50205233,50205233_219.json,081bbbb78a42385a292442b4ada7ea4205dd6956a2d46cc40fa6db10c5763053,9571
619,2177364,2177364_7.json,5a380118d41ecc417d6885b5d4caa8f99ffa4dc6cc0b30bb0f58e8e9789f6ba3,5979
620,2686932,2686932_1.json,78cfec34c202faa065ab7406865b6e73f62f9a3f751876bee21477bebe44db08,3008
621,1619254,1619254_57.json,91573d5dd811e882ab599e53de90ebd4674fbc8879fad3572fc7d4286c68e6d1,19566
622,83664920,83664920_81.json,b73c87b3a46fd8210c8138fd84684e03c5bf5a089e377176f976ef19b84d4b6c,4790
623,19628709,19628709_10.json,4528d4aab0f6f9c6a80689b36f0b318181f66b9168ed2f2173cd6b84c7a7cb79,3537
624,42854263,42854263_15.json,20ee496c265ea7191e9c36ae0fa77ba869288de20e92ccada1acc2551655f23f,3981
625,128527927,128527927_11.json,cc73b14246bcbf12a353eecf772f477fa7b334f97d18c6dbc5b61fb2e3efade0,6033
626,49943894,49943894_101.json,195ee3091eaa089d6312b76499de00b1639ff82ca19aa28f253cc5e4133c80db,15134
627,13886663,13886663_11.json,531c23e4708a709130f9a152eb0de14b248579fe31497aa336760d708322a685,5438
628,44382767,44382767_2.json,fa985b273e8a5e634cc5ebc04aa06743832dd9a3ea2e3be1f1885d9f67a97c32,8993
629,50887250,50887250_35.json,1eb27a3d1cdb16a72f42ed12e5c4aff035c3166a500087ca7916c09e34275595,7187
630,84398452,84398452_36.json,a39f9979dcbd57257ef7564c8ed6c9a50b761ff85223466036af16ed9438e304,2979
631,106613119,106613119_310.json,a8faf8090ca203a01da0d2e28e15e5630803580184aa3fea23f702d33b107c57,5058
632,74765344,74765344_8.json,b1f834c2d276ca3659c2f3eb89f8a0d79b0bd420e6703e980c0c6ee08058f4b0,5144
633,53590096,53590096_5.json,5dac9d2e9a299c5b39f3d048432602cbd05d8f1bd30c9cc3eef5bc8c66ac2fa3,8560
634,149347972,149347972_4.json,db14c25f0ec0acad6a971350bf08c54de5c0875d86aa969f5e74987a64eb3d41,5737
635,28762536,28762536_0.json,ab05a1fcea34e2e3c7428ddd89d51eddabd7c0263326bb40233185644a785412,5725
636,33903657,33903657_18.json,7cd8949b8c900fa40a2005d37d8fc660804e70fa8137587cdfa9f102329bc3ec,4416
637,83275514,83275514_37.json,08bdde9b368e101a5b94ac5ff958b828d99b8c3db1d658d7633078954855e59e,10595
638,1628050,1628050_12.json,7a8f9d1f1dca6795fac5654b722c4bf3a40a39ad62f29c5c55ee853cb29f418e,9619
639,19147361,19147361_52.json,22a7d86e6a48da5e8f7149e97374984a3eeb07336b8fdd6fc7b2503300c877e5,6295
640,29969855,29969855_16.json,1afb1d79ebb81e7f327ee47beeca9e5259f55e324332bd1788f273d125c6ce14,3129
641,107330274,107330274_186.json,8548eb351df96b84e90961e3cd16df4f0d2d33b2632762c3eb544c99e480cb40,21470
642,114688767,114688767_202.json,170a4ea6b13379894464d7152d517b7e664660143f420e8a337ca8aef431874b,4161
643,18641766,18641766_13.json,c85699bd9c21ae44a4f8f0638c9a32cd5f7ac2c3aa7c590af1815230c7a4d642,2457
644,151822173,151822173_0.json,2dfe38beb5e3d77abb589df111098aa6c7ad39ad9c22afd23b7a10ef249557c9,8540
645,128403104,128403104_2.json,6964b75be5b6eaf1944706f3857f5da77242e5877078a0100718584b7ff7bde7,8886
646,3687614,3687614_40.json,2045d301f3a642e231d0203efdcf8bce025462060e27238c7c655bddf80e37aa,3279
647,9306260,9306260_1.json,25fc69401501be349d28b5ba9d482a8be22ebcabf25f01fde896dd1517d71ae1,4229
648,30921794,30921794_0.json,5f43fa4ea345cf0f5786efbcc8a9dd5a2732f60e4a92ab13154c9f2f1856733b,5839
649,17169550,17169550_71.json,4a48f5c395a255f44922423637804221e7bfbb99c3ebbc5c2b2f3899964fc513,29401
650,100566396,100566396_4.json,7b260d49a2e56fa7a9db3c9e7dcdc7527f283a1bdf57fa6ca91afdd83747ec48,3346
651,56718024,56718024_83.json,4f6fc02d27bf3706598a6b103438b84822caf91fdc24c8fce993361626006c28,10404
652,5459107,5459107_4.json,dc65bda29660a64e7929204b95bf682d395a79a6c0dcc8261ae6478cf8127bf4,16560
653,91247102,91247102_27.json,f7e5ee9c192bc956b8bd474a7ccfdf90ba3ad62fae90673f29c8b65b018ee33f,9191
654,1118699,1118699_29.json,0c9e815c2ad0cdb9082d3627cf4b74f15fc757cdc5cfe74e3e4996189ef954fe,8560
655,111703773,111703773_0.json,cc0d0397d6fdb3216ec0df60055313f661c4fc5da745f007066dbd92bc08e332,6395
656,10550221,10550221_31.json,1ea30ebabbe7729e76c5e57c4ad2e24183ffca72087891e0364af1d2d7971989,5682
657,83414665,83414665_3.json,10832d9f87e9d0d104d84c09e6ff77b5dcf21c07bded0b363a88842857b74fa2,7359
658,119281902,119281902_2.json,6a20e1fa5e4007c85df9bbe8b08a11f9ea0c6ef4b255699c5c0327d880bd432b,10810
659,31415856,31415856_9.json,b466b6e409b3cde2b1cb9881fdd52523c9ddf11c20eae1417a783d4be8efbf05,6307
660,59838788,59838788_8.json,97f2f31592a17c606a525ed427fb7d483ee85af03203be662d157f6adb9a2a79,11379
661,53932231,53932231_34.json,86697ad68e43f191a1e81d314d003cf110174fec5c12cd146f7bd956115ff3cd,12254
662,45682878,45682878_2.json,2ef2ddddf0a03faa17905cc0abb6b81604b284f0d1bfc1d32bb723580641ec27,36953
663,12117077,12117077_93.json,bd76c867067ca3c32587b8b2c34476db75e364baf7c07b8d0a5b52c51c7ebd74,2455
664,20499820,20499820_2.json,8f2a05df6ad92845fef40c3aca5bd5b8c53e09df1eb6761b6970d4abbe4529db,15146
665,500806,500806_524.json,b02e783d4a44439e6cd8950173775141073bf4e7088fe2e8562ed18e936136cd,12193
666,11668780,11668780_14.json,d0b6658f42d8406d6b9b4d5c2931529ae0736dc2ab63725d84788f338cd872b9,7345
667,50876997,50876997_2.json,d7dc9fb33a8a0e51c15f41d1b253ac7d6fb3c3408ef2dcb462c805868275c651,6656
668,9706311,9706311_24.json,cad325bc810702f491555756d91ed516a09f0d6cf89fcf77fd2ed638221158cd,29580
669,23556341,23556341_9.json,a8c0d176652385330a6b91c36d188676dd1b4d5961547d83b04404082c28c933,6034
670,125417291,125417291_18.json,f2352a5e25b2c1f98fbad206aef7a21a92d3273174d34a2807f06e7200947e89,13593
671,14997161,14997161_4.json,f4758b889dd886b581499b5235d46ad05f747dd7af8375f8959c8756aee52b85,120552
672,99569378,99569378_91.json,fe02aabc65d42092dbb1e77dfa12cad6e9c35fe62d03f605fe1054dd4fd93f7e,6694
673,62342369,62342369_57.json,ac49732f5c58aa35ac4a272c9dbb24058a3095e49e1af13bf8c45aae5df3fc50,4964
674,11194069,11194069_1.json,61b20f0e2f480253bd5aa9d0b9e350be1b1e72547c154df76d4b6e7b940f1763,4479
675,57126883,57126883_0.json,ab4addfa6c1aaf13d3c02387cbb5052d5f35c6b89e9489a02824a57f2b95138a,3059
676,16432662,16432662_0.json,6e045cfd0ada41a5675083d0bf44e4e4653d06f758571b958f8964ac85b5c413,5997
677,4732484,4732484_0.json,180fa2c3dc8f7c8cd3e59e806f0bb2be12d73c28fea851cb51f5cb712ea7717c,6341
678,109219866,109219866_2.json,f35c706e6598fd0cec157cf1f547cbdd931c815bbc10b46908c849d8b1e7bbc8,4189
679,4726303,4726303_95.json,0f316209e7d174f9bf96933f81ed93b2654ec41ab1ae08eb5e796d892f2168b0,5027
680,104516152,104516152_0.json,743bf3d64bb1502d90aab40fb4a1247c6da2088081fa97ea12c5981a0a0a21f2,9810
681,90985502,90985502_0.json,37a60b5b520ddcbaad0c92b24c161cfcfe8c5302037658e29470273922875fc6,4012
682,56027154,56027154_2.json,143d85756a7683ebee74d19a6a9b459a8179aac4de3054ea8fd808bf886ee80d,6085
683,40101342,40101342_0.json,22ae76c6b7ea67abdb665f85e3972a24e8f1af10c9228af7d10e0a023a2aaa4b,3650
684,80898327,80898327_29.json,d97aeb96b1431f077b0b92fbacff0b7a56353c0e3e5aa10e736cf9ac56597189,7197
685,26768771,26768771_93.json,7a7a9b32cb0aa5026e2fc9c3fe2e1e1e36f6900823c490463b67a218c150d850,7776
686,121075789,121075789_1.json,59fdfbe613f953a2c15d22f286ce0649761af26987784c3b66acebbbf99ce332,1999
687,133381280,133381280_55.json,983c2a80285fa2aba0f152501e3c98d469a84268c8d2744dc9597cb3f5d7574e,2298
688,9067712,9067712_45.json,7d32e24cc5eee5ec0146d0fc3eeeed72ec8747380bb9d338730d7a30b4d51a54,6749
689,60737153,60737153_13.json,ca5ab850d6c8b2c17f9d8719830e4671ab272457fcb0dd926ada59152e9e2bd2,9667
690,38755419,38755419_12.json,2a16bb92a33086854f89c0c71d4269f66c9abe9ca3f22f6cf42d94849495d0ea,22634
691,24272313,24272313_7.json,cb25c9daf57c7ee0e9914d0a03d46e355d622b61580aab1d2e2e347e0675a1e2,2643
692,46308509,46308509_0.json,a2e35e2042682a4ead51989b9f24ec092052707b4a921fbd9040f9b7e1bc7806,10167
693,1164974,1164974_11.json,81d8a1f9f0561839d26ab3155f149c6d49c1e8125220b8b4990b9beb1c5cfc85,18272
694,49071798,49071798_12.json,08fd29f347010d195ff85aaf17e66cb41a6bff1b3667616a54b30b55202c4312,16785
695,15284049,15284049_235.json,6cb8c9d6a1ad8468eaa9315874186244200ea1873e31cf2b6dbf12fe59114be4,4596
696,75882172,75882172_290.json,9b01fe695bc12a6eeafa9aa8b66e42e8609dfae74ad20db76641c00adadbbe3d,14245
697,206322,206322_3.json,2278a778e8bb2858edc9277245a6581d376eb4111853ec3d01ffd305da8d4c9d,3836
698,209813646,209813646_7.json,a487415e3369cc9067b6c3eb111b3a1f333556044ecd70a612093380e3cb49a0,15451
699,36174393,36174393_48.json,76e7340a4f1b5ba843ddf1c7606a953d524900f88c84e68c42c3dc7cc190b88f,7222
700,8266524,8266524_17.json,c81a7db458a45631857df5ebcacca15ff153c3cac59deaef7aa4f6845e00721b,4223
701,73209796,73209796_4.json,705219f6c403c22b8cd235d9dc6d32b5a6ba64ab7f8f14760549bb7480470b6b,13082
702,23360533,23360533_10.json,e222efff0a2cc1566290beb2e37e96490ce5b851cd88f959c316d12e0dee91b7,10040
703,41460477,41460477_8.json,06d469d5267a8a9ba38d05f62e8ae015df01fb3b71ee07cb27d6d59d3cb2c85a,23068
704,181840596,181840596_0.json,267d5dbe1f7f176ac23c1878414bff8a7146199a97768f8ce452c34d65967552,25536
705,6900541,6900541_1.json,691b5d896953c5b9f49556b68a01f2d9783573b7aec6b102ab389f7d55a918a2,27027
706,68813569,68813569_2.json,13e53d02325e748447390b5941dbb0e93243d6bdd0847aa9358f0707f2616ab9,5642
707,7823906,7823906_10.json,d43fa76b539cfde2945c2b2344e208d061bce2cbb57a56a8c60a879e4986ce3b,5627
708,10422484,10422484_21.json,6c02864d29012b5a8a9c65969c56e90959430c557279c1d3368a30ce30e7adb3,6630
709,53054065,53054065_0.json,8349c7e1c0fb51e006af9801c4734aada20cd2748206639346f5df03b5e44f67,7034
710,43502922,43502922_4.json,d855031e9333e15c380880dcab7f498091ed9e956545f2f2b177e68a4b513392,7740
711,18532549,18532549_5.json,04bc469ec31647023951ab9b309da7a488078a7a50ec2784b64d23b980599094,10940
712,124900009,124900009_6.json,e08122360e4a4d3b116b1b6acbefa242ed2ede274c43adf157ee97180768a5b6,4517
713,49317403,49317403_6.json,ca21ca3791ed4fb7c1d71b587a047da4b38100eb6257d494ad82fff78fc4399a,7149
714,224764811,224764811_28.json,330c2b4320af18b7373361588e0463babc50960cacfb754394ae5721c0304bdc,12792
715,27460436,27460436_58.json,ed9e3d2be9ca017b95f340eb85bdd398cb726c108542ab74741ba6716f7afbcb,4415
716,51536707,51536707_24.json,ab475f44f9cd31e44bcf2f4cfc3fc6adf5835d7e2f30ff19837b118d41420bc0,5067
717,240466,240466_8.json,514846242c6b8afb3377bb88347eac200ac7dd9429fc3d3f15193ad55d5ad282,5518
718,1672467,1672467_0.json,7aa992e6f8be69f2b0a449cfbc84e9f92b3d007a9980a8f73de9f157c4046aaf,4954
719,170565218,170565218_7.json,83db9ef589e86034791367c9b5b289bd339b599731ef6a1ab7afd1e5f2ff05ec,4746
720,1875775,1875775_0.json,ed5e3c2a3269f9b51f9f0b3222c1e2f873251d8ffaf527889e382722bbc97ff4,7669
721,175804011,175804011_2.json,f2184ceb6f291df51144a075feb6e10567946cd9c89b251f28bedf05d00ddc12,4278
722,1407946,1407946_5.json,efb2a1a6d13227dd54b22456d2242321c72c95b2ce988b12b152041169745e7d,8707
723,8087042,8087042_25.json,0c2b53335e319dd010e418d29b6d14c93f162afc3d95ef6432ecaf6449f7fdab,15343
724,36572602,36572602_39.json,5b10440dbd77e61dd34cb8fac40f7f88e78c3b0e2250eb46c90d48a110cc418d,7737
725,26525663,26525663_7.json,4920ecab4b5adb56bfbd70de2fcd89499bb9cb9f3ff587709fa5f9ca02be5705,21448
726,74092790,74092790_0.json,8821eddbbc87e6eaa75b214e6f998d7c70700ec12664334b1366102705f289d2,8970
727,106459277,106459277_1.json,2aec5a583644a7d339d79df4a185ffd6d27bf3125fd479b1dd450d2d0fcd9f0d,10291
728,158084770,158084770_2.json,02ee2185e61ea8e35670110b9b2feaee4f65523134031c72ca6373c5fdcfc78d,5677
729,42201162,42201162_55.json,baa3513d36e8e59a3c2ac117849a62246e757ec8c6b3cbfea2524da08370336c,9120
730,199829201,199829201_1.json,68545825a44c2e7a49da885ad3f23e6030d6d40d1f0d54793c72415b3b06747d,3305
731,60851319,60851319_93.json,5f4523b12e374d452378e8b4a7f25a3ce2f14ad149b631954799ee36e59be1ba,12692
732,41817706,41817706_43.json,3e97d9e463dd83566eb34cdd3db1f22794c7b2d79ceb1352873a50fde0a95e43,6366
733,126439064,126439064_235.json,ff9db05a5c051b16f8a94ab3f08dbd89942e814ab1806f5ce22321a46c986b51,9927
734,8369425,8369425_2.json,74d4e0477c9eebaac69d16cc10e0e7da648534f1a138c22abffbba96090fca86,13246
735,23442872,23442872_21.json,78b9ff3f94f043eb2dae3e5e9289a079390b0a3b9510cf00059e7f911727a6c4,8633
736,60094068,60094068_116.json,492fc0d970c45e960396f69723f72cf1575bdb619b331ed7140e73aabafc0a6c,4038
737,49894985,49894985_3.json,db0989564f8334ebc143c6f883c71cba30351681f4c57a4325b580ffd691bab7,4904
738,10932418,10932418_13.json,c7d61f71abb6cef8018ffcf7085a90c2b607d258b0c221828acb78e91f6f5662,31434
739,59199640,59199640_0.json,3ad6ea9d2ba461cbd44e0e0ff54369ee265ee495b0b0022449ba45422a798819,5920
740,12255838,12255838_2.json,74a227cb9ea18219859c2e54b50651f60f61eb4c35e87ec2fed40294286be431,4181
741,117949407,117949407_1.json,667ea4b2cc18dd156d93bf5453696e389521f0e06b8cde6e2a64abef05337fe2,5134
742,27064201,27064201_0.json,204a285672654acca13402b70825c521dec3251c8ed596baa9a1087865e26569,5528
743,228330020,228330020_6.json,849b0a3cc05952b58f8343af319159a25c77560bb04718ecc27fe87620e986b3,7552
744,64510591,64510591_20.json,e505d1d89ea6323cd48ad8df0f76dd54bffb02a8fc23c43bcb58f1ee2a87341a,11802
745,35868722,35868722_8.json,21ac50e1f52ba7bcea39a18b038d85d1c7b474b28ac47ec02dd21cdc2a47b0f6,3933
746,102471968,102471968_23.json,cfcc683561a541ae33b68efcac1c62da6f783386aea8d1461988bf646912e7ec,6316
747,1163806,1163806_51.json,24c22899661647599921967381a38ccb01f21814d7cba3ec161b2c4ff7951dac,7608
748,140017338,140017338_366.json,35a553bb669f004aa5902f57b43668dffc4892212ec6336a293872ab9a0edd2f,5291
749,81052983,81052983_25.json,bac532ca7627a9380b8a7c19166e50b4c131a2735ca56a07d3e1dce7af528080,13464
750,41104075,41104075_6.json,7d8e14045bafebe90dfc2b551143625dac85ec105457a4c3f5b0a7a24b2405cb,18500
751,2045140,2045140_12.json,d3b559a0b1107e27b4b0183c30d2d1910bc4647c8f217e0fd3671e1bcc2e5bb1,5773
752,81824082,81824082_6.json,1f41b3219b1019f4a640f1ad7d82af774b0c1633292434e165bee752ef6ac2b6,4794
753,52610929,52610929_0.json,01b202b51696ba45df5a5877307868e680f07e6a40218e9f37a5091e1274c281,4050
754,23487016,23487016_11.json,50856d5a9c05f4be19cd0613449327e02b4acdde0c6e5cc382024ded2ef990cb,7494
755,149694816,149694816_64.json,d2a3cef13608c1f6300cbbe83ff5e4ea5d684d811e01dd102248749773a2d830,6617
756,39705783,39705783_8.json,0c06a37f204ee479539d930f10b8f781cd60844f685283f9063ceb09590b8cc0,8064
757,11821201,11821201_828.json,b0b07dc3660bbf4007ddceeeb784489d50319496ff17b0d3dfbef40b1b369141,4019
758,117452304,117452304_5.json,76e7216efc29549909c535eb977504b3488f676e370560ceef4f55158b6b10f0,8662
759,22970701,22970701_2.json,202e8460b1a306b96077a478d08fa1b902fb5c82a4d4c1545bbbea1cf1b4b234,10852
760,206437,206437_23.json,0162d8ad81f6e137c816690c95e8430af885bb0f9e43e6bc37c1b3b4aa59732f,7105
761,24366887,24366887_2.json,b724c6ca10cfa087731afe63367b5388e7db2be666d4b400fae2e4ec0ebc02f9,6903
762,31650129,31650129_14.json,7eaa1b467cf784f70a6ed54cf22b7d13152580d869c9c818eb0b1f0fd230e4e2,2909
763,10429628,10429628_0.json,6f7960a7f0c7c51092cfbb8d963d2aa0e62dcc1942716947e2c95e041a576d25,4268
764,202839292,202839292_120.json,f9761bdd78b9ceebd1b1489e3706de32f957cd9136d3fadf09b92c26658a628f,24061
765,47492058,47492058_4.json,a1fd60c2bb3d7ba2cfdec369551c80d257d2e2170e043c317a11ce680df9a7e0,5962
766,147999347,147999347_1.json,5cdf5ca9e8169e4f1b26459340fe6e365368d9af740b93016ae525046e9ad8a4,3553
767,222136267,222136267_87.json,174aea3334e7a324fbca8821e2e45449436a2c73e75dbc9d41fd6209168d3895,14464
768,97935002,97935002_3.json,5fc0101c18a3c03157d9aa23e00d589021eeeb9378e589a0748bb3af0f011b1e,3508
769,28714528,28714528_0.json,0c55d1167bdad6a262dc2040dfaf43948ff116c5857f87122df9c96d34014952,7802
770,66062805,66062805_39.json,b7eb7530b7812d4643fb04049f412f81c175f4d60437044d87d27497340f3216,8217
771,63452341,63452341_15.json,7e5e3a94595dde47f3906100daa93e6571bdc3a530a79485e3ba8db71e8a6dc0,6576
772,44437701,44437701_1.json,74cbdaef38de74e5ffd701c74b02b7b991def700b268b3c4bfb581127cefad5d,7908
773,1710792,1710792_6.json,c1707ab0998217efe3f84bb80a90de36903fc9fff95c497944abc92b64cbf81a,4244
774,3590026,3590026_0.json,cd90ff5347eec29cab7243366d1c6a7e5e57b131e490a7641124ed82690478cb,3396
775,33470543,33470543_25.json,bccf6440ac045e597ca4ff137d5fc5e090c053e253eb8fdc4c28e9ee7149b199,3234
776,51015648,51015648_22.json,51fef5943c599f1a11e3cf3e0584e823a199b0c278f6c05b15b88efb06c296a2,5728
777,149123005,149123005_33.json,6586e63240e5941ab19e66910549dacdbce543d4983dd5565c91c40d93adf591,21965
778,16293572,16293572_24.json,b75f547be26f8e7959f55adfc519ddf19d97aaa1a36b020a82383d3be230bebe,21483
779,854559,854559_4.json,7adcbe49021c2fd69334130ab68d3c574242a858c21f6aba785774104bccff60,15960
780,21611038,21611038_0.json,e10828f6ecf86b957747318c25371de679f38173a8e70109aa25f5e12b066d0d,5007
781,93389699,93389699_5.json,f18d7241f2ccb2e8d3d1cab46b672716447c653b979cbe1102940a05926243fd,5803
782,6476959,6476959_17.json,0122250a32795f370e2a9800360ee9632118c2ac14e6e41231bfbcebf72e85c4,12429
783,27683023,27683023_51.json,2cd4d97ffe3fb92957e6145734f1f9744d338f1d28877894ad7c7fc4bef3ee6b,4807
784,48581176,48581176_3.json,b12fa67b710cba62f27554962650b3a013f305ccd7092bd2c0b186e029bd92c7,4647
785,119975005,119975005_13.json,4a37df2ec6fa916f54fe0017773933011aba52f5cb80895b0ae77c5f15b956e1,7639
786,9797598,9797598_0.json,0c7925840f79008420fb4c7800542ef877e5c5091fe94af8d442ec7654e1d1fb,13643
787,12537665,12537665_214.json,2dc22f6cd1f8e73f999695812fbf7c107a03cb292904bf333e2503e8c7fc42ad,5779
788,29959880,29959880_97.json,590675619b72ce77277a852dab48301fea19b33e75ee864afb6f184c1ca0d798,8428
789,16977479,16977479_930.json,f367a0c2d9ad245c996455b87c858b00dde70ffcfdfbfddba5905d5ec123ae85,11883
790,54201244,54201244_0.json,128fab96ef1b71695e87acbbab155797222ddefc39bf025c779cb6dccbf2adcd,5614
791,21458450,21458450_3.json,c8d6ce141fd289171a02b5721584cad7af1de51029df227dc8a7d288a3615e8a,23439
792,42683316,42683316_0.json,2b6ea89957ee141d9729741fdbc83c4b1491894f915594ad84eb68129471e3f4,5225
793,10283615,10283615_59.json,3ac0e4772ecdf7f71710abf73314873c24091d28746f603b0c15dbf19d96248c,9775
794,46981783,46981783_13.json,abd312accd6d65e5cca31d8dd248784e56a07674e611adf4832ca7f431054900,9005
795,45433519,45433519_55.json,a8af3605bef261a2b2e4f73bd30da165c78c28dc76d7fc1aa0c783df3830c5b0,20929
796,132609722,132609722_9.json,9bf7f5944f6a450cebe94f70d6fc02a90d7922450276e53f039dc68141143548,3745
797,43031095,43031095_30.json,6c526a0d20a1873250ef1f0384140d25aeb52ec53f8a2f7e34a8dab4fc3a3a1e,14560
798,13865967,13865967_319.json,c1ccab8bc54e332a024ee8c3f414ee45bff7bd29fbeb25c46619498b27ecce96,10606
799,156706507,156706507_0.json,412513a204b76bd145c2783f6c046fb8c4005afeb8c8a9020fc6ecf9333488f0,11420
800,10079780,10079780_0.json,8fbdc4af97195c44b9cd430b05888fa13a147a8edd56c1534249f4561e28f0ec,5685
801,52732011,52732011_4.json,1fa3a837847913a3b399fdae7d812d2b8225e2032b4867a8b0b9521ed940c35a,11066
802,43300131,43300131_10.json,06dc8440cdd81bf6623e332e3a65aace60c0280856c286b373e97dff31714967,5000
803,2885902,2885902_6.json,8d3d5aa70839eb6357f6f490ccbb68881a257fe3ed0b82462676cd331a04d925,11023
804,84616200,84616200_110.json,e91f3982f6fe8c1cf0b189f6a0c9721e8418dfced46477debd281e5fc41075c7,8474
805,1312627,1312627_3.json,a6102ccdc245325c5f1496259da32363c46abda25e4e68a5189f8c1ab5e83810,14739
806,20989862,20989862_0.json,47082c3be2d71564e51df6620aef7fd9ff9f15e646ed283f7781d14df29e06fe,2947
807,1784501,1784501_0.json,990c07aa2e49f4a78aa69e73eb58ce3a6ef97bb8eac378b7d7ac1344742625a9,3789
808,33374862,33374862_1.json,a87bc0f9bbd0a9142a0308c272a4865e62d2a9b09be74f8e822937f115f764fe,1901
809,54830123,54830123_2.json,f5fb3a3e5ad582e8e34e64b1c1fa3b2a8eadb351574647f6ea6accaf2700eee7,4408
810,909809,909809_79.json,d64b281743b480bd8542bb3505f02e29b2db31483365785e90401f2212bd13c6,9955
811,3604595,3604595_0.json,197d50027f13038e56b3e00a7d985156a0e88f02c86208de7ebc817aa7e34142,16359
812,93754068,93754068_6.json,7ce761a55453a8c2d2450959cf1d59741a8076ef11049cc5582e9469047fb6ca,8708
813,71119502,71119502_16.json,a6f71e5700c04db334ee9ccdefb4e0fc5d592088b4da2d49364711200f00aadd,25200
814,26461674,26461674_12.json,38554aa9657fc622f1ef58c9ac2778cb71a5b43ff3f2c932800f12b12f27a64d,4474
815,91546562,91546562_0.json,03885f068aee8d714d439a4ce6a5527381640bf46df0360549a4e81be8e0da81,15295
816,21631528,21631528_5.json,6c699e0a4ed4bb6ca469dbf8351762f2330a21f532d3f89e97f140dc04bb1b7b,8599
817,95342834,95342834_0.json,810c514d22722c4029401215179d9a505e0e8e36507cf879b29a37e6a46376d1,7084
818,23491281,23491281_1.json,3367ab15bda08524a967316591df855bd7bda2e33c8a881020c4cf311956fbfc,4870
819,119123174,119123174_38.json,2bfdd7dc880fefa7e236bff722f461c4b8e24f2c984115ac17f11c607a357263,9211
820,59282155,59282155_11.json,29a070a9447ff1e4270505a2a4423ff48a3775a8be69d3a8dd85169eba6ad913,5500
821,70147050,70147050_0.json,d581a20b3652b6072006571e16fadfb95746e976ec95f057e90456a9642897fa,9836
822,10971357,10971357_14.json,f215853bb65662c69b9388931cb4d93a9d74f1adb014ae0ecaf61ff053177f68,21430
823,143692325,143692325_0.json,2dfb846109d20fd45a925c8f827beb4dca4a17e9fde580c1ad91dad47961a940,5896
824,4738719,4738719_0.json,f3bca08854debec46ee2d364e09d09948b4f7dceb5f9e8400f2db70530bd1510,5749
825,104718236,104718236_10.json,d93c8fe7ea7767add0bf64f1c18dbc8378aff7aac43f130a10362f1c9da4dc92,9653
826,129125498,129125498_12.json,7e123024da8a493588a49a4c4616291966507031d10c07e22e29c929d96237ef,3312
827,65507705,65507705_6.json,7da00f97e9a59625d76709671181093dae39c4a27869e3476d29e359e2fe56e2,23322
828,79750743,79750743_3.json,e4b6b92515a9da3c4e5ec5564ca4b74cef5b38cb6028e52327bf7ad4f536c637,15682
829,212625733,212625733_4.json,f071c93431ac5a67b23f04596ee86deada0a8939060ae59d4c6d2bc76c3a1f42,4291
830,63055881,63055881_18.json,f85a1f91422ba0ed769b517c28736b3a3ec96b07c2302f36a4543a6a6b9ecbf6,34874
831,59834447,59834447_2.json,d6205a98dfb077cef50a0bf1da76e69838cc5480e25d7cc42397ff229e4a5081,9110
832,10288113,10288113_22.json,ea4135de3d852b04b4cf7114aaf7a49c7dace53886e044847caadab75e2a8b7d,11350
833,216000802,216000802_49.json,d74ede0c8bd33df8a10427b609c5c2a63e9189a8436d12895f03fa90865b065f,6138
834,77496717,77496717_1.json,4a3a16418fbd98343dd9ea0c08f1d0a97ceaa9a66fc96f49534aae50a0dc0182,3765
835,39570183,39570183_2.json,bc526bb784524d09d2d0fabbb868ecda49043a15dad79acbc32fafe728a1b7a3,3946
836,52689062,52689062_0.json,8df675216b3ec751c60670de233930e0eba95ac58966946099e1d8caee81559d,13819
837,91674936,91674936_747.json,f1e7fb5fe03dce5dbb88563f2b848edc16e28e4e59575fd7833e4dfa0aa6064a,5020
838,16479425,16479425_1.json,1099c20a682774981732d8bcc5661cf7cadb992b7a046a98b23505c8788465d1,6988
839,32954678,32954678_5.json,f7e6430bcbc3012ab7f3f7a16f0338a85b31cce8e28d40eaf395a5a6da785f9b,4770
840,4610430,4610430_400.json,49068b18f4e093e722a9b038b5cb5a7df9a7b37ba3ba116ebb6b33d1c5e29395,5533
841,1553760,1553760_195.json,ef763fbdf6e91530edd84f91bd0f337411eba38086b67b902eb52f1b5735d040,18158
842,4298676,4298676_1.json,52ffa39078e9a2876505f4702914649fd62d0dc4d554794d6c07fbcb70099708,6204
843,156833788,156833788_2.json,23615eb85f501886444ff3795e8890a3a2e8772d325231517cd9090d20de0c03,9814
844,7735632,7735632_1.json,6fda2d13a90aa71cd8d9895978055c7cecd8300fe9fd026e337acc3ba52a2838,11938
845,11997640,11997640_1.json,f0f616ae0f8dc54360697a20268495442537a330650f4e49d1c5fdfee4a049ce,7272
846,97573661,97573661_10.json,037ef176accdb160f53ddeea373d75a2306836cabbac1b7db498ce78aeb2db77,7922
847,35775200,35775200_8.json,3509ea1d027359bc119961ac4f89085dfd9e745a9fa25fc2eb3826ece6cd273e,3957
848,9149127,9149127_2.json,e62c4a04c49daf8ee53f2816c98de5ec8c0e0fc1ad089dce391f175ddbdd69b1,5232
849,83753680,83753680_1.json,70337af12ade3c6f08147c9acea41cb4fd472b61b9999d704f45ce613c14caf2,4122
850,4597760,4597760_404.json,f057274e58bb9ce1f5197e3d86bbcfae18935c7340aad0fab3970bd251efb39a,33780
851,211330796,211330796_54.json,02211ca0c1c96482611d57233f498fd0cdb4f6c2f7823f127dd2ac7948ebb16f,4535
852,23737510,23737510_83.json,062a0b7deaea2fe05f345386734e78b8ae45b60bb36742f515501ce4accb250d,12268
853,29008657,29008657_5.json,8b377d2243a04e06ed50e21fb455ff5a0059babad1ad9c5722b92fd5581a594d,4859
854,150470825,150470825_2.json,d05e94635eb7a711b1f7383e522aece2d4ffa94b26aabb1eeada32d0a6f3e20d,3590
855,59115248,59115248_0.json,b9fef5df2def968d4fd6aee3562593c680ba680f63cd6a1ab4fc09880f3b092e,20075
856,240464,240464_5.json,5911b601e244803bc2f66d7a501ce1d5b6e6d7db8d11a7c8ae28d525f94a166e,9971
857,134450682,134450682_82.json,f8b5bc1d2cebbb62c2548e4acf8790fbac01e51e2356310c6ca7274d66afb492,12630
858,55091967,55091967_7.json,ad28aaf60b0305069dd5c33d7a2f6f9b4ddf0ebcbfb67e62bb983f0006d1e508,7523
859,14538599,14538599_88.json,689a6743b76ae9e902bce4ed49f874f7772ce8693b10afdfef0c698f169cd7f4,9273
860,93992855,93992855_0.json,1b17367cc67bd786e5b6aeb1fc4745db5998a7b6a2a89b5f68b61561cf584cea,3623
861,226861344,226861344_15.json,eef8098f38929a74b2980c72ce7157dd30e28911da6dccc4d03e1aeebc9b7599,17730
862,30350283,30350283_139.json,cde4c5d58bdf4243a2fd3bf67c14a7ee1b3f63b35570aaf9a8dd1c15ee440f91,9018
863,46920047,46920047_11.json,ca806103b84d59795d8741ef508cab8888dcdc64fdc14302eb5d58afc7de6867,4085
864,29350019,29350019_26.json,0813876eac932069e0316eec1c6bee89c58a868031dc8500bf8d0dbbb8e7fab0,40109
865,11290309,11290309_5.json,6cea6aad354a6494cc7503392483692107a17613742b950e194d49d08d6d76a3,4113
866,166365902,166365902_38.json,3ef3bfa3855ca149aa80aa88973fcd41bda4de026e56ebcc690b7b58ef7d6ba9,3442
867,4298283,4298283_0.json,ea21d5c3bb00bec16b474c581497331f6de7dbd6c4542882da03c4c7c2664ed2,12720
868,61706237,61706237_2.json,a95e484f57b790509d680aed986b47c2ed3113e17ab0afb55dd28a742cd60737,7276
869,70711909,70711909_6.json,119779efb712716cd5c96b756135edaf766af545c08585183e21b924062f6895,8904
870,56679521,56679521_1.json,a959117ff50dfbc9786dd3cdfa5ad813d0a44b4b54b58a420dddf1eb741f605b,18098
871,56003224,56003224_38.json,6d6de776592ade46273bcbe191e7a508b24264bc45faf02e56e6dab11e9f3204,15855
872,104217624,104217624_60.json,ea5cbcecc8aa89355be5422197a70a00d5dd5b3b492a25c0e7c3fe91c548c9b8,6837
873,34824538,34824538_17.json,3a7d44cf5f280fa4c03a2d9074cd250bc30ca0e6cdcae3e156bc2b8c21612250,36239
874,104892792,104892792_0.json,bdf3ebf8e41d768c8f9e93a8b68ef98c3cdb7cec3171230657c583ab8ec4535a,12743
875,16660401,16660401_7.json,3ea7d007c8320e18b63ca5ced3a2034a6228b66fa101548539cf843af8f16b7b,16030
876,92755785,92755785_1.json,8a0561d672d2ec579f77c0ca17d8032e38a81ebab600ebc49bb45d5a593ff777,4571
877,49026875,49026875_0.json,215bd0f06f86793bbd0e566fc05f39640adea2544bb8fbad38c7bbbea401ff7f,5914
878,271229375,271229375_0.json,66c6ade1d5c3af84f90ba41dba13daac9c8c9c863c01b3394e71ec5da47371ed,6091
879,3375991,3375991_0.json,bdf851ba4f07c8ffcae3aa494d1e5e7e461c9010c78ea349df1964c02abbba63,4695
880,36378766,36378766_7.json,08e87fd131f283ea00a1050f473a4d0ceafcb96245a93e1b3d213e6d2b0d595a,12739
881,15802014,15802014_10.json,e841baa4df6e4f8a299c5bf7d4402ba119448392ca272e0ba6361041d30551c8,7926
882,2442452,2442452_1.json,27983c1994e61b626fbfe6106323abff8f96a6ad4bfd5e73c36065c6ff8125bb,13886
883,21910386,21910386_0.json,d53a17c3b8b2e8abd7a5b8caa903a7ec3514311a2f40cdb571282077f5e02ab4,4850
884,4802269,4802269_3.json,180086af71096da2299d6f25459f5eff6eef753a4b71fc4f773f71bfd94ab8fa,15690
885,35228936,35228936_1.json,bff34e0c452497aaccb5b5b51b1f1d4913016b68dd7aa3be44e59f2d1c1c4947,11080
886,2157104,2157104_1.json,59cc6fcf9c13ea75d68c78859b0e5dd0fd4903c85d3b437f8cdfd1f5349c5c59,3735
887,12506813,12506813_0.json,778562effd8bfc0d26f4058aaef626a29bd42b011ac9319c38cfa840d62c25d5,18685
888,167418760,167418760_7.json,ebc36eb01fb59d6fee90682903a7654e27cfbad2146b76976209771e8d3e08ea,6438
889,6441969,6441969_0.json,69eb0e8f6bce19cbe75f4b27c9779bef3ce4503b37b6e16ac725308efb18fcbd,3365
890,34445488,34445488_3.json,54cca2957e2a3f6dec06dbcd975eaae912a28b1eea0129872c2122cdf2288659,15469
891,48175620,48175620_121.json,0193d095b10bc604f738ee396d15fc83b4b44c9f46cf381f1ed78981815f2b59,8396
892,3116751,3116751_12.json,0c499f601f7b6e8f4b9ca6991dc33ad596d4fae28e81651e04f7afcc5c6d6236,7172
893,130383787,130383787_0.json,92f11b9df2ae970665d8e25e000100f8c27df6457b1870cdb01a849caf05399c,3476
894,16381579,16381579_0.json,c7d824f3e3ed23f58482acbebf5047371a37cc85515cb42641f8ac75cad91e29,3808
895,53297769,53297769_5.json,82deea067cddee88012c24fe1d91dba16a6bb7c64b1f5285093c44935c05b90e,3628
896,58734918,58734918_48.json,b59be519950f3315e29c893af5eec424c25a0d981622f01b299efb7af72e26d6,3226
897,4750321,4750321_17.json,c66121a8ad1c55ce7238c779133ad38e075feab7a7f6a5624462beaffdcb9744,7879
898,279216,279216_35.json,bba471d24f992a580fc706c44b01bb6f8b5ad153ce047c2e72b2c630f41ff4a0,5599
899,43682339,43682339_16.json,61cc56dfd6471f6f899c5106e0bc3425f16bc9c05fabafaa6a8e74dcd6eef05d,7382
900,129428289,129428289_27.json,1def551c8cd9fac8d43b3f0dcb80844a51a8289d3992adf152b06b1175e98cb7,10651
901,25397479,25397479_27.json,a6513987b99fb0b37c1f97c5881c71d4b98d9be4fef6e88c5633020074196d46,11864
902,26686976,26686976_2.json,31c42de68cdf94896d55d65eb0bdca59823f1ca3e86f585316929adbde33cb58,13604
903,4024302,4024302_9.json,84e5646704936b0e5f3db7691653e7f49d5d34409d33e15772df32365e0b2a62,14384
904,15994370,15994370_1.json,4347b802802d8928836383682696c6a1d08ff56bad4d44896486667da33ba26f,10012
905,134843777,134843777_2.json,372885222423d591c50e0a25c271a2bcba18dc5435536384e12d8ed5da01193d,6105
906,76307760,76307760_13.json,44913be151e3b0f87363059289461a1963582079f1cb6c1cea91041c98f3d08b,7017
907,32651977,32651977_54.json,0475da801b278d75dac89b628cb2d747ec5a04e98b6416892d4ac68f9d32f9c3,4348
908,77239977,77239977_3.json,862293452ae9f48cc95312e39d58766aebb687a4d387aa365b3f4e4c597bdb84,4101
909,21788064,21788064_1.json,77e3ed77161090a884e8e26d507fe497a3f992c954df104a7329791abf35991e,5620
910,76436183,76436183_0.json,530c3f854e6b6c107d27e2a7d4d06be86f2560e89fe90cbac478b5e4ec3f757b,8316
911,59553587,59553587_0.json,cab9329896a1b0e80c7d4a133977e2b120dada179d252c94e681b626e28e55ef,4005
912,1783085,1783085_53.json,322e600994ee980ef0c10dcb71ad7554f6fb736f88fd7c4239989ed86b560043,6891
913,4169493,4169493_1.json,3fccaa79117de73a571557cdb9a6efe02f670cd32b81eb8c821c46fe3d4bc963,5921
914,104141049,104141049_0.json,23ae62899db420989cdb4847b1e06c63750e0d47ca54da01847a693415031a05,23322
915,22412169,22412169_5.json,3331a7a9ab4a7d86d70791ad0ec61f3a0ed46e7d1ee81bf0b8dc873030246824,16424
916,26845372,26845372_0.json,b57da84d5729c8c1c46b8905dd6486daa2c147766d444af1a1542ef83efda2dc,3644
917,104355653,104355653_3.json,450a4ee561005140c6fa7d57968c9a8576c6b41d978640659b0a171cc4edd196,6345
918,195936879,195936879_0.json,114815b76060f72c1b3bd59f28bd7c0bf0577bee194990f886be80f4f01128d2,26684
919,75164823,75164823_212.json,d66b7ecb408b40d25f5056102eb6e1528b408b21f49a1068b30a82937d3f3675,6489
920,86760618,86760618_0.json,0b6c3a7767d6c0aed50ad54c102b750edc329b2f14427b4d3787c9a17cf41777,4132
921,2685841,2685841_1326.json,8832c84da91d15ca0070693c227aeb857981dccada436786e9fef145e9ea3d9e,10488
922,106559097,106559097_3.json,76a62b83d2b97114e77ceabfda061f54c8eb1e96db5ee3a9245dcf61b80bd509,10075
923,72967236,72967236_2.json,616be9e43b5d3769ab256f68214eba62e99eb875da737fe2f3fb02dea493dc8b,15216
924,16947368,16947368_1.json,bce27447a84ed5623e4b96e9e163d96d5b4870d86766fab23b5db170cad4a16d,4308
925,92033442,92033442_77.json,dd588b2ba0c4cf1aefda093659291adc7c673e5b9f2f40da136230e6575f0225,7270
926,811072,811072_0.json,0d5821c2b747cf2c5e22104c960c00982ef536e33d669f07792bc647060767e2,2048
927,4643211,4643211_0.json,4f25250c2c81d02bd42621b981784255044279b29661b65e9dac22d1679f465f,6877
928,62612367,62612367_1.json,4d38fc2f2164c3279293bec106e22372ea3f43dc632b7ff8a415698cc9e3cf43,21378
929,1529695,1529695_10.json,835fb840f23279d1130b83a9b12518eea5bb0e9e8ab40273d56f1778773ed78e,3550
930,48155157,48155157_6.json,f0c14b1db0fd7c589e4bdda163829d51a0f09dc5afcd1164c09fd7bdadcb7f67,9596
931,103613782,103613782_1.json,9e722414275abb4e76f98acb5694ef4deb35c624ff01d573380b02ec88c8dfe8,3179
932,30000823,30000823_1.json,3531a92b4344c9f9e37aee3d60c8f123b9f05da74a86ddd1f471f5722646ba66,2978
933,25927306,25927306_46.json,65a8d6036d83f75d0d9eb4915e3d174e5a519ec97b931b5d0ef78b5cca956c4a,19785
934,116761172,116761172_98.json,7c09f4da3c703646b26ece28693260e71a6c4dad824f4a74eaf72a3fdf08d9bb,56609
935,121984024,121984024_2.json,4f080e4b981351c314334254f73ff811189195d9cf5283674b920e1cdf7dc037,6691
936,9001689,9001689_0.json,c75bb286fc1a85bbc6fb7811c995a760eabe3b2f794dadf1e54b46c4a99c55e5,7986
937,215881965,215881965_0.json,1b1e4711c19c8a4612dcb4c56fe350744b54bc1fd2a9ec25f45d45deb078f355,8123
938,93609439,93609439_0.json,7c5b277f700d39fa6fff93996a75db2b8f7bbedbe932b2f136d06720bec23358,6132
939,134827539,134827539_5.json,490e02f8e878905f770d7ac2786c3129d86f2e934f5c96305eb6605213cbdb59,3192
940,123649054,123649054_6.json,7a9a28ef7fffcc0b604ba75789c8e7543cc3e07251ee590018dae71b34226966,9060
941,90249710,90249710_3.json,3ea5b03155629872e269767a277b98207f85fb251ee00ea8f3ad89f050c71425,21478
942,474905,474905_1.json,483a94aaeb36e1f7a611a65aebb24d29dc78ae3910d999c6b108b4184dbf2206,5603
943,327391,327391_4.json,d968f1831aa8c34086e2a9087ad11d53930c80c645d26390cb84ca61ef871239,14810
944,145957544,145957544_19.json,a8e9d8c5347f835f25be9473c286ef9e94f2b392dbe31675d4dd7a2ae82ac75c,8692
945,113899964,113899964_10.json,7faed420adea0aea31cafaa4f7bcb80e2bd9b9d8ecaef1fdc4f2b1ad31344d14,7896
946,2499324,2499324_9.json,ed98974cf74eae348e82a48758fbbba96dba64c9df01818decf5f00b781a03ab,22914
947,112254161,112254161_2.json,3557db4d2b1b3320ddf57b620e683ab6c4201c35ce393a35702e5c71be68f047,53373
948,1081991,1081991_13.json,064e64b246b5d19289a16b63afdfb59091f84f4cc7abc6e6c4a70b407a4184c9,9371
949,82968973,82968973_3.json,c4636c7512473e33b5e9eaa6a67600cf0fd71f7230cf9d26ba9b83096d6433c7,10059
950,79564911,79564911_1182.json,9232fafa936bfa1d4f7be751138332bcacceb123a3da6e056ca33bc01ffd7013,3611
951,8139882,8139882_7.json,d94d3344f2feed993a718db25932b04a817443f783aaaae332bcfb85cfa8b3c6,19296
952,5675901,5675901_74.json,92116cdbe55277caf6b64064ca8b110b989516abc10d8d5caa68bd22b352f1ca,13212
953,53066586,53066586_0.json,cb432e667269c03eaac7674d35212b16f1ee66460e46934bfddb8b966901e2fd,4786
954,4182801,4182801_33.json,4aa1faf7dc02553ec0044780bc44497cb7d645287f6cfd62f1a4f53dcfac6257,7068
955,38357506,38357506_0.json,7f61cee325bf0804cf484df166630232b85df196ad0423af56137044ae1ad6b7,5021
956,206402,206402_453.json,7270608bb572190b03027b272657d96f8d36b2abcce908b58a03d3c731a7c7c3,14647
957,145393952,145393952_0.json,cac30e3d0c8732540f22c4b4f23c6cbb1ecdda9828023afe479eccb893028684,7382
958,95657746,95657746_0.json,c410d73493ec9ae414d32f555d198b7d075d589985e81a4c7cd0b407c30a87f8,2687
959,60432093,60432093_6.json,e604faea34786398b62382c612ade7d7a54c85982f217e7a4b8e6725ad4db475,9508
960,165246320,165246320_1.json,c28265b583311819b9d7fefcdbdc7b55e83415bc8a775da6287f1614cee5ae0a,10299
961,14892701,14892701_56.json,09e666d9907352406892c2d5aa39ea11a3d6a15a73fdbabae657b20dcafba99c,10143
962,25405542,25405542_117.json,86f436d244f1191da17b2285a233c759ef735f036f7841ba595f65e934e3d1ee,5321
963,2845921,2845921_1.json,1ce81f4776d538ed5897b0a4727de4240184eb2ca765ae6c98a011c48f7795fd,6730
964,48366700,48366700_19.json,d2579fc910c1025aa2c0629a1f2b62f0f796b3faf7818d5bc35758aae72a9500,16240
965,33319794,33319794_36.json,b584e1d9ec85057feaf063bba2dcb3f27bc0221c31f962ef3618db8af03eb6c4,8780
966,28556746,28556746_10.json,af0d0042d9163cc8eaed7b5449afacf2d5fe77a1189f96da30f34aa6cc7b8c3d,8669
967,144020195,144020195_34.json,a951cbbd1b9369232e03da62306cf5103ee32fd80aae857274b40552af4a61bf,12312
968,142195981,142195981_42.json,9dcf3d27a36d983aee4f652ac3999097994ba0f2aca08285f2503abd8bd2215f,15053
969,13292939,13292939_8.json,6697f1009c36a0f2bd8683508f74e259383d8c36b7266fe34876785993020862,5417
970,32177955,32177955_9.json,fe23cc106255aaec6ef027160b428b8c5be7bbedeb90491a40981cb74bcc3f56,4307
971,17971137,17971137_157.json,6b5d56c92556b4d1c86e74a415761c56f896b7d18cd3aeeb810b46cc46d209e2,40569
972,145104488,145104488_2.json,43aa49d36a79b3327210b884d8dca96a0f4b0516a3adfd9e9a3eb07fde2702ac,5056
973,134901201,134901201_13.json,b6309941d49bcc14a2e0a42fd773ca59c8f79565248d7285b1e4cfa6def48007,10285
974,111789186,111789186_23.json,5b1c65c909656ac9eb7aa82994129b714a0146a43d5c06749482bd328bf3d5e7,6863
975,17717497,17717497_14.json,e9bb134b27e4c9247953e14c4bbd57467f8d238c9d92ef1e37c1f3ad2d3f066b,2363
976,67109557,67109557_4.json,cf75fb95f8a7648bf65a12144af0528f0738c73b2b6755d5f37ec643d61d60ed,4894
977,172835741,172835741_3.json,fe5a6abbbe099aef0a8754eda3f2ee179bb1d4f476b92ef8e8e2e62dad61fe9b,5073
978,77481567,77481567_139.json,67ef38265deb6aaf18cc25a9e3cdaee3e7e7500b867fe7bcee20ac7edefa7d57,5426
979,43156715,43156715_0.json,253e874630b96e5a4f53fde90ace226d41f1ea91c884b1ad5c1283ec2d5c681a,7675
980,4248863,4248863_50.json,9284a3645691a0bf267b9e22b74c1e908c80a4f133718adfc65bdd5c91178940,4636
981,87969126,87969126_56.json,fbdede17df390a3f0381a4ade189d957ed7d75b95404cb8c1cf5cead8f23f4f0,8594
982,26934626,26934626_4.json,987d5f5b8be36db871f302c4041ae7cbac21096492fc0300c3f40d159a73174b,14747
983,39831872,39831872_67.json,cffc8f7e13c0bf94fadd1b82c015bef050fbbfada49cbe722b5293c6a3111644,8300
984,124862112,124862112_12.json,bc3e46d284e98fd6e6dc3f527b8b6f30a2f7437de6baa1eeab512e06e402bf8f,4169
985,82448747,82448747_0.json,227a15f07e85422b0df2c39014f61c3e5f52fcee6ac4b7cafc89f569b3a5e48a,6624
986,44723874,44723874_0.json,b8c162f38469d59b5865dbc6dd2655865c137548e767b67ce691d6fc1d64ac14,19743
987,106807349,106807349_11.json,1574621d52fbe236a5739a4e9f6729a83b3bb77016a75ed29dddb6d22c1f34a7,8156
988,79060427,79060427_1741.json,951e439d30e544a673fafede5021d5194e2cd7f38af7a57f3fb6604530bfed85,10472
989,208556644,208556644_4.json,64d05b8bed8a9881a36e15b3fd1c540ade10053c5e7a75acecff489f16348aa6,6528
990,170883666,170883666_70.json,552d4d4066e0269d3b76839c28b6424d13e89b09378aa401c206a5a9c55c8a06,10360
991,1193862,1193862_9.json,b37bb0bfe24b1e5012bad7ae82e08e35ed2256b0532938ab073fd866eb4a2f30,7099
992,44872273,44872273_52.json,a5e79ae0c6d2450734938957e319859ab3311e61d33df512622655bbe8741998,7272
993,15070661,15070661_38.json,d22f889b8e419cab1b9c7f759f454d68663277f654743f280c138820feacae3a,6734
994,4599064,4599064_47.json,790ca8d10b6073ffe43082b6c3070af733341883375978f0fe6d7677b98fd9ea,48507
995,94222613,94222613_1.json,881887ea3d7902839061307d59a0c0a4fe9f615a67a1d1cc72736cbd1fc776b0,6582
996,78768320,78768320_1.json,f9ed994ac3bf045fb5a624409591415eceea1208b95603b27d3e8cc508a985ec,7726
997,156613410,156613410_5.json,24db8f94f4805d856ab075a633f63cac7c118c9d06e85e314b72b387d34154af,5444
998,532194,532194_3.json,f999b995db266a0a6cc84a1a3b80972f3053a1b7cab0864b3dfaba5d8419a904,6234
999,2548552,2548552_0.json,bb7d56192de8292decb1e510a9bc59620e8d66d17eb2daa469956b7a23c52475,3078
1000,210292685,210292685_16.json,6c81726408de3d70b78e6312a9fe6468c72f4e8d63b46a766bc4711a60a7c932,5249
1001,16775240,16775240_19.json,0d2c1d3842a879aedd6d2ca08aed69039d2a0e5a03486c7119151c677a536d37,15898
1002,15997656,15997656_159.json,04b45a97f9cc863d3ac97fc99c4996b7d5bc9a76236b0c7f0924a0a074355ecf,24919
1003,145875,145875_13.json,c5d5fe311fc9169005da529a732989732666cdbedefa88f791c0bc57a99d29bb,6136
1004,60178690,60178690_1.json,b2f3a5596c99b179f595904cc26a689e5596ef8652da6e99c0a6c526b606f2cb,13192
1005,19419350,19419350_82.json,3f598b531b60b04463ea7cdef15f1f50e0702a8e6fecbf014f9bc2291891f7f0,20442
1006,130327993,130327993_2.json,331d11b7829f243b0bf1fb0b608698daa33ff8a42d160c174424899144652aff,5294
1007,145080847,145080847_15.json,49080469754509bda00d48b1a72eebd56cd30b12bdf239b451e020e2556b51a1,3010
1008,64458355,64458355_0.json,10500350d2a2a30d075323a406579a59c09df31d4160affaa4f8873146c16ee9,7996
1009,65776167,65776167_4.json,8e37017dc5b12f801b0038e4acb9c5134771f45b267a9ad620fab19e74b545f2,21021
1010,2424377,2424377_20.json,24015d04fa4f34fd1b225b8ce4a84806f194169865142f901e9dbed03b2bcf52,9770
1011,1554165,1554165_2.json,3c3f6c9f2ad4c069af3b8676c1a18ea1cabd6951cb014ac24d3910bde385929f,8344
1012,4797319,4797319_38.json,19f015b177b6e56aa6dd9f14fcf623abc5c375bb1708b61d119cfcd30dab90b2,5185
1013,70282465,70282465_1.json,9f561f232ff49401e813bf34937502aa70bf499f4eded7607f11dc8a6282cf47,4832
1014,118326890,118326890_1.json,28277c2e0c6c42cdcc9c364aa610a8dafcb0c80dd2532d03853197f424c9271e,4743
1015,152358305,152358305_6.json,e3245aa41e980c42277e82b47b02f0895dddbe7f78b23691b71a9a57754cb56e,5717
1016,65312676,65312676_23.json,ce9cff14159f1f9c93cba1c81bd61defb14ede9c605410e953c17746989ec342,6397
1017,1109529,1109529_1.json,681d87ccce9ef38d87cf4c2300735cba2d2c02550af904068bebab7d8840cd33,4625
1018,216231037,216231037_2.json,5ebfcafb828f8158dd7430a32f12a3741e0d5a5d3257550e97ad11d115d16ab1,4862
1019,45489191,45489191_11.json,65b6dab24919899e0f4fed5f3ac401c90e01a9f686d1f2d113bfb77838994eb3,3573
1020,160260778,160260778_3.json,0ffe6afaa1613838e18fe11af58a23e0cc77d1cd758aa7bce4be4bfe89ce5af9,9607
1021,86230857,86230857_6.json,9fd43909bd1525d0975dab56c9d2dd9bc74fb876ebf05b009916fa6861c5f6e4,9729
1022,89335647,89335647_2.json,b7699d45107f5de493284ee6a520b1e16d7d1c0d1207c8d5141174510a7b382f,11734
1023,33766200,33766200_0.json,8d3a3d12ad28bca9fb6d99ccb70953dfba591eb16ec05ad117e601d906135fa5,16085
1024,31696454,31696454_50.json,990440c104fd9b5d93f0161012ee4de53b7e6a12ad19251e6d25db14771482ad,171465
1025,1772628,1772628_0.json,2ec5c4c4ed98e3865d20b3676a9ff9f1ecbf2a2c63dda60404f5cdba1704c91b,11435
1026,15158202,15158202_12.json,fbcc527bffe25607fc535d195fa1eea251674bcc028e20549afd022c7e242849,3063
1027,144737388,144737388_0.json,82e80cc0e2d473f1773a33220901e10543cc6c6365de0ce03d8916e5c3d5cf59,6816
1028,102960162,102960162_0.json,7b6bffa46f109d72a0d02874c33de02b3263f8c8e6838bbb448dd52c8c4d5ebc,6026
1029,146856200,146856200_0.json,e72b6dc4f48b4cafc41e3c52a16890a6da0d0d296aaf65000c96b1c9d968ddc4,2779
1030,92225522,92225522_12.json,6391cb17f294038f278c7ed89eb887ab378a71dd3215d98b4dbfe0ae25bf771f,9051
1031,17363232,17363232_52.json,07eb8cb8ca94aeef10638e61227af45cb1cc7d92b2810bff7a250985244a0593,130232
1032,201347287,201347287_0.json,b4f7f566fe1ff2b9f685a517aedde9f0b6dff1ecf0da13ac061ad9a2cbd14977,12269
1033,64210266,64210266_5.json,6b3a4d5c2ed26710e4d008789dd70fc31b329ec0e09cb17acd544b9f503732a2,15842
1034,32403249,32403249_11.json,4dfc7ecd3592a047ca900b8d19b7b4ca71f164cc906220cecdc845abf3b9e2ec,9440
1035,243875832,243875832_19.json,a7fe9248d1abef6aba8648fbf319fe2f2dc4e2158b5896626f9becb902e3449d,4901
1036,49850704,49850704_23.json,6ea29a8164a11d9ff8a099ef6377c10d54f421132567936e95d2f5c131d19dd6,5160
1037,157827731,157827731_1.json,79c111d2c74af19cc90299c0aecea6c25ad2f4701674b4429351dcedb2297754,22881
1038,29432931,29432931_8.json,09acea090b38de949e2042a27d1e3979691c77a3a05fad8ed44deb41bc00e9d9,15592
1039,41371218,41371218_1.json,896b1efe5c9b53ace81002aa2f070c9e5506039322a248447804cd172fb50c0f,7646
1040,122369264,122369264_63.json,8bfd74bf6b99da3d2553d725965c0ceb24b37d1aede1d32a451b9a7752f96b1e,25488
1041,1869419,1869419_0.json,2b8173707fc0a5d0d2050738b12cd183da21e8ae086b993106133b56262a2766,10647
1042,37418050,37418050_0.json,f91d007827567c889b49d997fc66a6866f0dcdb9c5c9cc7b213b204e9677924f,14552
1043,81304886,81304886_6.json,5694849e0ef7427c53467bfa686d79ec7c2dcba4dec64ba928403121531c5216,7364
1044,16695331,16695331_1.json,3229e38665553fd8823c46a010012bf768dfce17ba76581e6bbc9adeaffc40fe,5533
1045,41406342,41406342_0.json,b2ead37b5b6882eadfb14f3fd5e9ae00e0d29a122901866c264080c1f2178c5f,5436
1046,58317819,58317819_26.json,b6da9fa534eca4f11a224e5cb99a1898061e16a0c6adc13c7658646b1daa08d4,6213
1047,145737537,145737537_7.json,31399e4468b029ad495e8fbe93b3f4e44809848775bb3268158a57ca2c624c5b,8324
1048,73087334,73087334_11.json,d2eda70f181984903ced6153a32f8a889b30171185723602b5577ca3f03b5835,10131
1049,133151090,133151090_2.json,9ab78a66cd7fa75ba0a955159edae3eadccf4669614136ec267d1e0dbee13ae8,6962
1050,27728683,27728683_0.json,a5f8c3ae1f92d0c23069286ad99b9a0ff34198cd3da70c39cbc87efeed0ecef1,5831
1051,4023244,4023244_4.json,dbaa7033fe1cb61eca0dc15e27805639c0c84736e79698b927d011469e650414,3892
1052,18982942,18982942_3.json,8b7a401b9bc09133402e47d765e3fee0696c681f7649697cb4151cfe640a54b9,27424
1053,38218145,38218145_494.json,888096628539380972a6c17459fee40fa8713874747f8754eeac01270cab2dbd,48243
1054,120970441,120970441_4.json,d2755214c4bfd16001f6cb79ef61aae0245f164b900426081e316a3b53394412,15215
1055,457158,457158_6.json,669e2f66b53c79a0a43c0573e1b2175a1f56922c69cf4e1ff5f46343f4811c5c,5509
1056,23441735,23441735_20.json,3de7353e1dd119ff392be91ebb8855ab83eb74645fdd20807e390263f4a888b9,7605
1057,3513261,3513261_106.json,724f0d3dd31611390a6fb01d22a66141267b2a62adfcced61fa02f3265461813,4669
1058,1397974,1397974_56.json,5f936d66679facfc5702d8ce6ca5625accdbdeb9a0dfe5684cf2877bbfdb9337,8538
1059,125707710,125707710_0.json,9612fd8ce658e38a908a755c6f69bc8befafd1ff8e4b0ffe06393dfa0592d82e,5132
1060,115516500,115516500_414.json,7a5efc1740b4a06b09cc9f97d626b05ec47f5433d4292425aa56428d3bc4541c,13514
1061,209484041,209484041_319.json,b815f982b75600a4b81db1934bde0c05545c570fac374eadf597cfa0cbb2e893,13145
1062,158618423,158618423_2.json,b4c05a168a756d185713f5eb17ba5e506559a2417264daf7fda223676fc983e8,14382
1063,22981257,22981257_201.json,93b2551dd2548445ef003f7bb3024d5b7ade3ecd2a8d9a492a9816ac4ab4e20f,8878
1064,47790264,47790264_0.json,28cbceb5f3cc0cb48b947796ae4d9449292a0e4c957245aa3fe31fc5f83012e3,11799
1065,91581792,91581792_4.json,306a18ece08423828cc1b14ee0ae7108993a7927ab405730a95be52ff96fb933,6008
1066,23995230,23995230_3.json,05ce6489c0daaaafbaf92869bef0012b14da1ee964214cfeedf609e5de8bcc29,4164
1067,79344371,79344371_4.json,3d66794f577c6e14623354464ea93e1427ee1625fc2a34bd921ff50b9c65fdf0,4542
1068,8455875,8455875_43.json,7d379fcd1fb4af2744a43de79f928125a489d6fcac3edf23bf8dca9f8e44391d,15205
1069,22794824,22794824_95.json,3eedf2f1b762f006df76451022881a0d613d75c641ebff89559c298588d9e2a5,8920
1070,149708915,149708915_1.json,77738189954279024642ccf4d374f357030e28c806692aea3dc53030dca4c8d7,7661
1071,79539593,79539593_1.json,12c959c5fdadd92fde94db3f8481c696b97786dd29a231848b1bf82151f3433f,15222
1072,32808027,32808027_109.json,20d61cb6acd43738e563dd751aab8822089acc1765e33796319ec45f784b8e9a,5238
1073,44519815,44519815_16.json,c03bf33efaf10f93f2d6436c8273940e85c4e0a6c881419d22e12238ed69d9a5,5389
1074,23813195,23813195_6.json,95a9860e572974d66446267254f54557c02148594647bf1ceae23c5fc1edaab8,4266
1075,58207096,58207096_3.json,b6f439ae736a9378b360c4a35335cb02af85732756a9f4d2f0bb5c3bd3f0eb07,10616
1076,187124580,187124580_9.json,b9d102fae81420566fb0eb44b917b4b8bca551da513e9fcabfd0028a4bd4f0f0,3668
1077,54995528,54995528_1.json,2f17423c41bca911648ccd803ba98c65d70d46fdc8ce80e1142fb83ba7b14c16,9880
1078,339284,339284_1.json,26b570cf5f55ba17f2b2ad0454a784638096caaf19e44b7377a1c4651ab06c6d,6032
1079,9922054,9922054_0.json,8ca9f83a9daf81040f3ae2c4248da6b37b70d4b451f80df8ea7b96fae329f728,4349
1080,4114494,4114494_1.json,5b5521d1af3b91bad1753551632d1661c580d3162d801682267389237b47e7df,15066
1081,39530768,39530768_28.json,e7f2735494e1d133b5eafb399753cabda06ac51e732309082be672f99e593163,30656
1082,3296177,3296177_14.json,e6d6142fd2afef60291a1bdd780e5c1524ae8dc30c90e0965abe5ac4f8d8b746,11176
1083,357827,357827_0.json,1d6c43d5e1fec1fb74593f414735005c0ce8d3e0632fadacfe29ca0a0adc32f1,4808
1084,56590318,56590318_0.json,11e12506cf279e310e37814c594c863e2d9395ee36db23ba0580cc86f93865bb,6835
1085,124364226,124364226_0.json,7896b5b5aab54f4c829f2d9e203e8ec406e959e2b6570c75b52ef0caa9b1df21,13309
1086,135289655,135289655_0.json,c23075ae951bceb30fb4a8252428151cc37402ccb8fa949f743c9c403b32c6c1,2184
1087,20127629,20127629_2.json,809a6779c671e8ccd241547cb1c65edf9d4ad2d8cb82cc3709b347063a7ffb82,4292
1088,122246958,122246958_57.json,4dc41ae0362eeaea6b954c8ba2924dd9d3fb2b67f16bd1045cc8c04711b06dd4,7461
1089,48500629,48500629_89.json,294f8a4dc91916a1c643008350d03de52ce52a432a7f9af0853a742cfd5a3767,6989
1090,3224235,3224235_2.json,cab59c0172dac357e37259d8ae3808db6d1eb15d837bb1830eaf3db149ef2f88,6568
1091,154302277,154302277_96.json,5b8805620a7b0e736ba760de217ff5432d29a43eb49aa407e636529161977566,7393
1092,17273013,17273013_17.json,c77b1803e6504447d851190da09a2018ce9b2a8610788b353ab7bc173b11c1d2,11022
1093,7612313,7612313_1.json,30c524807041a9cb83a4e9330ba2ba05f38c53d78b8e8eb9e5754250242e2c6f,6426
1094,55516736,55516736_4.json,312f608c1aba7dbfa1d4a72bd14d3fdf760b0bee5f64fc03a89aab50382b12fa,3972
1095,4695732,4695732_1.json,a8117c2f1c76cdf16db4e41dbd507b461551add3cf183a6719a79a041a7ec8ef,33048
1096,157564875,157564875_10.json,93bb5a92196a807f9cc640b629e5673e720276b16e658d2069d343e26bd4cd85,4690
1097,63107687,63107687_2.json,bffbe1413425a6c917be373e81e95e68f2890be71302c01bd7d95ececbe29681,4782
1098,35542092,35542092_2.json,ffa184a86f732594015360f8bfec859c6b489ce40bb51442f9c2f97001773050,5440
1099,41115262,41115262_0.json,dbd75f2c858c4f3af3271f7203e93bcfecedbc9e0784acd90a81216aaefdd5e7,7837
1100,24886295,24886295_0.json,3443b1a374948a2884d48e5fabbf91b252d8f60322252b09083ee1080a3934b8,8879
1101,30258802,30258802_1663.json,d4d72f2c3c554a6167d4c652dbf5d213210a93d3c537733a1436f11cbaf6e1d0,7002
1102,72283823,72283823_54.json,851e180202b37dbbc8776ebae9257c1fb995aa70b8968b7e2776e58d6f6ce1d0,5389
1103,170412315,170412315_26.json,e37f1633706f4b93fbe5c92ebe64e1980fd2743701a3e7a685ddab5acf18fb0d,12438
1104,189841989,189841989_2.json,cc35af6f9b741f3f08e3d62f628eeddd9daca08d0d4313d36b57e4ea89d84057,4717
1105,27377253,27377253_0.json,c004739a5be0ce66e923fd54dc52e96eceefb658b9eae71133003ccf5119e967,6127
1106,267134885,267134885_4.json,12cf56fd14ec060e0f5f645cf6e665c30858779578f1731b75ba262fef17cc8a,3684
1107,6621718,6621718_0.json,2568a07bd58d0516cd7cac429766e535f9182062de0663c6ad44d49bdf7a4020,18585
1108,122573764,122573764_5.json,94a4627ebc5f0afaa72a701ca4ed4532cfc0e687c2151dd57723907d5ede97e0,12160
1109,936063,936063_4.json,933008ccf98142911f9a54bfe7910cb81bd5b7ba260d05c1001c25e42999c7d2,9280
1110,64247174,64247174_3.json,d00f1cb10a1fadd1c43e6ff96b90840283e363ae4acf7709c20fe15526f15ac2,4969
1111,116678593,116678593_0.json,c89e8fb3e198f5a9fed5f94038c14c3a10723db68050ee07b42c6b4d1f768201,10148
1112,193047220,193047220_28.json,64e97294498839e23b758843de2b6fca17db41124dcd758296c3598a031a4313,8277
1113,8417769,8417769_17.json,09d1799aae716c4a058b157ef2892903f0e6375153fe839b9cc41c9c50add553,36908
1114,66157799,66157799_1.json,e057a9ad0550f37dd8f5d72576dad91bcdf3697dacd4e55ab3ea003146455b2f,2979
1115,83766696,83766696_0.json,3a0b99fb7f5aa485934dfe4adec8dcd7c252e5e6b5114abcb028250daada923f,10511
1116,143344440,143344440_90.json,182b30e59f959f4dddb39760229b6760e72d4317e0a8c5451a77a8218452c506,21169
1117,15032904,15032904_41.json,4d8591ac4b1348e88314e5df63c387453fb3bdba803b9f978f7ba8b0e4c80b85,13156
1118,85692970,85692970_82.json,8818a86ea3ce7376592236e1f37b7bf7b0607f1bd0b31e3135e58f2fe3f9e3ac,12190
1119,33185377,33185377_50.json,e63980ec80a62bffa3d4a2cfae676d93af6a39f1220bc4cd0fb76e155c4c4e99,17688
1120,115451647,115451647_33.json,ad2598edaab8f7fce248f9851587b458cc5f128d8056cd65202830d9445eb396,16147
1121,88178114,88178114_230.json,c6ed748e575edab8cac6b7865277c3737a32e0a315979243e8fa5dcf6119ea13,17227
1122,95525322,95525322_1.json,e8912bcf197810356db8cbc2c77fcf8e4b3e35a383e112a73cdf2ad60ad30878,4188
1123,60758239,60758239_4.json,32cf2b8995359fa981062865d7598505b8ef270af1ab7074142a485107c5c090,3810
1124,36518071,36518071_18.json,45f6c531d1e209c4fa761926e33aac571ecdd713e09fb998b7b9d899141aaffc,9446
1125,106872676,106872676_7.json,27626ab93fde7cfff59e95924bf9858da397dc77cde270176dc351b30df9d815,7863
1126,42304749,42304749_125.json,3a7abc5001efc2e6a2eb1b2e43211ce99431fb61eec6ca615699d9855ccee104,6878
1127,87683712,87683712_3.json,063b480958964fc3efe2736c128d814e5607d228b953c8075903b04fef394e7f,3224
1128,23304527,23304527_26.json,0c9ccc8bf13e7261199c04f26b83f2e31d9e6ca94ad70dd1d37c24c200c7ae0b,26231
1129,46116537,46116537_62.json,bd6c64b207c11d0987b3fba4d53e576be70ed69eb7f317b44b0ec556bd2de0e1,9964
1130,89221572,89221572_30.json,879abc423dd2db87d57961a257b8fba7577978065e4e2442035a49746d1286cc,9090
1131,201420026,201420026_1.json,78788d11f59afad323056f2f483aaad08518b6cf74be01b2c8c583b86bd299fd,6218
1132,54371579,54371579_12.json,85c23e87135504fbf34d958b7f3e08792b6211b2015db03daaa70ee16ef155c2,7805
1133,92980167,92980167_32.json,e204f391dc565a95b7099507aa4d8350705743bf625f4cb08248969dd603abb3,16395
1134,206452,206452_0.json,f352be0224654078378bef3f6cfa6b50dd475f87f367e7345af3bb9da2433f27,4548
1135,62607150,62607150_5.json,28b76acacbe33c17e1a30c7be0edee8612f6b0c1356705052a0ff34c6c6e6972,5541
1136,89239936,89239936_307.json,a5a4178e894c781dd842cd38798ec2aeae09ed4ce60d29ca7eb88ac33f4d2256,37194
1137,65855862,65855862_17.json,6563bbacab64f0ab4362a0d1dffb4a58781160edd96dfd76baecf650f6625eed,17817
1138,48688888,48688888_4.json,509ee0fc495472aea86a925c12f62f9f6410131d552f6909e3d12e5fb5c80165,9785
1139,21217047,21217047_133.json,a7226b3d5007646592c6d20de9172e94f70134532cbe3bf90009bf5dfe14e299,3938
1140,23680695,23680695_4.json,c1b6a38818bec3d8ae3a921a9f90adf41915ebc4c94d61e9d42044f3b94d1d36,12550
1141,16442741,16442741_0.json,a47563b7201c6a0e2d636ae6657f03b59adbbe7aa456b738f543ad9c4469279c,4242
1142,43258821,43258821_5.json,020a410b686c6467097db99a0789dd5beb57f183b838fc3629b1cc4e850745da,5590
1143,6959258,6959258_19.json,5d003b3912efbe3d96aa17013c608d979828136b02f287ee10e33d63e0d5219d,10124
1144,66303306,66303306_19.json,ea199f3ca5dfb6b1608d64e3b66f3b8dafb41b52b1076170ac1e00651f788a8b,10039
1145,44253783,44253783_430.json,7a6e18aeaa94cda724e211567e8b9bf671b66e5e73bd92b2f907d76c34c8bd5a,4043
1146,77769341,77769341_22.json,a2435a62ac5cb03e8a3bc7fbb8d3be9d76ee9623e80615cd0c2b767764d09449,10890
1147,8752619,8752619_18.json,e5dc92eb6bdb61c8b386a9d3b07ba6a737ad32804fbc840a2ecd62e0065cf19b,13639
1148,46134098,46134098_10.json,1a252e880bfb86a5fb219143e83b4a509522b7704b37638abd2a0d23383b7764,19844
1149,45755430,45755430_16.json,066cb3fafa0e90a61b48dbce571fb5004d7cf7f6c9bc702e3a1f05c34aa64b92,18544
1150,130195883,130195883_1.json,ca11a4e24ad15296d2faad6ab4a17234a6805402d8749c9016c3f12ec00ce58c,6625
1151,19759384,19759384_15.json,8ab4705cac1f3a7fa42d770822c4c6f19d7783b852dd58471b5abef0ac5493f2,14852
1152,17491095,17491095_25.json,9efd02e8f10405fca6922d8e2731f4d9d3e63616864b0c6905fb9e1bacd2cdfd,5182
1153,177672258,177672258_0.json,4e15ca8b177b848a473ff5d303544d125fbe9b4860b4796bf3027835a344c03a,2525
1154,44169642,44169642_188.json,8b9193838901ab28b0df2bb4021c88dc0930fef523d7a20bc455e2f6d9513df4,5449
1155,14616420,14616420_78.json,042512292482ba438288ccd78b60107ecb0f5a6c0d411b7fdf8af57115e35333,4325
1156,47613863,47613863_164.json,a61cfe95608d8d8c1bc7a575cdb786da0a4b6c173f93ada7454b59a321a0c3a0,3921
1157,100808500,100808500_41.json,1811bde84260d60ae0f31abac47efc17c26c4c013ba4b90f8f95d4a5fba834b4,3990
1158,1870998,1870998_18.json,d94216adcf1bbd6c34f01d8917ab7bec43e47d46a16ac597f934ab4788dbfaf2,22482
1159,91956337,91956337_0.json,fbd83f4ea41fe88eaaa4ddb51f29150966df1ae7d279dd9bfe6cf1abb6de1fe0,12554
1160,169777604,169777604_176.json,68215852a1883deb85bff443d06d85f974526a96bf7e24b47b85f844ef55dd42,121562
1161,19888357,19888357_2.json,0c0ed4d546650820b297194727f533867174c30e9899b575fa06516d05158e56,5137
1162,17959249,17959249_18.json,10183e9eecc807f1ab8e6f30a07ac5ab6b932c01a2a5a4d19f7bdbaf854d4fd3,3832
1163,12058287,12058287_2.json,ec9f26ba868c73c22feaf2a127b6896921215dd8cf16f3e37ab17224ab533c66,5055
1164,80869640,80869640_0.json,b30f7195289c436c884e93f43eec5a60563b6287d3c76c579fcf00f6664cd07b,4088
1165,124001998,124001998_253.json,d7e3bcee4e754b4941814a6fc4abc18905a415b670c8aeb38c5bf4ac035ebd2e,10043
1166,3424353,3424353_49.json,f1ffb940a94a01725333e588421ab7cefea15009353ab6a6f6ce9cd4ce38d2b0,17529
1167,127546760,127546760_29.json,2f6ca8bc8a3cb251ad13638771422eb8e9e1c81fd39bc84679c44cd3f55e86ff,2731
1168,162455350,162455350_0.json,694c3880f5a3bc73a642451849019b4935896e969e6935ec3186a5a8b64cf5e6,2262
1169,17960746,17960746_137.json,fa02490acb77cdc89d7629c8685ec9d054306448da554e36f28dd815057ef45c,27331
1170,163566292,163566292_2.json,a0ce7c777d863c4a96393c813603f29e8c390c8d6cff0e1b8e6ecefc8c57fa78,6270
1171,126250036,126250036_2.json,dc3cb73d7a4070145d112ce2710e7f0b9b91e43f2e665f06f1001cd4d8f5e080,8939
1172,28822832,28822832_8.json,c5e02022270c25ba70c9ef914a1e5b5a2fdd993cc88f06b2a7aa8d96c48739a7,9102
1173,8849911,8849911_0.json,2093298821735158ca308ce1bfab7d152366d0d153b52feb44e1bea7d2b74f93,19876
1174,21357013,21357013_18.json,45311c25034063ac71d97ee49192d2d4314ebd432972e9db8bbcc8ea43ee607c,7362
1175,10667695,10667695_3.json,0218c93a0976539d40c00568c8efc06510ff8d08d992830c08d0b76dac36b433,5019
1176,16261234,16261234_0.json,55b98a0ba14357166c1bb8ca2b342e199b6e6e5a7a74da0bf2fd1430064bd023,7766
1177,35282952,35282952_27.json,9a142fde1b535b55b8dd7bca8030a03f54734bebfe3392a31050d9566ce7a9b1,9446
1178,137085185,137085185_13.json,1dad9c4bf378b85e620c59ddcabd482586f07e18dcb9b51ecddb4bf87b655c83,11615
1179,56729247,56729247_5.json,32101f1ec8d0e3e29621c28d19da9227c9a0a3424d95bd314d21dea21e863728,8672
1180,71697731,71697731_2.json,5db257bb76e2246a43975283f4272c618658159e2c0f55468e32c939b2538aa2,6143
1181,37310376,37310376_0.json,08b28621d62d60f389c2079775a17fad45b7958df389bf07cc4fa9ac4ecc934a,3875
1182,8023268,8023268_11.json,6a6a8bd052236bbb1ef55d2a4c3db6f0cbcd7b9e2ee961a3efb88408f1e71244,38077
1183,46795972,46795972_0.json,da44e12b48ef7f3bf5785ce90b36d212cc5a3efd6ec98bb5c8fb68a8aa15c101,17006
1184,47419635,47419635_54.json,7bfff11e293b78774ada8228ca711c9f7f4a8cac286ba34c436610c58f8fc38b,6913
1185,19006562,19006562_59.json,178cc6758614df14471bd3e10b9885f415ab6f153f0b8195f359cd0c76a9b483,9322
1186,13379760,13379760_1.json,60160cfc5177ebdc0f914a32ddbcbe97f76e9e3d741fb388e06d5f5d048f76ed,3187
1187,27392543,27392543_480.json,c1159fb0a795250408213d30011b86b0a52d084b4b2a0b8a218467b97d58f6af,18456
1188,65559078,65559078_25.json,6667ead5b28db89a8b40aae1056da385e8a893d49ebbbc626ea9e359a6f7ecb1,3301
1189,90798624,90798624_1.json,be47d004ecc392b3b8ceb1446f38b9cc79dfc602952b4cb99b10f4000718fc99,6378
1190,63689332,63689332_0.json,0816376273844c316fe14a812676f25f212ad99efae9d282ae7782bbf7a7cc5d,13400
1191,8896307,8896307_2.json,fb378dd3bfd21d6d9037207fef0b79d2807b2275b7408d33d5e67d02fad75d0f,6560
1192,56037404,56037404_1.json,e3de80ef0abf8873d6722ecf330d6319ca5bd834566039e6402adac4c08a5463,4528
1193,51292541,51292541_293.json,955f840ac4f5d6297820454c3b85b4d810a344c2a20b7a6e2658ab6c88fa207f,8541
1194,123712995,123712995_1.json,7440e331d1f4bb29808ab625ba1873cd639d87679337157954d6ad3bcd5cd3df,4526
1195,37791069,37791069_0.json,47951fe62c0233c8ad840eb771a1d8f561dbdb41d005a1248671662bcc0d128c,21008
1196,206478,206478_32.json,876f9d269eda2f7a6073cb07e4a1bdcd4e3ee1aafa1a2d4cf92f5450f292a3ae,55362
1197,67841511,67841511_3.json,775acdabd92b483d2fbcef3f40eb0660a85400337b96b115dc03cbc0edf7397a,12777
1198,1768217,1768217_155.json,84333f0f0e74839ba1e711d5a85871780957bb7d7cedd3465504ad6705d54fc9,17574
1199,159544942,159544942_2.json,1fc71550691aec91bd31506d24d05e904002022695f10c21b05423b1a214f5d7,14833
1200,7968744,7968744_1.json,2f702cdb7f930bcf432f959f1c12614b593018d58b3344a1b2f74dd090f78d6a,2827
1201,3555504,3555504_10.json,1454cb6fec959bd48aedf97d817f5fb9177e5c214f6059f650b857e7a6443a5a,5059
1202,251477582,251477582_0.json,2e9247251d42c06b27108d664e245c095dbf0697fcb735c3cf6bcf9e09958aa5,9456
1203,60435184,60435184_1.json,9a5851da5a6e08553afae00a10f4ce99e0c26bca81998348cbef366f15038c46,3542
1204,48430544,48430544_7.json,e70b41bb34343f53113377c7fb9c415c6c4a59fb57160661adee3df26ef905f2,6105
1205,88406700,88406700_0.json,a38e514eb48cbb13dfa3817fc53139fbc63483da9bc7ad5121dee67e9a8f885f,4883
1206,78267831,78267831_10.json,8645e70549e3d4652c60f2153f783c6ff83d76e411ae76011bd6ef0e5c84eda5,4227
1207,112947883,112947883_39.json,b3bfffb9db2aa52b6cce492f83b9c58edd930e05a6e7da60e23100d83def97d0,13458
1208,6269725,6269725_1.json,16d9453d6da1cd4db62f9f60a30c893bb6f73a8747c9296d7a8f5e772dc353bf,10367
1209,78622784,78622784_23.json,a97b999376d1dd776b73b7e3a57175c12d29562b7ce6651183a1e15b8cd1db90,17878
1210,110417923,110417923_0.json,64a9723a3377228a23c4c28f6db877a9db3a7a5a2492ad295a1a60395e70e5bb,4645
1211,135031416,135031416_6.json,085ebdd0da419327c007d172b915e9de7d1233805eb3a24ebb8da49f2897dff5,2810
1212,152245376,152245376_33.json,53bf4b229dd068fe835f0746f303686ddc20e60d2212c2a0dfdf4a27693688e5,17410
1213,174306645,174306645_228.json,5956a7256d460761ed1b5986bcfb86c900647ba5bf0220c71a0b4a96567a2b97,6262
1214,59703501,59703501_5.json,5d505cf6c8d0abd7b5ace257c4800f7e6a4702818c05def6fcc39c00d0043c34,7272
1215,20374886,20374886_2.json,57e9a59bcca4969f5a5e2b22a49a50aee20b075a4d9472e779e75598356ccae7,3024
1216,90643804,90643804_3.json,0b2f09608ccff2b539bec04cc830628212f18a032ef4053fa1db85dc6f66b456,23517
1217,73840074,73840074_4.json,a01564b61c8f095980275700e836a8c6dbe18c287ba97bd7292096f605113a11,10257
1218,9408774,9408774_10.json,85aab9dd613f601b49ea2060ad1f48b9796459ce6168bed7fd934f3b78540bab,4692
1219,34382546,34382546_0.json,b0654a92925162dd261334e72fada574c1c1ab13d9fc02d67a16623535f53d85,10369
1220,18451768,18451768_31.json,7dfa0fffafa9c740084e9ce7d53957faf5974cb307fba098be9191001eaacd5e,23653
1221,7589324,7589324_21.json,594b337782fea699461665022aa31af6b0bb291a583e618bc039efedd73978d7,8465
1222,12854207,12854207_1.json,000abec87df90eb1bbd1d9dcfd5ed2f8e742b4c0cfb47c1e76af43f5e8d89ca1,2429
1223,64203431,64203431_22.json,7826cade808949454a35cfad53c5774e95b0af74552f5f2efd74df48b140e758,5247
1224,78477907,78477907_20.json,01f227de6b0818b8d56b4089caa677dd9da6e6faca39042364dfdd9252b3161b,12052
1225,145256500,145256500_12.json,2f699f995352d5413f8f33bb625ba2398e16ed271d12e1458dda55d024ff1f2f,5371
1226,136978154,136978154_0.json,3c231cde4b6e934069f1a07bcf51f71ce6449d92d05f96a58c2288a2051c985c,3694
1227,5590873,5590873_47.json,28a68ca0281013cc70f3e62d6597833a3f2dd272d432f179756121c3d661923d,63189
1228,49945501,49945501_26.json,973228ad855e2e73bd18b3b56e3d95704ccd47498d8a4b63f35eff4758af4e47,7992
1229,148473211,148473211_0.json,752e1038267da2ffc6d73972e5524fd8a46421166b2623a44c798db2b14f7b8d,17099
1230,7623114,7623114_191.json,4c92b60eeeca1a161e5196e27361ddc2437fb3317079d513318811b685cbb2da,13074
1231,8824082,8824082_3.json,e5e88674b0997538de45e646328ad72a1e1a1c3013ad5ee771582e292a3bd754,13183
1232,14612017,14612017_58.json,2fd18a7dae186b0119fa0943419eacb3a4f5c137d3ccf3cc65ab8c8f4ea363b1,11137
1233,88284952,88284952_158.json,212fce020f2360b3481e2688809408628569f0ad0426d92142b7dbcf47e50717,57317
1234,65701037,65701037_12.json,6038de96c892e1523014ea2575c2de6dcc2796453d4907240694135577874b6e,5911
1235,65071174,65071174_2.json,a013508f07ca0beadbeec909b28e3368979a35b19a1f0bc4711d536079b62ce5,3979
1236,14514251,14514251_184.json,628db149c7c7116227ee4e078f91ee92bbe5efeb1703c9919e6a4565f29d9bed,19762
1237,7316492,7316492_0.json,9bef74cf2559f9103f092e9746efe2039e3726e41cf48bbacc85a5c948dde6f5,5686
1238,98490554,98490554_5.json,efac8a3d95da3e1164937208075a3661667d4dfa914587abef9eb5352b0802a5,9858
1239,200044570,200044570_0.json,3aed4d0a38f6ffc7ccccd0a4de0bc9d21a7f68f84dc2718427b3ed19a3ebcf98,17753
1240,27789592,27789592_22.json,8ffbff9a959fea5282bdd248a53234913d97d01db307901bd2a639ec4af4e27d,4247
1241,3149449,3149449_20.json,7e5c9f234b571b831df6cb0d75ba667cfa0266bcedaa93146ab7daee637e1024,24953
1242,50542309,50542309_7.json,27fd7de2e6a079bd099b759d9ee30dda09de1cb760807a51aaeae83576165a40,3060
1243,4031229,4031229_8.json,263ce49d5703e2dbc18d88a1bbc71c079d6e223ffa09946278f117dd8c7199b5,7138
1244,74192763,74192763_1.json,3db06f55260ce7fd9380e32cb94338b42dc9a37daa5c300833892a16566c2d56,6147
1245,14398404,14398404_3.json,26fd19d3d780accb0304a25357a1e8b888017e2a06233e5ea1ce3d90dc92e8a8,7526
1246,1970932,1970932_216.json,4afdc3c0a5b264b65de788dac7b26a0f985135661b96974b6a5129e847cbb2c5,13066
1247,2868402,2868402_2.json,1919981c9e62dc15d1608f8198b68ba8aa818cb6d333f2a7100266b05ac07e43,10136
1248,46414758,46414758_1.json,dcfb24c38bcfe8f9a5ecbac02caca0a49055c7fa71ffbbf778373bdedb2aa247,104233
1249,135418301,135418301_0.json,5129c6e8d698c1dfd51df0d5a400becef3ff8b1ce3fc024c3fc64678190bad96,5702
1250,117978265,117978265_1.json,11da291706192d82bf48eabade35f63f945bf7049b5d31eab0217d016318b91d,10273
1251,164421483,164421483_0.json,99dac111101ca81f1263574d11888ceab04949ff268a229c0845e9845ce57548,4511
1252,40457462,40457462_102.json,c20e7d0784d5cd75d3a6002980006d8a1df2c5a0105ba7a0d9880809dfd060e7,20803
1253,35841129,35841129_0.json,f63cfe4fd8fb2930a07b43d63e61256112046080c17b7bc2a8226dad68b1b49e,37715
1254,160731309,160731309_175.json,525e3b4b678605affe931fc382d4cbab573b0b3f1652e23b26d70e106ff4a0ab,6887
1255,157118635,157118635_1.json,a71698e36b37a6bf2cf872909b07fa7a7fe943d62ad1c845727bdd1950f8d9f9,4893
1256,100928537,100928537_0.json,d0075b1db9447b84dc2b83ac312603ef6a990bc3f95b0d803f49559477fa17d4,5503
1257,4597158,4597158_0.json,75085d9dd72cd494e2fd2b4bec44b4af934f725d47025e3a56194d69e1195d97,11050
1258,129274227,129274227_0.json,6d15d609039d70cc2c597d4da5e236a100d8d18bfe26725e9e85fb4ee02da554,3595
1259,12299794,12299794_16.json,94279e441162ba4b71cd93c5250c5c81961e7bf8a04aba76bf6c41e89f9896d5,14179
1260,22542759,22542759_48.json,e0eb27bde65559b289164d0d90dd236a5e41a54a50b9e158534ad33632baf3db,15089
1261,11479356,11479356_3.json,99fde72b2d40841e55f8ea076050c968afbebfca698b94c039fd895b1007ee3d,5861
1262,36564453,36564453_10.json,e17846c6c20ebd2959638865d16b08503bd57441a845923c88755da54d7d48e5,17089
1263,1367811,1367811_33.json,c59a20c903e7776199e95907878d3abc1766eebd1daa949de7f3d9b10bfcdb78,12988
1264,9882334,9882334_1.json,e89fac9bd56c61453fde46671921fb610a8dfff43efa07fcc36d19e21b2b64cc,19166
1265,1362234,1362234_2.json,48b4723dc8888a729d8dad04127dd06008fd61260e1e5fe112e6b55b036a3784,6961
1266,54904766,54904766_27.json,d4030cda3a317bd52b7cdd1f67df87edcc8406ca6b05f8e541ed32797f9032f3,9372
1267,133753413,133753413_82.json,4d29c772e7a8af7382f4a7b8a3fe87db186bb33a922a43069999faccd4f8ad93,9254
1268,67019969,67019969_181.json,e6791d0232d860541c52b1266e0e3c8886344e7ef32cd9ed7122f2311da0ddce,7154
1269,93364077,93364077_1.json,1466e167267d571c032362ba9d4147a34398ca59567013a5837863db66cbfcc4,3493
1270,9294731,9294731_38.json,1f02b02903bcf341abcc5be248ee4f0a683f71bc20fd8ea3d4e5beb3a7594c41,10525
1271,169102492,169102492_56.json,3eb1a959a6a78d49f941ea3c210fede5254206e0593e1c489923c969f2b817a0,6742
1272,8262372,8262372_54.json,410a5da278e0caaf10e2d9996a1836e0916f42d99b2d3f04c4c92bc16cdbf283,8805
1273,72222405,72222405_113.json,e7946cc81b4b04c82a9721da00bf239dd66a5e54990f8621697992a7becb1014,37151
1274,11159652,11159652_26.json,982eb0be9e9d3f12c2ecd31936366f71998e47e045b52de29d87ef5bc5907097,14792
1275,32178402,32178402_17.json,47f7ae0658559e3e15878540ae264e90eada875d89c9e8b668d95575c6ec8e05,27649
1276,42899767,42899767_20.json,4edab94fa8a27493230d3e06fa2e19b54fb06c24bb64addb890324ee8e2543db,15685
1277,9349893,9349893_0.json,68fa4f316ab301ca7616afab9667bbce2dfbb8d46682877d0f6da45a8e7be783,5679
1278,39889599,39889599_8.json,aaa4181a119a69453bbd7a4595ba6e2454482a40bda3189057b1c1a86be2003a,14316
1279,15554335,15554335_24.json,3934fb302391bde4e6159b6e2713c9809b1eba71ab6873de629e7c1ed3665c40,19649
1280,211971342,211971342_6.json,4352d0bebb12d99f9c971dd861f2b3d50805253627c72244f02d96b398d2c689,4091
1281,5017081,5017081_5.json,901b859c97f3fe449c2e1a7ecd18c34750e1e59473b63ac5bff4f81c82f80084,13810
1282,33100783,33100783_0.json,0b97fc28f6572b9f73e933046e4382e632b07fcbda82bb516853add5c62a0f02,8858
1283,125472394,125472394_1.json,978de91eefd57f4ae7421bb688e4c10e207b96c227b1ae8ad6d574c97ecda4bc,6101
1284,123788136,123788136_4.json,fbccd92e0d8485eea962ce0e0800bcb361a3b5402de8a680a10fa665da2ff7ad,4583
1285,10192655,10192655_6.json,b268ce035e1cad4014ec1ca2f99c20e697e90b0e9fe98d792917cd2539836811,8247
1286,45681674,45681674_1.json,18fc7c1a142e47a055604ba73ed8ad58163f7cc90dda57c14c283e630b8a1cd6,3996
1287,1204957,1204957_0.json,a62520ad1fca97779dc4bedb5b211506012aa86713de65e487bb0cdc63b61e43,18552
1288,8560742,8560742_2.json,9b12b7a019bf50695b2de8178ee4d69966a8fc8672aa903c9c72e7fc384df75b,6741
1289,6090885,6090885_0.json,fd047b0654e0c33003c21cefe99b249c8addb34154e329604cff08ed6583f22b,3187
1290,4823750,4823750_0.json,212309cabc81785e5fff0fc5d9a3070861c3536f649f11f9baea60cc41298207,6117
1291,3674743,3674743_1.json,c4678e70a4592e44eea5d60bbd661db977717664a8c3347ffdee801b77677add,14939
1292,20530482,20530482_5.json,63ab4ce99815508aa10b774312c353e2b2627844fb03bb96da725a8d304f513e,10528
1293,139111229,139111229_0.json,7d8d15a835911f6792ee13858bb409180c2b50c285085bb925822af1d215b77a,2660
1294,194907949,194907949_2.json,165b40d75dee6f501178d96ec05470d4a349ce0bc24222a074743bcbeb98b3df,8946
1295,89588723,89588723_0.json,3ce2ff702bafadbb04df719ed97525fc31a294e4488482d9652f964d6e8fc174,2679
1296,111832512,111832512_13.json,1bd92e8fb87b87082d6cc9854a652eae3ae2ee3aeda9a4ca84a0e5da25e86a30,4803
1297,9004636,9004636_0.json,d53205bd04260ff355f8e3ebae549de990301c1e4948c4d89f3b616042394726,3168
1298,183540010,183540010_0.json,d73f50481dc722201b693660f36ae01a10ee23163bd1f5181ed839197db9e895,5655
1299,25573672,25573672_0.json,5a682ac2f4dbda021f23e525cebfbbb01dad048179ea30a40413d1f35a8d5460,12604
1300,70189011,70189011_3.json,603ab5aff4e55fb06fccae2ec7fd64480404eb8576f67edb412edb5846a8a9b7,10273
1301,320367,320367_0.json,6415e5dfce46581df20d8e3ac4560b60612c0633d966abb442b7693dfbc0f6de,1762
1302,84791542,84791542_0.json,4b3cc726915ef8a8d5d38fcc4d76ca4616e71dd569237608ea81fda13f9766ec,9475
1303,54297956,54297956_1.json,661e4e0a4483f2e860ca8ac11fdbe6d06c5dc268d9ff6c02255b11d1c0f18fb8,4216
1304,10984947,10984947_0.json,74b9d11637b229a8c132b77f296ccf6bfb2a85cd7196750d13c25eec35a32de7,15339
1305,217157573,217157573_0.json,d653284e712188d6945c4e8adb4140eb8849431123a9bd17e4f3e56a05ac2ca4,10713
1306,34964793,34964793_2.json,456fdca0ac5b9a009526f4ace1a90a984cd5644b0104ac41dddb634a8a3a153d,3988
1307,8064341,8064341_17.json,f33eab661732dcb5b7294d5ffe348c82622ad92bd6ffbe0617ea87b4beeb1b9c,2963
1308,50951613,50951613_2.json,4123e4e916e44dea94c4197a28e7df0d3cc20285a0f45ad797ad161d48361949,8586
1309,87363270,87363270_4.json,b5b7667f50d38839f5d34a17f7384640804a85828f0b9c6964a5019cb8a8586e,2782
1310,2168781,2168781_3.json,db333d03f921030e6c67b213b7e5b8439aaad509210a488b8034de3c471f27ef,13911
1311,1772396,1772396_0.json,9c92a9d70f80555c3a4adce7965752a927a1005cdb09e75ed165dea48f0225f6,12552
1312,48046454,48046454_253.json,fd725209b62ec0e4e81a07e626816301d2f2e201f796efeca12fd9006d59963e,5512
1313,8427412,8427412_8.json,f6cff39a227b54d6c72008da64701c70cd1f26088c85e543c7532fa15a5a287d,4184
1314,20530820,20530820_56.json,1b7b93d6a5b8db3fdbb1ebea6f1d5417e73b3940133280cabc54da6526a25088,4728
1315,4908338,4908338_1.json,475fb82283929e8f6ec05b0869c77b0408817162e8a9e08c13c83e62e9027d46,5707
1316,15106392,15106392_48.json,fec4b6780a270f5b67876e4054bf513e93665eed3f9dc901d2961a84c7ac0a0a,7277
1317,1767747,1767747_0.json,336508b1dc8c12b7151138567a510a6c220519ba0413253f8d3139092d77bfbf,4532
1318,3869967,3869967_10.json,34516e3242bc86bfffa422b2437da2e4ff8ecacd2df2cbab1f4111465a33404b,7576
1319,15106163,15106163_14.json,2092ab2802842681723a979bba693c250d0acb61175ea8cc3ffdf1bc2ee81b94,58542
1320,107559907,107559907_6.json,5c6bad4dc0722bcb1b764dfc07c9d94497c404da183b073f538e41a2351c6d11,17063
1321,16433054,16433054_4.json,501764f4732f9fce39591769a5145a38af2768821ecea67078f839689cfee0e0,4393
1322,70470785,70470785_3.json,36a6e5bb1e57dba96498fb8871051792947ab3808e2c80b457dae690075281df,2691
1323,200004447,200004447_2.json,21d07fc68e77f84fd54433dbbb7ae13b05fb01aae653a69401ea034d84109e6c,8166
1324,26284658,26284658_0.json,d0f4074bc8873c3061d0eff6ddc91e5b8b49afbaa832e50f951ceb5915d4dc0b,4791
1325,142944814,142944814_358.json,457ba9ff94b06bf049eeef2a933379abe5ed88609eaa622893f56d5042e2ff95,12515
1326,28776576,28776576_100.json,ed2c38effd20f27cfa88227e92a3738e91f9ce152f7b9bb5153ae2ba47298d0d,15829
1327,10275891,10275891_3.json,6653d20afa57051389eb355f3b1925c42f1161bde8e78a812d69fcafebe3d996,1906
1328,164891999,164891999_2.json,a861d3bd48193eb39997dadd8a9d507c48eb78dbd5ef2ea8c7832447483ebbde,2815
1329,69468148,69468148_2.json,8001fc0af866a9e07b789f6991caba1403c8a3fd837910f4145b62c823b89259,5457
1330,105563335,105563335_304.json,fb64db732dfa8ba2ae3ba5dde766bc3a537e37f52db3de35906d5e8df7a63bda,11171
1331,50406544,50406544_3.json,3119a6bcc12e85b9408b91d2c1a2782464550124c3ec81c8c7a6e12531c02244,43490
1332,18506893,18506893_17.json,0b9709cf5a542d1d3fac1452d4e476475383304004c2a9d3f1b75c089026f7f6,3957
1333,79112912,79112912_14.json,044d4614f67ec106edf0c484320cf2951f91115f9db0077f77275dbcc6414be8,39773
1334,50185885,50185885_14.json,dc7c1e2108569f1a3b1edf701f7299ae4d1739e47decbdc2b99349b8f3c4b9b6,4755
1335,23750297,23750297_2.json,a3e2874473f89a117e4ec4d96357e022dd8e47f4b206591e0fbceb8707b5a59a,12555
1336,7416746,7416746_10.json,31c41c6341d1a5714e83090ae6b726b3f008b83f083a57e05743eab1aaddba2b,6098
1337,76278501,76278501_64.json,36844d7d70f886fe243a184810725a4f6df4f9acfa75dcb29458c357e9e337c6,11326
1338,106015269,106015269_39.json,a16c634393f3d5797b40a38b848488c07e73d846573211b2927ad078f9440382,33162
1339,189010032,189010032_1.json,b94bd8abcb34f4575128b91dd91ee051e64960cb7e0cf2106f197f0817de39ce,7506
1340,58435528,58435528_1.json,96f6994871e96dc445c2800b6171d5e959fb80c9bde34994dcc0653acd1c43ad,5316
1341,15728671,15728671_34.json,2538ba88000a852ec950485dddf67b7fbf434f38864b25b8ef47512fc829d794,8768
1342,62700410,62700410_2.json,74307412558027086cb0d9dc62ba2780b0666f178f5c93cc473a423e9ea835ce,15340
1343,25352070,25352070_63.json,6a1b1a605735755cfb994aa4252d16e56be4ac8b3dec6110ee357b5b0db326bf,6620
1344,76238742,76238742_8.json,e912fc0c49a3e783064286f13b589a69aeef3e3664b319e7d5a05729a4127e28,13822
1345,215950115,215950115_179.json,403191613e0db4e2e95c8d896e65bdcd7b9ad05a52a5fc07dca75d52f759f281,6134
1346,7482468,7482468_0.json,e2dbf254fa721e24112e763fa86b97bc4330a526eb071b7ce225cc340f845e4c,7155
1347,14807800,14807800_1.json,77ddaa899a28d6734ed2f8f4fb206e9d49eca79c03c26b5262ee59c8b39aeef1,6387
1348,46654747,46654747_1.json,b548d0ae5cc5e5d752a6566778578d051f3b4eb018e65b032eb361e7202f1959,6012
1349,5839179,5839179_17.json,aa10fe566bd4399739f559a7c0831e7ac4ee3bc84cf272302fc4c533c00c407c,6659
1350,29629640,29629640_40.json,1a66c1b86cb875637a128de25362b65aa094b6a725237d4b5b38d1ebe484ea91,18945
1351,5722110,5722110_81.json,0e08acd2ddcfe95bfadd50dc945054f741e135d00b9cb782b02e1545a3ce3e7b,7924
1352,67461402,67461402_8.json,53643ce9c17441368788156f663388482dfa1639fe654fac9e561a9989be5c11,3881
1353,558963,558963_35.json,e3611b30db45b155d43c669832bfcc9d1ef297ff5dd0da2b91859a2df3a74182,14828
1354,206873260,206873260_2.json,33cb6abbf66a558629aaea10bb7fd9646fe4528e8fbe979d9e09a7d874a7e569,8204
1355,120205336,120205336_3.json,acbec3de9ba8aa4c47a5e6cffe26e5f0c2895b54a8917307e1f98148a897a208,3179
1356,56278667,56278667_91.json,0dae6be7fa80f85b639d879010e72d212b37c66178ec8ab19b59c7ae9a522a43,4135
1357,4759439,4759439_0.json,e09628410c4d50ae882dafc912b903a40920ba7f81463488c67deaa275834e99,3702
1358,16563359,16563359_1.json,30b324ca23c40d14029f27494e9d12e169513f842d294ad555f04a3a5313ab17,9166
1359,14279760,14279760_40.json,a106f842a31c69bbcc60358ebadece18291c75ad6d2fe0b549a67ec82a22864b,5554
1360,165370485,165370485_51.json,e664a9b8548e636abcf6eac5420453d1565e89265e31ec818ecbaf6b0555cd0e,5810
1361,110837893,110837893_0.json,481e8db32459c09d4ab72ff603837d0ca77376e1cb27f041ccf5d59598c22559,9184
1362,134505330,134505330_1562.json,d0eabb50b48cc94e4e28c677cc2c9803a69bad22819013843e3f682ebe3bfc6a,4408
1363,3139136,3139136_7.json,cead2df72b1107626a750578d95566f094e521db65347436d1af604fe39bbb9f,12515
1364,120578437,120578437_0.json,039f663b950b0c6ff3a6e7f5e84b08ec49d7a1313a3eda150d732533487deec3,11060
1365,6935442,6935442_62.json,b4ed0a20ab3c359c477abb22a2977d272839c06e8cea0acf67f545a1cdf1f6bc,12707
1366,151233646,151233646_15.json,8f9c4321db369d8beb644e9d1d5c8d7fcb15e6c716199ddf71b64201a39803fb,7194
1367,85795396,85795396_44.json,c1f24fac273103bdaed64ab25ab56c50483010772185a66b38c674fd0b5aac5d,13331
1368,65975333,65975333_58.json,960911dcd071b0a70e874e4764e8d1508063ce303234e175d6455b7480dea27b,2665
1369,73314646,73314646_1.json,05d323c677161174274d0b6b160e69c68c1ea77bedd03fab794c67ceb9c08f28,4017
1370,223850259,223850259_0.json,e0784723c2352f76fd9b5f49236fe2875e2d7d2228939c804a2b58eed9a84ee4,2221
1371,147965914,147965914_1.json,deb2a41bb16b1669fb534529d8f473bc621fda24556938939eedde0d959902f5,12323
1372,57096675,57096675_0.json,d49da8adf693e7e72336af367a3e4a6cd58704bedbfaa33c28fdaace707d3ea7,3502
1373,6104876,6104876_0.json,3e000b03ae125d50afd06c81ba988fa4629419cd3b498a672c25e654fce47f90,5509
1374,101228354,101228354_11.json,025b9e9a2e2ce18eb29a650d7ae6ad5d38b412abf492936dd10c21fefae114fe,7691
1375,2675654,2675654_11.json,6f85f74b3dd02b39baa74bcc5c113c5d680a6e3ce0a17aefac434c4da822d3a0,5617
1376,18830102,18830102_283.json,490f8450a25ff95ce3b2d4bc30138f6a0ea157a13b6b30122426bda411434834,5270
1377,3487509,3487509_56.json,f8243095f6557e3a1d01a1fc94ae61589a380b806574670908f1c954cd98807e,2818
1378,56039864,56039864_9.json,77043b6c06dbfd57dc99e476b5d2a83934ea8b01544b3d5d2ca6d8045da1be16,11646
1379,67053037,67053037_56.json,92300b66e6510c753c6de8770c93e81953f9080630c4596cbb40728ab560257b,2761
1380,135174794,135174794_140.json,245f0ab5b7aa0c501d3e4256d5ae5e475a7a8f2894f23cf68df25f04a3ae29d0,4503
1381,6903417,6903417_42.json,b1e2ddf9b3642399a501b4bc11f6fef045bd25b2ece29045579f006521a27133,13989
1382,46449357,46449357_116.json,a7cc1c209105f2a45de90cd724510a925279a1b0e5148be04156caf0f07a9fff,12129
1383,39038703,39038703_246.json,ee2a334cd5100c56ff6258a0ce89a3011be67bba4dca6ac39ccd27383d6efb31,3654
1384,657157,657157_2.json,d41d7471b4e8fecba4c418b266d156df44c0483fb1519eb91278509e833cec52,16931
1385,44253742,44253742_302.json,c7c936ca416bf2088191302859fac4e25a577d16e6ec214437e18aa98453e3ea,33550
1386,77403831,77403831_2.json,06d651f4458570d1050ed30153732b53bc3ae9ca00c44b429903b8dc9d63400e,6608
1387,53649949,53649949_16.json,ab1e0cf5eac00421658004b3c85cd4eaf2b4143c9c0b967d4f3418f0f063276d,23106
1388,86108100,86108100_13.json,fa665ea180017ef6ad55038eb06fbd8600243face13a411ae05c0a7b287d8278,12086
1389,89676913,89676913_0.json,8f7ffea25036e07fb036421b0da1e2852de05c5f103ca5584c1a1a1649a02fe0,4800
1390,1025030,1025030_38.json,a594d7c9646f6ee0c85e7ab9102c174d35dbf5dcd927c8fd9fb91ae188b5cfe8,4404
1391,90020587,90020587_1.json,8eb343f9a62126dd20fffd72439398457495a27c5a540e1a5591df126f7715f0,3659
1392,93984344,93984344_0.json,18d32d4ec2e46e62a889ec79cd2241917254f0a16f5fe3f594e40ad83162118e,5131
1393,18570156,18570156_3.json,26c4feb26ce3c178da5ed65cfc61072f01a2331a0f00a375d03e21ab9cac0ed5,9741
1394,147968892,147968892_0.json,6d2f58a654355aa7fc825216903a2f3b7b78082c4ecea8f23c42019fb909ed44,7028
1395,9580819,9580819_45.json,efe3dfc92a5fa279d014be88edf6f2b8aa5366fd071069ce8d3dba3f7748deef,4319
1396,25156382,25156382_0.json,53e5b0391f6f105ae6f89adf7a83e75515abe2cd41c71882eb11acefb0bf363c,3423
1397,82821845,82821845_16.json,d5d8d4cb2fe00ac99cbbff9c13d174c904adf055656abb5beeb404983b3797f7,5423
1398,66343128,66343128_17.json,f83326185e316c772120fac1708ebb239b35b7e951501568319097c4c895e56d,5841
1399,859468,859468_16.json,7e0ac6e6a6431f7a92b1e3f979c15f92ea5a78f08787b9e44e025b9c1771eb16,14789
1400,151120862,151120862_4.json,db2aeea1fa025864ffab3992a4f5fa6558a7715997b7885bd734da34db3ed229,5062
1401,31923485,31923485_10.json,32a6b3d2c2e0d3d72363a954f9b4234868781e0a92f6d53ae23c11bc258cfe0c,8362
1402,91026662,91026662_7.json,8bba41b2dfdfea1289863428434733db08788f57eb3ea60f976f7c06e61da565,9129
1403,5184704,5184704_38.json,cac200e41a55d52591f835e7e19551be8e902e8c05d87050f6b923887492dc44,14481
1404,47405371,47405371_7.json,eb32fa42487132b8eef1d6ec922abf8ce93ad0489ebfe35d3943e43824f1edcc,18162
1405,169872920,169872920_20.json,5f2733778279d857ef24aa26d7331381abc6b20eaf06d1fe3e1557756355547f,2848
1406,19481229,19481229_3.json,73c503fedd30482bea1881a72a7e34365f489f32546b5b4d8d066c14caafefd4,6905
1407,25345432,25345432_0.json,1167cac098ec085ef6521d9e99d3fdbb67890adae58ba0a0915c8cb30ad33b1e,9656
1408,17034170,17034170_0.json,b05170844d03bf53a4dfc672cbd5814a830b88fea5ecc793792c0c1ef15fd526,14304
1409,11738699,11738699_24.json,138f34462aa653b294835fd5ce416f28ce94659208186d201d7863efaa2d30d8,29353
1410,21765535,21765535_59.json,d35c0520ab35d8d2f14d6cec1f51c83aaa4071a4879197c219f69fcc426f2279,6737
1411,206346,206346_1.json,62e3a6ee070a215fde1e79a63ac261520b61d665a6e867e2156f35bdb76f4e05,8924
1412,147324252,147324252_12.json,db3452cafb61d763e12e953359787846922f169c543dbc24d1bccf0a619c48ea,29583
1413,35532096,35532096_229.json,a3e67fd40e5528ed2709ef8f12b7acc5f530a70fda11ad4b9530a9e28ba42f65,17378
1414,108649340,108649340_1.json,020e0412f33667695e7ddd99c7b2a37f31488d2a4291f0a07a8bd721217e2011,6108
1415,44007584,44007584_123.json,01f61efc512f15287e6b274d4eb8e7a6ecafcd935211e07995d3dd30ee448da9,9156
1416,12853082,12853082_15.json,43e867aa188d3ad538546dea2e94e5934db6c2627634e0d923d38a37222049fa,4669
1417,96760451,96760451_0.json,edd0a19406c21c9cdf2392a54dca8c6209455a70e2fc2ed20ed2897b296e6b22,4463
1418,3407114,3407114_50.json,2f8deb90c539e4082137d56ab9a39464f4c024436e5e3c223a62537f0ec774d5,9747
1419,92974732,92974732_0.json,dcaaa9970a296c1d944abcdb5be3dfd48190fdb5c050797be35f580c02347dd7,4747
1420,114649434,114649434_86.json,2465403187ac138dbad20f93d9a9a48caf76f27f08dd8d1a7be2792fb5e640d5,4629
1421,80324891,80324891_0.json,2bde07b836d8b193c0c05120b3f2beeeb8149aa58d0056c4e00132ba1c171ad2,5701
1422,28194950,28194950_3.json,19ae258bc65332c8303ba6a9b64379a7454cabb508bb596aa84364c1d84d5914,4436
1423,60296811,60296811_0.json,3483ef141f35efae25d1583b86e8cda7c355639b9ac010e20fa62b6b7c2323c9,5029
1424,215394390,215394390_213.json,a54bcd269d6147090a7721a09189a1d9d69c83accc344f634e9cc14f3adddeba,10339
1425,78444970,78444970_9.json,188b72476102750792e7794e37d5b0d11e69e290cbbeb84e2f10129c925cf537,3804
1426,48641480,48641480_2.json,c54d82d2e23f56164bc06eafef9021e8d5119304adb6af1d17142ce5178f2e8b,4126
1427,56551000,56551000_119.json,179a9a8deed69c16ca8f70a66e77f23e05dc2aec68d029b816f7905927a094f4,6830
1428,8366048,8366048_1.json,d3f3bb1b01851b6ef8af259e12ddc558911fbcdcefb9ec36d4eadde685717796,15408
1429,1469749,1469749_151.json,cfa5f623e6b4aefeda3ab7e0e409b23bdac92263ee719ebfb69c2ca605ced634,6012
1430,34776974,34776974_7.json,620d31b61e79b620fe8c37c32f81b4ac504f625cf28db72f338d5c4c4208111f,11747
1431,111445552,111445552_4.json,7ca92ba844f6f1767ffaad944d866dd2052c6bf6065e457580a652251bc560ad,7705
1432,120152712,120152712_0.json,70a52a1b6e5361744d8de12e1eaa4ab8cc4ea47595e6a975854bad55aa9dd33f,7355
1433,5349536,5349536_1.json,e4af7a5eb19a440fac27d47fcfd021c89a4509c7f0235b8f62054caa1be361a3,6118
1434,139299365,139299365_1.json,23c556a87a367cdc8b5be1bc34965083f2c006c884c7ccb4e72158a744405f2c,3466
1435,167954168,167954168_10.json,f1a93ab8ae146c48a6fec164a0538a3f04059b96b0a04757899ac774727b6327,20068
1436,62569629,62569629_21.json,dc30eb440b5dce46316285101137d22d37e8506bc8109784429a63de4fae5307,9374
1437,6691222,6691222_570.json,26a5bb6b420aa44c7e1ef47c66bcb19bf95d330fcd22765d0c8e0744fefe4c52,9699
1438,79514986,79514986_8.json,f0d68bbcc9c7bb2160d676c53f7568b6d6ae2e5b74c094b208c5919d555fb807,9632
1439,92944959,92944959_4.json,545abf7e9824a752bc81e46b3629fba21a557c0d47982f5353b06fd4382b6203,4808
1440,80485636,80485636_0.json,888662f60c36e73464787c0326b51ae2b73081afa0da40aacd7e23e3144d57be,10061
1441,181976854,181976854_14.json,97b6aae2b90ea79dfdd5eb55835902cccdfafc1ea1d92e897dd653d6e0c6cbeb,14763
1442,54973527,54973527_469.json,e09b3cd65b8efc63bc93721532b94baf38acffa852593c2add459a8887ab6f7f,8162
1443,21019546,21019546_2.json,0fb34cad1a273f7d85973a922940a97e488eae5d64be9a7f7ddc5ca207ca1f6d,11099
1444,84065080,84065080_16.json,3dbc2e79ec7050d6a98f4156daefbc444f0a834b34d44d80c396d537c8d43af1,9834
1445,369176,369176_26.json,1f931c1576678f48ae3ea5a3004d120e9db5f1249c5bc0c7e7dafc083e21977f,5072
1446,15800167,15800167_2.json,43e9c9147b08628ffc385e297cc09750625608e77a4fb8715caaa2eff1174b9e,15191
1447,10400052,10400052_34.json,8218acfcbcfb62d2ea89e8db508f6e74d56eb813f851cd70afa5546df504ff10,16342
1448,107872025,107872025_6.json,c419a5c3dcc2457ab359f7a3650971a876967b014dc87d78f51de35ac20c64a9,5612
1449,166323982,166323982_169.json,d2d8e25ea289026c4d2c991996689a20bf4350c262028867cc0918ff03a8b063,7155
1450,10035739,10035739_116.json,1af4eec328919b07d35646960faed14e0419431909839315a43ba6a70aae5467,11143
1451,24416383,24416383_27.json,5ded6e92562be0030a2ef531819559d2c76d9f3e689261b7bedf5bed8f8ac896,4847
1452,12485637,12485637_21.json,df396f8a1b019182d8b61cd3764e18fae5c9852ae7c68f470f48763b88fa9312,17374
1453,154253610,154253610_0.json,4f4b2d5907b7ad70857eb69d23a873232dc18e869c4e053756e694c8c2d72da7,11483
1454,291570,291570_9.json,253a5455a917f358b92c9eab5152095545f9a8be092f566af561c34acd0db193,2530
1455,19638422,19638422_1418.json,353bc421f710ad805902a6122a1f012472dc2211ff6204b5785e21cd0cf6b042,15685
1456,29782400,29782400_23.json,e9cdfa0de968f08dc569d8c223a99a1a0ab187cfbbebaa097b6b930b604747d8,8432
1457,45889273,45889273_0.json,cd775628c7859fe908887256f9887d52d76871c33eaab9b5d265a82a236280dd,31780
1458,104515879,104515879_0.json,e3179b8372853284662f5bf314af25d067d1ffb506a0a6ec039d3f7ca383bfeb,7288
1459,85168745,85168745_31.json,cb01ab6ad4e7b17ba88ab4f7ff5b9115221ab55be05a9788f0a0c10eda766dea,4020
1460,10195984,10195984_2.json,7b45276b8c3e2daad8b5d1c578ca7bf63ebb342f375895e0f0af5742133f2c87,7395
1461,2660111,2660111_8.json,ac8c40def0dfe1c7dbd64ec7a7d2213a468f5135ec03663be599e6b7d793b2fc,3372
1462,7676364,7676364_17.json,cf1cbe843ffe3324418e48f26b208563bc4526f4574331575c86b6753bbad976,16784
1463,23338118,23338118_21.json,44c95b384c1d20767ea8d1bcf4dcdfe409ae131d093298af9838431803b7a467,3999
1464,5973732,5973732_195.json,20a75271b59bdbb5165cd1c6843eef38df40b06f2d9adf82ded94828c890cf8a,8841
1465,90860455,90860455_9.json,a4a02ad4feedc30dee04f4f9808b98751738acf5d913428ed493a2f5b606a4f4,19389
1466,22948530,22948530_27.json,0f1e5dca2a281a8e1373109a278e1b85c3526b165df4361fdf999064efb6f03b,7839
1467,184650438,184650438_27.json,53954c31ee0f79bfeb32c260f870ea798823f4cc41d69706417df74a0625c31c,11069
1468,54709439,54709439_9.json,9e48e3515b1c65f3116c7bfe2b7aea207105b252f7867cb120a10e659bbc7e5b,29428
1469,59216067,59216067_0.json,c1d4ec6a1d942631b19d4711895adab715a2c21179abd7102c580749c84377c5,11456
1470,67836913,67836913_5.json,0756c85d1c0bacd04144d2e161ee55617f7491fd26e7a005b20629df2aa8e1e0,11811
1471,40111808,40111808_75.json,ea10102e2f28c0e7a97d5bdd875d02fb161c31c49b19f2daff476494b181e8aa,6376
1472,22527647,22527647_1.json,9a6eb26f64c8ad65636754826e5b181bf75b429444bec6c57fce482a771480c4,5739
1473,60127046,60127046_0.json,02d3c5b51244e91b52b20f0be072ee06dc5e747f2ff367ed2c7d92f758886bd0,12958
1474,77034155,77034155_2.json,61fa56f2b82973e5fd7332a742e651084252bd95dc9ccd997d49c2fd80436f83,8167
1475,45832751,45832751_1.json,d0fead8f478bb3265432c7a9819760ca45a9db02627c6d5684a1e060c7b15ee8,4697
1476,32398211,32398211_7.json,b1b866f467895c1b53bbf35219c89a00ea60baff384f2d17619289f81dc36b2c,16068
1477,161317975,161317975_1.json,2ed163ba7be76e184a23a48491b44db5ab613f153ff6cd83056f4925f5d3fcfa,6310
1478,39764417,39764417_11.json,3990e177c8dce8864eea5391a7a55b8d3b3dd545b094842b22d699f5c403ec59,4769
1479,52228869,52228869_0.json,a15a113d6e16680578d22596572630fe5c1f10db4447504724cf3d587af42d77,3320
1480,153881635,153881635_2.json,cef84a2d62e70d6a9511eb983538f7360e60425ce30f500a9259b01565ecd3b8,6782
1481,25732604,25732604_22.json,753fc712b3a53ed79cae324ce09bceaedf30fcf18becc2dac98f39b2add20b05,10039
1482,12953256,12953256_173.json,f6c7e1554c350248cf13ad3cacf7a2392b01ded6dc8c223cf6e1b08e33536977,5704
1483,806019,806019_77.json,4f6497b13b2dea35c7b58a3afce7d9b806eff6fff486bd923cd31992a16e458a,10391
1484,10522120,10522120_5207.json,62e4841365614b0f8ca285269f2e9a2b4fc164031e675240674a28d90dd1f69e,6076
1485,65277100,65277100_0.json,549f8f5083661373faa7a977e0db28afc04627f65eb6de5ea9e976394cc05a8d,9320
1486,50107211,50107211_3.json,1fb1bf75211a1da6d1351f2b4508e34cc28c5c1b6047cffae66a60bc12363690,13108
1487,84466727,84466727_12.json,93d11129ea38eb1a48a5b321b940d34925a4c3d42c9db3d7ab1db438b4e297e9,7591
1488,54311516,54311516_1.json,6b2de2878cd01a20bdb3d067f3bdf907e8330fcc04d754ee91ac8ee585ea7032,3925
1489,60702089,60702089_5.json,7718c3ec277090c8888dbae6ad5a13eca1781d9664ec7dd57803c631feabb49a,3873
1490,144435698,144435698_3.json,ab0bc4bbe03e25a182f79bc7c02163df89149f90c37fb5e9bfe276cd9dab4f2c,4095
1491,140083500,140083500_155.json,633d2d79e9238088c4cd471ade7b541dff0695e3818d31e654e6ea10f96eeae9,17677
1492,110099034,110099034_0.json,600b77603b70af1b802f6f205de5487133da6907660008d83676c46ef3c7e3ca,3289
1493,41091157,41091157_4.json,c62da513da19ad7b011aa55df0eca75feae9311c6d01c55e8e41f35a46b7ecbe,20004
1494,130720730,130720730_0.json,842d92b69f766b7c91fbec4cd73e66e7524fb8d0a6fd740d6ecfb540c3b564ea,3687
1495,18463354,18463354_3.json,3787ee0e356b96cba051fc4145b7e573c783db8e89e0d18f0231516c94380599,7169
1496,105079548,105079548_0.json,a850e1407155fcd2d399894763c4f64d8e6089ae13162ee33523c524912bdf48,4935
1497,74059585,74059585_16.json,902c6182f66131dac13fecc08e99f0c1982cd91abe2fac9b5f258d266d0b19a6,8549
1498,1867246,1867246_18.json,0902475a0fc89b84feae9ce21654c6e7752b59320f82c62e92a0098dd59fbb76,13648
1499,34881325,34881325_2.json,f5d396656ddd57170864faebb95da27adaec0513be8ca993bf866332099a2f09,3261
1500,23192978,23192978_4.json,14dec128d4ca515f0090afef75609ea437895b45e65044bbba61ac8114597406,6773
1501,78162952,78162952_2.json,0012da43198ab09e8c98ad2288dd27e7cccbfde801b25af24f7d8a9b22ca1533,6530
1502,32535364,32535364_3.json,76bd1a8b09864bd62401062cb05fabbdb31d32fba60eb4657a1046bb2c6dfbc9,6389
1503,25598822,25598822_54.json,41ef1207453edcb193f4f587780e270ec117f87e8f240c5b01178a8b169a084b,8267
1504,62104898,62104898_2.json,303665bf6a9895b24f10666ffbe051e87d083f125fde55db7e6b6bd2febfb0eb,3004
1505,5455452,5455452_4.json,a3775a096468b2294c127df39e76e43aac88975dfbb0b53b15e11887769c16d1,24226
1506,4086423,4086423_6.json,dfce062a87828e9dc3590a38c88f307e2ea7db9c6c1a35802039e073cd130aad,9345
1507,26593878,26593878_1.json,841655a6da6e1d9bf1bd3fcd68459c94da27123ea9d6d8c048704b111cd68938,5041
1508,50118546,50118546_12.json,4b412c0adc4c22be2f4114f1bbdb47ac9a3463584f5be0e380ad1b84e54bbdf4,7239
1509,7010395,7010395_12.json,f699f96ac3544f4b2f95c8c68b3ffdced8861859733d42e885f1a1f713514de1,8681
1510,13363729,13363729_56.json,c389190829a92fddf12d56d6ae13f537391853b48ba990cd040a8e83b5aa6c66,7611
1511,6605842,6605842_5.json,556ded8addec23d05b93fc8f74d7ecaa3a5fc07d0418964e19fcd4335cf817a7,10130
1512,111669949,111669949_36.json,0090324afa52e6318986833bdf7314039e41d73e8cf07bf8de08aa0e70c04e57,8340
1513,46113606,46113606_51.json,77cefeb88d3a4d50c41202350c5f963c4701f16353e55678e65080c8a4cda6be,7802
1514,132033525,132033525_0.json,ea2aa3199d8f111f3a63bf3fc9ba6db309463fb4b6508565b302603d3ef810c9,11445
1515,55874962,55874962_1.json,7b34b002a285082188cb68b97bab60f1018935cc4c9c22ea98c691986202b8bb,7962
1516,41548314,41548314_0.json,ae9b54c5bc9e0ac2e663b1df6d22803efa75357f496aee7c680f87dd469fa242,14987
1517,20855247,20855247_64.json,ee04d84fe58a9d8656c68a8499b355b13249132cb28a163610f4e88a8a6619b7,13456
1518,24048150,24048150_3.json,44e3f1e5da27eaa29cc0e468a5a8464012fda718f173af7e69203297945305f3,6364
1519,32001142,32001142_10.json,a0d6523988d6cbbc060d9fe7deda53bc76fff6aea24e8a74eb101a63c46f4d6d,8646
1520,60536546,60536546_62.json,ddc0883e3ef23402d4abdb35c0c8a880a73b933d7aa22d1ffdb253c0993fb26a,6643
1521,14775640,14775640_8.json,fef451a6feadcf17399213fe2604cdabac117043649b82c2871f2235df1a730e,7208
1522,91427887,91427887_2.json,f4abba15fc8b08a47f35578628cf0c1f18a9386115a4d9637df939b4d5fd3594,8191
1523,111042175,111042175_0.json,4b645cf84b86189ad2adfcbf6fbc763e60de3c921744466d5c35d0ba12c8e3b7,7513
1524,179549243,179549243_119.json,49048baa5f380e3097362d5f257e3691280ad849f775c333cc69cdbf174e517a,25604
1525,81617098,81617098_385.json,33950d13c44473fb8051138b0402eea04234c304ccd2efbcd810aa8805429588,7182
1526,53877122,53877122_6.json,ba743b4ebdd71bfdcdbcd6cdad7d295a4e89fcbafd1fbd1007d56ec184912f5c,27219
1527,50429558,50429558_25.json,0d60251b708e700777d407aa595be3f63d93575b22c2e7d78fa6120ccdfd6823,5317
1528,45997449,45997449_52.json,8843b60287a677dafe98e7d91c87138ce557c548974c352957c530abc248f560,7640
1529,55224431,55224431_2.json,946e00cc63f38d58f0d623245fcbd4e921de1a8a076e34dd471d4fdd6cdf5548,7394
1530,54088253,54088253_0.json,dcc2e4679e61107a5f331c818cbe9fe605d9ec7a15c5362c5804795ca6d774ca,21032
1531,1743159,1743159_11.json,52f84bc0ae8999551ff79b0d38d64b2472db96861305564b2194e92105b03508,10510
1532,7043506,7043506_8.json,95c0802a9f2bdeda0f7df4f49ceb3b5211f24cb09da86e718e1f95aca8af8117,10038
1533,37826137,37826137_0.json,2a596e33385d5e19934b505b284284bb66034ae5c2d3b6aa0d24de999b72ec19,10699
1534,48887503,48887503_15.json,4a76f16c404e27ae49b077dd18b524825f000a4ef9e49714fdf62953afdd7eec,3653
1535,191553604,191553604_124.json,9c8308eac4acc2d25ed615dcfb02a0faf73f257ca1cb93d7ed4596fe65999dc1,54095
1536,5632139,5632139_75.json,102e31687936be162dea43b9164bc22640989252a0f84fd3f756fbf3ea64d799,10341
1537,192508383,192508383_4.json,ccd26e1efaec84f7871d84a939a6bf5564be4f82a66011916e87666fa3c1b871,4970
1538,14615932,14615932_4.json,6a231e25e44e6e5ce786e76cba71ed9bfa748da36fefa45193ef7938a14ad412,4098
1539,102597994,102597994_6.json,a70b95280cad9e670ac4834f8acb12580e4276ef2169956918d09c9b55e5411f,2583
1540,96021764,96021764_9.json,5396812e47ed10f2925fa8f2e07e32c2aadbab7bfbf5bc574435488d036efa5f,7582
1541,174291606,174291606_0.json,9511404a59aff760e58ade8ca9c5763aa24361e9d3801f253c763a9f18890873,17127
1542,7272424,7272424_0.json,4d0c8e1a2c2041d9bf5dfa96933a26be48d0e6029a7181175f7cc712bd738797,6068
1543,122583771,122583771_0.json,b51216ae8b9084179b31f488a7a9ef030bcc5a5232c8bdb0924c6dbe785f59f6,4292
1544,3657930,3657930_76.json,52bf07c9d4e59d0ab136995ed8cae9c5dce580b0db07a112e2dfd5e657662a33,9851
1545,18194625,18194625_7.json,97c0f2500015e5f58058ffaa66175cd9d338324c7677b498f8c7a87fba1878b9,4083
1546,2470704,2470704_0.json,20df8d032304fc8d48a3a6b4de96ce6751832fda02c5aa87c832e00f7a2d39c6,2856
1547,27244573,27244573_54.json,95bcdd343648f452ca54e9079cb351da8960ea045e9796c9a4464637dcfce326,29231
1548,49798885,49798885_100.json,0a09c40917056d011bf2a794f9b7d955a967da8d6a7e98b7c8886f183826ddf0,36880
1549,165674292,165674292_152.json,b31142347591d1f1cf431018d77e5c1ea50c1e80a609a9c657b4b859aad31b82,12823
1550,24477567,24477567_6.json,9e03d78b570bfbf61cf46fd68c7f825d19a2a60ee0c9f73592946ddeeb992cb9,10839
1551,75215830,75215830_39.json,7ce76e69325c425fd3ae51f1a9a5f1a7c6d669221bc4e08b575e6db21bebe89f,44685
1552,99676748,99676748_0.json,cd4ef045b43bcecf93173dfb4afd91868592f5c094a746f10de7594535a5a178,6028
1553,80192374,80192374_0.json,6c3263bf269af761d705d85e7580836b5cb5d569c406adbf75bfce95f1210f12,8250
1554,51700398,51700398_52.json,095a708592fe81d3987a618ac7c24da7d9b7a00c1eb069d88be0f8baa320818e,7038
1555,55442225,55442225_33.json,f2c0bdea910f7395e1d450941650a9537046b16393395fbe6fbe871f39df7e0d,3113
1556,272398615,272398615_4.json,bea213d34ff08dd26a6f55a2f95f3e7923a184c189f7c0fb37181d28b489bed0,18500
1557,101559429,101559429_7.json,15112a6f21ddbc55f2e82792806cbf02c72e7d46a29e9caed58b4b85675fefba,4505
1558,10617959,10617959_2.json,03b14ab749751c229df5ba52452ba976ca7859215e4bda9a75f984db50a4fc52,3873
1559,108538904,108538904_0.json,a87218078ab0657ef81e7164bedbd24cf6edd7e29046706d379e2942090c4f60,8286
1560,1387559,1387559_0.json,e8b7b0bcab2af0b8315e9e9758c10c47acd8e5205b3708aa6a856b823296c428,10809
1561,95635499,95635499_61.json,bf4fbb7f5b2689421583bc8686b03b98cb3e40bf75f1bed798136008e24784fd,13520
1562,132811956,132811956_605.json,f892129a954660e2cd63b0d3ae0d40b4312e1a33b535c790382fb14685a2a0ab,4996
1563,47607561,47607561_210.json,391e8e37c8fdc501d14a2391ef8c591491b88a5211ae233b136e7e997e17e912,8503
1564,2282376,2282376_5.json,2ea031e5e425d3c67b5dafa3c5c8a017b25206a05134f3a28917a4ad9d4c3935,5704
1565,78874371,78874371_0.json,c0e3cc3bb3881a26126760b9a7e60f3ef8fb013de4ffcb07a496f8e424c2fedc,16415
1566,2008119,2008119_4.json,9c92bc27b53c1a7e08a1439d3fb10ec242f3c5b8cffb6e0bd3591de70ac5c6a7,3468
1567,2432524,2432524_4.json,e32a4dad2f0d7a3f7b6361a7fa3162c888cfbb50eca4e060b33e66fab66a9588,7086
1568,56258575,56258575_26.json,b60d13d9cc068ca7524caabebdbe1a4928c6f88f316b373d535cc1da7ea8b41d,9341
1569,18907185,18907185_18.json,ae23e15654e23cadfbe067027b6c3d26d3e9e7be25f027cff6daa2b7b9122567,6043
1570,1810897,1810897_0.json,c6f44d7dac9450f6e62da46e336fe3e82083cb84559724b59bdbbcbd782905bd,8705
1571,17994739,17994739_1.json,0c2d18d64069d71c2c94eed2f742dd7c4175f07a54b82bbec5678f80df6b1b54,6181
1572,32848140,32848140_52.json,a8f2755faa9fe09662fa9737599138020839efbaef1f86f2f13691ef875c3c12,10956
1573,159519764,159519764_7.json,71c50d4bf05686eaa48100a4c423a48d9766e3f20786431d7da8fa84ce231a38,12405
1574,26177368,26177368_20.json,0744267509a51f7611911a32f7f352f2b4119469461de82fced269f509d4daaf,5712
1575,101884957,101884957_1.json,eb4bed6aa64c70eb8f048491954b9580ebc2b45eb1a03814e1e2049bdb281f85,7737
1576,128294,128294_1.json,b2d27b4afdd82a758d8cfc0b0205e6155e966eeede474be23205e7b265bfe6e8,2937
1577,23502577,23502577_85.json,9ccec28d7f2dd4d12aae19405b38b6b083781dbc8c9bdafe3aeb8021fcf62fde,15278
1578,54370839,54370839_4.json,e718fdb10af6cbe8ab8663e65f18482558dcc59b0b5397dd46a7b6acd75054ec,14443
1579,47133978,47133978_33.json,c2c274ffe9f9fc0337a97518af613461b7ee3aa5cf78cee6f312180e2fe9c887,13384
1580,32143635,32143635_37.json,cb652d0734e44fce624e0f5670d08be3797586e083c250f4404dcc24883385d1,5798
1581,14105280,14105280_122.json,3486ee65fff2d723020eefed57e9e12e2f1076e8b9e32227b0c34491670dcf0b,10057
1582,14057993,14057993_0.json,c6e0a4f8c7b809d472c82d1e929807678766d8de9e1a7d8785b824a70eab8b86,8069
1583,213825606,213825606_3.json,85a69f60ce3d5a29a8fbf7d733803c602483b8526a7016136e019a13a3b5fd8f,6454
1584,89435838,89435838_1.json,4ced638e36402e5b43bf070f9b8841098c9458ac059f48ec51ad1e5b1750ad9e,9402
1585,67836637,67836637_58.json,639e126bcc46f01d45e5a16b4ac7ff30ca097c609aa2f101bc6686f8f9c2cc66,5854
1586,6358188,6358188_1122.json,61200a2aec9b3edf09d798142ff166c7275d7d4cf75328d7550561d9b5f9bd0a,8671
1587,2125451,2125451_120.json,156f60be6c02fc42d6300086268d037ffe2ea228a2d622bd33f6d9a79a271878,8969
1588,4376619,4376619_5.json,b422a4bc37740c59164ab5a40c8c53ae6ef85795b4d17bac3789a37f5093a7e8,3706
1589,57338026,57338026_217.json,d47f927d236f5ded8d1ee6881fd8b31f19aa79e1ac3cc180ca563727337077f4,7997
1590,40829542,40829542_3.json,e445aafc4742ea2e144e5ee556d8eff1bf9c886f55357d35328bbf3345fc3f36,5149
1591,102596286,102596286_101.json,6dadc69547423d4894df60cfdaab0418321da393ccad0c2dbac5db0e9d5f32b8,8799
1592,51858172,51858172_88.json,4ad53d2bf3618e4cfefe9cca796c9120ae48000b7cc37da9f4a3aef182e9af37,16932
1593,114698912,114698912_0.json,8d5aac0fe85c61777d6a3f8dae3fed5555a25fee114ac3774ca4cc4130c64ea4,4476
1594,52139656,52139656_2.json,dbfba8a8950d7f28d7d8f39e6a31654a045045cf85467558e69f118dba33f67d,3622
1595,116210732,116210732_0.json,2c0e677d65c2981d5f89dfcf2aa7262208b0342e9e85c645beb53fffbebcb184,4497
1596,194776722,194776722_15.json,06140472c19b0b5c1d5f6e3465f4f7700472cea5a95d941330cd52bbb1b9bd87,9223
1597,30008535,30008535_0.json,04a4609e24b4e0761e304af3010bb47b6fe162343a95ae33f13f006c889e7705,28143
1598,233941256,233941256_126.json,5156d00c656ceada0e288f738e20d5c8296dda9dc1b071cb4ff3d0a89d1e84c3,20128
1599,7455819,7455819_30.json,95b9ae0bdea5500c8ca32a74f7649890924471a576b577943ded65e5b965388b,6312
1600,40292501,40292501_0.json,4f04cd311f2a8786f06e8101b85258d4634b8c346ccf75d9f01189735a3ec87a,3324
1601,26036945,26036945_0.json,475687e80ea82aba48750882c314c57567abe89ed7e039c471a9efa8a78f1164,17237
1602,42446819,42446819_0.json,a5dbb460d096452a6671490d2333c13d9ca4916f1b52f1dfa93ee19bffd155a9,13984
1603,48260005,48260005_0.json,63035d54c5eaddec4a1128241523a2dc957bfee983cc78d0e4da54f61f9a9c75,11910
1604,16389681,16389681_4.json,ee19ede7a87dcae3a50fbaaefe7fea81f471c08f3edbf63eed33a3a85a0385a6,13210
1605,4737996,4737996_98.json,ae9ccdb3a31080e5645256daf5eb8db7953db07a9959b40a6ed3ee7eebebe35e,14475
1606,127471055,127471055_122.json,727b358a180a00e36d70a1b465de01fd17f5f2d782eeda5ef4c0f828d401e51f,11568
1607,20087730,20087730_0.json,36b7a92ba6350698e25b98d91b9cdf3cd67e0ca1a400f97ef6628b53f4f9a8a0,3249
1608,14176513,14176513_3.json,aaf1e1ac7ace4dbd1712b48ce70fa836c4a07bbd17da3a26a5cdc25fda6582af,9310
1609,45692123,45692123_0.json,daeb007e27927bb9c484abe79f07bd0f2f0dddadec20e3950c579c5f6ef19a53,3980
1610,5455271,5455271_0.json,952e72eb2215fcf355b7b9b9aa6a07b3c9847e514590cb61b041cb08b61c7371,7603
1611,77196845,77196845_0.json,0940dc22192e5f4120783c65a0fca2a3a8839d03bc7f81ef455f08bc8a6a2f7a,4093
1612,2185113,2185113_6.json,c16fff549c3d176d8c044f7578b6ef2ed904302125456ad1e1994699cc431844,7407
1613,89198062,89198062_19.json,66ab23c6ce7144f718d61fa097a4347ae7931ddec1f731c3bb7dd44860d005ae,17425
1614,34336359,34336359_48.json,46bc088f3e252cd25472b7d7767af86f423404c84885f29267d883c18bee121f,8907
1615,49203125,49203125_0.json,ce4c20119877363d8e1c8620aef5a34bdbc37b563a99507a604562cf254e6f42,11604
1616,4671935,4671935_55.json,7ddb5ba6b9d2e840d1441f69312ee5e9daf69618127381a28a8272febfa7ccf7,11523
1617,100135378,100135378_6.json,1e0de555af2f0973ef79f2d4001866201268672b309932e2dccaa11cce8ad7f7,2657
1618,87840586,87840586_34.json,4a64233e8457200ef6cd88183c4649d3fa46fae5a8b07004463818335af238e9,8778
1619,5455483,5455483_0.json,0dee344ffd7efcefbca3bc9a35274e64bfaf99dd57c6ca51ab7a24296fdbc316,15287
1620,39158944,39158944_3.json,90997af7f6ad5604132cbc7abdae08361e907fc8571653dfd7cbc3d70f11a7e3,8579
1621,136324618,136324618_10.json,e7825fea148c1bb4005547b08bdddead0bd0cec9b1075cdd89ebcad5bae0abc2,5571
1622,38271397,38271397_0.json,5f9946f8b8a47d1d5dda3aa4f9c8b30fabdbf4f3548590c6e6403b34928d6f73,7492
1623,112941183,112941183_28.json,7f1b07f92cb5212847afc1df0a60b6cf39ddf22358bef30de3b18d380c805e88,4748
1624,94637589,94637589_9.json,a1fa429d150abe7ecc1926384c4122219e0d1f9a0c6ec8a18446618ba1018ed2,7416
1625,222455446,222455446_0.json,b3b3f176b389d935bea1d92ec4029932ddf96ff209ca44e0dfcbeb3da877f18c,3709
1626,9090323,9090323_0.json,771e12ca3870253fc068cef0b6827ffbb55c29e261e1798234bdb421a057eeeb,10600
1627,206444,206444_18.json,2d429225e821d0388db68d31ab3eab92e2a3465581e090be3be0ec6f43768227,15832
1628,43569889,43569889_0.json,5ffe2a3f6635c2632733244b7b6979f1ba5e70872ebd1aa96f999e91972756a7,11956
1629,133799133,133799133_7.json,5dd2be6004249e4d18212286c8309f080b33a47cf932fa2e6e2ff01f2ed05083,5466
1630,7959279,7959279_313.json,fdd4b9f0c2db20aec9aad0a78a412f9cf2cbfef6e28ece70ae367ebee442463b,12117
1631,26262349,26262349_18.json,8c339c20ad8d9a3be8f3612e8a0e892cf33d2fa886409026408e5753ddc4ba36,19908
1632,83142122,83142122_3.json,937fcf32a95d3db76efdb9b5c0f3aa9920ce02241f42d409f9f287e574dfbb27,16473
1633,36044977,36044977_12.json,42570a41d3ef9a8cd7e8d0541d4003c467fef87368bb9d31ae3006097fe2c5d1,17311
1634,55814679,55814679_2.json,c58925ea3939d932aac3b99570f712816f75e55266461b4150c5276e380956e1,3679
1635,11198387,11198387_29.json,5b0d695a11ab25de663eb993f57a5ce0bbc697c1e430588e2e19e8ccd969eee8,6906
1636,4265955,4265955_10.json,ccb46413cce2773e04cd56833955a77c2a9e55b916ba1393755cee0bc2dbb5a3,10533
1637,51074108,51074108_8.json,2d29c35072ac137436f40967583d5faa904dff6bfeb8f394c28883689fee302f,24365
1638,10311319,10311319_13.json,e4f8750a2fe50c67e367367833e1a7bc1e130b40fa3df3ba82f972a0d7396197,3170
1639,2497245,2497245_48.json,376c5d026adb37988d53fdd43fa1329b9153cba1e8a9f6a6389001de1d7ca1b5,11061
1640,101477481,101477481_1.json,e71cdf0cacff8daa76c0b9c3e616c4f298d1afeb1e887e222af3015c5692746c,6467
1641,7762720,7762720_9.json,217668401c5037bc229523c5856a5e0b9b38bcb47eaddb8f0d292550023718bf,13973
1642,112424920,112424920_0.json,4f21038eccd50eea8c764c1219b08ab280dd448cab1657cd76c8d6a42eff31b4,3480
1643,13736359,13736359_2.json,1a98ca2aff29aaff2cbbb4cc9dbfe720c7bd18834adfbfc285514e2e9f0c6c2c,11822
1644,23054806,23054806_0.json,9f416411e09240b7fb858f94ce0604623ada9043d9bd77b4b5ad482972f6a342,14908
1645,42032884,42032884_84.json,aae8c09829813967fac2f2caa5b5d478c973dde8c6bb910e5c04dda233adbabc,6579
1646,84427866,84427866_1.json,2f8d0eed838a369a77cdfd97c0cea2936af4c1f34a50202950e177e433b6e464,9492
1647,131759992,131759992_6.json,6496cc89c620958ebec8dd54bf33fde8ce7b70d781493352c3d6008c62c8a584,3772
1648,69459090,69459090_27.json,691ac9db68ad3a7be4c3d26036db988c2269e4b150fb8f5808b656e5cd097a3b,9276
1649,121230866,121230866_1.json,62eee99c77b3405d2cf1477e09bef0140b92b3bbeaf43357376dd4534b182c6f,5346
1650,6488635,6488635_21.json,91dc4a2b802bac3aef94445f8325468df22a80583b287c9c3f803912a45769fd,7476
1651,127518477,127518477_2.json,69c78a4f1a56a8e7c505eb8cc784280d1ab72a0c4f94114f94b882b0c14dac24,15006
1652,181445409,181445409_110.json,a9540dbff3cfd4c3c0a826d216d34898f057cfd3f82b5cfd563fb54b6ec4bff8,10511
1653,104787715,104787715_77.json,64b3e8897b255cf7402ecbcbe1c6963d3e9dfdaf19a1d15c90c2d245704f72d6,13033
1654,37421395,37421395_42.json,f812ca1b4dd54e6adf0e7414fe0bb10f599709f8b186ab587cabb281fc2937c9,4773
1655,18774289,18774289_6.json,248b0c4992d776a01b32a9d8e7083ae9d7a4f1e9351c7a14ee5c45ee50abd0fc,3419
1656,156416177,156416177_128.json,07bb5c99c8741b1af8f9938952e1e3e5375c456455ab5cffd5441de75a06752d,33021
1657,53726669,53726669_38.json,10d8e256ab80819cad8016625320739c17c97e786038c46d039d3fe747a875f0,20500
1658,19270555,19270555_0.json,3df994f57b6cca2f0edd35a59f513a657d01fda0323203865af1008d0d1c98e5,2814
1659,7728562,7728562_0.json,197f02aea33dfbf9650313ad5d823b1acc88c98dacfda605c1b009d1e0af47f8,17307
1660,124938636,124938636_1.json,a871aad993c6306c3fac594fe62d38a8e4a1cd2fe2e1fd57ab1d4fa38dae1b0c,3730
1661,10306448,10306448_0.json,a55a9d0e0bdccbe4afed954c6cfa4b9fc95cdaaaaccc67371f437f314dbb21c7,12009
1662,2139087,2139087_9.json,199e3f5fa741b83768c08cd4632651520ce4f4c2b882a4cc823309355228a18a,3961
1663,107785408,107785408_1.json,924f36e4ce288438f20769d7f43afbe184d6813301d7026d55128fb3a62277d2,4455
1664,11281607,11281607_20.json,5f26d285e0321f5b0315f41c5dcedd2f1911c3c4296b61001f558a425e528ce8,34222
1665,36096924,36096924_24.json,8558cbf74f211b24f3ea096cd4e4ec2e0aeefb14407506c7dceaa8ab5bd68c8c,6054
1666,35627039,35627039_63.json,e8c866feadf4ae69d414ad3c85fb5f1677492f2954b4786ac851852a773c2cd6,14352
1667,168665843,168665843_0.json,1c9171f10f6e0d096940b65401d6068156d5a67a68a6f88d30197e04aece91d9,6421
1668,118866992,118866992_0.json,97b99131ce2888aee002b88ad3627f6422ecffc85848d3c20b604520352ff129,7080
1669,41414120,41414120_5.json,ef915367a3e8af1623948e04ef5d38923ac97470527920a91fae3ac72e898c8e,4758
1670,46223235,46223235_1.json,176a1441c6d7236d534e7d379eb49851e22f39fcb20b02ea5ef2f2a8d8f55a9d,12314
1671,186556620,186556620_10.json,b7b106cc1e52a36b19f5fb5bedba7e95ab9e6c52ddc4a65a5610c3cd0e9d9f23,5560
1672,749137,749137_2.json,5175a007ec02d63adff1aca04ce879fa2b313a362fcab66cabfcdaebbafbe15f,14187
1673,103259097,103259097_3.json,8df10ef4fb2821baa1cc83e6e4b9ffff3f7b1872de58300f80151de685d8bfc5,6682
1674,4256066,4256066_0.json,e8380057165f03d8b8aafd1ff0f36c121388d67d100bf7482a5ac07337e3dbf9,10844
1675,1072630,1072630_3.json,eb9a939525286c7aae2eae4e97b8e87b3a41062d445463ed042954c9ff57f87e,5520
1676,112332641,112332641_0.json,461d96cefa8bba979457593f702e7e58d21a2d4d1ac581c0fcaed76574f96704,27735
1677,67436705,67436705_17.json,68aa18d7d37a5a99b7650b04c3381cde824ceba94ef9aad637c535d7b8f5dfd3,13219
1678,33194850,33194850_11.json,c591e37353f80acf89439071d737fa33ee397d27e261b99b55fb0cbe66becdb2,20200
1679,60773713,60773713_1.json,77596ce9eafe9d4d7c1d226d2d738b61051d02e0c2c14ba68088360e172ecbab,5900
1680,49743270,49743270_9.json,472b7515a3b85d405072243344ed8b54194b75cb5eaa5d0e9e346a09394fcfbd,4949
1681,13590591,13590591_36.json,1d0233200c06cf81ee074c53dffc7073d591ba98f2cba073862d5d97ed0333cb,4620
1682,120961330,120961330_16.json,01663ba2c5d9c8015d253f558230a5195055368831db7937c0a36481014f426a,15607
1683,55164975,55164975_2.json,da92afd697e4a9fe7e5e274d4ec6b6f76a3de16598f1a180ea5f8d0be85da158,7288
1684,28064538,28064538_2.json,e7f9eaa93809ece8c61de11290c356d51e0e906712f5c10f2967afc24234ccc4,14463
1685,41892061,41892061_8.json,41e7c9f3936fbe945ecd4613afd7b8bc1b7af47b7c4705da94e0a14ae0f4eb68,12691
1686,63377572,63377572_3.json,5e9b2d1a5acdc85b4f0c2fd914666640a035d1096354fa406fed4cda0c2c3b37,5892
1687,55954702,55954702_0.json,2b0d3f9e343b928bc2c7079119586fb41b77f27b100b890ee148c6b58cf65125,9438
1688,86269383,86269383_0.json,4900dca69a4468b56175cd7eff5b60a32bc496ab357e15277439eee3692789f9,3708
1689,20356428,20356428_0.json,e45349e23cc47a22fbb272f07e293621c6512474d107d587c48c17907f1aa02c,7479
1690,162657716,162657716_140.json,02fce7f4622df14a7d18c67e0232700053d37d347e8e4e56d0dd2fa9276e27bb,4839
1691,6867673,6867673_122.json,08316ae9868aa5260df4a2a063e87c482f48de28ce2fc4e9df66f9cdbf75591c,20343
1692,10808572,10808572_54.json,8f2390a8606167a9d30f683ad83c96654f06c2efc1121fd51f0c00cc0a624ffd,4812
1693,8794298,8794298_8.json,bb2e49ab800f7792d20940e7cff4965954ce56578777907409490ba733ba6da2,6418
1694,104974693,104974693_155.json,1110d2aec8cf5a2f7dc6530a014e51e6c8937a88ccf5c0dd2567407a76e1302a,10377
1695,108101992,108101992_6.json,b5416a9cad9cb2f691de140c29ccf8987fdcc476b543e13551d2a8768eebf7da,6106
1696,85239682,85239682_66.json,3204ebde9fd888ef078dfd9e227330c1e1e26ac854bbf0b80d7dde74499ad330,5027
1697,8262365,8262365_372.json,019a1e3853a1be2fc94780bee16b4353fd9d57eb9f32f06aad3f9c46d3774a25,29921
1698,8188105,8188105_1.json,53f38607343ae463e62311b2bb992990046f2972f3b955ac7cf7c1b7f4a73d5c,6013
1699,14082560,14082560_4.json,19347fdbf2060d18b33bd699a4d30727d23fe9218e84797a6efc628266c4e9b5,8114
1700,14528678,14528678_14.json,7062d2f1d03cf4054ecc9cb8a7f841a30d696b6d60d49f74d0f98fb15a5e7322,8013
1701,35592576,35592576_99.json,80612d4ead1490a8e8fd9a211cd3eff6310b2106a145c17af4d265884c8e4b7d,13100
1702,105686726,105686726_12.json,df6ccb80c5efcd203fb8532465a0b92e8595a8c63bd2dde5f73d039bee0e810e,5478
1703,153061118,153061118_6.json,db7c185fb135e1726592180008fd1331bd4767af2986512a62c84c0ae7d5bf22,27638
1704,56735986,56735986_6.json,5175f2ea85e850f8c39cca9777a878e67eae4ed43a338e910d8797df13c214ca,8933
1705,19060490,19060490_1.json,74d05522f7e764cb3de976b366b91b837cea57eedb130d1574725a1726442d94,6453
1706,136723677,136723677_3.json,90acf49cfe288c3b157fba40f45dc879ea2bfbfa9bcfe3df26abd037e87d7bb3,4172
1707,105269391,105269391_2.json,75c70e916a030e480fe45074cf6a7de6b293d16748cc3f24c4dce5e6f53253a1,6000
1708,133047162,133047162_1.json,a6cc64cf62c93d3886f4e3da53ab3b2583666879c9edf7cc807689396e2b3240,3900
1709,209630794,209630794_3.json,1b320d3f53c9cea9d7a21da4addee69dfedc8c0614bf6848531b454f4209b3c2,14887
1710,60578004,60578004_129.json,7c7655ff71b274cfc698a3ac28bd24e05a63389b5c16adb50a5ca3be1de57f7f,10055
1711,56678404,56678404_32.json,126dbbbe74e03eeb2c555ea7e37e7f93ce24c26a3609a84c666bf2a91650726f,7398
1712,1307005,1307005_0.json,baa81017da90797523956dd3e70bc789e39c0a42ea8aff0796ffea3794addf76,7936
1713,102614080,102614080_1.json,8bc3e106d9027dca8b5db465e0533062d68e76d335795d6eb5b50ad60b3fba58,6319
1714,22460817,22460817_0.json,9a9aa3ca195e51e00d8b010577987aafecb49c1259b4ad9ddd7d95eb1c01b9f1,4341
1715,199703640,199703640_2.json,ce2dc931ced758017b97c97295362bd1ccae7991ca310df0c97ec534d2a4b7b1,5384
1716,20893538,20893538_9.json,9326aaf7f4348d501371555c56f0ccc47c24c6b17595ec6015b38372bbb3febe,4871
1717,31906424,31906424_4.json,9872a18ac82915a3a26ee523fd149b2a4b6f03b1ba162088479721f7d4a1b6d2,5226
1718,73103312,73103312_7.json,ff33ce717db4653c4e6fdc9528e2a6ee28e81b86f44c07ae2d295a986dc7d785,19564
1719,190209753,190209753_5.json,66426ef312a8911af284f18690a98831b3bec4ead85ff08894e3333e514766bb,4844
1720,40235586,40235586_2.json,61241a664c530248e608cd41f68382eb1f844a9abf50ce740b344a7c6b350244,12262
1721,5551767,5551767_0.json,c09d7468bfd6d6ed42aa0f25f83156f487f02025de2dd31f158c29bd64614257,5680
1722,1100144,1100144_54.json,f01b9746bfa6f238d52846c3432cd88174bbe99dc0d0cec9b451c2619ad58ca5,6274
1723,182454442,182454442_2.json,b432e23c45cfa369525b27a9505b14ef44d7dac2e08feaad16017009614aec5f,16615
1724,122494549,122494549_12.json,1c46353c1cdc387876d1bd8dcde3f4815de5b36e275df6658bdfc6ea7de1de99,6604
1725,82155862,82155862_0.json,05ecb039b586a9fe2e38c1ad85ddf47416993e5b004bc0ab24dc17c45e5a6606,10934
1726,61879415,61879415_81.json,e1b456d37a33c173d81c13227bef026a431b99849c0b2dfac8eb654465414319,10095
1727,178922614,178922614_3.json,27fc8f1cf90856f52fb974109135b1f4f097e3bd339ac31b7b38528ddce23fd4,5369
1728,5171172,5171172_78.json,11305ada41c25543ab9a724d157681e60121882a95f58a73403416670e2e0690,12422
1729,50502309,50502309_1.json,69e44f89b48ef1f39089968da59d16bd2054316ffbcda297165296f7dcc52f5c,4864
1730,52148204,52148204_1.json,36bf2712fb529612531c86a1d8dd393e5bc2c7196b030e4c557c1523192dc92d,4555
1731,103027757,103027757_15.json,ac3e49c27c90143e39589ca3d77fb703d736f6aa8818ccd5983f0ce18b1b498d,9663
1732,185475705,185475705_7.json,8f68427d3188a5301cd3ff3ade97488f8e6021959b9406b46281c1dca6a7eb12,7210
1733,2791813,2791813_52.json,b877a9250163567c1462704e94a6df74703998483a0046af387dc31da589043b,4440
1734,643499,643499_13.json,ecfba3b2fbcfc7778c982432886955fa50cf3ada4129b6a3bf832e75cb52050f,25497
1735,221245123,221245123_7.json,4c84d3f411bb545b7a528d6b277e6693d9efa686630694c5903c8fa60aab045d,7350
1736,5258499,5258499_0.json,bc27e76ab2d79a1f52cf280a9843b268afa9719fa9d3e7e7d9abe6247ad94999,3666
1737,32935745,32935745_359.json,a9514bbf36dc0e6ff2686af1804b4dd15f76518a85e7f4bd45198206cdbdd548,15895
1738,7109191,7109191_9.json,3ac290e25efad078ddafffdee1215236a3c55350f14e6e6f871c948b7e208ce7,8556
1739,44838366,44838366_3.json,29133d73074b1f7f6e487580c71189e98af59dd296fcf22c6d5b9c2ebc7aa95f,3252
1740,159537834,159537834_61.json,2974aa0ec4e9f385ccca79bd2419acc9fb1e572895e5413043c501c6d203786c,5928
1741,1164965,1164965_92.json,770759981c0e2abf95ea8eca9b387abf9487e1ebac707854affd5cb78620c536,6344
1742,199027540,199027540_29.json,12b6966ae74ddc443d3acc8d76f37e6c00cd8f7c46a94a1f3a248e478cbe95fc,6438
1743,19980663,19980663_167.json,31f67c4ca8424f3c7022c4c1ab1bc0d15ea533c981b299ce6a44d17eeadfb5cb,15544
1744,30956938,30956938_13.json,08159695315ecc21bb96e859b2fb4567bf3beca9fe0612ee1a212a236c89c732,12023
1745,40167498,40167498_115.json,3ea5645274ff58253116457a6142f4d161d2d3b1c198daa996d1ad869fd39284,2870
1746,34813674,34813674_12.json,104279767ca95375905a677481fb488bf3b6f6818316cddc5787143d6eefcf50,3459
1747,44293742,44293742_2.json,75785bb8d5398734282c125396785beb51d42ab092cfecb90ff5ebbb65efeaa4,11190
1748,82671449,82671449_2.json,b92cfdf0ce85e1d5e7ce4a9ee1c7b1ce17f2dc9c17c7b9327b4964bf24953449,3005
1749,96480746,96480746_200.json,7caddfbd74e758cbecab362ac4a3a67a20912aff0be16d2903dc83e63ba3d5ef,4600
1750,184035533,184035533_3.json,db6634e7de7d93dfb5b81a94183f29e3f0b188dcfd94a54a005b2e96cf86d74d,5616
1751,219454065,219454065_3.json,5b4040bb61d3a96632241a327595959d487327957cd475ad9ab60c7ca529c17b,7793
1752,38092182,38092182_465.json,00c5e95e587b6da9c619613589b82421bbb66854f52fdcdb0630e1e15e42b94e,16336
1753,2304277,2304277_129.json,f2e259215b744f8df43c1ca71dedbdac88bb6fc59b2f5582ef6f92b9b005a681,8838
1754,66266995,66266995_15.json,6b03e8cc4b10a61549ce0b33a273a75564011b2ac09ee2858747b572e3ba611f,5325
1755,16115996,16115996_4.json,e53e441fa8573dc505562e515a641ade7997686c9e75a692c25bb67a77f6b376,3276
1756,69660791,69660791_3.json,e76c36a0bbc90e55f34018516155f7610df49e6d8835204342c64daf2831e557,3879
1757,23310687,23310687_13.json,af7936c68082905ba64b321808a479433143eba648bbdf086e3a47b5c6da0d4f,10802
1758,98171786,98171786_162.json,89949adcb85e19ac56501e5ebc7bb78bb6da4f62b4af05bc43ea4e6a884fd565,4124
1759,80451996,80451996_45.json,a217e88ec08c2380ecd306f604af18a13cb4861dfdef51fa2e96c2a5ffc22f5a,7186
1760,24765223,24765223_2.json,a6d12365b8109181c72cdb5e4892b7a8617953d83766c0bd43c252b415be95db,6679
1761,20433978,20433978_0.json,18617406ce3e767dade48631cd538b9d8e28396712d9019e709c411f22df1914,12023
1762,7465720,7465720_6.json,999401176e985f73c9d9b4bd6fec07bb7b6b694247fa82174713dadabeb38935,6507
1763,8059194,8059194_2.json,8fdb0f8a8ef4aa8c8157ab8599ca6109fcd06494e163b64274d559b2598181e5,2815
1764,1337797,1337797_1.json,dacf94a8c8d4ebb6ce258b7b2af753bc0803640e32466bf62f558b052977a567,5856
1765,917362,917362_0.json,4f5a0f4b0839f2bbbab3f643f1af078fe3a8301315af78d2afdc0c67b4fb2987,4296
1766,155618699,155618699_132.json,28a239501ea8ea42db4680a5743d96d5f3b8e8b70ee1f520016ae363e852a9df,7588
1767,197277844,197277844_0.json,288f30be10d6442cc648e18cb56cfd3cf3fd5cdad7fcb58e6e0382709ce95ed1,8441
1768,117088815,117088815_18.json,730e545f0bcd74816425435e8ae5a31e85713a3180ee57fe3deab9bc665d2b9e,11681
1769,17194860,17194860_13.json,0d08e11b3e0d8a2cd3539efaa1130fdbc0cb4c088c22ce38c30eddbf0b8bf6f0,4003
1770,43027635,43027635_130.json,ae2d5f49c7feb8b951b2c35ea390e707d2b08943515e6f41b161ff2299419d27,6099
1771,104398040,104398040_192.json,12985943718041544e06203fca4da612e9047ef50815f9c7df50a489b1b42e40,4096
1772,101970978,101970978_57.json,0e5660b66ca14244126e41e60449ce32f70f511a7ba042cff0aab298be6cbaac,24845
1773,163179422,163179422_6.json,e34b825acc01616f2d6e1ae985b1e6474b919f1c9d1851028a5b35096101ecdc,9418
1774,21252787,21252787_146.json,0715370ec8782544fda06d6ca2af8d43b4c99bc211086cb789a8bf8b98cc5ece,6202
1775,73634942,73634942_18.json,f2fd7dcb4d04457c296d2be1e98c2fe7d022f18957f94566704eb6e031046130,8130
1776,4805389,4805389_0.json,cba72c38d637ec442750cc2208f2e02fa476232c8e1146bbf86a085fe238f1d1,2286
1777,552448,552448_13.json,3cfdd180d6137919fcaa96491112013b873e5d4a986050f4585d2805da4509cc,5946
1778,52145597,52145597_4.json,5452a7eff4795f6fbd62beb06dd994dd62e324b82e03fd8c3a8ade0f1c85051e,6337
1779,264503046,264503046_2.json,e398b1379e6cb26566ce4ebb194d92a2e7b7c88f057c55b9c60ad53b2caa94cb,8592
1780,11395286,11395286_7.json,503bf94a53b85a9e4f7d0f9a2ec81739eb709f0b7d29eb134fd34720b0b9a70e,12678
1781,6627230,6627230_1.json,ce8df0a2c7be9d0550c60936ce5e31b265e212114d117867dcecfca782097e9e,4950
1782,90792480,90792480_1.json,9ef2e4459bb17f610d7b0b9ccc047e34051ab736468e068e43cc6ce8917bf313,8240
1783,147522483,147522483_0.json,c18599ebc218c637043fbc5ec728ddecb08d6520c8e64c558663dc296224e647,7106
1784,27207708,27207708_0.json,c8be96611816a732cfe65a443d6a9acce30bc56769df78db7610c4c58b0d6e04,4184
1785,34633211,34633211_3.json,fd4238a00864dbc91339f0375c4b2ef0e17e179e33796db140834c9460dbaa35,8071
1786,200980523,200980523_132.json,2bca5f52d8fa1871cf1f92972b2d86d0d864e99b9b6582278a7b555d8563ac58,3333
1787,208270825,208270825_15.json,407142cf21a59ab29f80a9b74760f42cc77373ee5085b1ff17c7032f0244e108,6082
1788,53940095,53940095_74.json,50a8ae8a3142956cb61fae504b39f14ddf7fafc9d8b304bf46eb4a6c5ff1cf69,14475
1789,23972840,23972840_3.json,b23036b7ab3a228a400611902b79825b4849bb8c13b25fa76958b9ced868c8df,9328
1790,72735946,72735946_0.json,7347632e004a96903891827234fcdbd71e959113c844aa65cd827dc244c8a655,2633
1791,16900555,16900555_16.json,5186c73e84f6026e35a2a9061ac448c92fcac45584f4f559a311a4f52c5b0493,5560
1792,41324285,41324285_13.json,70d1e5c0ea3cb524664bb2e3eb6c40b18bf905e81888f55c40a28a5338fe02fe,9709
1793,45644056,45644056_17.json,299ea4b4450664198bf99cd3406573a56913381a64e333caced06eeabb60e352,4836
1794,139898859,139898859_38.json,61f5ab804d8d0fa425dd33aba8d69a87c4d1ef62d66592e068fd2cc68a4e8722,6401
1795,33385755,33385755_15.json,fc8d7dbc78556bd3e159279ebd52f9e372b155e811f547b6ddba259a04f99b50,9289
1796,9617158,9617158_9.json,30103cd311f13ede2b1563c3391920a1a372f98f331bd09df54a8c6bac21dc7b,4415
1797,195077933,195077933_10.json,b5648a13e3785af46e0e3c679b90c14e4cc4e4566f3ca6d571dec0d86bb8c40c,19049
1798,124201472,124201472_0.json,014ce44267875eff5fc08757774698118450a8e16c0196e06dee845743aec408,7875
1799,119583553,119583553_2.json,827d91be91c1755c029b0985e7cf42f4fb4d32480e23d6df82de77e5999120f1,4361
1800,38716513,38716513_7.json,012c59945afc751335399b4fa87594c80ffddc8100969110a022745e2c04c299,3839
1801,150573009,150573009_1.json,3c65b3f2121498c06347b03e441b93c4a701e5cad461bb0bd2e5cf37376bd033,7672
1802,58223375,58223375_13.json,201033ad25b6a5adcb36ad73732ac63fc4d8dc5361a618489e3d1763d4ea2f54,13953
1803,56342300,56342300_1.json,cd24f1a08ed75fdd71e717c4f717f014112d1ff36ba5a0b920ce9ec915936ae6,10704
1804,2588654,2588654_35.json,615c5fd36197fc37052355c05cd939412a6fe9298fa70fad5a5eb8bbde94a351,7525
1805,189734293,189734293_0.json,5fee9101493ed41bd94fbc32cfadcf31fe9d6023b33a676f9d761589198ef2c4,4119
1806,5674787,5674787_289.json,522c7d6446e84fe4d00f0461dc6453776f0a83990d21425428465f27295c3658,30966
1807,15374337,15374337_16.json,5f1b8eb50ec3cf5f39d9a9905b61c95b693327b222518e51b245f0ac1060cfaf,13130
1808,1025574,1025574_3.json,ae02ef319e2d2fd0408768be5842da56257a5004daaabb734ba234d0f9f91b33,8557
1809,38743792,38743792_99.json,c6b6382d4a4c71bee1fb270b27a3c18db3d58f7e8fc92c2b6b9d88223c2ddcd1,8845
1810,14581444,14581444_240.json,5c8961ff850e9b25643e6365d9c748705a989140c5164e5f9a3a6f919858d2fb,10310
1811,72580689,72580689_10.json,6f6712cedf7e94c87374634f6b9dda9c15b7d10c3be246d2c346fa8828290394,30961
1812,93973957,93973957_0.json,4760dfd35a1ac813843e838cab71c564e70db7001fa84c4b6100ae320ec7da0c,9268
1813,54082630,54082630_198.json,5db93d0b83274ae7d521f1371ef639aebafff349e58076b062d8c81c24c63b8e,9541
1814,256297959,256297959_0.json,5e2fca77052fa6215de8ee01a2690f3d38c3b99c4ac45392811256df1e4da8b5,9772
1815,46368934,46368934_78.json,13b14270e8ab6fe52eb9c58f6c0c6c9304f536975735cd608ac6655def1f9d30,7112
1816,992971,992971_0.json,adb457089ae96ea6797bdde3c4a17f453cfb7030af8e3cc65c7609c70cdceed4,9682
1817,122078259,122078259_11.json,8785a99f04d2f7297e8344f94d67c0152df82a67c9d3059e648c12ca3cd9989f,8339
1818,76634121,76634121_113.json,2793d8ec396fea9cec6bc726406977bb55ca944aa192c272a9a92948989fefbd,21177
1819,24041094,24041094_29.json,54b6ab5df46983a86955c8cfd35cab401ec4411c18fe7857d4e8c36d26bfbd7e,19098
1820,18693684,18693684_12.json,5108d5143ef5e2d5d848e7017ad5330dfd46b48fd47be2f2d9ccd825592bede3,4828
1821,261970003,261970003_2.json,37d64c3a50e7c96855a12facaf8d2b3cdd9cfb8ae7b8d39fb605d47ae376ff05,7379
1822,40189580,40189580_3.json,ebd72cce4047dc56c1e4692979ba651adb4d00c0fabd7c4a309dcf5599c67a3c,9042
1823,24005183,24005183_0.json,7a2fd47e7ff10c61bd953e5b9fbec30241139eb6f12d9627f0573c86d614cfe5,3274
1824,125110164,125110164_0.json,3bf98a75e9503f61441a3143971e2bea8d9d3df6de40b88b5ae2c9cdb5bd9942,11417
1825,8599516,8599516_1.json,1e93056fb9f7f9b77e1bea263aa919d98a466121d065fc35162832dd6308fccc,7304
1826,15472368,15472368_1.json,a488505bd7479b1f7238821fc26fe5c0a5351620278e52908b03aa79a742b565,14431
1827,84506236,84506236_3.json,31f3e0afd4cee7aa7e87c9c40ba1ede135dbaa377eb2a77734d5b9ee915c0065,20571
1828,47850278,47850278_5.json,7244fa0d284abad48eaeaf7a37100766b48077687f01b2d49e44ff3f34819361,4385
1829,5380818,5380818_69.json,fb9b556def456ed21415f711e1b511ccdc8c4fd21e75347ba7e3a3c5ffcda018,3447
1830,1913648,1913648_2.json,514188c6ed1ebffbf2a303fde1d3a9021424994734f6b02feb63260910b1c439,16075
1831,81002077,81002077_113.json,ab896a16cc92dd6ff3aaa065fdd1272c441e8ff548ef54d4b5ad4970c95eb586,5697
1832,231519592,231519592_1.json,35bb0a0359d540bb6fd13e4515bf16b728ade008664e444bc1f2bad6e956085c,3720
1833,23254327,23254327_1.json,e12e874568247f7c3368440f724f6df8070dcc8b25f60b4b4e5a0fea13d536e5,9206
1834,40753051,40753051_111.json,c6931153b161752646d81152956b7f2b8f827bb63f0b57ad3e5c894f62d163db,5383
1835,181683494,181683494_110.json,b6f0f1a2fdafe7a1bd9b53e844cd92792f7da35a41fde6e8cae87f1ee6605d07,16239
1836,15695680,15695680_0.json,a6c00a5a3b30249114ee1860d2b23122df928bb891751dd29edf8f716d72b62b,5814
1837,9545480,9545480_12.json,25f10a728ba0f15f0b3858d21a50a3094119e9a16535e734cceb441ad4b4594e,16096
1838,163795687,163795687_27.json,a8494ead84e707064323385e0dafaa31771cd856efd7f1e8f76e5c2ef18b48ad,6572
1839,22835310,22835310_21.json,9c72f0c434d0ab11a60d557ebcbfd3c7288e7b63aef33f921929d1efe4ff6310,9048
1840,141896179,141896179_24.json,4d0b9817acc64516add87f1c0d69bf6d892222442a16d6fd5da6d63b0403a8bb,3823
1841,11254311,11254311_856.json,53ce8a8e9d9450fe0ef0d4693395c12ee881a212eb483a835a6490392399fe12,17839
1842,29480568,29480568_1925.json,bde1a81567897075b12f481bad0b72216a9d6b96481239eb55c5a5adb130529e,15582
1843,21636061,21636061_1.json,a0d490bc2022ac744b7e108a36eabc37ebf71a94d3ffa943ff8f461d5298619c,8821
1844,54976745,54976745_131.json,83170dc747e61c4c84de86852c9050ace8aa4736ad0fd1bd801be7860dd3f6d4,8418
1845,2474070,2474070_1.json,1f75a1c2082487bf270acb518d9b2c3ec2817dbe2dfc368f24c80c5279f08e83,2895
1846,134143184,134143184_410.json,2f2a20286fd5583f2faba74d67e09e1aba6882be9c3d3e866ec91456bfccd8af,18918
1847,56533838,56533838_1.json,3b728ee8919a2b14ccab2dca59269eaa8d917be0e7dbf6acf68bd93e642f48cd,8894
1848,8771890,8771890_13.json,a237b2da21568d2ce842609e50ec974fa230b933d1fe1c4baa9d3e92bfdf1143,8853
1849,188534881,188534881_3.json,b159bb62b5e99aa981c63d4fa5900a8a97b58f504ba113c8afa6094c9a56e85a,5151
1850,67904710,67904710_82.json,f738f9e4827bd86a1b7399391b22e72ea7103079cb4ade342fddd4fc50c4b110,3577
1851,37817790,37817790_10.json,f00a477c7263b0fbdb3ce5a642e36fcf671c191ea930c409c65ac7e1e9c1c2fc,3187
1852,80043676,80043676_148.json,e070a641db3a7a12737d75b78e4bd76d1ecb1b0141371ed1a5b70794baa07e4e,25770
1853,151435201,151435201_35.json,2d7fb6c310ab095cd4f51909b90cd9cd4ffac73b791d4c130f51387f5b217899,6681
1854,19810546,19810546_0.json,9b8fb77953799aa2e51f6a3de2a8d33b328518db8ee3f79b59b421232e2efa67,5467
1855,112291646,112291646_0.json,5dd02bd067b8872dbb522a520c19a6efde46a2cd3ace69177d2d700fc004c229,2657
1856,14660359,14660359_1.json,18efcf5da0e956b7d12554facef5a6d8b1afa28fd874ed497a0821f262654b4b,4725
1857,253269900,253269900_165.json,892cd88756e354009b8b42575cac0b7f1347e8ea9c7c4faa7e7aa1b5ce714b99,14395
1858,113585452,113585452_7.json,1a9826583da995a6ae0f5932aac97fec0fb6a0373f9c480b9446d4473c2686fa,10866
1859,157290915,157290915_7.json,ba130e7d7bc4679764d8ce1cedc6639dc0bb8577afee6d1b8e95dc3624eb5635,14794
1860,68626098,68626098_1.json,88eab7ffb1c8d0aa93d2c851be9763a66d627a05d44ebfb6ae688f7305f00570,3290
1861,64304762,64304762_1.json,fdd4f495c32af2989904a7b8ea3cd371e5b9907fc71bb03b5e94a195354bd710,8726
1862,44944683,44944683_0.json,9365618e9865badac78a85e3b60ce00b77e9ec347c8545a1d2ebc1b814a3faf1,2853
1863,4001968,4001968_1.json,09d6eabee0ab2d8c5f5d71aa35efe609dfdf08f9ff4938d127186e4263625649,5202
1864,96970120,96970120_25.json,c2908ddc2539c5921932fadc1ce99d1a971ba8f9c17699f8c8366ba2826ad348,7662
1865,3175956,3175956_0.json,b6f151217b46810f628dcc5a2885621fc36392c08eebbec0970e63bb87756c3b,2517
1866,79723681,79723681_0.json,10780b10fa8ada0725a0d5883828e92f37320b90101389ab7ebec75cd8f21a54,3909
1867,51451752,51451752_1.json,bbf7d575a9bfc9d3a50df961e624c5d45a8a72dc48b5f5ccbf8d60a84c84ddff,8718
1868,49018474,49018474_2.json,252c34a6643ccb08d4cc0872c1b64c6d29a23b6b6aa3938bebb7e14de9bb5e48,3374
1869,23257998,23257998_1.json,5eb8eb082b45b49f75a60b9e21df164f7fc7a372006903001351a24a48111818,2656
1870,11384368,11384368_56.json,172525e4c87bfebda8971580328c1f49aa5b2f3279096730adcc516c9d7c1a27,8939
1871,45705189,45705189_0.json,e806a0f20dab9b5973eeb95442e780b4abe90c7a1b43989c69cd01eee8882396,6531
1872,41633076,41633076_0.json,f7c93f8a0d7d64bdc54cdf52feeaf8cfb0750e6a9c9cad46a0bfe1a847e6fc06,7960
1873,138907954,138907954_6.json,33f3757d8f505852de1266fa028b0feda78429be2cb6a448e365362daaeb23c6,4634
1874,54905500,54905500_31.json,f827ee6cd395ae0b90c536dbb843a94e33c2fa84f32aac4f15d1453e6b5c130a,7082
1875,24049909,24049909_0.json,3d9fe581c7c0c2eecadf1ffb71ba3394703df4178d0e370aff408f382cc35cb3,7590
1876,27824737,27824737_0.json,87aa5f181c8bdac8960c9cf068309d47d8b6e3143143eeb2b6f5507c7380891f,8436
1877,102415104,102415104_3.json,00f0659d898f04303424aa69ef2757cc0a88eb9996b5c734aefe5bbd92d98a59,5511
1878,16037437,16037437_0.json,c3fc8fdf0c8e7d20cd15edd86d0b627a3b89a323badeedc02b9506bda3a4d97d,9871
1879,8595333,8595333_7.json,d17a60a1499f67ddb73e548e873550359a51e8e45a98976e5d4384b3e80a28df,7668
1880,129712230,129712230_3.json,61b7280facf71b9896682d921b2ad6cf22a5401bc60791853e3cf4f2e90019a1,4111
1881,26259891,26259891_16.json,58c42471246e46c9cdfb692f5cab2e5b6e11f7d9a5a55a04f4459f03aeec39af,7820
1882,16189524,16189524_19.json,a7d3cf61bd1282d498ef49eaa6b59a4052a7c48a51a2db0ac90624e3fc00c352,8394
1883,49445030,49445030_0.json,2f02e7ef5ad9f6bca7c5f2f5c75215087a1f44f1f580fd0ab2d993396c9445ec,5878
1884,89617755,89617755_56.json,b1736dd636fe81f648680763313ff3d2dd1707db6ff96112350b6ec63083f1d5,15502
1885,58463769,58463769_0.json,1eaae4dce1426946e6a8c3b78540cf544772e4a3a1aeda27ad417a817e528434,5706
1886,3720150,3720150_6.json,bdbb3e7b72aa028396164cdcb683a06187e6eac60919f3e6e39be09b7b008c1d,13380
1887,16404471,16404471_6.json,7127fa801a208b21043d90803ed4fe084a492d719684bda407c8f55fccb1021a,4488
1888,95081481,95081481_550.json,418f3c7bd590d1af065acdc9fdf8c84c203e98722584ab9d243e328b5a127234,27595
1889,65245890,65245890_10.json,a2e9e9d06fd4b84fc9f11ebff7a649e07c7f07b894a7ec90687ca8a2c5ac601d,13922
1890,64257587,64257587_14.json,df097169f0a51c5e2bec24f24063516eb1f5556cab6b311bf1c4c9fd1761b450,52422
1891,834344,834344_79.json,4bebca4279cf36936f415e4ab886866b492f33c61d7a4ea425742f58490504c0,11231
1892,6405716,6405716_26.json,2c838442c2386ea11063605123b88e860decf55cc86ad180be626ff2e80fee53,2292
1893,58181287,58181287_3.json,5dcd5848349f70361751bef6d86aae4f535fbca75814cfb5c2dc39e26e5939e7,8349
1894,166629127,166629127_0.json,33cd2863e7c19ef08c5f38de0e6c2629750e32bc07069bdb4099c263798a1cb4,5943
1895,34138670,34138670_0.json,073a1b84b5c7a50eaa34271235e56faa8adddd20c03d8ff3f444d03d90271b1a,4069
1896,151258081,151258081_137.json,5161bd0e27e95decc91ac88ece6f4ed07dfc7314ccb80c5ae04a5bd352c56257,6532
1897,94459145,94459145_3.json,b97b56bb5dbb189cc7b1711715efaaca8f5233e5ceb4318338b0279967a06108,18919
1898,93307435,93307435_0.json,099071d99679a837cd8b61edb372a0a2ff1902020875e9083cd446d5b7215893,3769
1899,23878754,23878754_5.json,f232b41f7ccd3e4adc43ff006f61707f9ab0ed923462bd001ed96327451278f0,5321
1900,13867926,13867926_12.json,a4f3f30428b1d1bd90a7806ae08d31c141818c567948cbcba5c624cbd53b9528,3553
1901,129493743,129493743_0.json,8362abc9c761a2bbca0df1a902c2e1e77b35590b6f70197fedd29a244b3733c4,5832
1902,16425010,16425010_9.json,657b68794d40fe1a5aa77c9c9376e8a6cc6078be14d903134f0139d28cfd2ec5,8553
1903,37632768,37632768_0.json,e37f6c93c8b2a7ee0f18d02da65f4e68a3ec975a1f8e6c5a1ab48806d5a34b2c,4669
1904,69400326,69400326_291.json,6af0c15fd4fba403cf0a4a91716c988c4721282ec128ef8ae96637cb33dd25ea,8935
1905,94646544,94646544_49.json,bf72317c33a6757255fd8a46594f237870f4a800a845c9d47831ae1b09baa35a,7015
1906,947990,947990_1.json,a1aecb7370792cd61efb278153cb6372f2eeebe79c18bd935abf8a098513cfee,6152
1907,3894929,3894929_71.json,c8f4264db65dd0107cb3d0ab94880c79dbbfe1e59718835d18af98bc7777ad2a,3582
1908,5734199,5734199_8.json,3a5eb5bfb89beb64348d6628cd3e2c40b6503abc7cf01cf277ba7bec4ee4f74d,5275
1909,60979397,60979397_7.json,0ea6e862593db28016e1f876c6f638e2532a63aa02645ceb79cf4fb0d138d220,7024
1910,54650297,54650297_46.json,656cd8b2e60ba617876fa917473a1794fcb9b12c52160cce08204ef316f4d385,5499
1911,168419532,168419532_5.json,d2dbdd88814e915d414d7e5096c32165c214ed0c179b25f395580ef3e1e304a5,2542
1912,1024699,1024699_30.json,402e16a9b678a938ccbaac920d19366b84bd661c62be507081ebb18c87cae054,3773
1913,131678192,131678192_0.json,ff52e8789f721aa732f7ef494a00ff0f3730fdc6e83836232a1aa541523d5905,5148
1914,18203743,18203743_0.json,a0fc404c9a488098098b0424a2ef281b7f7d8b2658934b8f04b8fa0e60df3689,10537
1915,129769092,129769092_170.json,7b6655c8ead885c90d28a10aeffb695f76a7f05909898634b86284b6697a17e0,17958
1916,8091481,8091481_5.json,0f0a9085bf4eaa4c72982bca73ccebc5b35517242862b42e1a256dab6bf7a17a,5780
1917,64314375,64314375_56.json,de7db860e5e10db2a965141f083636020aedf06e6f1d4c8227ba8adb523629b7,5270
1918,4327427,4327427_1.json,8289d4e25e54169de7d1073898dda396efccf86c12923e420e44acf1b0988fce,5087
1919,19482426,19482426_3.json,7bc004ff355f4901caa3a45d0ccbeaf795ddeca78eba22c676cade69af9f550c,4717
1920,23062279,23062279_644.json,480057d8c1c981ec134f6cfb829ecfea98e99f8de614645b9cc244b48d67f8f9,9750
1921,18111614,18111614_6.json,566fa520a50832bd6b793d658ce8e9da32cbd4d27ebd1ceafb47dbf2853cdea6,2488
1922,6493570,6493570_1.json,7649f63bc22ead967455593dd0e44d9d20161e8305c093d39407a981ab6b92a0,7085
1923,920690,920690_1.json,dc5f819242a6cb926431a726116b7719e0dfe5727681a38f70bed1550cc192b9,5097
1924,4026983,4026983_0.json,f49ffd2220c3a6b4bbfd1070a4ff2677472b46efbff26fd48e970a70997569b5,11203
1925,8426406,8426406_630.json,5f6f89f19dfb778d0104ca60f39761632c8943449b69b06409a6a793f2f6c593,7465
1926,11178914,11178914_7.json,9c84bd4387db6bb8ca2edbc356b06ece1eef687140b5d301f2f87fa1d5e51264,10938
1927,103989411,103989411_4.json,a9fe78243ac9bae06009eb4e2dde06c6ce688ea78e7687f58aebf3d40d57ed36,3961
1928,7220231,7220231_0.json,e7eeeaf79e99d141ede7420d44668771965fd1611bc814d01a30003d3f785d8c,14685
1929,55768282,55768282_1.json,38ab497e88877db24a1b5dd821fcf5c18d16e16c43c0e82d9c09c3879534dbd7,11993
1930,5874016,5874016_5.json,31f71c812f965b246726d3523e532ccd3a8e453328b506c29057fe340e69c975,6919
1931,23771701,23771701_0.json,16a421ef3f3da23e03925049802adafa8b09306a8701c65282bf527a6c70c71f,5810
1932,72740687,72740687_51.json,62b82574d68b45b224b91f7a0f63a62529b76ba7f8746c5daadb895a45ddb6eb,8145
1933,40998919,40998919_16.json,dcdba8787196b0d5c79848cd9b404b5b1237961cb52d10ade8dab4e3cc7d1121,4502
1934,113554956,113554956_1.json,04cb988a57c8b6184b3673ebd256f214246d87d0cdd27ec7c992c6b9787182cd,2340
1935,75873961,75873961_0.json,abaf023b3194f5924160e6d3239cb99d94c96e467c3f7d1723110562ecc3969c,2975
1936,139729058,139729058_23.json,abdc68388dadc6c40d6cc575fb4d8fa23155837377a4cd0ba00adcb2dd884a22,4603
1937,43357646,43357646_1.json,43949d9470b146a6952aaead342e5bfad369b077001bdf4c72d43d6101d5faf8,10466
1938,39381014,39381014_7.json,b2898432756b27f0a77044c5ec1223b3155e1379755bf50dcbc020a733c2d76e,6848
1939,36812061,36812061_0.json,cd148734316b98086b5d4c339442adee2111903563caed4ba17aab9faf56c14e,6613
1940,20746753,20746753_10.json,a6690e20ee9092961350411f2d99df0a14dc66040a5477de214ad152d79f386d,5830
1941,33821709,33821709_0.json,b6fe004bc9b0db29ea03371b4c97c5a2660ca2752db408ba7ecf12ffe753b7b7,6292
1942,24224646,24224646_5.json,4bbd65b7e3cc81a5a09e7932fda8edcd1727f816a11eb512929b4cfa42a9fb43,4572
1943,8759133,8759133_5.json,b9fb36ab0b542e90366fc87c2f6deb2af3e27ea749f52ea875f20b0eb668273f,7029
1944,90226261,90226261_0.json,5d9120656e7116d1aba108de718c2b2d551c80d5e8bed3a5ebc3431719682a3c,4238
1945,93642073,93642073_7.json,fe2cf67ffa58a9d665fb56840167b4ceca37e88c7e0cbed471234d1e59070fa3,5890
1946,88201676,88201676_0.json,a38c1436205c330591f1514e1bdb099fb4905779fc10bd906c5fb44574727212,6179
1947,86871676,86871676_4.json,87b035acbfcda71b189261804f0922363279b49d9ae43a624fb5b418a54deb14,9738
1948,1839196,1839196_2.json,eb244a812ac24e0eaad3ef74396a1f361cd5b019ce4d017c00d40c6120c8d6ae,5170
1949,27764873,27764873_5.json,b7863eaffe2af617920bd57d660f3f450a89f55a8795a5c3903c7b10cfc8e54e,12196
1950,97664518,97664518_3.json,d345e098245905535ad204ad87b9ef27f04eeda219d61e75300dc71972e35d94,3388
1951,5372003,5372003_5.json,8c0e3f8b66de7e838bc202b89dc8aff154838b89a75551e4f64e612d7aa1f1eb,10669
1952,10144081,10144081_94.json,61ab16bec30f3bfe3aaa870bf6b9bf39dd980e1741a747cd206156588bdcfac8,5501
1953,15841047,15841047_48.json,6ed13bdc212cefc6114b3efc6b37bf8c8b4edee67df8d4de348788b4a30526f1,12141
1954,25712818,25712818_7.json,044dcadb292037ed590e74058c06fd4ff4aaffcf20bcf2848856db843bab3443,3812
1955,42572544,42572544_1.json,031f586e69964547ebbe72652a97c5027d17d35ba9adaf918774ce6dbcbd4af4,5632
1956,150673713,150673713_17.json,97e6ec1298876111fa49717d54a0195c474993df75cff9349b9c1d5e5624ae9f,5142
1957,78556475,78556475_2.json,6fa8227d7c1f8100cdda6becc548d8c8dcf1e93e96b6c463bf3071f2262478ee,60552
1958,53088165,53088165_1.json,9f3c0ce8997bba0460e49964d2f1066976709ed51936cff0852ecdef9253d931,6703
1959,206364,206364_16.json,22fac839c160628c31a351ca5acf31f65ddb66cbb6861b233b9796f1c35d4273,10887
1960,2117797,2117797_102.json,e36dffcc515c7a594f3a293c2f79acf9624a7c378d4cd83abbd3b361a1348826,6409
1961,9754983,9754983_83.json,cc8e9383f474529bcf81611eb88bc77daa73a1e502b03b6fccf1301b556ee14e,16612
1962,78016530,78016530_1.json,9040a5b65cd97a456ed7f530bea6c768200084ac65f23f6ad47cb6182e5a5f74,16575
1963,29034817,29034817_60.json,74f88220491ca8679b151ced0cbd1aa725c5d4d0abb4315ea1470226e36b3993,9343
1964,89412712,89412712_70.json,c7b0e799966efd1e1a6f931efeb50f66300fd3f5b3a8e20dee4165b7ba776bb0,65642
1965,129699491,129699491_23.json,9b5b424e7059fb7ace7ca9cafa586edb6aed12860c82d7d346fb51523c9c34c4,6372
1966,100361171,100361171_11.json,e6b6f17002399de9555ffe6b1c8f77e62ef78514a61b9434ad9aa1c0a4f0d112,9251
1967,161629108,161629108_28.json,9144cec73c7335bd80713b3b89711192e269fc29eeb7f76e6930d3400b447ff1,9210
1968,30806608,30806608_0.json,5c13b2ff1bf1facd6ff7ea1b0306062e96d34f906387bf11e2f3348b64787d9e,12871
1969,20498194,20498194_1.json,817e7702fc860751ad58980fa6f440d60fe3631dd0180a49baef18f41ed5ed34,12040
1970,260172508,260172508_2.json,16337068af2e4807400403faf195fcab41e6a96da4cd681c56fe1d46d0fcf4e8,11840
1971,91496363,91496363_0.json,3c103ef0dfa840769a7be5cd1262e0f0bc4d732dfd170677029629017f6916b5,10254
1972,22824768,22824768_18.json,80db8065bc50a5d3397b8aa3c83e474d6ae638375c7f8ac0dfdf520f9b995870,16524
1973,3742298,3742298_4.json,eef7e80513230aa5866d3e0a28fa859f68f4b60bdf8777dc02717d37544783d6,12028
1974,486214,486214_1.json,d9a37b38f75cf1fcaa8dd056c60c5b74a20a4b195e8e9ac07ef828938f6fdcad,4260
1975,67013967,67013967_1.json,3246d62c82add65f1b9c1665df55b3c244bb122ff2d9d7dd3b87c089de386efa,5669
1976,120761297,120761297_7.json,6e9f593afaa4a96310ac67c207f5dbe1b241075cda60cfa74800031f8ae16af0,3912
1977,6278839,6278839_0.json,e41f457164148d78cb10958f82b074d098fd875f94d98ef37492ebc1d1d601d4,8001
1978,199491032,199491032_1.json,fdbf9d840317430e7437e9768664a51c5fff49fe54dfc690130c7bd6136aeb90,14725
1979,17959600,17959600_7.json,3c17e7b022e41a631495d9b31f46768fefac39c58b06fb262fcd4d49a50d2484,9939
1980,32794630,32794630_6.json,54bcba2dbbe78df1a4872ebb93ffaaca08c2eaa86837b8aa841575a1e3279aba,36629
1981,24811435,24811435_6.json,e7e19d929ed2d13f63c3405018b90380a849a887f54a6048c838a2fb66531072,5131
1982,3513191,3513191_102.json,a3b7b8981b32fd7bd4a00dbe6e4ee15e700ab942b714992c0a906b56aa6bd261,6709
1983,1579900,1579900_0.json,0693ec037367e90bb7939fbd5cbceb332c3b5bdec2638e38ce69075aa8fc30b1,10244
1984,68648922,68648922_2.json,43465272067f464383e4f98e75a4d7c45617e9c716132ce3a08f2c537a07ce1f,7035
1985,33403291,33403291_0.json,daf02f4816e61875d2a68f37fad42df3cd867242be106936dc9cbf1069ba599c,6709
1986,5487921,5487921_10.json,18f40f598757d111bd97da359f19d15baa344a19d0d72e633a3a0024becf183c,6695
1987,29603649,29603649_73.json,85660794e337ccce658312acf2ca6f279df323772145703119dddba199a5ab06,5201
1988,96845301,96845301_1.json,c42294bcb8e3372a28dd93b7ce191afcd4bd49aee419f2fe20390c8a599e43f6,8267
1989,26136655,26136655_64.json,59597c8bb940b9a816245254fa4d71f54876d3f7ea8e0aa4cf6892206d53baab,18895
1990,358370,358370_7.json,8d6712b642d8bc38182affb90382489672a4b4348976ca8485970739ac9c8dd0,5456
1991,81649451,81649451_1.json,abaf2aae19f7dc83c4537f075bd6800965a77272b70b071ff35ef868c781a89b,5444
1992,90881605,90881605_0.json,efec6b4eac4aad56e7ef7de2339c4f86bcf0f49a86ad34030b00128cb51ad182,5617
1993,80605895,80605895_4.json,1e1a1fbd2355cfeb367915001bb845268040ccf5cb2d2543f3a37bb6182e7842,5684
1994,105995602,105995602_7.json,6e944d3078482075ccbec7666d577fc25fefb1edfa366f55d5efdd9f9264cc21,12137
1995,54478052,54478052_8.json,cc5aa41b9b71c0a880a88438668c77831a5747279117432ce998bc74e0638669,9458
1996,5706983,5706983_5.json,6b2bf1b5f4388b31bef19a1ddd0411c113823ad13bbd8d59988fd09d3114b1c9,4760
1997,21500212,21500212_0.json,85e0debf19b8cc2a20c413458dbc8537acb8fffaf525130d259e759cb5f2a2a1,12290
1998,2647335,2647335_0.json,bddbec8a758b227be1a549ce8c29ee32710a7102809503e0bc932be4b77c9c40,3748
1999,82477856,82477856_0.json,3456786c2274d6a730c3a462f11a908f56481ed48287c75dcf5bf36060db540e,5312
2000,106416016,106416016_3.json,8cc51d30a5aef7289f5dd3dd01259f7ef4c94cc19dfe5c007017b1c92ad7e307,3942
2001,100600744,100600744_1.json,1381af71ab43454f30da20a41d52f9f9dc37be285e4f7870a57e742d5800d85d,3896
2002,235577942,235577942_376.json,383d4606812561771b0e0c07cc8f523b3c420a12f03c6b491a10ddf5659177fe,6961
2003,75939912,75939912_0.json,0472baf0d779f8517ef5d8633005528b0714e4615657717cae232b8632c2be94,4840
2004,23292541,23292541_0.json,4a8de1cb9e996ea8814a3ba904a3dc9bd977eced8a6858d4961c2fa7edbf0171,1818
2005,5073742,5073742_40.json,b97588fd4324bf9af35efa70dae14a391a7e8bb2d94078fd856f568916f0120b,3109
2006,32634272,32634272_5.json,32b451c6de2b7115411a88bf372bd66214d336132707a9d4c77568ab5dcf07d9,9095
2007,97570753,97570753_0.json,e85868d95af357d398a282fd36ba4d759fd59b05f21aa336a61d207baa7351d7,6262
2008,38321655,38321655_23.json,6ac140b9a5e8ca5ee1bf595a31c44a5fe9b94c9213522a1d1c4c039434d01038,7889
2009,26125896,26125896_7.json,2e46651407f1cd502be8a0f4ca2eb12a50dcd87592aade633f6bba3f11175132,7296
2010,82179206,82179206_57.json,b9e275dfe71addabbcd9969753aa556a2275008b0de7ff1b3cc4b3cbec963419,10501
2011,75165297,75165297_57.json,8454ead392d26b152a7eb00d7c04e5127d99f0c67c5bcddf847553f00f29c33f,74077
2012,2562371,2562371_14.json,f7b7c0d5afa007c7494426ae8c5844032c54af9466455794779fd4361edf25d4,2795
2013,35486799,35486799_0.json,28d23ba7ec8dbb12311a1aa3b8b2ee0459a45ce2a028c39099fe49508efbb203,4752
2014,57194230,57194230_0.json,022dbfd65acc90f616a9fd72afd8eea1606f538623219295a294fec31f7b715f,5332
2015,20426356,20426356_0.json,c6e8e49b11f251f394834b8ef09a852df678416418dafb89dc18ca06da3ab3b6,4781
2016,51357073,51357073_35.json,6267fcb3a95fff456860afdd99a9a54d43e82953edf86b007c7da2ebbbfaccda,4442
2017,45991588,45991588_0.json,b2bdb2875956db8b73ef480460b6de8b6a42203ac1da332ffaaa2e14bc4fcc66,1925
2018,10837431,10837431_9.json,200fe807fbf95069f5908cb937851f3f55c44cce6af80f9a9b8975286d0e2a76,8932
2019,77831813,77831813_5.json,301f27daa8dfec8ec630569510aa1368963a25d657c662c2402ae0dee9eabcce,3166
2020,49979053,49979053_4.json,4bc487367dacbb6aebcabff62e4b3e6784fb00244d0dc137ff3f5c750f9650a3,5968
2021,40970642,40970642_1.json,26135c3b12870cb7e6c1f754332573e9330b06acbd87dbdb29941135de60a73a,3170
2022,205407,205407_48.json,2380154704a70cc3e3c21f2bce7b2ac1421709f6fff6484511d3efac7a46f09c,4320
2023,184477043,184477043_1.json,a4bed4b533d61fb3fbd3f77f6fb8d37fc071c466b0a9a7ec93bc096347ba33d9,6324
2024,160219599,160219599_4.json,db4ab407c3126793821599f0197b1d7c43792b6f8c170e2e87bf24b95a243945,11830
2025,255633533,255633533_14.json,314ec46dc8230d91459f78944b0474f69b8b715310b4944a00f9e8c8b01f285c,5764
2026,9685461,9685461_13.json,f1547cc4d72fa6ffaf114aea09ee99de150ef71a145d2019dd12db31e83b4d33,16146
2027,119921993,119921993_3.json,623f8cc11863964ed3a1c518df44d8a98e3febd811c5927f7161cdca03d474c8,7061
2028,11857228,11857228_12.json,a769a33926f1467e4f81d3512fba7b7c5e385ccf3bbfe84b51eb8df32b7b36cd,6773
2029,136938960,136938960_0.json,9c1503f2132a395d786f60c17e99d96f889340ac20d52110390538d5c333d28e,20861
2030,157848372,157848372_39.json,b384bf24943398c99d06484f349264a16585fc1c748a2d195ded1b20806ce290,10105
2031,39198986,39198986_0.json,2a2552f872de403a6f3283f15527ddb9e17a61821e00c8ab1fe5b0e6265ae822,4434
2032,44411821,44411821_16.json,bf86f40a30042c150d47c92aa53aebb1231a1d5862a91623d08e4a918bc5dcff,7577
2033,77859095,77859095_23.json,0cc51327e26470f337589801035b09416d270da16da28052bb5751b722747440,3926
2034,20555659,20555659_1.json,631b62523ac6e83b146549157902678d56576dd9b265bb226e132da997f65175,17081
2035,34217961,34217961_0.json,127d7cb8611541c71e639670607ddda2a850d342f927f401ae9317db2623bd3a,6502
2036,1724015,1724015_5.json,5cea85b233a04107930d1fa582bdc69b2831c29dd940b5b83694a16554e61686,6345
2037,72816730,72816730_9.json,ed1d3765b329f55fb83c4517de18ec179999af7735237fc938f4ee4fa0b043e2,8859
2038,14718267,14718267_30.json,b1cc40cdade9fed55634aeac7f9c12a95bd379130ca00ee6259f7d88dce8f35c,8311
2039,26027834,26027834_1.json,df3399523342d4939651e787f1c93e9090988bda15f99e6edfbcd92cbb7092e0,18564
2040,3726486,3726486_9.json,38bd56f9198b76084bc16c3c5f66124899616f59a599adc696481a2a9b5aec36,9228
2041,3206489,3206489_1.json,1382789ca089c9fd68a19f0a9c5be2d498618dd4e68697449427bcca1b8a5eed,9259
2042,117256380,117256380_0.json,e7a31bb049955e175d29f44e6d8800f1f726296139312ad9723aec5298615831,2866
2043,50677285,50677285_7.json,70f88a3f7c136c42d90b172fa08023bfdbd11bd6a4f1c4db653a6367536d44b5,3874
2044,37151000,37151000_0.json,6b4b9bc12404290be11b248776101046830ee8fb2b86e73894cd571ac20a1017,3765
2045,31368772,31368772_39.json,f0839c987fa0f16c94b4a05361ad4100a0f3a20a6add32a066f3903177f9baaa,5532
2046,53823931,53823931_0.json,8b7ea69b35724d547a0bdb88f082ce9153235dc45071aa7dfb03254c7cfa1764,6175
2047,33368284,33368284_1.json,80b3b214157aefafc9f6b2eaa581440ff5b135d4a8df1871d600f5a76af37f0f,7288
2048,17537838,17537838_2.json,8fa7ca57404e75b642a7de46825cb0749efb35619f5905af5574cf9548be5313,4964
2049,92945138,92945138_10.json,8e98a2128ad40de0151ff30c6c6d85281a14ede27a523cc5f2bc6d6668c6d904,4017
2050,625665,625665_0.json,4ae56aeeb0de86c3f887ef03725b69faa8010f154615ca6c9117efaa1c411040,14872
2051,13036109,13036109_11.json,4119402d795ee9b78c0ce5d0f89edf5e4d95c7fdb2b0ee9a4ad7489ef66a3495,12374
2052,70584705,70584705_4.json,443f8b81c360a106b47c9da9e38dd77ff574cd9e15e1ea24121ee19751973c56,10626
2053,5455474,5455474_0.json,ddc93ead0ca40b2ed385f795eaba25106ade5be919b35c200f5da2b3196fe6ae,25693
2054,195192171,195192171_1.json,4274cc7711f47de4812b333a3943184bf795f28ff9528141072a98968ea27201,3642
2055,3337772,3337772_315.json,f08ff65723a5e5cadcd162228b9f104c604acd34b10a3deefb4413d41f4bbf30,56083
2056,22342877,22342877_56.json,4d9efd5a1fc71a217b7b48fd9e963be7a2f9486f06d8e4bc1651fae2904ea55f,8287
2057,43142077,43142077_1.json,2b43a9b229227f456d198bb10775c38d50fa83829a0dd857853c83737c7d2d05,2898
2058,3937364,3937364_10.json,f97c2fb9252078716d572f8e7c75bb20433ab1012ba1c87247f966e1efad1ede,14457
2059,198222234,198222234_146.json,588fd96781713c1de1fca36d07c7b2f0895a46fe9b7467b01199bc83c006f7fb,6694
2060,84190084,84190084_7.json,da250fb9182e1b3b854364e92f9c950aa8157cff979fb805089e98a298a377ae,8525
2061,38152816,38152816_7.json,7746fba5f1a138ec234339e00c30502313a062a853341adf4ab67a5700cf5075,8045
2062,119080111,119080111_105.json,04ec4033a80f51de2a7789697147fb2a618dd0ca138def0665c98517c5eb0b23,5250
2063,148886237,148886237_186.json,3c91ce597125bde4981bd8c571e23ed00b567806326875a4bf12f8b91d5b4359,13734
2064,14173210,14173210_20.json,0945bf8de043cfa122ab4e44f3154ac0a682b1cae118aa94ae804464f426bc09,3760
2065,22882266,22882266_41.json,d3a71e78441213fe92a119687a00696c24a32a6f5283518003522cdf8f83ea78,17800
2066,68590674,68590674_0.json,4a3c6b493118ec00cceb6860c9c6b351953d83279bb88d5eb4d8040b45b7d1dc,24608
2067,899555,899555_51.json,e28afcfbedbdb35fb7097ed0dbe7a3281d391a55d16c3bf678c934098587a88a,5156
2068,26072381,26072381_7.json,02f970ec7b1f885b15f57b834f94fff033cd64a8e62c210eb1f38b5dc4ee2a79,23900
2069,35617147,35617147_7.json,3a823f6a2525888aba03dc31bf353eb6a37292fd69ed167c2e415fa07d275963,5030
2070,2389245,2389245_15.json,6b7461659c0dbc77946b38df2ac1a07ce90ca4b8d6536ca83cfe131e17612a1f,7443
2071,121473558,121473558_16.json,3872c368bee85169a7579c47ad8ad2e88aaba70f1f17ccea0a94ff00e8ca64db,4916
2072,184471389,184471389_25.json,3da906c633874824be5929b5eb1da658543896d8f10f5dc249b63fae906d8a1e,7532
2073,7403873,7403873_31.json,d149c9cea48dbb49800462c31c4c62b1c11ea1622808c7093086f072933da4bd,12309
2074,79730209,79730209_5.json,5159a48258a8aa14e0bb672d7aa573b2bdaca4d437b3afa909bd8963c6a70955,42407
2075,88711981,88711981_508.json,2c7d3e88bdf72e1aa8440807beb93f66e43a17d0531ce3a6a8918077a8c656de,14834
2076,2155500,2155500_0.json,da43909f1fe35698e8b56dd7c23a286c4ca8221f93796fa5d0919df6bb8fc287,5069
2077,25032213,25032213_23.json,75ba5ea5028bec0c13e08fb7ec0234fb387cc94dfc79711514a22e80511dfa8f,10513
2078,62373731,62373731_25.json,690e095839fccc0f87b6fd188ed62e411aa7ad9c1a908dc0fcceeac372b2a7aa,23786
2079,35640235,35640235_1.json,e25d30e22f6fb26d5268a122b206796df3dfdbe29a5832107ad210bcbc62823d,5120
2080,166602376,166602376_3.json,1145e48e888ec36cc2017d20ff9d0d3f1e19b3f515739cde831c47c222de666a,14513
2081,28214426,28214426_0.json,c22fb373f587dab419b81dfadf2ffd38b7ac64ab625a0e60d8db5e589d2313b6,8459
2082,148614148,148614148_0.json,3ef7dcc817506cf2450e43bb24eedb534de8153ac20eab049d538468ea5b5c30,6459
2083,108854086,108854086_14.json,a3a99c0405805238535c753932aa62d3c6bc84486fc3bcf0f8da1b1287c06a1d,6377
2084,20076963,20076963_0.json,03fe3ca0cf983f891eba02ea51bfd4ef41b31f29550173713af283b2c8b028c4,27414
2085,3706353,3706353_2.json,1f065fabae0a9ef4b3b630204beb015f2b6a894f707abc6a1c8bf433a028db64,9640
2086,1886360,1886360_38.json,12b2ef71d08a507744cdd6c974137a55bc724850b174cb8a539ec816a143aa49,10408
2087,232712706,232712706_10.json,8f571f39b6fb3ff33fbc9e2748d7a1a82f76825c184989200701c2f49a9d78e4,7661
2088,185170825,185170825_0.json,922dabe1cf6b47e1fec4c012154ca05c45b4872380dfb8772e7521970e793c61,6042
2089,76028699,76028699_0.json,c42e6a5ddc69c50f1a676c0bbc0cf87c3c6f728363a2cff1de55256d8b73dee0,8118
2090,84838073,84838073_0.json,bac3540b09a1c01c8be6e6293ba385c33bbdf7e5627fe3c51008aa0ef11f9105,7869
2091,135369996,135369996_4.json,74d4102fd9fa45cd713544399c5527976e75f7a19eb777a1b0d804f689ee0523,5700
2092,5194874,5194874_14.json,8dc6508a6fb3f5260672c95f00171a131ac2547e155bc420b93d1b861d00da89,7251
2093,73282380,73282380_0.json,f42af71b778700dc7cf06b410f4e2f8cf67ac685a6bd51cb9f91d8ce3fcfdb6c,4755
2094,86535963,86535963_4.json,c2d6950751204ed0151d22e6e7573c75093e6abde13a7fde177bb5dad6550261,5713
2095,8575948,8575948_156.json,b889b1cad5baea1742718e2490aea6fa2d24ecd295817454a3a2d09399dbffc5,2516
2096,183646665,183646665_0.json,ec677840da6e34e7312371dbeac9e9edd45aa7aa97744bfd1d1ce6848f5f2139,6319
2097,47840491,47840491_1.json,d36fb4915cda148c0abb33ac2261a488b7801601ebcec944257d0259059a5bdb,3974
2098,21089070,21089070_4.json,826116c94335b3d51511f001740f4f9d5753c3f11ecc59bc4898391d42a7bd55,6728
2099,93951167,93951167_19.json,0756f2deee37a8383a6f7a7151206b527e01b5695493077bb2b629f652171ff5,6599
2100,235957092,235957092_0.json,8d1786fedbca5a34968eac7a972c13221e15cd85aa68d8e392762b5e14ffaba8,6367
2101,26727748,26727748_4.json,4fddce8df6d56458cf2fe7afd757c07c17fc750652b2dee2eb24fe7b0c5e36dd,5833
2102,17971138,17971138_138.json,1968332b09666e0336430278c973e9a518de17dfde052df7c0e394082fe2444c,6987
2103,5455458,5455458_14.json,f5f408d01d0910b3a8d2b1751b4542fbb38eed3178535da45a7321a53f4ef57d,5352
2104,15042909,15042909_0.json,d5551e01ba7aa94b21f9722dfcc00ce66e0846706e82579756540f7d19cab204,4779
2105,99034741,99034741_44.json,de0ca4f978cca2a1e2ddf471f919f48ef1ee15f6156e0ce6c3d19ca2d6d89707,5454
2106,1860892,1860892_4.json,f8dd0d3b299513bc3619d1aad84a8b7fbcff12c68462922a2f8d8eeaf5a536de,6064
2107,71171131,71171131_2.json,e9db35fe2720b33b6ae07849ea7883ca47eb748ee98e9573c2d013b80663b2fa,13602
2108,45011586,45011586_1.json,2f7b80dba02826cb66be7ec69e97439ee77b4a587cdafdc1e98ed01510613bc2,45817
2109,143926791,143926791_46.json,2cb2f2c64902d194501362e014f1ae843bfaac670394f4aa7761ff19d41b5d39,8227
2110,3352045,3352045_14.json,527c30b8453616c2fecee857d5a23e8423283e7b3911b41ee79b458a919338cc,10440
2111,15729898,15729898_5.json,3bd6617430e3db4c089c81fae7bf3ea7443539162ce8fd2324d03b7444b867de,6156
2112,11217397,11217397_2.json,824eb81d038bc5ac6baf84519ae6f3cc5d294fdfbd5b6022baf1014887845ac3,3421
2113,39091281,39091281_52.json,4495c01971f850ed3017dcf874a4ebcab5ac7b5cacd25be64e967d6eda6adfb1,12711
2114,129118555,129118555_3.json,57fc63555c855efe61b928edff56950b96a3231f9f4b7898106a928cc2a2242a,6339
2115,16687794,16687794_32.json,165b414b9ee4fa28c7ec05cfdebab9bc0ca6ae6aa8229705817c8af0285df8f7,10955
2116,23466307,23466307_59.json,ab932577bbe60c37c9297fecf91109644d7e0e9900e7f4e391a03248d801d716,4049
2117,39477878,39477878_5.json,2feefd0d62e917c8ffc7ab0c616e746d701b5d673032f53561f1d874397398e8,9090
2118,7908045,7908045_0.json,98b55678f4b20a73dbbd617415736829a1f81f2b76ac978ac77f8bd7fae61e11,5570
2119,192009782,192009782_2.json,4cf4336264576329ef0d7c1a4701fbfa634774e777174a519c623948cb1654e2,21750
2120,22256861,22256861_130.json,daf88e57cd1257c075d12e3f12f25ac297ee9afd2bbe03e6b8d178c75aae818f,28055
2121,4233818,4233818_5.json,6054d67438e906d44cd3f5cbc82806fa60622eadcd85254de60d21a62c99ff45,2263
2122,10277647,10277647_1.json,ba27e68c40af36828c29ea8af2b8e122c8c29ae5b326cc914f3b35a50e4337e3,7361
2123,259639325,259639325_49.json,3282adb521a78c29c78ead86b69e69338ec44001ae433d2ae47041cbd7306874,6935
2124,149647886,149647886_1.json,778f7a1e7c1814699d73fd245c684a3ed91d5bd2a6ad72607e64dc80f09b3d2b,7194
2125,169802047,169802047_13.json,9b59056573b159b3325787c49e0e9cfcd6e86af7c5fd8ba337e7893354395bd0,5661
2126,16294920,16294920_20.json,6598bcb0b4b7bf74c4724b0430dc2ac015a77eab6c500aca8df50531c630b186,6362
2127,86651310,86651310_1.json,7ae64c62b97e066097ff697c1ab23b7dc54635b913f5e6be5e3176cc88a90e72,5163
2128,55576588,55576588_20.json,be851c44de0f34355977b2ae48bbd541d0356003b2ba0d189c5082e7304453c8,11111
2129,138123418,138123418_40.json,1b76a26c2063346d28adf339bffce3b3548c785fe55231151d19c8540e5ca103,8373
2130,2144321,2144321_7.json,9e3d59357388f42a828efbe545df80b5a557d84d9612bfe986f6c24a5a69cfa6,4692
2131,912291,912291_5.json,257ebb58ad44e5a1f3c86fdf58c1f24b2b4fece6663e7955134f9026c6a054e3,93212
2132,9812178,9812178_129.json,a117fdcf7dada57a781f05685be84ceab6adfbd3302bbaf66ca9f3275259b288,15279
2133,7337208,7337208_2.json,b52ac4b9bb2f4ea5ce2ca812766420633e866f9aa5bf9fbcc224d6e472964a65,6172
2134,151583278,151583278_2.json,d21f2f0c53b39aefac3d55090b625fb8a043b1d0b2f3ddd1e1f6e496d60f3620,5790
2135,9327416,9327416_426.json,57623ca86fe286a815c4853c76b111ec9edb30e22baad03bacc05ccea8e023b3,4870
2136,161169958,161169958_4.json,7d1c922da0b3ddb2a5f894d21f4accac48b37ee6aab3e1bcd315a934cedb0d89,7311
2137,149780295,149780295_33.json,52211671c8c1199d9b7daf48f25cf3a31219372a4f7e06b5290897cca0dfe167,1748
2138,29898124,29898124_17.json,b56086589dddc4b17e8d0dbabb680a04fc6ab521dd62b040bc555e8ac6a0e723,6660
2139,188857939,188857939_1.json,269218599909fb7932338d185eff020a86e11a1b9b8a2376b36b60d9611e2901,4172
2140,213353848,213353848_23.json,0897058c6080bcc704854fefda36e3ee70600942a1f8c4d46cc455dd9bf86827,8883
2141,97291552,97291552_75.json,9cca12d45791912b87f024bde418b27108555e075539ce5e8143881ebc08fa26,5585
2142,5426789,5426789_13.json,494789b99991fc1634308a7ab4c37f73c08d11c7a932f24c8ccd141981556b82,6511
2143,41047231,41047231_3.json,b60938df4f8f74762e832a8782d2a1f209d5972713a846045202f1f3a5c2889c,5768
2144,20236504,20236504_0.json,0a6d9e1c4d3056ea95146438519d69a67632c1df85efe02173240261a644cc7e,12434
2145,134457882,134457882_1.json,f290b346c1cb4ea546ce18dacc8281cab5b84dc96031c183250dd05bf723379b,5740
2146,16058167,16058167_22.json,3a75f05ca665991d43be9fca7c88f1c855da7513676f6dac422303e4c1f9a4e6,10716
2147,182082980,182082980_2.json,df0cffd03e5d39c72d64c4dc6f803795692e007532930ced7ff9fec5da107559,6461
2148,43140254,43140254_0.json,e007b60c8473174dcb23c30adabb183758845230ab07204b02f4ce4b0d2f15ad,8675
2149,87432809,87432809_16.json,33d8df44f7c89cc4c4b7f73e6b82c9b3f01e517e93c563f7f0c00d5bc80a59a0,4575
2150,142037766,142037766_6.json,1cc7305d11b7cb6ae0a440128a4d521b05d263cded60c7d2141bb42629aca13d,4028
2151,30567918,30567918_12.json,a5bbc925c4f19ea150a24f4cc5eb7cc7a9227058d8de5df8a84eb04ab0b84e1d,4165
2152,1076094,1076094_96.json,16bf33685032b16ded18e6aff61104efa3a54b555e970e5cd7f8268016805715,11269
2153,64565477,64565477_11.json,417ba6ed6330ddc96f150177800f169f8a8ece7e7f5c12999aeb878ea6647854,6123
2154,14109623,14109623_3.json,d76430c94b7b545ff37bb2bf6226a4f12d8a33fc71115ec314eb5a385ed4b828,3278
2155,109644809,109644809_1.json,3f17624937ed50c951bde434f708dbf468d5c9b6afd057de619f0a4ab1ac94e9,13302
2156,179849363,179849363_11.json,141d6fb5ceccad7de51ae835ca7289f547c20b0c7662e21463ef465d03e47240,8126
2157,186642789,186642789_2.json,0574f04d49ed8913e476ca90005f9295a5a5148203270b161b4b4f293e5c52f6,4476
2158,10264172,10264172_22.json,f4014723fcf8d764abb4e59bccfff4735e1cc3d401d651696c100ac0afd91784,2347
2159,112437215,112437215_2.json,7d0dfb3bc03501599c41b408211916c8126edd3b7cdf9f25050c39733bcaf2c8,5500
2160,27098387,27098387_2.json,99d65def90a790ae963592db610a8d3a9240b76009d29fffd9668d44e1901df4,4439
2161,88962042,88962042_74.json,637db71a5979c53845564d01cd135167bf407d67b21e483dfb303c1e8f4a7e5f,26703
2162,1350993,1350993_0.json,9e246868c2936dd4fb9e54a0b87667d94fe2047e4197d36ef971029bfc3b79d3,3518
2163,132248956,132248956_0.json,eee018da8f5c2441e3f250733817f2c9f07593ad1396e6f4160ab575e3732ead,6319
2164,106371845,106371845_6.json,e011d521e0fc4a7256d4ca15f00fde3f79f90df74688e44ad81c08b5631cb052,4674
2165,65158020,65158020_27.json,7ad7d720ad29d89a45a67ecf360521628dee1fc87c4ff60131de8ab4e66588f3,3626
2166,16569959,16569959_6.json,c43d635685e082c081b525e9aa827a5cb0ab2ce8be0f611f46464fa581cb97a5,70302
2167,72736755,72736755_0.json,a21a58e7de54034aac6a766bf56a66db6d1cc3649469a351c51eb9ce28dd4165,3933
2168,11367662,11367662_2.json,a8cffece9d4b5b9fc296e6f077d9a4a0763819bf5328a98e2d132ef582650192,7470
2169,4159017,4159017_150.json,b63d55064abde845d013110716d05edd2291b231489b05f9f8d0712436b0cdd5,12468
2170,133025905,133025905_1.json,d4d555a81b4b511dd8e57c7ead321512bbbb51d1b73c132ceb37463af4cd0b19,10272
2171,73733927,73733927_2.json,0101c308bd9eebf58def392758f37ae264e8fa5167f0da21e8a1e6f44c945f4d,2857
2172,88274548,88274548_0.json,74112f8be5a9e3d1ca1139bff796c166b264db3ee4ce40d111fb0c15e8220495,6166
2173,57461213,57461213_60.json,356c49314ac5530b5aee101a5cb4a9e60a58f411638ecfe66645156df85d24e6,17987
2174,24556876,24556876_1.json,9a05da6a918e4e349f49690078b6963aec7b21e7f0a2bfaf0ce724b76d2b6b35,3633
2175,28835543,28835543_1.json,b059aa478ef16ad7b0d8ec17bfb25136ce99c24332582ca837bdd33ce5526356,3790
2176,1107344,1107344_0.json,2ea0a09961ab67953207f6d2d14ebbeda2ffc7225c69cf6396215df90548e102,4718
2177,241224534,241224534_0.json,78823bd13acd76c61f1f22269eb7d3e2a11802ecd716686c0c7c2d32d230b82d,7464
2178,8497273,8497273_0.json,4f2432261875fec1f1ffc6532748c148612ae8686bf1a83dc1c6fe19b491fe38,7825
2179,64751214,64751214_4.json,30048900f978375d0296657b15dd0b8ff5709021bbc9eb4f37bedb62da76a247,4644
2180,127820537,127820537_2.json,0004b2e1277d78a175eacabb5988cf0045f0b84165f25a26e8657531b6fc7f57,5804
2181,166387176,166387176_95.json,d9c89e29398664724a3225c20ec1d3182db68e5c552ea0618a5959aa8b86bc83,10854
2182,5455433,5455433_8.json,f9f71a13e7867e5aac46294d2e62adf598bcfd97f85a55bf26ebdb74521537f1,4442
2183,180317496,180317496_1.json,d66497f2fd5342ad2c38823dfa59225584a15056c471aeb80a8e9c6ac67e2b22,5166
2184,160239455,160239455_1.json,4cbe871e21fe6e2d6d8e18dd278d4ec2020022279a6d0f5d697a054064cfbd9a,4372
2185,93714543,93714543_39.json,5fda9f5f3a256949c018c1a3bcdbd1c6e54817bdd4058c0ef9e08e18a0cd1354,5441
2186,204463745,204463745_34.json,676e61086a0e6135f725b879c5e13ae151d28fd869d2d12c4eb608b22cb14eb3,11477
2187,118768968,118768968_1.json,151af82cc3cb0232218edb211d79c595f1370b5cd20a33f8099411a19321add0,8098
2188,9431801,9431801_0.json,704760d7e8ddf5cd725d2e3505ef9718f7228f7b3b21537193eb73bb68a6b5cb,3302
2189,133340671,133340671_137.json,f0bf5d1b4d61adb8495a8948a9552a1c3f755cd55c8d38e329eceb898871dfe7,4490
2190,82809641,82809641_2.json,da90e4605e5e3bce1e75b8f0c12c7020d0a55490a6d27c54e7040e71b2a18bf3,7398
2191,19308274,19308274_3.json,b601825871970880aad8e4405157d0a67ecfb6e8a88ae36e39419f932910662a,14547
2192,47182929,47182929_0.json,c49e9ae7fe7a099de27833161e1dd149ae667c2e936b8a3e4c159b35481acbba,3711
2193,201050057,201050057_2.json,c29f180a12601a3cd42ad8731474381b094d4fbc61cf38d874a3a6bdd8ad6937,3785
2194,6434628,6434628_15.json,0ee337f876e2ef3b55fe9c1f697058d5e5d7e902068b58641c360cb4f2e27123,4079
2195,28776939,28776939_134.json,03a6f93a04f498b44e1a546c220d23d096e07b3437a900a5057ef61fe689b869,8190
2196,9721255,9721255_33.json,b9769706da647a4120819089704a1b8c40975fa1400fc46e8bf402ed1e16e705,28252
2197,1511246,1511246_8.json,b64e37dad60f0b1da849431c6552ba2b7aa66cbc16040a959c7f549e0313f373,6617
2198,3756907,3756907_2.json,a723806ddb5cbf28b5d4077d7049e868861e7a658dab463d3dbf03cd1b964de8,5990
2199,6489406,6489406_33.json,61d9e2cd159dd326e4ab4a84c4d5d09f32e6e750da80e3f558e215959526d393,9681
2200,103962048,103962048_4.json,963593ec2f8eef0dea88e54eb7d149edfc78efffae16f35d260304b42c3bd39b,7793
2201,36725014,36725014_31.json,3443aa34ed712b49171ab8f1a5d1d7b8c9783bcdccc0d46b43a02d6ff63a75f2,4659
2202,100366560,100366560_65.json,732541e0e7960ce1925df81e0a0fa73466f0eabf4c59d96962aac27dd61aeb26,3928
2203,38781549,38781549_27.json,7f583b78aa6275fb46bb16ace6a442a60b203a8f05463fdfa4cd58c72721baa0,24071
2204,3149437,3149437_0.json,16bdc2a11f52340c8e18bc2f6e327cfc1cf6a3eac0392c223449ab410e8bc38e,9851
2205,30175591,30175591_0.json,251b54ce854c5d7ba49722a625ae14f28e612834d502166681d7606e96289310,12816
2206,50999206,50999206_0.json,352c252cd32d8b9c9ebb9a7cb89e7ee4fdf09a377f5936bbfc70b021e51373fe,10466
2207,68661482,68661482_2.json,9f6ad7e28b068401d438d9152fc73073ad9e7897153a3a7db907599234f00039,17486
2208,5243160,5243160_2.json,8b3b45cd7f6eb2c301bd3f431138870f7a789a07b1571b7c0acb5b33c289ea15,4944
2209,11286308,11286308_17.json,c718783df60b6ee0eb60d07be545b9e627d0c64b995c7dae5209b43c223d6ec6,8766
2210,169045197,169045197_7.json,5a47ebdf5b333e19df91749cdde93841205d3b4349693fe6334fb6ef20784503,6445
2211,1089149,1089149_21.json,ad0d2a4861931a64f0f40f2ea9066e563a86842fbcc9a7cb8b5247fa8959bade,8680
2212,11383343,11383343_1.json,f1f70e9126664e374a56a6543812f83e57ada21a5680b4c01dcf016ef7b04ebf,4708
2213,1338456,1338456_1.json,c7896d726308abae9fa5a010fa2c87a4dddb1720ae22fc0f6865f9fd5482efff,6564
2214,132171799,132171799_1.json,c99349c87e60475e7ef456d9cac1502d63fc1341a12054fba4ac09c5147b5970,4604
2215,2572668,2572668_2.json,fb63a061c55a5235701c5a7c121209127e23b18079ac02e95ecd5bcb34749b26,4519
2216,72586987,72586987_6.json,ab540d89569d097f88f38c1666c6e55634d5883ad961fbc8b720d49aa141662a,7908
2217,34044469,34044469_0.json,0bbdd594b11933fd9501a888d6c73d68ce1ff0228bed3dc633863c883053ea0f,19965
2218,4368907,4368907_2.json,6e9cbdf53378fefa9b1ba5f63e10d627b0fc49b48b8ecc2bc7eeb1423bce7313,4232
2219,41152339,41152339_21.json,e056ef7fa1b24259c47cf4aae6188cc8244cffa2291cf3f8e93dde65f5422390,11461
2220,67114675,67114675_28.json,aaca462a6021288b1cfa6e8334e5b068cb98c92780473aafa7204061904ec938,14269
2221,57064024,57064024_0.json,2a8a73bebb286015901fcc66ef76fe2719e02948bb174dbf467d87e17445e72e,7997
2222,82427374,82427374_43.json,9846ab990f48ae934a0e10b0378f265fec021a1179da8b8a87be44e9cceea72d,2926
2223,23095954,23095954_10.json,3bd22f254dea7fc6c7cd708f7f31c95da32035f1289ae8ed50f56b6d9c4148b8,3879
2224,1484463,1484463_5.json,655cf987e34a39adedb757e08facb64b985d52bb1b9734db3dd5bca01f9c52a0,8845
2225,1081751,1081751_16.json,121f3ee78075989e7d8f021b5c6837a60865c7f6febcbc5a0b7fa974ecbbde58,9351
2226,167492840,167492840_4.json,77195280045c0b2808fdbd0775d0fec200217ecdd95e1fe559df62152fd1baa2,8960
2227,181322928,181322928_0.json,ce21fc631f1dc11e86390e4aee7870cdc42e09755f24611ae31aa8ca84d8bbae,5569
2228,96831864,96831864_11.json,ca25346fc4fa33acc8f06ba217cffed26fdedf171f130419039a8952bc85f3b0,7319
2229,4744588,4744588_2.json,d46907bea6b06efa87c981c7e84f2c926144717be97a3d0b8040abb34cf191df,10542
2230,58914927,58914927_0.json,112e8d014fc3718bcd0540780ccb9a8cd3a3aa070fef58c6cd8c01cd082506f5,13642
2231,46804199,46804199_31.json,dab346e15b1f94a1ddb973b0e0751b043ef6f912cc02b02e4f750314378ab1d9,8287
2232,1592475,1592475_3.json,bb6eb2bd77d96bf2558faabfda921c5a39435f0eba1ae4f7f561dacea20ceaf8,9116
2233,29888015,29888015_9.json,fc57906e965fdac5af4d8df66d986272adf4f07a0242bcc044bf8b8e84d722f7,2748
2234,131202949,131202949_173.json,a16845885e37e9c60f1708aeffd9dd54de8c494fdca0f57305a8cee71a4f8075,21437
2235,14960307,14960307_215.json,b34afb30653f606916fecae599507f3c652f09c75aeb3f5b4bac3adffc181892,9863
2236,50950973,50950973_5.json,bd7fac329f9a6831b6bc70b1bbd40a4272b9857e7cab402709b3d086cb339eca,19332
2237,5710819,5710819_3.json,5bce1039ef8e5dcc6f8f380196caf0ba8cc15d033efd69b11bb0c2f064952301,12602
2238,15566188,15566188_15.json,7be311c03f8d85cd2d5f74f01c933ee94bbeb954ee918f29186f95433f542d45,9086
2239,2180960,2180960_1.json,ea71cb9629ef4717bf7761bf69641043ae15a567dae6e5aa5ce729e38c299aa8,7736
2240,31561391,31561391_46.json,4084a06bd7e00f872f0684f13e2a309a5add60311cf2af387eb4efab2ca45342,7372
2241,12768312,12768312_0.json,1bb0a00e41880411695b538ed7214b5d49d9e2c7334f82fa5c49db608792b498,6358
2242,47502698,47502698_10.json,30c4425924303084d9cf4def5db377abc5bdc8beca2bd0a5bdf08b6a13a4a705,3037
2243,3817774,3817774_0.json,476c2e48b267ce3e76a60884355900fa7005eabbba4d0c81d03ba33520d9ef20,5066
2244,44934002,44934002_2.json,da097b92df44179dfd2857808c8e527ef03b08e3cebaef803052bf64e5994965,2028
2245,111090962,111090962_2.json,b0e41f94d415f3d5ac8c2bc4986becc66133047bd512d66ad54084e2da468d6d,4168
2246,118198720,118198720_0.json,e07c6777e9964d2a04bbea5d377a5493a83af98b098612ca09b07630f1ef890a,4063
2247,141671109,141671109_219.json,4073c83a0ef08e4673314d8de3450984c7ad183cb97bc11200de2748e57577fa,7176
2248,24580061,24580061_15.json,9f9652c3fc43039cbdc7fdc610a1bf25b643f163fe1ff64c37658b12de06d495,34654
2249,16047008,16047008_13.json,1811e312801796f92313332e59dd17858a6f827a850b99fa02d38cd9cd40ec9c,5126
2250,4416959,4416959_42.json,8276bb1b2230fbbe33a5be07ca677824b4350dbd4faf0aa060c9f4f2d40962cd,10369
2251,64719557,64719557_190.json,870f5a4f68962b56638753645a0c5e877355c23c6de29e488a49f5c4f008b1ed,6867
2252,2488113,2488113_19.json,1447621355dd5b637d5aa2588f49ec4d9cc3f1c67392df0c307f1673a4124d37,6807
2253,1287669,1287669_35.json,f7184a0533f3b798d9e0073fd27dec9cc35424af39cfc9faf56e078a7dfe0edd,4477
2254,36790401,36790401_0.json,5589c867b12524f444d26e0a27f5e6123c8d46f18de6cf0f756e7bbdb2414c01,5023
2255,10585052,10585052_9.json,f69a574948cba26c1046adce1f0219167eb23a7b1e5343308e9b364568670ada,5634
2256,21266289,21266289_118.json,36fad6676f769c98cc1ba65fa60d44f3d1c4efe0abe3d480d9b783330b8bcafc,6634
2257,25121397,25121397_8.json,6c5884ed737fdca6ae65f3990d5fe9c61cb0e73a63deb3212e8bbf2bfed72a87,3899
2258,19314283,19314283_27.json,f78290912c3d007ba4fb8bd0e9c9f192e7f11feb37a39bfe55c96603af412896,7804
2259,188229074,188229074_0.json,b4e9d8c65629a139fe8e8572fe70186994e16d47b5d82abfd7bb35c3ee7299b0,5376
2260,40538806,40538806_13.json,318227beb2d081be5480f1c90bf8d58c46d1568358f890dca6e35774bc1361e3,3778
2261,18560435,18560435_8.json,be02508850bc7c50225cd529e30fd1ea63fcdb2c14c5f447c3fb19b8d1ce8c27,8741
2262,130808918,130808918_40.json,854a62af1f5755139574c0676a1d381e3f51ae4ca7ecc21ab9bee3c0e4330787,41432
2263,19317653,19317653_9.json,98d87ce055ed3960e6c88724a613cf465df490d46ca4c452db396d7b7e28b5ff,8267
2264,2364987,2364987_122.json,1aa264fd44fafefade07efebad1d05013902a6b137fc6285b699587f78f0e8e3,4259
2265,163652398,163652398_8.json,ee7742bc36a029a17730228a915e29b6d0ced3abd1f8c7f76563426ad105c22e,10819
2266,91571398,91571398_0.json,94ab9b8902edbedd530a26f47d1ddf89fec3177cdf52cf8022cec13f7dfd670a,18497
2267,43989661,43989661_0.json,49220594340e68628c407ac865b357942f74965aaf62064995f5fa84ad906caa,3964
2268,51307359,51307359_8.json,fd8d51c9b170038084a8f6869b18376706a2b1f2ddeba54b59df1840dbcd886f,12548
2269,80196099,80196099_210.json,103de7347f360037d7b8a19a7523665ba2be31ab92ea136834bb5ae7627bd44d,14881
2270,32398593,32398593_76.json,06418da03578087f77fb0ff828197f7097bfcea6a5c6e98652da847805c90c1c,9995
2271,19961085,19961085_58.json,0278f55f8688c78dd27d4f17d9e5c2a95ba5e3126cd60eac2773c60d64890447,7896
2272,904873,904873_3.json,f6ecfa5496e9728ab1df62966a427ac0be02877b59b8cce743589086257f3c67,11844
2273,39092083,39092083_851.json,2b125e5dbc54970b94e4309556525db6717d24bdb3a85dfbe0aac261631db71c,22451
2274,152242718,152242718_6.json,3ece8d48f79ae63fdbffc5351c0601c6d6922a4839484f4bdf33bafc80e7120a,6350
2275,86707239,86707239_18.json,2a8cf68fd1c3fc710d76e47db5630bbc40af5e84daa8e26e2197be4012cfa9b5,5112
2276,2992799,2992799_1.json,468269e503d8cd2d4e56cd64e874e8feb456aaa5dd5cbb3f708ffb765878341b,9631
2277,134213856,134213856_3.json,3a605ec839743fde54c4a4f6c3cf02128c919d3679341d05237be980f80841e8,10076
2278,77385607,77385607_20.json,c1823f6c40ef5858757df03dbd7b9a000bb4042bc07ac5b42ef4c139c49a3096,11709
2279,25029544,25029544_33.json,26a6957788d9230b9fe351c99f6b5aefa1ad32d87094f27cfad3d95c401340fd,5878
2280,10269178,10269178_65.json,f9e3348397cfd2083dddf18fb2ca0d804eb2e58fa19734b3fd6d468c3a5efedb,3083
2281,142763963,142763963_15.json,d47c8d21d86c660b5ff99a2499a8cc367f67b3ede986718d610ce7774610352b,6940
2282,135332674,135332674_3.json,49908929c5c71428202e7d2d28a87016d39515a69061ab9139d96e19597b4cd8,7951
2283,6293402,6293402_120.json,40de5240dca64d77a3922da7fcd1adc7e6758ec14816507b1f41e9af6978b2a8,37473
2284,70772509,70772509_1.json,255daf7221f6bfb1125f52d3333d6b57d87d80188c5c0615694880a280f4bd89,5214
2285,100464616,100464616_55.json,3d6bca579157f9c30eca9c0d3cc21ce89e25ba42485fd9c98f708f023fcc6645,24710
2286,60241390,60241390_168.json,0fcad0b291df637e42e12173e03963ed74456c02b4826039e7b5e27299570e4e,5405
2287,7826526,7826526_36.json,a4ed2873450a20b1111fec021ff286ac8da1905218fdc9448767ae22c3ad2e3e,8487
2288,63898559,63898559_0.json,2fc4fbc16d182efbb5da479d1c4f5aa389571fcfea4fa66eace988369c84a90d,5159
2289,3787360,3787360_22.json,aa934f6fc0bf64ede184b1d577069c05ff75bd225cc4457b88e626e9ce096dea,7133
2290,131884789,131884789_1.json,647dfbbc506bd94c13090fced85c5a64306e9a0b044c2a081d454977e444d21f,2933
2291,32714807,32714807_10.json,767dfb3cc69ed58b303317cc7e8e451eb2fb84fc1b88245a3da211a5ac29f305,3170
2292,227847226,227847226_1.json,4ea5132a8f9bf895c7e9c4cf210aa0abc4f08aeefd02454c95736376248784ac,11857
2293,12903179,12903179_61.json,546c2124017f136fcdcc1ab57e79dc053df179e968501b73be739198351faaa1,8028
2294,11974846,11974846_20.json,51601e743867a42f796be8ccb86b51b8bc937b16d7b45460def79203f64304ba,77436
2295,180834808,180834808_1.json,d4026b33ac5f713864b087d513de54c188b75b5c55f8ca5657cfc7390278c043,4881
2296,25881432,25881432_0.json,47e4ff3fdcbed9b1a4826d51584aabce3db12114a85e59c2efc34064e8387ffd,6037
2297,20577351,20577351_6.json,f80be454db00928d611af62290319c246e97d23bded569ab2f5111cf95eaca46,13250
2298,22574511,22574511_11.json,0778ac018e0d075070dc0e6516d721e41ad59738219f91a458e1fda1cc413dd3,20521
2299,40695309,40695309_3.json,c56d36865e5d031139dacf931588e81b05ec5b8f6c5ea201fd102cf68acdbdd0,9056
2300,5109749,5109749_29.json,93370f9652f2329c50fb22daf7ac54e6d651f6199c111947e42641b64126be7c,4210
2301,172090523,172090523_73.json,c076349fbd279cf962f11dc608c329646f7932fb92245ac40462168d7a658712,8628
2302,33030494,33030494_10.json,d49ac8525af2fafb960e15099bdb75712b72677f15bf78573bd71dee455d8f72,7764
2303,2885102,2885102_28.json,cf6da41b520adec47a6a73435f6eb13e39e23c0f91a8e3c63a5c092634b4479c,6616
2304,11128472,11128472_21.json,dad4d6c047bcb02027f7986ecbdfa3704f34ce64b9481d227b8b6317a6c084b5,9166
2305,82982240,82982240_11.json,f3a5c446fcbb9ac7a5303b3cb2d845cf721dc08b0bdb3ef73288b387e30d490d,13357
2306,39385621,39385621_4.json,f6bbc1c5ac0bb84bb19552b34802dda81d091d561b5b498539dc331dd76124f9,7007
2307,1768088,1768088_11.json,7ef990ebd96114eeba35e9cad4b33b3fe448c597ceff2f6cbc6fd377ecbc4245,5161
2308,90972254,90972254_2.json,e3de9a83e1c62b81c10f5aa6ce82febfc927f041b42e8406466bb85132ae01fe,7543
2309,33297716,33297716_4.json,adcb85a70e03323d5996d1bed1543e6b0701901c19e84ab0c1552aec177a40bc,28131
2310,12983151,12983151_0.json,8c84b74f5f52445ee0b7e9d44ac9aa55a855b7ef3168247c7540552e5b600d6a,4836
2311,87910456,87910456_4.json,03ced09616f75d6f5aa2c8798907a289fa5a7f0fce395108146109b9cd196e3b,3763
2312,56342003,56342003_209.json,9a1325808e3e11e050c9285d9ec001a9417eb1bfb6742d38477306c926e7f68c,8461
2313,3293934,3293934_49.json,8ea608f4498d2aca5d7c16734872b93f8328a7be9a5a89694d4f59c995254c48,8109
2314,48446680,48446680_36.json,4043a4e9153317e5752e5db220c34bddf32df52d200dbc3213d68006fc668556,18692
2315,22589840,22589840_22.json,c0bc9a6c11c6287d39f8c6699d62d9ace500976ab3865cc66fdb5d478cb388ae,7109
2316,85416613,85416613_7.json,ba436e9aea13020fcacc0530618bb3a6b46090bce8e10df66df03092c0da57f5,9758
2317,58089419,58089419_0.json,0a97eaf1aba4175e7ce3a655ad63fcd1765f5c7c79d423bd673b3fb46f61457d,8231
2318,187195345,187195345_73.json,74d85868f71a02d4f0a7c230ed3754eb3c49b4516df7a9fb4a0675e16a91a358,27680
2319,136678045,136678045_0.json,64db4db32abc016b3fa51b6971b9cbeb2827cee73e39053f085a80088a5c03a9,8607
2320,42019073,42019073_2.json,c0218111a4ed548377ebce57521054d0f294622422f36afec6c592c7ce8a003e,6999
2321,20844705,20844705_1.json,3baea3011812f9259346ee4ccc0a52630d91bed1801722808ffdfd438f58f8ab,3960
2322,1328283,1328283_34.json,444e128f2359009bedf1afd1df3ea306e8303ce9f283bffbb8a53ff8531b68f0,12484
2323,184285250,184285250_224.json,29d4977db307756c273a42cf4faa97eaed54e775297091f36089dea30d07a6ff,5242
2324,4665987,4665987_20.json,454023f7cf2097319dd197bdfea292a4f6ba15bc3e0fd0c020e2d622aeb02e81,6639
2325,23068086,23068086_1.json,85133cbd61a473c7f160f3baab6cc7a11c5f73f3869b72758ec3b87faac96a1a,12241
2326,200492090,200492090_38.json,b4fe203b69693c3aa5aa4c02f2d9190b31c3eebbe068a1d62fadc62b57ce49e3,9100
2327,21741891,21741891_4.json,fdfef1d6bb3cc3f6add841992565737b49b62f8cf7c74093a43dbd67b9e1ad32,6122
2328,52867190,52867190_31.json,61de3b14b03037c43938cf6eda437e131515078294597fb11e431c100b26657b,3991
2329,6827663,6827663_0.json,38e99b746c44a0bd2760e0a0e3a66ddc0df733658d89205be0340d3bd84ba120,2219
2330,176291010,176291010_43.json,b806dcbe556a042e1219073a65130923a1fa1a36a1995d49b0aa23ef91d32ed7,29883
2331,60913395,60913395_1.json,f08c714e2e3767ed4f24079ff8cbf0503a774f57f1a32dceece212a3797030cd,5328
2332,159189646,159189646_1.json,b0c42a88e22fed6d9d8e6897dcf9de0c7ee68ef36527f67351c10fa41490ed07,4918
2333,184033608,184033608_14.json,840a04832073642b707bba0a178aa0273716c0063a3682b5df571dff4a70798b,17298
2334,15950995,15950995_0.json,8922b1b1aebafe2963e07b53852ec6996ad1667b36e90a0c5478f85b385cf857,4362
2335,72436214,72436214_61.json,cd100ef25ed64c7dd5a8930d53d72f0437da2ec6df211eb22fc28c24280e6331,4174
2336,39997974,39997974_9.json,8aae7cbf44f8541bd990272a0b71a1b244885cb013105ea5ff6edb2094f2a26b,5862
2337,91855710,91855710_2.json,2c22137b4f3209f24263632e14c0e0351261e5d5595e856366c09a6cf090c2c7,10622
2338,73690083,73690083_20.json,25feae8018e8ef5ab700a800238653bcf57842661ef43d67eb0ea154185f1138,5791
2339,1516026,1516026_20.json,7e9f902d9f089a17c217de69fa157361634c4e0cecdb0666b2a0560f2b16d6b0,9254
2340,249420621,249420621_26.json,88842149cb47595be738ec3b83d1f63542755aa31a50b574764bdb01840802db,12876
2341,34971364,34971364_3.json,bb79f99430c7f7820e765218014894255ee42d8b47a80fb27b33d0fc862672f5,5741
2342,166984581,166984581_2.json,9126437cd35a9be352f3e1371f912b1d551d99a458a79e95fede66026c693104,3556
2343,146503569,146503569_0.json,5474c6d193e50566a89fda76d69344c1bf540b187fe0014bad6b2a1d6e16b1bc,3502
2344,930571,930571_205.json,830ef2a4a49202f415391b6f0b3f939823f7c3da90e40603fe5ed507a5d50cc9,61197
2345,90096766,90096766_1.json,45f7980384db94598bf2fd3fe5eb1a0a4ddab147ca4ab984a2857adc3592c26e,6805
2346,138890589,138890589_50.json,8bcc5fb419da9e532c697c0d211538d7d5d63e6dbce97525c6290a30d6ff6939,6854
2347,133533106,133533106_0.json,7f43fc0818ed22b6fc7e8596b2c163d0ce278968bfb4da6ae72333faa24a2f96,8144
2348,32777313,32777313_36.json,b2922bc6314ecb2b623224464511e3ba65d3e6914f8bda806bcc11b9a6d079a2,11279
2349,23020824,23020824_12.json,a36caea6e15d4d4c41d19dfee75ec4bfd559694102f02c928da14dde628f915e,3352
2350,3468420,3468420_197.json,98d269d5843317614e1785442db8409efe8ebeb063055fe6166f9009dc360a90,17408
2351,49620246,49620246_0.json,c1be51ff4dc8bee4fdf66c8a11d51502604574bb72d6e3231913401162b98944,7218
2352,26902200,26902200_3.json,70cd5e290e33c98ee50810d5bc9d715d3aaddb7f6de2787ba779ff2d3e7887dc,3797
2353,29186921,29186921_3.json,679136d8afba4e7ada06ffcb7c1915b6cee5f60be93d640a5dc57e81caa6ccbd,5931
2354,206357,206357_4.json,ac14f6858b9dd75c814f7dbe30334e6cbd1f221ee4a10d3397911cd6d9e271aa,4423
2355,66192759,66192759_0.json,42021bed5cda18ad0d09363340c132a7dd0665c0d85f9632d1fcd3e6aed85782,6181
2356,35206972,35206972_88.json,16c2020ae5d3c5cd2f30632e8a875edb70aa062004aaffb4cbbbc6f6b63f0099,6671
2357,2978404,2978404_25.json,c1d6434bc984cab2e3e18ac6e5b472976e3065568418756bedd5a3b027d05424,6060
2358,11719739,11719739_8.json,127fa7b80c249e8cd06a98c89ff56a588a5e9d04203ad1fc8613b89adbc6ae85,6392
2359,145233455,145233455_7.json,72f0719cb92dbd1694b2afa82a0f5c1c74169c21fdd5af5c2c0911b8e90068c0,6255
2360,33718145,33718145_0.json,94208ba6d10b6cff95fcc5b7084629b4ef070d2039c90b68ff3110608abede5b,10093
2361,2485432,2485432_0.json,d122e7ddb7bcf2c0460d828ef2acd8dfb967ebe5d86e7c738932c464864e2427,10648
2362,28992330,28992330_22.json,861cc157b95155f5763a9565fb7a1267ad75a8cb279a60a756eec8c8960813b0,4682
2363,67999496,67999496_21.json,ed4bbfc3fa3f683efe50dc465fa64b24d9fd50f806e785466f023a0ae5965868,3665
2364,50068565,50068565_1.json,4dfcfa78b2b3bfd1af09f3810349b431cfa4682b80b3b738bdbb23c14f043252,2776
2365,170458565,170458565_6.json,7d84d911ed20086fe0c9ed22853989a82cbfdd6c4435e2a38c0f05312a251f95,4566
2366,71135101,71135101_2.json,4f49548a694f71be65a29775e88d166c480ba04cd37f68e00b8bf16b15d62d89,7742
2367,2479886,2479886_54.json,4c850ee11dcb11f0cd0d80b6c070d709c6835d2755955a15c1c3ae39f9a938c5,9310
2368,98459144,98459144_31.json,80d440ec58d2906053f50ef097f14fee645fb063bec9ab32f68344fa9e8c3346,5312
2369,104889165,104889165_144.json,021ce497a9fe06d87c0a2c16f65d09d70964038c452e713550bb4e55d43d688e,6684
2370,85760629,85760629_2.json,ae1d1b9dca577607da6bb720c581442509025a65606c3cae9fa7a482d53c96f8,6674
2371,49688312,49688312_0.json,6758af64214c1a3040b2d8dae05ee17ea4976d00eed1681ea7cbffb2eb7714bb,3546
2372,860694,860694_18.json,fcf0499afccbc268127ebf22b9f8a6aa0b34ccd20b6a87141927125e98e7cbbc,11204
2373,120417004,120417004_0.json,8456e5cbb6bc695c446d207898210e9d69c620f61931620df152ebb8514f639b,6847
2374,20576090,20576090_0.json,72405ea6eff9f3f3d50846f5679e77a36e6707d8fb9a6f69a1d7998aa1e1f340,4661
2375,98876601,98876601_2.json,000f1a1371304baf073b65975fad62befae330d42b85576727cd2ba759f6995b,2715
2376,84871568,84871568_2.json,bc774627deeb7c2c88aaca62b3f078f3b4d32bdc243211b891b88aa4a94b5d06,2195
2377,124869132,124869132_0.json,185cb39db3eda4cb1087298d369cb7842556198ab40144a6b2e92ec0750b14e7,13600
2378,67037282,67037282_0.json,33a1321b27cc883182c478cdd428e3a4e8d5189ea2e927c6924bd2901a8ebef3,4437
2379,222008690,222008690_6.json,b5cafa9e2827667863ee18b7b2999d896e95b645b7d8162b3b3bf47ddec7bf90,6495
2380,33500369,33500369_8.json,0649c69d39f7f1f1cb99f01a1422d8234970ecccf0d4ecf3664ebcabcf671557,2323
2381,99742967,99742967_28.json,92536e5ca21aba4e4e348cb175ecc3a362e861b63d58a9941156e1271cdf24e7,7417
2382,169530455,169530455_2.json,d3c9cb88647f3099dd4eea9a16da0b2283c089e052d47a21fa38032893e212fc,8170
2383,152415097,152415097_114.json,3ca7e441c0287642ded4002bcc1c28a2bbfe7588c0feac9509fec3787f71c678,5690
2384,83583832,83583832_4.json,6cdf4b15096ce23dd4d89570282419d58b6ae1a4b4933635cedcf4bb418d378a,16081
2385,124140585,124140585_0.json,6ad4cefa0fc7ef45dbc13e1672d4e5bf5d7e3f5a9362fb669b9093bf2809894b,6214
2386,19492803,19492803_9.json,4dd71ab93d29af49600e06958b9ac8f8f02e1b9b6b9035db8a0c840074fc9f1e,28395
2387,7783162,7783162_8.json,929b68e4cb0e207d568373136bcb7c3f2fd1f745d96906879676941da9638b08,5064
2388,78859100,78859100_1.json,cf4379755c7d479b4902749b66775b4148ace8c7440f1b66063cac957c5ca7d3,3588
2389,4245170,4245170_1.json,710e636890cd4d402c85054009ea8b7125ddf2aec893a8a97367c94ac7bb5da8,6747
2390,5869462,5869462_3.json,4986101866a74b659e1b54eeed6f87613d40ca9cc5edcbe68983ca76ad4fbe0a,11419
2391,26722690,26722690_17.json,7c91c97eff8ed61922ef43cc6b2e66fc1701c742398a652c0813ba09394c9d64,8758
2392,74164375,74164375_4.json,c17937c96e63d1cecb49135bfd3ac9f2200c712f2e92ed241fbda97b7e375a54,6861
2393,125550262,125550262_28.json,c16f0cafe7beab270e43d18aec4fd3250c32f4dadd18076d3c6d60a40da05141,11582
2394,34568856,34568856_0.json,fb840e7c1eefca6d8063119c488b66706d8c8cf089cf7c7fcca29672969e4782,38220
2395,7891564,7891564_12.json,eb9fda7e7b484f485ab18e9c502078b94fe2792c98a377f6e9045db9e42f0c5b,10645
2396,81745315,81745315_0.json,8ea1024ac9726449ce2f2bab96ec3e28e8b585dfaa96a84d732d2ae6c5aa1bcb,4001
2397,51074728,51074728_41.json,b327e2a5e946c9c71cc9521d3f99c3bf9e368c2dbb2e5ee2938597b8b591e5b6,18667
2398,32079125,32079125_0.json,95b8c6baf8a7a0c1e09d9a8e0a1b416172f857f340463f0c19abd5421d6f4aed,114348
2399,49929380,49929380_132.json,51f45c4f652206bf505a0e248ca705f02d8c84661d7e370a2f6220f5389eae79,7677
2400,90393998,90393998_1.json,6e03872cc03547dcaa559581d8f59b09d915fade842600f2397a831fd21f6da0,5180
2401,73013368,73013368_2.json,49d7a57d6aba5505b4b9932e907ef315e9234a0a8b33657baf03304526998fa4,15039
2402,19932015,19932015_45.json,e31d4f0ac034280d8672ef37a971cf15daa47a08a1d8cb1cde36aa1f548db1ec,23641
2403,14561598,14561598_14.json,d194fdea54f9c6ff3a117cda7f4285ac5fe28b2fa168e9cd480f9a32316af72b,11874
2404,3360581,3360581_6.json,2bbf209f401489dbe7902fb6c8026864d4c60b5f618f7b2a74fe15920712f3a1,16182
2405,1676303,1676303_20.json,03645ae6bf66eec1bb8909e5a2aefe9092eedb5b78180adf4ef4c151829e8430,3608
2406,11397182,11397182_11.json,0f96f7bad38edd33616d158d3f8afef102ed0f22fc2990a3dc86455214114375,4722
2407,1158118,1158118_0.json,36eb725d1c2323804ef9e15e3b9c7b1b5e6ccaaa6ab3eaf73fdac90104c3e0d3,5455
2408,2928039,2928039_30.json,5e5365991ba9319b6f0590fe8c1ea0f10b80b48947af84a848c9e6ebce46e73d,8321
2409,8022939,8022939_89.json,d767983cc557456ee693875cf836c66c8c3d85848bb70d79c83d811f0773dc84,2246
2410,134795070,134795070_47.json,5a7d5367b37873e67972822b7d85f6d8c4e00bc97e4f51a7b1b0fd82adef3927,7242
2411,7576522,7576522_11.json,1ca9e7e96d757e13d7e92cd0703338b6a5055315aa023f3e41c2b64d2075203f,8236
2412,1872106,1872106_0.json,fc04f506b54c266b2e1ea32b1068241fd05ae51d1fda074f492411a40c3e1dba,3897
2413,51046991,51046991_0.json,f2e39d34e5afe6edcfb1aa4e18d63c3339de02e5f03a9a3fcbd74d291c296a73,12961
2414,5022064,5022064_35.json,3a790c3ddb65b0d657d2cbea549a48c19caaefb2301c4c81c15ceaeeaa4f58d9,8688
2415,140269650,140269650_4.json,1b4a0135a491b53c77685ec970b13724fde952b59f5f2d00760da8ca9c3f0e72,5704
2416,115569790,115569790_8.json,55f4ed9170f641019ad7c7a01e1cf48f2f98fc7120ea9fa0526136125ee58dc6,10925
2417,95226986,95226986_0.json,e72ef308bee7f77bf7858c070d65a92888f73918560993c9def8161011d7e241,5775
2418,141151532,141151532_1.json,a0db20244755812030389a7d01e004a306962a7392de218806cb7cdc33439eab,4965
2419,17272993,17272993_1.json,fc352571f3a5716adb7a03e26b486f701f84bdb4bbdd3dec57f604decedb1040,3065
2420,45600354,45600354_0.json,65699c6c65686f835902a0bf0d488695cf40dd76f4a6ec03c84429c7066efe92,6747
2421,7416278,7416278_1.json,8b4b6d4f2be72c7d7d996fbe4f0febb410f4d3a2ebf9065d187b9a0511a52664,5967
2422,188574042,188574042_0.json,c14a595907eaa6a1f6b3267829b30a2cf442e6d664ac472498bb88a1f9116841,9171
2423,110719900,110719900_0.json,56dd3f7b44be3acb8dd5804d315721b64a8ecf11f7edd51249d8bba63a5b3cd4,4697
2424,89961630,89961630_2.json,2ca7d02f3a4019027ec4982a442c5f2d3336c130c038cc9ac250abeaaac15a01,12888
2425,89485344,89485344_26.json,dac80b8bfaaca63f6cf084d5c0857414e3265c98f9c527a4d7782592eba494b6,6053
2426,33547660,33547660_4.json,abed5112c08582c0675b9d1d85af655be3e1482579093a979ad27eed6c0b4c8f,2782
2427,48183909,48183909_8.json,dce2963a3be092bf460d4afb325ebe63150f0228d9f60287ca81fc5acf0ba930,4455
2428,193945625,193945625_9.json,1f1744793a493983dc704062e03a4747f044d893f10f23b7951d51e7168d0c5f,9457
2429,71357459,71357459_1.json,5c60e9d128c7b3bb040f8e27b936bc74327882f87dfc4438b9f49546a8101014,3770
2430,88319793,88319793_0.json,5730e8c94ce7765d35a7be82d86032fdc60e87017f823a253068f21083a62fcb,12218
2431,18709657,18709657_0.json,4711178a89f4795cfe36208266b2ae57d5945f1b49452affb28127e9c0ebb994,2179
2432,2265146,2265146_20.json,ca03b176bbfdc5ff56e00d51bd68844d3d594f795d9f7dc20b3a66e8b2f464de,5937
2433,83002023,83002023_0.json,caf463ab9e0762a51839440731b6508fd61f74c75ec4ffa64d3f400d8cf3df9d,4726
2434,667236,667236_10.json,b7f9e615d527e4c742cb68c6fb96b12e94ecc3d100826b86fb01caf217fd9596,10412
2435,10230369,10230369_112.json,5af69971b2e74fd89a43a6b670ebc0efdc722491efdcfe7a5a95c9940dc9c6a9,27171
2436,2073724,2073724_0.json,385fc254f4a8f53db26d87478cd663c06716619c2e2301065c5ac039d2e3ecea,2602
2437,9478484,9478484_0.json,ef175a7fab9aa2baa2f90c4262c34e9dc24d972efffcbdaaedc15c9a2c13a6b9,1950
2438,31940141,31940141_29.json,9230a7714f90cce2d26d0b0ffb9f90c40a89c64df07f939b61ecb53afff92dac,10176
2439,1421658,1421658_15.json,95e6b3b736a8ff3eac3d4e2161ff60c438124fcfbf72b725a47644b76d60929b,17215
2440,6509909,6509909_27.json,bf6856e3ba52a6d962348c08c744de247493804ae2a1ce4c235730fd6caaf812,3587
2441,8279377,8279377_5.json,de000814868555e7c5ce8838e13ef94958f89303393a79f2f244e40e86dea688,4085
2442,61691853,61691853_9.json,83d803e418fde978744a1f0e038670678aed37e95de157bddf96344e1a602b82,12225
2443,41348334,41348334_4.json,48c57494816fec0510e76fae82ed2c7d12c68b487e24c4685200df77b68e2f6b,10877
2444,27062690,27062690_0.json,4e1ed0ba1dd1eb5871e844406be4b44c00f2c82e10dab609b7431ef0545b5d77,7863
2445,3409328,3409328_0.json,1f73901938b9b29f36ac6415c9da93367dba4db6cc526fffb064219d1a116911,14021
2446,2466190,2466190_2.json,8dd925a8b12758d01e6684185d20aa0895974bb1d7a2813a2fd08c0306177fc7,3189
2447,47585751,47585751_3.json,531358f0ef9026fe02749caf9264cb37d83160f1e2fccc656d3666e90c5c5bae,8161
2448,150677892,150677892_4.json,0cbfeec2b81d833b93bcad5bc02a531a10b0ec01f925262feb6316a086c45c7a,12312
2449,11369509,11369509_4.json,50de64b7f583ea4c29eba94a64ea03e3fd502bc6447edba041d868abe3818738,2921
2450,60701545,60701545_24.json,5ac4a0791ddbda018f1748ae4184e7ce279192f56148ca11622cd05635692f8c,12386
2451,23996364,23996364_9.json,dbe05c6d2bd75b385403212fa598f0ca0161ec37e223904904eda0f68000c078,3075
2452,8397753,8397753_17.json,5ead99cf1cfbb3356af9cb7cd9c9ea234c74af164b6c5c0e9355bd56b4131de8,6560
2453,44331166,44331166_7.json,092caea881aad38249257ba01db56b8d2f9125c78a4086226e8ed8226318b47e,11976
2454,51575637,51575637_3.json,f8e7ae081fe235dfffcdd63f73e73f90405a345d2419ef4953144bb763925a56,3558
2455,91725602,91725602_2.json,0a8460a0e0a25316bc91e69165f892c6b63960688aea348245004aac1c2d0819,18060
2456,32407177,32407177_2.json,ebdb47a9cf81cf04153b32759fc7d15c4794c72ee5784b0a3908b64168355088,4263
2457,13133836,13133836_7.json,2eb43314c05aa92d7184cd8956229ded86e2e03ceba23f559664243ff21601dc,55028
2458,62155865,62155865_0.json,9a1c640d8363752ca19695da0cfe1819e6d8defe265b44d882353e91d23f4bb8,2421
2459,14793007,14793007_80.json,e4ddcf6c5181879be49ad8efa0d37786cbd5b12ed90a1a239a33dc579bf17560,16271
2460,129937852,129937852_28.json,b01101017bee0bab58f4b2c34d35efd0a50a421c3bf8fe74018b24d3f9dd203e,8671
2461,35240600,35240600_47.json,399a58b66415c37a498845935bfd968ef9f6dfb1dacdcf912174acb92fc66ec9,14200
2462,64537232,64537232_3.json,64a42daca387b1efa7e3d1f6500e604626cacc92f85963c4128a3c0f3dc12708,5697
2463,158136158,158136158_0.json,c9b024aab4a600b55acb4b6d4b6e0f6d4ab127ed59397f26357cf6db86602714,3760
2464,14145700,14145700_227.json,5f825d9626797eb36e8859429fedd27a78ec0c8156b74a0d8db00726e4a4142d,6344
2465,163244687,163244687_29.json,cbdd189d3e5281d0873e2f90a08f2b8910a2b7bf53d71fe93c2c44f4c5e7ff48,7139
2466,9499422,9499422_100.json,cd23826430cecc59897b260bbf37c6bcbe70a87b9c745d1165fffbf6be193211,11250
2467,142747385,142747385_72.json,7fd7a3690fd6de7c8dbdc5419d3afde7eb43eaf9728356d737bdf2b17ed20850,13957
2468,17627721,17627721_6.json,a0564264e7428fd395a35254b8db61d54ec91907b1627d021294d75fd1f1df82,16237
2469,15831475,15831475_127.json,a57a0f7f96086ef609d6359fc8799288a3fe4a8d63df0921b6833ae0dcf3f21a,7819
2470,124923731,124923731_0.json,225110131474e5b409b681afcdf1346bc5a0c3ac1d1b42a9e9f96acafad4e92c,4461
2471,210933087,210933087_22.json,10f70da1d6622fcddddd591c1907beae60623756392b8beabdd1f7ef79ee7bb4,24870
2472,29964541,29964541_14.json,9bffe7d8c919f57ecccad9763ff29af4db1a7d28afffbf5eb9d70602372cb76d,36375
2473,149579497,149579497_1.json,16fab6e4fe6afdcb2b99128adf874e06bfa3db9aa185cae625967fc2fac92738,6961
2474,51621524,51621524_2.json,ae827f6e8b4b2c9a776c6ff17962d8f69d15ca1d93e3b9f51a2eb2dea2a1a04c,2115
2475,61996222,61996222_1.json,e73e150945596e022fb2045eaff6bf7b25c2a4d391fc9113cad54d1612783f11,32292
2476,103377081,103377081_25.json,b1653189a0901d724fbd198924671eaa9c52a78c4af2e36be8dd748d14f1731a,5772
2477,15928650,15928650_19.json,3fbcaf82d95224a06d7119abfff95edc966e8f967de0b502506ee40064d0770d,13149
2478,190267909,190267909_20.json,d42ec691be38727652fc5fa7ee7e45b136da013b4a0795be42d8baf7ba020172,26831
2479,95449551,95449551_30.json,84f0093728797cfe791c9852a87e9f907cf6db2317acbde91f835b77d04cfdf2,6826
2480,27135253,27135253_0.json,c99359157947f710d4729cd3e14fff01441fd583523399f4bd4847ed72633b87,3662
2481,43254843,43254843_28.json,f278854a36dec277875037061a15270b9f77c9dca5f28984ada89173a36522e3,6403
2482,13240419,13240419_0.json,e28b98150ee0ec3b38bcf77a8a37ba12fcd22ae33758746da29d32ba3bb96775,9439
2483,1406218,1406218_56.json,4abeeb469a65905f3b124a6152c9b3514241f2153cc5f4260944a8ea84b32a69,5850
2484,103653841,103653841_1.json,c9934957f08ea9bb789777d8a1592ca369f547ca96226cbf9b2c3563afeac9cd,5554
2485,143854187,143854187_9.json,7f9ca28a458cd93e8439d10d9df3e97b873fe3601c4cc676b4778c7c709720e5,8541
2486,146510094,146510094_7.json,6e3352c02e14f58d095242f264d57172eb134818f995109f99fda0f819b84dd9,11986
2487,12504536,12504536_15.json,3a09ba0b7f0f41e5d16057bd64d7183aad6b78ebc6a613524689d403dd34a4d2,9415
2488,88374068,88374068_1.json,a36933774982eb288c8d5d1462fe09da03f01dd19b3a9c146b7faca75b61fb57,9447
2489,95789248,95789248_0.json,280b76fdfe9aa381761e8b4b4125ddd577a86dc3599c9a79e420c203a3644486,7552
2490,174314296,174314296_0.json,01798fee3e82e1acbff294f58ab65fc687bccdfd4c59ffda0c03b300ca0ec6c7,3572
2491,14792686,14792686_5.json,5f4a793f23cee13edb3495bf0f4867f6bc10ed6db0245b152e59e95ae5181122,3979
2492,20043683,20043683_0.json,e8b4ced39233045253b720398c5b199c24ee9a61bd946ba5b45f22d8c752b4e7,3158
2493,32232605,32232605_4.json,5fdd1131a5c8335759f1fb336ba0a7a7a2702bb4d4a5ddb216a8de998e9f960a,10421
2494,53330030,53330030_1.json,e6253d4bc49695a5a6782715f2e9ab7c8d8ab38c436279241d59a243919c0afe,32164
2495,21190869,21190869_0.json,cdbbb59ad7499a856ff7852cf12d09eca9d664eb1dba591d0eabb1a22260a77c,6237
2496,122467588,122467588_1.json,98a055d04410364ee539c1474d577dca2571e20bc6f776b520c03090a84f0365,5679
2497,49359743,49359743_2.json,1ad5ce0c416f1b9481557c046d776974251e420f50add22d7188ecb254524390,6516
2498,30764186,30764186_26.json,11d21c8764b48aedb9811aa33186b5012a642a52fa931b61f4bfd0b2e98d9bb4,6560
2499,19169174,19169174_23.json,85e2c86d0cee7e4cc2acfc99031f5cc6ca44d1268163f47bda8a9315e741863c,15504
2500,22693515,22693515_15.json,d51d82aca84f74544d93f2b677331449a0141a33ae983e308421a08af7416454,6120
2501,97306203,97306203_4.json,fb4b010fffff733717e50ef8c4d8304c4a4c400d0202d3cbcfadcbd4f29354a8,5359
2502,216840838,216840838_50.json,34d11bb7c66e9a6c98bb587326314c1b3b464a848fe280c3c423f7129f693fd8,4331
2503,19576190,19576190_14.json,b52940cc7173cebf1bbfbd51ef03402e742196b3d9c240f3eedb1bb08ccff5c8,8345
2504,56323969,56323969_265.json,790199071ab7602ca3a494d785d1bfb99deb5232b76ad8623ca15db88131afa8,6101
2505,11337147,11337147_830.json,9cb42c10bfa80fa93bab33a85a19879303e12ed80e9169447f8d2cfaa4f9f3a3,4481
2506,50372538,50372538_5.json,226ec2d12a60d7c49c4e4764e149d5e6449c7ecea3dff4ac60356646bd415c23,3958
2507,5796756,5796756_9.json,9a84c709344ebf60f04d7f0bc7f638d7074c79b5a4563794da0047ffbf0e0fab,16646
2508,187946264,187946264_2.json,616ff67a4509115a0a15e3732a0ce108776e041980cb0d2a9e89f6c5cb9cd725,10368
2509,20249391,20249391_47.json,ed25a0507addc1d3d779ef3b2029b81a357439f5cf19ad050f5f76625659061f,25475
2510,53577396,53577396_4.json,54ab315a11e336ed39185e006880674d5c6e53e4e78a335927c319066236cecf,22985
2511,15137397,15137397_1.json,a97d71133f347685c613b66863a49fad1f2e8c94606e2762aa134cfcb624cc54,8191
2512,16946884,16946884_16.json,7d1e109ce224512a42071ca01dd49ac17c0d4601ba02f382c410a06c17cc96e3,32241
2513,17990464,17990464_0.json,02a44534de5a4505003d5e4c321a2d724c7c20163e1262e87ca93fedb6fbe391,3605
2514,75856578,75856578_16.json,272c9f47538efb0a31968ca406d12d58a2cd51a1a73cb3309c26a5fce543aec6,4288
2515,152655369,152655369_31.json,6be91ffb8c4f0a9151585bf9c9ad979b41a703591137f2c844cf6d078a838230,8767
2516,107150826,107150826_9.json,3c01c436de469427e6f77976871853df5e3b676c6eee10dbc816d4120d6e6c86,6442
2517,137522340,137522340_0.json,5069f45d915fdb4b37f16d147ecda4c90d34aa970d5406ddfe2e3c162bf43e14,4032
2518,45824158,45824158_5.json,062f2ab0b42a04c4d83f4a4c0b0ae3918851beb767a30aa48c05e9168f4b1307,6128
2519,17132838,17132838_2.json,94dc4303e2345c00bdf088ba8f16adf42e42c16e7ff389e736b6e2dc295a8a92,9431
2520,79497496,79497496_4.json,0c57610243d5686fc27e868f53f3ba352ce8e961f9de99ee1f5193648901c67f,7092
2521,19748926,19748926_1.json,b947fc3c3302db4724f86b4eefce870c8d9c694fb632643c3de62af63dcb74a0,4429
2522,27191143,27191143_5.json,f0546f5473ca0d47d5e5ebe332732ec75a6d127a558c0bdf04d9f4746a47e6f5,4515
2523,28738447,28738447_15.json,23b13e1944adab994cd8b87271aca43ad425301bf7fb4d2d88178ba808714b85,8726
2524,164181730,164181730_0.json,40a417b3143512e33103d8cf22c69932eb2a5ae2c0ba7101c97fefaf654c4d53,9316
2525,62635030,62635030_0.json,5cc20ec1c8ad70bd53d1aa625771fa40150d4dd553f288123784c06900009838,4041
2526,71127071,71127071_0.json,14c844b9d2c92ef9bab614f50eeb5d52b1f7aeddb88072c36744ee19e3e56e1f,5260
2527,26949678,26949678_1.json,e4a67e6196ae74cb7ec4ca5c67b0c3357b644137c56a5429c0230c02012308f6,10378
2528,20171642,20171642_57.json,fc84da44dcc7a7a0f263ababc7193c394456cef188092d1abb92d204486b7fe8,4461
2529,117965972,117965972_7.json,364b5ee1c43fe49d0054b347dd95d798eb9eb405fb68940fc04d5ef7c5af7921,5601
2530,76177416,76177416_2.json,29cf465be52bf904a121a142d384230ae9b2ed5f5b217566dc86d4e962a91ff4,6195
2531,109754092,109754092_6.json,598b292d1a211c59e44d499e3bead8882e9ae9a0d78045bf86b485025112ed0a,6982
2532,39183519,39183519_21.json,180b7ef2c49c79d4ce7f7b2cfdc1f06cd3baecf99fb8fec617cea79d083acbf6,7531
2533,46776191,46776191_5.json,438199e20077d3cd4f02448776eb9db30e24a00fafa78ee85dc9ba8066e61bc2,22426
2534,8155767,8155767_10.json,1df3e53390d8ef111c8d773235440a645a654cefc9c11af80c321bdf8b44e7e1,11296
2535,7436396,7436396_6.json,e813a4213371e8eb8fe0c49ab3410ce22ebb2886b8b931de14449e01df9352e4,8942
2536,13126412,13126412_11.json,4e7a40174aa5a8571cfa7cd51846fb48e8ab43de8162e9cc3edbef8ef17ce5bf,6884
2537,54135763,54135763_6.json,1f146149f966738ecab1b10fe605e2530e7af01ba26f79f7af63907614e9f091,6697
2538,20256705,20256705_3.json,1b3be38580af6081ac524935b8a27083e18de4d295b61c170e89d8926cc7f61d,8927
2539,26525416,26525416_30.json,99259c81a9602c530e4bc9c244e517074e4f8dd1941c179e1dd59403f2d2c281,23834
2540,20415251,20415251_0.json,66846ca3f367c6c3a87b46adf210d053b849bffbfa3d1fdd2ff18c7f53b5b5d5,7364
2541,49564270,49564270_0.json,6106783a3641ce693e7862ee0ce5dc6935aac2cadaed61b8d0826b2a660043f5,6748
2542,32488797,32488797_0.json,b716a7c2c03b291c82dbca4e13c066c8474cdf90cb169b91686b3b37f092a814,9578
2543,117915559,117915559_26.json,34379c84ffc79aee401e59c811da8db1dd30c8e7cced8b0e555787f20f9e93a4,9654
2544,43923787,43923787_34.json,843517f473a609724f56661577fd9c488e7cd7e85de0ee0fb25e747e603aeee3,9640
2545,35370551,35370551_6.json,5608251aa1e9ec2da3e0eca05746ad8564b66a7cde99d3b77da85c13c4a7aa97,5890
2546,74649126,74649126_9.json,aa441d657e8b98b8a26b13679a2c020267da4e64766fc632e5dc195f99eee4bd,3238
2547,48427914,48427914_10.json,45db47739d6980d6f76fdf1654a054fd588f892d0dae91337c5c29bcd5919fb4,10366
2548,8742308,8742308_0.json,648768ba2f51688e758fe9d53e982a160e66d76ffd6a7c482bfd5bd6c73a7a58,3272
2549,35973998,35973998_1.json,6f4bd32c9b9945ad2dfd6a56f835859aa5864b46824ba26f3b06bd4b5a9ae724,7686
2550,66281816,66281816_81.json,86d8246b418abab09ddb47f702cc9b4a5c871cb90e7bb387eac53d585e47c34b,4994
2551,25889832,25889832_4.json,6732e8636bbb4cf437cfb23c5a87ca0329bab34e43f2e82d1827d9dad34e7418,4770
2552,79467343,79467343_5.json,dfbefde0acfbef365aa4f33073301d382c7289a509a6f199ebdc2a44f401f641,24893
2553,1830414,1830414_3.json,a426816c6a181f649c7fe49516fde2e82fe85d7e98c9fc9730a832417b73e345,5422
2554,15904020,15904020_3.json,8cb765f26179ce7b34bb6fea08898bfdaf6ea6fa5c453db21ee5932632f96e7d,4482
2555,79209085,79209085_94.json,3b7bca1385eb592d61e7d0215c66348ab86f034d764602937896c06e63dbaa57,6359
2556,585380,585380_2.json,b9a9cc34eec03091b0bf05e4bdd149e5e449e784bd90a69c2bc73df13a9c3dfa,13847
2557,98801926,98801926_11.json,6d70495d9ca238fbdc2becfa44aae2fe092737ef40622558b6e24faa4e490d9f,4932
2558,86331365,86331365_128.json,80da0ba0e51a6cb84e7c0e7559b74ff7aebfa1afd7ccf02adb5f3257828126b2,16635
2559,8201183,8201183_1.json,af3fd39d265213b7b6d094f35e479275d3c24ed67bd22d4db4de9f800c9f6061,13302
2560,11341720,11341720_0.json,49564a9511f14048d11f5da8941210c3f9391efbb674041776035fad30a58476,5802
2561,7095532,7095532_4.json,097bec5501107e4034d852d77e76627e035e1281c19139b88af7e51a383d10f7,3417
2562,69571507,69571507_38.json,d04b6acf6419eb4a2e0ce5f0d993a14aae5eb9f013e042edbec878d00dbeff04,8016
2563,4937246,4937246_5.json,a9a5b9f876070ca8a92050568b5b7346f9642b92c0bf4e3bb48b8356ce91c589,3480
2564,23358011,23358011_17.json,30c4bdbbd37c5b3ee9a5b2778439e45128c587cf60c72c2d38bc2e424ec79633,15823
2565,60244312,60244312_2.json,f086f6762609549c348321b495f1b9087f8075b0f80446f709062c0434a13e69,6949
2566,28972188,28972188_8.json,9b547df8f56a4c3c6af86dfb0ec2db57bddc1576f96162ef9a44e339a09e80be,17050
2567,132375056,132375056_64.json,25a6e390efc1e92ad35d217ee14a7f280c3ea27420430bf324fff5b97602b42d,14746
2568,26163430,26163430_667.json,1a598c5a9779631cb435b1e676cae3cf899180394973b22f65b1e702bec7eb60,13773
2569,71779309,71779309_0.json,e9bbd081cf6c8b79c15570bc449ff0c7677f8580d37b4d048def49623e772da7,18278
2570,95222532,95222532_11.json,8d5e0fd7340a9da923a5dc01fc89e16482ae1ae0ad4434e320ef4ba4d0d180ac,5509
2571,124503196,124503196_0.json,ce241a35889c34f455f619b0db262c5ad3838c3fd3f959ad61874d1db8d4d97f,11836
2572,145264090,145264090_1.json,15381562976ca6cbca63782266f1b6ada79157a970bfbe05c0bd8aaae5fd346e,3835
2573,77317748,77317748_9.json,804d04073b6ac1d6a96e01eed0c8a1fba696a2711f97a10efa9c489ed8f6d4da,8194
2574,172981843,172981843_2.json,68ad5d1da1aeee986adc9f1cb6760642585bb4e8eaeda6101009fb03ac6975ae,8747
2575,203975385,203975385_2.json,3746d3a1182f92c45f55efbdf3046c9d47b3fdf4893e324c624479353b9938a7,7883
2576,91583905,91583905_232.json,61b62d3f141e2539cc09d8aca41c9be2aff07bdbaa5a95396f32ad930c0595e1,16398
2577,63837927,63837927_7.json,9f9c107161b7f0f5f38a28b8c42b5c7a5c7b4f4aed0a47bf1b59568e1aedb921,10602
2578,31924590,31924590_12.json,032a65a783f6aafb5df8bc3042378c3fb38082e005570b88f4c7b4d89a93cc96,8784
2579,78224452,78224452_1.json,d436531fb0bceff6b67d1f5e7aef304a1603787d678f99812e2092301290f54f,8939
2580,1797376,1797376_974.json,b80f83a4dfb2c7bd9acc299ace2773a05fa41e571c49a6bd3dd2a9c8be58aa9d,6103
2581,33567291,33567291_60.json,b879df84e4276f22e6e6c27c1a46654bca7290e10b1b5ae71b041dbcd1dbe02b,13599
2582,114775425,114775425_5.json,eb756ac94578550a6b56d01c9cd1b90b6c91d0055b649e4f7244ed465f6e805b,14024
2583,73085073,73085073_0.json,d996c9da641d947436514979afa756049bfe609c615aeb3cdfb5a6b251528719,4040
2584,2101910,2101910_2.json,f2110e663fa0430deafff14caf84a49da064844642abfc6e80d5f028230d0ca3,6864
2585,55504627,55504627_83.json,c4cd2968627c02e66cf80adee1f7b33994f71119cb750d392e98ef369c3c5670,29736
2586,102705073,102705073_0.json,69a8f007a9b338dfebd868276a8d2e60e29ee3ccbbf8f09391b4f440e14ef408,12895
2587,8054843,8054843_3.json,28d920e37f63927e3cf33e72e5c9159642efe12727416a39de1283cdaf04c60d,11798
2588,50250915,50250915_57.json,726404129fb3390503802f667bf12de4fc3a61039208ee708db9c5b37dae605e,8287
2589,48961876,48961876_0.json,ff3dc6b8aacd824d09ca629361310d945d52052ca1acebfd4c7683f5e11c7d85,2478
2590,33957901,33957901_12.json,ab71c1d89c70f314af2571bacf8404cdb4e1572e8f04bc7be2fa6f3f46bfe626,9914
2591,42776453,42776453_28.json,d6146556e87649ba2d447c8633db2036d672e178092644837a37cdfb9593b621,9357
2592,59975597,59975597_3.json,68d82c8f2b489ad41df30dc54c7cc60f14d65fa197399760bb86865270209977,10163
2593,3842880,3842880_1.json,77bb65d199d16fe13f2703501e76eb2ae96aa48b047e1187f6af879e55723b3a,8298
2594,33314734,33314734_36.json,386841567bc104a444fa5e6f288c6d945abbd9b0a2d75f25d22d600941ad3fe2,7554
2595,19062268,19062268_284.json,a0ee7495deffd930a44e17892f242e49d21bb64063767d2a6899a70c766da484,6205
2596,52565845,52565845_1.json,716962dca3de421d1a9fae2397c29049605feaef1334967c68912de81056094f,11985
2597,1365306,1365306_308.json,cddb92e82f5dd18fc526532da00e878a2356ce0c970039be15828c22e7ab47a9,6536
2598,135944962,135944962_7.json,a38a9124bf8cba3c0476e833488c8f7e3b61099f049aa6770dd4dd3296f913b9,17176
2599,25021196,25021196_0.json,6b85829608de34893e87caf042a591bc80c92134c1bbe6ec14455f2b579ca409,23649
2600,115371169,115371169_9.json,fb34432bf7c5b13e4d2bbd9b9ec4e137436d80e179297b7ea2d3133cf533d6da,2316
2601,1421692,1421692_14.json,d5b874075a3d035c899d804674892a76709b0aa89cf9a7a8c57abb1d7057d4ee,6331
2602,44565647,44565647_17.json,6dcb2a0217f400f6285696b66d3e5b9b92b6ad92251d1f1cb5a42c326c39b809,11866
2603,45239946,45239946_8.json,c9bd97d8b3a18e2a3cb48112851f804a835b54d1872d6638358802aec16045fd,4785
2604,88231534,88231534_9.json,4cc3e2e01287a77b1221264a9d61edb714955da3c672e816b4451a84632709b2,8783
2605,59553354,59553354_0.json,5f6b79c87c9936d5a90f6c4f95fea1a04cfa139f2cf3a4fdc77f5570009e43fd,2038
2606,70948568,70948568_102.json,51374878276d4b7350c443bd4765390f132348d283c7366f77ba663c11a34e63,6027
2607,103558693,103558693_10.json,d6fb850b41c973a2c4c95f52583dcf314a29ca63d996f4753185b65cbac7a1b6,4649
2608,18269132,18269132_2.json,d56e7ef44029e7522fde2fcbab2446720d5a2d53387ac0222b784a25c3a51cf0,9853
2609,19781635,19781635_1.json,3ed59e7a1730cc95bf7815fcb4eb9cdbbcdebaa9e8502a061a696f8432812e0c,5217
2610,76877282,76877282_3.json,46163a05d03caadd5403915505c0cae0bc347e8a451678ebcfe6eb1b155ccc61,6715
2611,156245499,156245499_13.json,d75677f0a044addf22bf92a169b5232b9c8af01414a744c21a37dbd67ea2ed82,9082
2612,47718426,47718426_0.json,d97c9d56ea8ba282956eed810681b6e2c2661fced401c081a2d2ac98d8be4c1b,6565
2613,41250653,41250653_0.json,725807d2225c6139972ec1bf6578868f2eeab7037dc8a3060edb3c71a4b3adfb,4772
2614,81928401,81928401_0.json,bb74e10de4139e2ceaf61a59580a008108796d74c94e421cb4282ebb01aa74f3,3856
2615,1863627,1863627_0.json,88ca7ef45403a91ed019db0bb76afd4d8382e5c0db12fe8fa665698f4d56931a,9324
2616,79203986,79203986_9.json,3c918a3ab378220a838bf7de3db419e4434ad0cbe476926a124f4a99e40b1ecb,10036
2617,45396840,45396840_1.json,b4fd7a4545ecf28a5f97616e6b8390f8c8f597cb3f38d9923c94d225924e4270,6635
2618,209012030,209012030_1.json,aebfec5bc775773bab93db00eb0581abeb5cc84dc04b42a075c26665fb6612d1,4016
2619,73478000,73478000_11.json,00fc9b837b8c95c1d7580c0887298fc5b7ac11ba054ce83274bdc1d50e7b25a8,7906
2620,28275464,28275464_7.json,3b01e3108847adbb4edd87fff64f93a6b185dee1baa1531b262c26abdb4ba44d,15380
2621,140631483,140631483_0.json,1112934e1a8ffc370d8da564bb87dd9d74226807887f596eb89a883a2676cc66,33926
2622,41754174,41754174_2.json,83ae3d90b21ee63c43ce4acabb39571f8ff05510d11e604b87096cb88809071b,30965
2623,141384267,141384267_5.json,524d71fc498a859f96b012f71de625345b1c225b3024b48ff0e3db172c86066a,5227
2624,41458986,41458986_0.json,fc29666cd721e4396c8ae1eec2ca7c12476a1d6de6661910bc9b62df35627d00,4823
2625,68736330,68736330_1.json,799812c956c2c8a36464472ea6ae4e427d4eaf94b9ace5803b2e5538a6697a4c,5505
2626,89094025,89094025_10.json,7b3c6a3153c135a8649a890e847d5c4ad93b5f47aaf1e941b4414c4b8077d8e3,5631
2627,2057739,2057739_40.json,8a037958f6c2e0cb4d4f607635cd257c67aabaeac91f761b3a88683f10d4d242,11479
2628,7022775,7022775_100.json,dcc5c709b3d82cebee3c9e8e37245865566b40c73871cb42afd62febf8857cc9,5224
2629,30956727,30956727_2.json,98bdd1b183a493d2cb29ac6657fb421654385e42a0ff74d2162cecd127e71ccb,4310
2630,105860042,105860042_18.json,b4e89c0a0976886d81c06e0bd91f2f49a0d18390abe24874d137439f50fab400,5070
2631,198355705,198355705_28.json,5b395da6c150107e46f7369e6b64ab9c6ff13e5d8190f4b57dd8c7776e0944ff,3240
2632,15090649,15090649_2.json,b91fe9686dd9d52771afdf569db11811d14b15802bb99f4a123022c052c61ce3,4530
2633,10472781,10472781_21.json,bfb2fee9be6dc938cbbd51693963dbe396c3ca8f7aa23af557861228877fece4,20016
2634,2221963,2221963_48.json,0b76a4905fc48468a8366ea6bc9113d571129d0232ef5932c9eeedf878dd1b28,25861
2635,86808110,86808110_32.json,3849804eaf4fa43ecb8caf4df4ac5f84ba888be71bc90b15632abaa09f2aa9fc,14252
2636,9020655,9020655_1.json,19dea77102b3f0d8b524621d821723ba8c3830deec4a0b7fd96df5af338b5854,2842
2637,30084378,30084378_46.json,8f314096bb281596239d004554f14bea911991836fe334fcbcd0f34d17cebcac,8319
2638,10522064,10522064_50.json,609958fb317115ffe0b1f39c14a6d2518ba9aad6e16d2cd6e2df9704c3c43901,9964
2639,858685,858685_241.json,96a2d8471b49b9d467b3e65dbe125a4016f1cd80a00a46052183fc7bb8512db0,4801
2640,68965963,68965963_4.json,b1394076b5c23060d79ce303e2a2d48ee6191c414d87d546c0be9141edace7af,22359
2641,74042107,74042107_72.json,0af5e3c54d236fba3d49341713ffc5aad79a43e4975aa30192095717b94da8e1,12511
2642,47246081,47246081_729.json,24701732de1c3fcac231a542cc1eb410e009b3191c927065b62d46767f6c37f5,9270
2643,63559666,63559666_2.json,712a70e17119761f66a3fc687ec0125dcd06732c9816e83113ba94d2a279da24,6110
2644,2406783,2406783_17.json,4a5a6fd08ba572f0cec21224ed3e1da1dedb1f136d0ee8fa6d0c8a40bddce059,16999
2645,53690584,53690584_11.json,8facf5229afea72b72e2236ef31be642f12da7b974f8f8e0e48f65145aefa943,5925
2646,11362688,11362688_0.json,ce0eac32d1f31895d2a30a514a135d64d0d5ec20fb474e12ab36128bb11b8010,2883
2647,172695826,172695826_2.json,90aeded54b1f44b418cfa640d5d184464bf919da1ba09031f443e56d3b13d51d,9500
2648,153312678,153312678_10.json,9f01a2366ccaccbc2ee8a98d89d27be7fb263851ca0ca48327160b5faae3b74b,12044
2649,16201889,16201889_6.json,ba31192a1a2d31cf610da9e2745a03e47c4bf10586c6a9082b16b4a70d8cfe3d,33316
2650,12593159,12593159_0.json,e0562890ebf7644e9532f8825d7d7ed26fec5d829e05385331ec12264a7b61f4,9456
2651,37720965,37720965_78.json,e210d20f1f993119b0a00e1ffa31da5e99a0eea043e69e10857deed7b1bb24b7,3601
2652,63602831,63602831_2.json,dd4b9bc797cf1d116b609bed362956bc34b8e06a704fb679a7d8d63a526d93dd,3687
2653,52597910,52597910_0.json,a135c022e6686d89b6e763159dfcd35dbbe47a8011ecd483523aee7e4938e44b,5015
2654,44431891,44431891_6.json,5c19e6ba25459dd1b60affc1de8e97323bca448b5d32638fc6b025736e0c02a9,8424
2655,21563363,21563363_0.json,01ab6beb32fc84938fb64d961bff2f7472597209235fd4ab6159eaf180854221,10014
2656,44133514,44133514_0.json,8ed013c2023a8d25864724d2d7dafbf1020bad119bdfe10faea81074a3f752e3,3647
2657,41889031,41889031_3.json,a52f2fa5698b5f4f7220e5f7c6f07ce247e2a34f762e1923574a30a1f27095f0,30707
2658,34383946,34383946_28.json,ed624b5b053c385abbe63d0decb02b8b9266ef7b4637cee985ace06dfeceec91,5698
2659,78566008,78566008_9.json,a9467fccf3de11033ccae45210701457959f51a6ed3ff07c367f48a0b61bae67,12112
2660,149281309,149281309_3.json,38f7e3e9d2ec4d6d1aa256033431f50c69c95c18cd6d0ba29cd70605b19c18b1,8258
2661,13139604,13139604_2.json,af60ff529e1c3797167c6d698f191d2d047875e8442a208059e7fc3bfb80ef73,9760
2662,88127865,88127865_0.json,e4d7acf162a6c8890df39d1520fad9922363c9256db1ed77c90b2eda59496b8d,3685
2663,135513706,135513706_65.json,4c5f5ebdfc164104034715150e3a08e5a7289a512ca863a7611dbf543b69db42,16081
2664,10116915,10116915_2.json,b32ac8be625f84c9dacc09114e81c14fc300ac3c7ec7e7530659326c0db918d2,4238
2665,774619,774619_538.json,0f67663df15d412d3465f92b83b38962310212ce3f976526c787338979964868,5659
2666,84382452,84382452_2.json,50f44d4cc264578fdc07c23fa1f75821ac049cc06b7c343c1cba8150c9a21127,3132
2667,17234441,17234441_8.json,78fc395a3ccf9072a3c6afe8b2c57410056c15516c3128df18d8cd49369b67dd,9794
2668,39748950,39748950_2.json,df34c4dc948a73588972a40c3346ac68fe831b3148dba9437669cd429a53a409,3896
2669,104872758,104872758_23.json,7bb9d5403380a321de872d16384c6a30ba2fb8d9254edc148c5040093f7bc311,5920
2670,203381991,203381991_37.json,da3ba8c002fc5351cf302b12f48d9391e9e3ce7efe03260292b58ded69f11f23,11320
2671,64902062,64902062_0.json,4c4fa7fca921102c2e623bd94d095ac1361821455e2efcf20be8d9774140b349,2694
2672,2614085,2614085_157.json,5fdb461cb02ffb23e76bf5a0d91808ef5404933b25b5bd911f6b75c907a68e0e,7360
2673,26745548,26745548_387.json,44e98295d45cc123207cf7796cdda5579595c0f20874215a50a1d8b4cf634f4b,5342
2674,212338967,212338967_6.json,560a63d74d9de5314599060675b0c8d983d5cd638a4533fbcb1d474ae4656935,4340
2675,123532715,123532715_0.json,41b1d1201455405e46e75d419a12cb4076a9249751ee6f71079c6bdcd352900d,5760
2676,104025215,104025215_34.json,eef3e32d099ce0f1aa453d12de405dcf49198501f3f286a8615140f0d2df8d55,11308
2677,147984736,147984736_6.json,f67982440c9c3a4ea18bacd89cd2105ba80c606e2b67e43ef51735ce00f595b2,8604
2678,51262014,51262014_61.json,480bcd09ffb3acfaa0edf4e91c1e5889aecbc0eb2aba960acd84abc1bb00e0d6,28917
2679,23260390,23260390_105.json,d95d6504455ab5a873ba29e50d9eb9f7f7bff7fb7066c2f7c721e67b7345331c,7405
2680,14829187,14829187_41.json,8677a29e64d09b6225c729ca63acd10f3550775d9696b54e4962ac2535dc31b9,11421
2681,51787752,51787752_10.json,d9f6af1b35eaa671861f459488e1b8b2daf837fa00b2c205eef7e7b3200c0682,11072
2682,136310429,136310429_97.json,80af6ae338f2a1c01f538ec557656f795d67205312547401a7a1677eaad17a16,9948
2683,4605969,4605969_1.json,6eeeb534753cf6146cdd6c991ce52e447dc75226cd5dee271e856ce9e519d643,5391
2684,180526285,180526285_66.json,42dd730a6e0f53657244659d3da0a7175e5a9a7992e9788e7c74509fdf70e228,3576
2685,102268868,102268868_0.json,76d13080b7401427fdd0d9c4e08cdbc273d9954c78f3ba281b15459ed0e3d608,4585
2686,177503596,177503596_28.json,abc4bf9afd5291e9b065d76025e445597c76d86ac29045b282b9617eca55b233,5336
2687,167594750,167594750_1.json,4a93515620fc61d583c6eaad8c77310dd3c4c8037b9bc1d5471e681320710a8c,11239
2688,135694690,135694690_7.json,dc3c9f4a2f1fa6cb1a4b9c0d2e34a4988680936ab3928a4f0026751f6c21eba3,5978
2689,188058370,188058370_0.json,93d1181526078061fed002ec0039992b3d87aa494bea5c20ae935a0041c404c6,1912
2690,4215600,4215600_1.json,e26eceeb0443aad951f207aaa7aaf896055dc641f62b0b3207373b912f1b563a,4060
2691,6116698,6116698_0.json,522b34565a71b695730ae01aefa9d17ddb1ef2519bd2849cdb259d424ce686cb,4787
2692,240468,240468_5.json,6eb6c2c4acef8f8f3a6d5e0a13eb87638195811d00f443edb5e37d66b9090c5f,11201
2693,224557146,224557146_0.json,60989e3bed5ed43c5d0b5cc4e2ff8434ab38681b3343c7603b014186738975df,9040
2694,3910894,3910894_0.json,e30e762721429ac57088debb5db58ee1d9396b1963727756dcbb35dd82ce94af,15363
2695,32357795,32357795_36.json,3d98cdfaad6ad21fd7fedd79e3fd6692da8ce7abc8722e3f18452a273f010c0f,17679
2696,2046220,2046220_18.json,c95186504c99b05e90c8ff294f22f28b285ff87725215715a8c2677a6250700d,5341
2697,82282677,82282677_3.json,c9dae5f7598339765411664e3ef874c6d3a4453a48399d4c5c781304f33d5d00,7090
2698,18367810,18367810_0.json,9eedca936dc80a65ea2a4d5343c4a8355a5cd0277f42ce78b9444ad59251a6b4,12888
2699,62638166,62638166_5.json,774abe57dc48bc5bf338e47df013dd2ce8210c8f4351da9c20c0ed8c0eebc759,6148
2700,56359101,56359101_55.json,88c5ba18c624f8588e4314d521f18273b1c7a7ab5eefa49df6939a8073649d0b,8770
2701,28138459,28138459_10.json,ff8e438b06f1e764839b8314f3d4edbbc48ceb99a939700e3a2567a2e00df2bc,9007
2702,124765869,124765869_2.json,4f4a7f8d7f961c2ffc2ac74b7b310eea8be39d2a6c329d395c9cacf14775071c,5888
2703,2521501,2521501_19.json,b9538357309060cd190d0a1d576a0a2e55d79513a0f646f38828e9038dbef96b,5342
2704,63693352,63693352_18.json,711baea84a4b8d93c980d9d8ef5017b6bc2ad7a8cf44be78fe6c9813bc4a1ddc,3133
2705,171415041,171415041_1.json,88a9f2d0179cb6981a146b0951fdfefc59e8c7af3f69554cd307d474435a02ff,3954
2706,16362553,16362553_63.json,028d615afbc42439d567cfbced5d80e20af38e90132de039f85d0690fda78e35,34250
2707,48394219,48394219_19.json,0a7845d443d3c0d11a08caf391d18ee1b045ab35f8dc9bdf4a7ca2b3355fb063,5109
2708,22815625,22815625_26.json,b19e75cdf4f5b1c27c0167f0946bd90ef4af8f702b12fb296dd9d7fcc98347c6,9601
2709,3283313,3283313_0.json,641ef849170ce099bb1c86ae3d75b3a4d01caadf15b90142d11f95e7e08280c7,6061
2710,8786725,8786725_70.json,2b5fd579a42a37e67943e046bbdb6285d6e969155cf29f5d70c0b25c3ed225cd,11293
2711,42751387,42751387_108.json,42909fa061f694a90f26576d3ef2cdf1bb931565d5ba950b301e1f788a8817ee,6364
2712,66321621,66321621_1.json,79c9f8a13e5ef56a91ac19bf950e5e845bf3dfbe43f396ef5bd9af6a0581ae9b,3732
2713,46789213,46789213_50.json,7ea2e5cde36ae37eec4f675a06fb8b8ee8a52198b3d6c630baa1ea2cf81ef15d,5094
2714,47021168,47021168_13.json,5bb3f3283e18d41148e762e2d3950f55cf9a1e0c1c55d1f2d1ec5f2510f4d48d,6450
2715,11304845,11304845_14.json,9f3d5c8faf57a2a57a8932646140768dcdbdd929c1dd9e934432065327a6d9ad,4211
2716,54914992,54914992_3.json,d9be6eaeb4336908a9bfba5644b669308c250fb65ba08084ec3fb90e2f832170,5233
2717,39924219,39924219_3.json,97bf1a10271b61cdab8a4e1b932a24359dfa7d006bf0cce0da2135115271822a,5215
2718,55498563,55498563_15.json,769dcaed72e0acad237a0356f67136dd8b7dafaec5442667ae9062f53c5d6721,3862
2719,143078890,143078890_6.json,be4833a6f8e2e1f7d1134583d07293d4e4a89c96809efb0f11c4828dd76719f9,9748
2720,473362,473362_8.json,4ea3e3d80ac0d0a306bd7f29de524b5c5e779c603c7baca877e39d75ef76947c,3860
2721,80643997,80643997_102.json,328cc949191da1e9e309a193e24f9448e17b4898bf9a5e07775284fff108275f,13480
2722,56890246,56890246_2.json,521cc95b051d6a882ebb7614a5eb2bdc0c2b50feca3583f37bac6cef85e364a2,17592
2723,5726012,5726012_4.json,3efdf1cc398bb9cf28d97fc613bba75f3c12a4fc5cd43d7a5ba90a0653483ebb,8588
2724,55332367,55332367_3.json,acd37ffe9c2df6ac336b76d68b25fdb4c984e2c19eee66c03a16c5f4218d47a8,6018
2725,73330288,73330288_0.json,df67f7a14e9f07e87792ec9fe82d8de58252d3b083407719cee0d4757eda0423,8963
2726,32199895,32199895_20.json,bc6287106c4ed2ea044bde4c478e5614a4f37a0214b898ed4923eb9a394619b7,11849
2727,107386062,107386062_18.json,bc0930cd7d944304bd21198f0c4c40924c133908fbd47c859976942a9721fcc0,3183
2728,64340716,64340716_50.json,4772c416511da447cd5a5d4d701651f1f21afacd3e7fccaad224ea69aa4134c9,16664
2729,36657331,36657331_0.json,30f83fec50b3a9ac51db88956797e4d3b625864388b1721f89b33ccfee88d230,5312
2730,61690323,61690323_6.json,ac821c1d95a19b43431ae59182635894251923cea63c53c6f1485271523aded1,3530
2731,142377858,142377858_12.json,731cd08ed78feaca57a4eb9137e326b9db7bc48759c92f77c4f0b3f8b9f02e7e,9676
2732,6733624,6733624_97.json,8ca51c8d211d8a84a7bfbee0b84acb88f24b63e72b4f4a497001c091c50ed3d7,5941
2733,78070391,78070391_0.json,bef7f4e40f78564dd91b471bfd1be3b4c158a6b36092ba27c17ac4413fe1e20c,12960
2734,45931737,45931737_19.json,87341c1cf7531e51db6de4f403fcf6910853c17a0d1b933337024fde1eb01c4e,7648
2735,107873649,107873649_41.json,db69c44ca3059019754788cb61d4846d691f7522205d2ed1072c933ed3a2023d,12030
2736,61520679,61520679_5.json,12e1c29a7152850b56b692c84a6b57cb4cc6cd839fdad3954e9c831ef400eaf0,14353
2737,26907542,26907542_0.json,e5e55f8820ca250b2218b30ff5e8f2a52113c0a7d169899b00705360cd776b72,6302
2738,167839264,167839264_0.json,a4a1325908c8bffd17a06a18b7c46edcb7a9a83b26bf7826bb37eb46a125795c,3947
2739,14865444,14865444_5.json,46d14beb85ce594cd1c3027d929aa89603e6263eea408d77c81d3194015804b5,9414
2740,50276657,50276657_1.json,3f946903db9131e96de109cf79a359ce414af282d9b181ad1cac68cf868581ce,6041
2741,10455939,10455939_31.json,a3f4fda8f61d0a915e7343ac8e05c8c70445f020407644ed6f56eb6201c1598b,9481
2742,114886091,114886091_5.json,6568ff5e3a98ae1c489d6d0f1915aae9946a18f11a54c85aa141d3218dfc007b,4775
2743,92312271,92312271_17.json,68699f510722c26b9cc08284e8114482828706809e62ed3bc26a99d9cc4ce867,14052
2744,156601203,156601203_25.json,9485470b09b221b1113f76cfe8feb134a06bb7dd70af374ef811bd856d0b2df4,9507
2745,13380298,13380298_15.json,fb67f6bea0b434281648751ac8bedc323f49a040e0826f8810cfcfbc2df4f6c0,6986
2746,20647901,20647901_64.json,5f88716d0d04a0e894832bd60288e7ac9e45f2cbf92bcc03b1abfebfac3d0e3c,6321
2747,164034455,164034455_1.json,ef5f71877907de1add94b8e8e7e22dfb44bec9e94e8b2317c0f4128c0a118272,3787
2748,29740235,29740235_19.json,a6bd7e50292a3562f9b38efce184d9c887b5834afe549c6adbbb109245e86134,19475
2749,78774547,78774547_7.json,73343f80df0e6b2f02a4058d7947020c3fa1d331cfd3511c3b73bbbc9fa03531,2511
2750,103616209,103616209_64.json,8a5c49183198f38378c7f9fa633ab07907a28efec6ac310a78e9d140f6ee0474,14945
2751,65194280,65194280_0.json,4cdd465ca157fb129be59429c49d7c0656bb32f5c64c6e63ccea6268f7bb9834,7990
2752,253251724,253251724_14.json,236acf03812aa4d7ed4933a8b1035df4f71c2e29172813e77f4b6dab5a3c0435,3423
2753,209854470,209854470_1.json,0018f2c48630d1b5ad8605339b6453acb753127215165fe4cb41dcf04c42d9c3,4533
2754,140874933,140874933_4.json,25f8733da709a98b2cb39609bd2c9a6ab329fd37b119c4594a3e367459f4e3d5,10443
2755,28190686,28190686_0.json,11f14fa83bea89dc1a9ba2c0f9b947d87660884e4df6e01bbf741f85a3825a43,7235
2756,174202612,174202612_13.json,e33b3a45390cd0d22252d578d2bda053b377548614aa59db013e0d25f1209663,6181
2757,28649714,28649714_79.json,35dc58e8d7f43160ca4e8df5ba5137d1cae5856f21f03846d7b766f9e1e9aa24,6213
2758,60299559,60299559_4.json,46adabf4fbf55d33830fb484e99247daec619e64ea32a77ec8f27c490a4462de,10587
2759,46713982,46713982_14.json,a966b909e13c7e42f429117d0edb897ce0f057de44d1fbdbd69d80a658a02676,6624
2760,26308814,26308814_19.json,a1c4053ae6d6b07b3a5b8c10ed4ae060238524d0cdbb925edbb7e38bd5808867,3464
2761,832676,832676_171.json,3b2bc4457431bd1efc6c345400bfd6cbc9496ba4a48f130a4ce41a2c46733b43,4200
2762,14518795,14518795_0.json,ac36edd9e4928bebec225f39d7d760b91b1e9df4de131109f229a1bd5f64bc44,2706
2763,191807118,191807118_0.json,69737c035bc0585f291ce5447a11bed2e61577b1ef489aa2483ed1eaf659936f,6682
2764,34706545,34706545_5.json,29b7115a53d83b55a5e4038880360d0a4eda033340ad266cc657e9aa53469fc0,4206
2765,32972125,32972125_16.json,9ae8c0af63fbd952680b023e1e5473123d5fdc205a3a8abb834379ccc5d07168,18785
2766,31789636,31789636_1.json,585484b25c231c9986f7644e9693179855776dd055afc0dc7cd8ef0f034ac10c,4605
2767,20456181,20456181_4.json,e68abded64baabbc425929092ff6f0b5a942e4c16e9ddbe5c91ade7477916a84,11257
2768,34039690,34039690_3.json,78ae070f1596b9c3e0374e78779294c3d5317891ca3714cd0e659781b59f391e,17128
2769,18143415,18143415_3.json,910d14ddc8984d3ee3e0bdae626ff2b156195cb6c90a1e11cda8a397e12ab9f7,8918
2770,72495006,72495006_9.json,b53f437378d7753500ab4af04fdcc3672e972f0a15c48e6a1e2fd1ff94d39f23,21826
2771,81186751,81186751_12.json,4ebd07b27a61c280851d32a9905b5694a2fcf73d84d6f6a887f256c75e0c5f95,5915
2772,175376,175376_3.json,ab708b3c2c1a02b211df543a3e0255bc5ed1a805bc3b5ca78ef4df8bd5ea6883,20269
2773,45098765,45098765_15.json,1e60d4e33025d913f622295b749ee165ecd3deca1c65fff1e34c1f53d915d44c,5600
2774,108563514,108563514_4.json,8703c1657278ef45dfb4bbdd7c758457323cdd8b0906256becafbfed738f2aee,6031
2775,851175,851175_26.json,8fb1929dab1d10041c1256528b180bdd8e781ce503e050993a6529fe2cecb80b,11535
2776,154246246,154246246_31.json,a01c4ccd90515b6cdfeec90d485b85893f57a2bfc30d900de26745e83314af48,3871
2777,25857692,25857692_3.json,000960eb38cd9e06ef942fa064e0518414a789bddf7fe93ac8943d495b5fa6a6,5542
2778,8570603,8570603_3.json,821ae16dbf33ea7ec021fee3147c327e85a6da0a76ec3f0e9ad2b8313b9adcc3,7227
2779,18379456,18379456_11.json,52f0d8cdd319270e7c88ff9fbbee9e3ca6a6a6def4dd3ee9e1cfe3a11097b224,6382
2780,10692925,10692925_37.json,e6a42ee2f402cebdde2cc6d1c3da638e9332f4752b20c5bbbf9d3b1743d1e374,11374
2781,121391917,121391917_12.json,425221dc89ab74c5a1e745ffd975ac5aa1cac2015f6d1da5d1e477edd516575f,8651
2782,84742920,84742920_9.json,b048209254735a22ea905edceb32e2deb167aea1841c0bb6a5ed8893a1de7d51,10385
2783,27030629,27030629_5.json,677d07eceae41fb3904e9b625bb956f74b68d85ce1df19a69dfc638c5237e810,9762
2784,16446099,16446099_10.json,33d7a0587ae880d752fd16b5ea2bca0f5cf4a0a6fdf3ebd8268bfffaa419c5c0,6272
2785,53566183,53566183_2.json,80c646d751a15eb21fdf69ec1bd0fc7f14362fce1d7c24025b8041a7b8cf2f2f,10593
2786,206483,206483_95.json,03515213e733379c5435a11e7120c57ea6531108005f793e78844dbf3fe43a15,8363
2787,96060769,96060769_197.json,763bec691e0deda970d980bf556db287bdc2e079f47bd93036a07a1c1ec03f12,2705
2788,123415889,123415889_0.json,cd7128201df2928533e22327be987b45130fda964a56cfba60575444147f3f0c,12837
2789,21556616,21556616_114.json,69e90f81df425ae4fa61e0866df61cf61a8978ab62bf1335cf86623531175eac,12688
2790,16597144,16597144_29.json,8346b510944b59acff5ff3ffd90b2bb70ddf2559ee6455e49c7f9d8745d346e2,8821
2791,6092163,6092163_80.json,4f75a30dea3e3934d27f0701e0e7f8848109c9411530f73e605c1f4668ae7d8f,4581
2792,28874374,28874374_0.json,8e11e9b9a12b3af4c6be37c1bd5e300e6c7d03181ee04f086b32c0f184635341,6867
2793,70371145,70371145_12.json,16373260bb465ce87ca9625af8ea326724be375e8d03a5102e7330cd2201deac,3407
2794,52151431,52151431_2.json,7ea97812249631743969244592670766a0114efca0f9457fb88d3ee5b7f4303f,17387
2795,6172406,6172406_796.json,0b48d187df1bfb42efe0e9e7db74e30b9287e75d5499351ba99e120abb4a4bed,6524
2796,72728706,72728706_16.json,1b057debf3c69194feebf893575f03a663905d31b72527b33636b976fcd0fc9b,6693
2797,220248572,220248572_3.json,c5aa2c4255fcebb3a379be4c5b8e8bf9951b4eb144007798404d2e31dda4b3a9,11310
2798,108452902,108452902_0.json,e3c0cd29155c8e60a01d00668df726cfe548310d6a39905a27a2acc896dcc5f8,5301
2799,24283381,24283381_0.json,727b7dca14873dc0abcf1a24af5389a536cb26f790952cc3618900ad3aecccb4,4609
2800,203966607,203966607_10.json,e5f93fa24690c778438938a002c745ef4c214df0a59614ace9cda2455f56fc0b,3971
2801,1644710,1644710_0.json,4c322fa08cffcaa12a3b94ed4e008a6146661bac62d91349a29f9c87c1c03afb,4672
2802,50579018,50579018_34.json,6cf1b021c808137153037640762d0e8bf1e3d694cc0cd4ee10ac522b109a0a08,9186
2803,157765359,157765359_1.json,ed244ddc250a4ff1e4b6d83f6be68fb5c5e265ed9a290cbc9ba4b51f050c6e4a,31511
2804,89644636,89644636_2.json,f92d9f41cc8ad03bdc53954a16f37924fe54b01cba6e0e96a41e8dd6f9fdbdda,6635
2805,2516145,2516145_10.json,0007de300a88136cffb730496d4c8af90b2b1ece2148ec92ed96d97dc1c20c1c,7684
2806,102047648,102047648_7.json,485047924a7e0caf2d7fc9f24cbc2f030557f1a0cf444ddaf9c0b28e24ed9977,12154
2807,7352878,7352878_0.json,a8430a569870a46a21426a6faac4cb021b652edaa012fa0c9a18d148230ab3ad,4640
2808,53615697,53615697_3.json,e71b0ea1e4a078be847bd4f6a2757abd27daf9ec6829fac8803cd2e99ac78d5e,5966
2809,40325889,40325889_62.json,874613bad9003fee3207dc1401117da68e3af79f126bbd53e1af0b977a5e0972,5038
2810,13095397,13095397_0.json,5b68faf49a445dae21daca1be95a132093c19a96e47c0e0ac98c6074ff9491e2,9223
2811,100470026,100470026_0.json,f9157f74b547804859a2222ab545e6f428b1004a687fdb6acb063bd2e690f2ca,2797
2812,710733,710733_12.json,31448222809bd3f3182cc306cb5173849807b8131163bb9dfbe6b2a9eccae5b7,12506
2813,80563893,80563893_2.json,af50d1a24d800f6e5ce7f256925b70e7522ba1f952c1e96f06be481f26dd3e19,10922
2814,217587403,217587403_0.json,999e5c8984c3cafa0bb90be60c7829108e71b966433fc6dc612cbfc0883cf5e3,10442
2815,55321773,55321773_3.json,809fc409046ad56e5bb3565e106850e8b9adc84e1a40c575281e9064f5cc16aa,5016
2816,168063420,168063420_0.json,19ad3535d775250eb36b79dfeafecbce1c587fdfd4d964a6c36477bf77c58c5f,4865
2817,61247013,61247013_40.json,830df4ca1c4ad155d3e3e0a29ec00b9a2d5c8e183c8c6f4bb82a093d0e28188f,6444
2818,103047907,103047907_3.json,5b3b96db7df1d91591c2ef92b7d8483be98cda102a8d11ecc9745c4d4b590a75,11735
2819,2693213,2693213_4.json,1618d2157248932b7dc5484d2b062d82e336770a715fee539f20192eb650a0bc,11745
2820,201612522,201612522_15.json,88c25bf898f54daa4e5415019a93b0fd59233ff6277f703efcadc0370d760c66,6592
2821,92746837,92746837_339.json,d75b0167f23b6c74cea2ca2061e79338cbce281e51e4a6a310725e64d74249f3,19638
2822,42548113,42548113_1.json,9ad442a002f003cdf1847ed16e5889658fae2d8034e57e1662b805eb0da21bb0,10498
2823,6961882,6961882_9.json,2981eaca1693cbbdcd53144351d7d6a0a7d491f93f147b19172c08322b21c292,8437
2824,9737832,9737832_8.json,6fbaa24bdd2a29d95b681b0e6085c1390f5dd4017db104f2ae53332f22ee5ed2,4220
2825,37256706,37256706_11.json,f82117aa16f8806f97754bd15849a87b38795f7615c4140fe9bce9c5abbd39b7,11187
2826,22734513,22734513_372.json,fbcf2708d732e65efcbe3b0896b8a4828432e7933d4720c0ce59f8031452cb12,17284
2827,27790789,27790789_115.json,6ee239438516d07701d36ffa39a70ae04689f91d3950a658991b2e4ba6c1c62a,3857
2828,66918551,66918551_0.json,2e3ff1518c249b47d8f8c486e0c520e69890d9551f46f8df321a0e81e66d3e2c,9438
2829,2755429,2755429_2.json,30f8439309232af76b86193adea9f4b82e59dd7fb47c982269601609dc8cd9bf,5923
2830,3299865,3299865_0.json,406e9a5d29d6266d5580168a7c55aec3bd5923b8a6a024624cd3277f2065c9c0,141953
2831,36551934,36551934_2.json,c4b09b8a6e1613b354db696cc9f071f0fc6fc8e2614cad01913c77675ab94083,4991
2832,1335544,1335544_1.json,fc8541836188b6874fe8ad3580dbda6b8d3383a7729546a68cc208560e6d541e,2874
2833,64873196,64873196_1.json,fa4a75eb288b5d95c0422efc602cc423f40b91e54d6a9fb7831eec055acd5dbe,3675
2834,174104865,174104865_2.json,4635dce9f90aefc783854fa9334b9037b20343f5e9484dfa1cb3067204773ba2,4417
2835,5104280,5104280_57.json,dda432f6197ecbbf616999ff403f6c594db6014a56111ef24176586668ab0247,17534
2836,13910968,13910968_4.json,bb4d3be28f1a59e067177e968a5e26e8b3ed222cb6da36f066a6b07ba9b5cf0e,8572
2837,86400116,86400116_6.json,bf78a7ed696c8939b1a927262abe173963be3c20b3f2043c8e0fb1b7051862da,5537
2838,162272754,162272754_73.json,4449e4a7274d34ce7c2ef0d210d0fd5ce6230a53170a2b02b4151cccc71bfd63,4713
2839,48196746,48196746_1.json,f6665a57712578b52ad7be79bcff82ddf3e410112a33ae049ca5d4f829373fe7,8860
2840,13655913,13655913_3.json,5368bf3751cd2c956756356deea477994e7595f25d58b0f5ce32f9092b389206,4698
2841,193657959,193657959_4.json,626dad3746781421e4438eb8950cad60814f82ea4823a2280d0bbab444c6fa81,5571
2842,88132125,88132125_21.json,e3b36b6a9c46f8eff390b7ef2877daae329da05812afec1bd677a61cfc580ceb,25189
2843,77671214,77671214_1.json,e208572d07bad6eaaf59b979926475ce9fe6b3a0a379a593e32a1f47da9df686,3337
2844,9189077,9189077_0.json,ce3f202668ee1687a35e330497a51f666a2d417244e08780090ad4083ab68e0f,8375
2845,17794452,17794452_0.json,409e6d33b1175d86ec609eed10f1750b5681cf9603958565be947c47418a7633,2286
2846,134973177,134973177_2.json,3881e8b7b7194cb751d98263d2de4007051c22642b0426b58092518505eaa4a5,3226
2847,56153614,56153614_30.json,4095d38aff9bf27023e1e760fe07ba3816089ac1c2fc308c25e3792bc9b97aa5,10885
2848,99313507,99313507_1.json,1acb786530b86ad02a578391f10bdd880c5fb03d30c9e754cf97bc0691b2b9ea,29540
2849,86711482,86711482_1.json,27134b760e9cac846c9cd72d3c1fe9507fdfa950cab6dfc3ac8abad46ea6dada,5272
2850,117353090,117353090_2.json,2be860005dfb927fc2e89ca7e83f14728c83dcd60435031373d0d7e96f051af7,7330
2851,4112450,4112450_15.json,a141c6548d8702dbe5ff0c82d8e72ba3c834e5e8d23b8797d9f228d4e02056bf,15828
2852,109401796,109401796_3.json,47a548829cae2a9a3af3bab87fb94ddf48f495024edc3af5da285f32999c2899,9295
2853,14640193,14640193_0.json,934accbadcdf17cccec4efb973059b0bcdf04d9a70ef7cb7f916b7ac14b1b6de,4741
2854,79304189,79304189_8.json,3ccdc33d4538d1bb40767446cc6f306064f2720c9a71b2aafe8cb4112588c922,8142
2855,1502367,1502367_0.json,b3f6adb8be2c8fb95d51eb58f73420a3234cc5e4380427e765240eb839415d04,4655
2856,181071001,181071001_18.json,a15eb2ee5d7267100a7af835fd47e49558d7aa0e0fdaf93f8f5bca2e06fbd4e5,6736
2857,91155672,91155672_2.json,2036413c087ff3067da442fc973092a1962e0da24444c6343a3f3397f67d1668,5858
2858,8176370,8176370_16.json,fb7b840dbf2d824b11351ae61a102d8e5700dcfd80700b95dfee003f0c9f2c34,6055
2859,30927071,30927071_1.json,b3266917ace365a56e00d9cdbf3595dcce293dfdb9e2c9f369da204940cf5a88,5587
2860,109554428,109554428_7.json,76574c6d7902618a9f611eafe91dc153ef5f053439656ed8769098e12277df59,32684
2861,36603494,36603494_0.json,ed51ad94e81331ab6f6cbf190fcd7c2021b53558f544d8865db9f59b2bac8abe,6427
2862,35256352,35256352_0.json,52b601474af341c2ddaacf501701581e72772e9b82133725bd212d13fb2d2788,10476
2863,9945428,9945428_4.json,8bff26fa556719141bd507d537e88394cd1d828903c0e74e2ae80823db376446,9543
2864,3415463,3415463_32.json,27d777fb326003a2ce85d2c0f0645f4ea11f3b990fa11beea90925c9aefd4547,5952
2865,58413602,58413602_1.json,e5193f72d70f4ae7de0a81881f134cba2b18b61e339835e010401d88e106b26f,7790
2866,39727052,39727052_1.json,df2f3ef71db34cfe4faa63d7e942dbed764511f310a21f4d9bc15c92e571ee44,8949
2867,190718318,190718318_5.json,c71c38d76370184a2a3c8331520db087301ff51077380b7c34dec5044aa52026,8430
2868,7334654,7334654_10.json,4516538829d1c0267ec5e317e2cacec191cabc20039650125ba90a731f5301b5,16585
2869,159454491,159454491_5.json,196b511d04f3c6998ffc6af86bf32e727b96218faa9022a281e3f41b46dc35ac,3053
2870,75735839,75735839_11.json,95ed0266420beec83287e2c0aaf81ce698905d663c52053d516de224f4992e53,17549
2871,1184582,1184582_8.json,24dcc2953126a462d5edf0d78fa4b0c44a224507c4e2106b9a75a7c9734220f4,5722
2872,2316191,2316191_14.json,607078a086d2ce7a386dac9e303afe28a41c1c04fb195104d013d6df6e85bcca,9591
2873,160156999,160156999_4.json,6523e1d3cdaf1f254b827bb93d2cc93408b64a675462d85c9dc573937f039dfb,4274
2874,33546582,33546582_131.json,95b123007f196934d94486a2b80f439c4b929080d7513de70c87b849fefa4099,22706
2875,32739388,32739388_13.json,92e8c278d1f0714f899112ca1bc5df400f77ce6b32afc40687329f75ad0a851e,15362
2876,27570630,27570630_0.json,c358c9233de597175a6b1158770d70082c1d344a128b7f3099d7648e2b235747,6876
2877,15841325,15841325_1.json,fa5a97a42853ecba5469163c832b7453a37ded1cfe72cbdc2e6e32c5b9c5c98a,2886
2878,76684377,76684377_119.json,ca2047751027747085c3227b1c51b9b2b3d9e5d7e4acaf9b0a6c745c9aa4d219,17315
2879,96609869,96609869_1.json,0fba31993fb4e19d8cac97724468a3b1e22838896a68fca76e14bc9c0295a27f,3202
2880,131297762,131297762_0.json,6625388a0c1f745553861788a148d95b7f1d8efe2f42b64e85a04eab22413875,5365
2881,106213935,106213935_0.json,3d8fd115aacf3567112a2493209b93e75969c3237b217d4eaceeff2b31857519,8999
2882,65041301,65041301_18.json,7508a1dfeaee914bae761dd44e7c35e07e46334f31a01c96940ddce45387ba3a,5864
2883,57921720,57921720_7.json,8b9d3f656a90de96832908c3e98bf0cd47143c52a561b1e00c82df2bb5cb497a,5994
2884,126886615,126886615_6.json,e425b59ef144154d5bdcd174f879255c647efd993db4ca35c8a90c6bb3fee483,13599
2885,335218,335218_89.json,b2de1dba65ab5b17744284bebdd417e13329e389ceac7e70c3693435bb5cd2fd,2702
2886,105104598,105104598_3.json,d99c866b5ab006b959d41d3d47f2606503b1a5fa8a558cbcbba0fb84a157d519,4981
2887,6022685,6022685_4.json,aea219952b2922b9dc2575c4dd7158b0d1fc70efd8ea5128ea8e08839bb34737,6741
2888,145126556,145126556_67.json,98dd3ae92b16448e0d9c7c26f559ac24c4039d45a09d5edb20bd0d33b8c5410d,17672
2889,60683863,60683863_8.json,7f5c89732a95da176b281f9148cbb2d25034c9729a532cc14538d193f99571a1,9584
2890,56582318,56582318_42.json,6d1b03d92aaabf75b6aab0b2a6f64f154858171c574b84566c1617be3886f605,8979
2891,59325776,59325776_15.json,17afe251b61006e14cb31a3b5968d807ea09c3fbeb16011505547e24194ea173,4691
2892,8672234,8672234_24.json,900b60d221575b62e79bd0ad88c306f4b864c1263254055d62093708e2685c43,13497
2893,15132790,15132790_12.json,94c1ad928ecd615a3a5556b9453bb98e9bdce2c2dfd120357e4cb32e6062b0ba,11303
2894,39215543,39215543_4.json,b5cd38a9077650e8b5136061e7416ec0fb321c41d0af252632628e88dfe3e1f6,4267
2895,15491874,15491874_11.json,db2b90c5ffdf859ccded7df9772e4dc4e6057afbf1ca91317349a5e219c87fcf,3494
2896,3649012,3649012_18.json,4564d7f342f825c91f57878f177924304006439e8b1a41d2f5e46b2e72b0c1c7,7712
2897,120487379,120487379_49.json,a9f0aeef7bfc2645e5746ff024ed6160d7e1a38c1e5f53fea3739ebd1996af5f,19817
2898,97029141,97029141_16.json,4fe120da06af887d6a12afe08d0cd521aacea0faf99e00a49f56bc47ccb88059,4859
2899,10624930,10624930_22.json,4b372d2d8ed13565520b11db45b11b93b894df2dea91c3702cdbc3eee8a85348,8076
2900,169697931,169697931_0.json,049ecbf29718bb4b0e52acb659f7f7d31a3ea57c1063d0d84ea7fc43a5e14deb,4286
2901,6010090,6010090_2.json,8e0f9a6b4c7ab7bf3b7fedb9dfb2e1ec9da63edeca4420e9f54e21c8bd61922b,8582
2902,138623536,138623536_26.json,c94b9840f473c8912fdcbde4f51e5545a9f8b02e2f89507d5734dc49344a7c63,5379
2903,44167878,44167878_0.json,e68f41a4f5796a0daecce022ea99552cce22e20e279cc160a8764a2fbbe524b1,26172
2904,5745625,5745625_12.json,cba78c18747b3823b096427ba09cab0409df73b2b80c8b8d702536d78ecabdb5,5599
2905,3005042,3005042_18.json,48dad05d1d46350a2ab899f4e23444195d747b889ea5d6d9b80c9fa0263cb1ba,11946
2906,58279246,58279246_2.json,a8b740e4bfb1987ca7b1516f558985f4be9adba56789ea3573f1583012914eb4,16084
2907,44013289,44013289_2.json,e2cdcb14cd4c0da0d7a635149b1fce1a13564027613a9d9b8a2534fe4a88e824,28681
2908,30950312,30950312_2.json,6d0181b404384cc116f2a7032e2e9e359206c7e60ea55c71e0963b0ff174f48b,4439
2909,59146760,59146760_18.json,1c8990cb7854cb5e0055d7a266820c5b3fd03663b36877fc35e192c7e773b4f5,4738
2910,17799877,17799877_130.json,5ff4fdaccd7570cd07cb6e8e00ea278ebeac7c6c10b8e8e479ca0ebbb8478a75,13518
2911,255469961,255469961_4.json,90f37183c465ec039f108ed758e51dc2efbff2f3d534b3eb78e2166b3b21dc07,10328
2912,32446940,32446940_0.json,b658f7617bb023beddb8f9fa9de66fe3126821d7cf1273eb2184ab03d7178f41,15119
2913,78055963,78055963_13.json,b0b7128eefcb26e2728725f557216040e80b6fa38989cf6d36b683ddebf1c6b4,16270
2914,102874374,102874374_20.json,6a2de4f7fcdcf2a2fbe899d682d8072fad2d04c1f18cb9b37e696fcc868cfe64,9772
2915,108987781,108987781_1.json,b8b826545ddc4b265ca873068e66b5170a8d6b32bc3ed485719fe8abafaabee8,5702
2916,118602757,118602757_0.json,6c5ed81dd8de2b450234362e227a4c1eb8dcfa0119df257594ff5016a44785b3,10961
2917,4604367,4604367_119.json,cfabbc00e4c4260b5192a8fd08ee8cf874a6b9c51e129e89a78722ab68a25f94,19522
2918,97598061,97598061_0.json,68e3cdd6b6cd94eb8c69d56227e6e333fea1120718be3c811782f2d80cf669f4,5124
2919,89956253,89956253_0.json,235b7a5ada13d227e2cf6506729a6833c28c26b44356253545b30f9a4f8fc342,3904
2920,4713588,4713588_15.json,b9bfaddb18df6a0c38eead4e5b5903e0aaf7ace50fb89252fd46069325101f8e,10379
2921,2480222,2480222_2.json,f8b606a1cc124b20f5eb282bae7de59dce65946708998b908e6ba86cf1febb84,3888
2922,78049515,78049515_0.json,a757a30c6222e7e4ee5b906f36180e11e0eba04bc4cc6b466ebb88ad6bd9f0cf,8207
2923,69469299,69469299_0.json,12ef6a59ee27ade4ae9879b846ec493a7472a8f5ace342d46532b3e72be96363,20144
2924,34128918,34128918_7.json,fa97cc56dd5bf46f510957547e86d4d74bdc2a4b443890a7cd83ace2defd0d8b,3914
2925,178169608,178169608_2.json,8c10197a8d4da902a922ea3811e4f574c8418b0789a76d7d2367c423bb4fa58a,5328
2926,19873472,19873472_6.json,63007fbdaf7a02fe7080dfd6f90e1512a5732db7e10082397502419f80c465d3,11596
2927,55719869,55719869_0.json,638daed2f6c2a6ba86f3ee114191aa9ecdd950f6442dcbe1fb4e40e8aed0aa82,10059
2928,196205406,196205406_0.json,e37119d2ba26d6ff15f58a862ac33031def48b016fdb6bcb21ab58d2cba8d1bd,1946
2929,133447770,133447770_167.json,ec28fef1b57373326ae976f9d43fd634035423fbe3b511ff4db8ff3e77e0d31a,14472
2930,17517472,17517472_0.json,a58ea97c9398c458f93acd5b51f94c16225a085a1b3d0bc42ee07399852d5119,4553
2931,14444698,14444698_18.json,bcfd3ee8dec7b91ade5beeaeff9b5491504455695dead6ee6ac8cd8b26b2f2c2,5464
2932,13349691,13349691_3.json,40e238743709bfc2fc3a56488044f53e73bd27ff0756dfe7e18daae4f8636a0e,8128
2933,129169685,129169685_15.json,584281fded408c4bd850260e53e2139b42892349ec3970635e90f47dc7599a74,24584
2934,745456,745456_18.json,2052fc097d4b72d0d682eeb3997fc5e4fbeeb5f1b2a303614668991890d1b80b,2207
2935,72159384,72159384_4.json,efa62b0b3cae8ad82aaabeb86c6e4a5f3c0641774fe44a384f846b145a56120c,5704
2936,5093728,5093728_4.json,bc1723a512fa6380c5b615c613e6ac63005b9cb968305510fbf751b088e70e1b,4262
2937,84521629,84521629_3.json,4305c20a84a612f24f134dfd5bd469e9f6506eb3176170758ebc4b5794ea9924,7668
2938,43548435,43548435_5.json,b764c15c58eaa37629f6a4a49ead4505291e3008599b1a2ae58ab30fc2e6b805,8780
2939,6662839,6662839_18.json,d8a567d89d5e336ee5f2ebc78a37322c0f2e3e449baa32da4be4aaf251fb1fd7,10061
2940,9965237,9965237_0.json,295f47187888d097ebc143fd7cceef9dc1a877d15119577582cfc4ceed8ce559,4465
2941,14145875,14145875_6.json,0de49ce2dfda730bf4080b0c2a0fe02066c4b05013ced000333741420ef06551,6870
2942,36165669,36165669_2.json,2ec91801119dbe5cde2553c2d2e094b8d2d42f9697e328d5500dd9eb5a9bfbac,5190
2943,17801020,17801020_0.json,ae6f4e4335f3087780b1c77dcc875dd474434cd24ccd282aa2f0ef6c7adc6b43,3690
2944,47529369,47529369_8.json,b78eb470d03f9c5ef932cea8818cefd2a73edcc7affede8cd649404743b93f67,8284
2945,19551343,19551343_5.json,21c08b1e82794a1481c04893e5abcd352d513fafa44f93faea1d1592c56f676f,3153
2946,24635052,24635052_3.json,1cc83a2a187986105b039f93d63a996e9aeda616ddc3c1ba3fc820397f59e075,6356
2947,9713275,9713275_143.json,fce211399d610dd92cd0fac59341a4b6bd77066cbac7949403ed41132d6aca6b,5093
2948,3452904,3452904_675.json,7e355205b19d7b7c427bed8e8efd730db82f9c05f1297786ec79fad84114b3de,3677
2949,68253152,68253152_290.json,9a22b770f5b7e4f4dfb19f784d241e56f4e3755da8c6cfcf6012127accf16d8a,12357
2950,75920378,75920378_18.json,cc09f8fed472ff1c76a98402cc3441e49b7d855c73f4785b974c83761e2ecd50,3172
2951,11799031,11799031_10.json,be084d0dc57114fe81799e27669db839c5e942a992eda07ff6c0d3307bd69317,7573
2952,14029306,14029306_32.json,400d91c3decf125c240a0f54524827bbe0048b3d454ef26146bd8fee970960dc,14767
2953,15698466,15698466_915.json,3af1ca11540551eb7fa1746b8377dda95d61eb79b777f589e8ad0d5bd8ffb4ed,8440
2954,174687251,174687251_0.json,ac14cf6b001f102060aa4e4458ba5ae3d399e743e71e523da8eda12a0e9808bb,4657
2955,10005385,10005385_264.json,b32370a27279e15955ab769bfb03f92c3490fe4ce4f859300b0caaa65c6a0d09,10292
2956,14969366,14969366_18.json,15b450ea86238bac8df017fcc5e5658dc5d487419258c037179e0227072f026e,9354
2957,13869700,13869700_0.json,fe0a452f83cddb6bf2520575f01f7fa9b1e46d3c80ec17f20bbd05747be7088a,2024
2958,1613090,1613090_10.json,0c2c7f091a365bd44fadbe896fb46be4ffa5b45d19fa0f7f838e250e0cfecdee,12514
2959,21357853,21357853_0.json,806aa014604f2ff4bd7d9ef62b0dedfcddcd384fc4037c2a4d887fe10f970f88,11598
2960,44637917,44637917_2.json,ace9868e1c92fc7b6ed85db453721f0828b65a396829dad8ad6144f7e86299b3,6464
2961,149235066,149235066_1.json,21dfa2855a5f863e5e6469a549b7755ae4cf6c149474ea28f16cab0a2f731318,3716
2962,80550971,80550971_14.json,cb60191554f153dcea5d69161172ab496198f5c94ea112a689c8d66b50186804,5437
2963,5622726,5622726_25.json,47767495cf1379a17c769f5dafed20feaa2b26152f9f32317ddd8b52f8514e28,3727
2964,8686380,8686380_91.json,140c4c814add594dcd6571969b16c9eb1ba512bf183c1f69e9e3149d8b79a487,4074
2965,1155836,1155836_1.json,a136905d20a9d0b88240f52df3d4ffbd5ade339e97710817b75c6304cb81118c,52464
2966,36658493,36658493_6.json,6bcc4dab53610b9cbeead78b22350cb86ff0b79d2200e5ad82b334bbc3fdd177,9317
2967,16863086,16863086_7.json,7187c3e84ed68d711d177a93919a5784440bcdba469842c9816e5eba88897754,4602
2968,62054952,62054952_2.json,5e7e3041f476fe6e014483e353c03e987440fcbbd344b05ae9387a7163c87709,9487
2969,40541952,40541952_1.json,d7c12675f548630fa8828b6585baab46e28e3ea24ad8d71e09481f780231da15,33252
2970,133571699,133571699_0.json,95e3aff54cf54221f9bf82f4297a08a6ed07db3dda7ee7a230fd84fb1119aa00,10205
2971,3641311,3641311_5.json,3ea408de478a0132409354b6bbdc61f4648c003192e3ccbcf2b3dfb9eccfcf80,18052
2972,30417900,30417900_2.json,ec6a339cf3c4bd43e5fd4697b47bc740516fd08b6ba96d24f59e45e61051b8db,3626
2973,41627638,41627638_32.json,70f6d3afceebe9cd0b6cd225d6dd3bf1d50fb8b4a6b24be12285ae1081724a89,2432
2974,164113249,164113249_3.json,9a4fa61637436604247ba3c1dd89006d5fd15d9bd63b308f238d1c0d7cc0d354,11027
2975,11845993,11845993_37.json,bf9df97f12f5446227066d7866a44ca15d191ba69945706c1b1fe28a50cc54ed,12423
2976,154647700,154647700_24.json,ba35393f2f51eecd46527092d6fc2b0c793596afe5ad5db77911de035bbe6c28,18486
2977,221992547,221992547_37.json,c758c2d8334a6cfced66c6378993c0326aef86bfcf0406e39352813e71b92d55,17366
2978,88978812,88978812_17.json,6c87432216dfd56ceb73870ea05637b8617e1befc73c6d16ff9e9c5f93da5026,4890
2979,33015857,33015857_59.json,1b46d1684760a2fc92a9f943d40d67e38ddcaa7f2aa5e34ab1fbd545813fbb36,38934
2980,163399836,163399836_0.json,24024c24a3538c9568f0a4261f2d7a68e189eb5d7a3cfb6d4f8ffdf789f63a27,6432
2981,35126129,35126129_28.json,61a8e54ea67015fa854d052f810a01ef8978fae70022538a6e193ae5d3901737,6095
2982,185739179,185739179_31.json,8676552ffaac5f115b41707adebf98bfe067057c6f0de96693367ffa499823c1,9068
2983,43734923,43734923_163.json,fac10bf2fe2fd8be33eadd6cbf0f84861525f03f9f0881edaf1bd5703efca13b,37341
2984,88777477,88777477_242.json,767a5667975adee9490e6241a7c3c360aa4189a4d85f8fce6820b762afb4424f,13612
2985,60648293,60648293_12.json,cd234388b81f3e3a1df1b273681f335eec1c4b6eea6611291a9287a17bb0e36b,8494
2986,80208107,80208107_3.json,b2ee19267bcba73f1956d6458258128f25d34e4d6e39afe5de3a3d182c31b269,4584
2987,21993347,21993347_38.json,444c231993052ffdbe59b1fca78a446c3afe2f7437bedf3eb262245276518285,4244
2988,137437971,137437971_1.json,7c0208f5f77c5f365f09b5ec46c3ff40478e4bf0871b8a782ba1ca2d312ad816,4606
2989,140073232,140073232_2.json,44b5fd738a7ed7889320d697a1d41b6629d4e54f7d9b15b43eb0ffde88c10b08,8978
2990,42785683,42785683_9.json,5b8b33a78db7b52ed710ce5ffc9d833ca8492d0bacbb0cfc99c8551c820d9237,9240
2991,102026692,102026692_1.json,3f058adedcffcc64a4de54fdd727331b7b80f032665ce34b1c3ea523425ef077,8453
2992,118782609,118782609_0.json,e4a9a318ed44c8fa0caa89dcd8a9fa6eae0797aac1d61d8fbd4d223a28b262bd,10593
2993,97492141,97492141_0.json,67715e74033b68993e368e72bbe6053bf2ca1a7db5d91f560a5e557b66072149,4373
2994,75133570,75133570_10.json,74b0e49e5c506d813dfd451aacebf263f8304422cdd58eebaaea09b474469c5a,3811
2995,249609964,249609964_0.json,a8f667aaddf4dfcacb8b0bb7bb400dfab158615d03ab85ed6adbf4bb4fccf87a,1991
2996,97642523,97642523_24.json,8e8996d84e7fb44464a8fc74abd26240996e8395803885904b831e8cdcac3e6a,7314
2997,33926359,33926359_0.json,a38e7895c49717ab368d2595890958975eb45ea3ce7b210e9dd8573d0682becb,6578
2998,21499094,21499094_6.json,cea3a8d73c938f4d3ab9d82669d0305b39a9a10edcaa7b1ae6636e179535eb75,20568
2999,46457181,46457181_3.json,f1565d014d5dcbe5783659b0a0a6957d542621d5fc1f01620414a5ed05017fe2,4228
3000,11206901,11206901_7.json,f6cbbc03f143a3ab1339c7f6ed520ce100fbbff84bda9926c3830b2402cc964c,3845
