candidate_rank,project_id,sample_file,repository_url,focal_class,focal_class_path,source_layout,class_kind,is_abstract,class_loc,focal_method_name,focal_method_loc,focal_method_modifiers,has_control_flow,has_observable_output,constructor_dependency_count,external_dependency_risk,external_risk_reasons,testability_score,semantic_status,semantic_exclusion_reason,build_tool,module_path,testing_framework,detected_java_version,selected_java_home,java_selection_reason,checkout_revision,clone_attempts,baseline_passes_required,baseline_passes_completed,baseline_states,classpath_resolved,classpath_exit_code,focal_class_fqcn,focal_bytecode_found,probe_target_state,probe_module_state,offline_baseline_state,eligibility_status,exclusion_stage,exclusion_reason,elapsed_seconds,artifact_dir
1,105081364,105081364_6.json,https://github.com/md-5/OpenJDK,LogCompilation,src/utils/LogCompilation/src/main/java/com/sun/hotspot/tools/compiler/LogCompilation.java,production,,,,main,90,public static,True,False,,,,,EXCLUDED,no_observable_behavior,,,,,,,,,2,0,,,,,,,,,EXCLUDED,semantic_metadata,no_observable_behavior,0.003,/Users/dungng/FPT/Ki 9/SET490/ARROW-paper/ARROW/runs/sample_selection/distributed/shard-0/candidates/00001_105081364_105081364_6
6,766240,766240_13.json,https://github.com/stephenh/tessell,NumberUtils,user/src/main/java/org/tessell/util/NumberUtils.java,production,class,False,37,format,12,public static,True,True,0,False,,10,ELIGIBLE,,gradle,user,junit4,8,/Users/dungng/FPT/Ki 9/SET490/ARROW-paper/ARROW/Java-version/java-8/Contents/Home,matched build.java_homes.java-8,,1,2,1,ASSERTION_FAILED,,,org.tessell.util.NumberUtils,,,,,EXCLUDED,baseline,failure: build failed with an exception.,6.226,/Users/dungng/FPT/Ki 9/SET490/ARROW-paper/ARROW/runs/sample_selection/distributed/shard-0/candidates/00006_766240_766240_13
11,61372044,61372044_181.json,https://github.com/MissionCriticalCloud/cosmic,LibvirtComputingResource,cosmic-agent/src/main/java/com/cloud/agent/resource/kvm/LibvirtComputingResource.java,production,,,,getLibvirtUtilitiesHelper,3,public,False,True,,,,,EXCLUDED,trivial_focal_method,,,,,,,,,2,0,,,,,,,,,EXCLUDED,semantic_metadata,trivial_focal_method,0.001,/Users/dungng/FPT/Ki 9/SET490/ARROW-paper/ARROW/runs/sample_selection/distributed/shard-0/candidates/00011_61372044_61372044_181
16,76667858,76667858_0.json,https://github.com/researchgate/restler,ServiceModel,restler-core/src/main/java/net/researchgate/restdsl/model/ServiceModel.java,production,class,True,56,get,3,public,False,True,1,False,,7,EXCLUDED,non_concrete:class:abstract,,,,,,,,1,2,0,,,,,,,,,EXCLUDED,semantic,non_concrete:class:abstract,1.503,/Users/dungng/FPT/Ki 9/SET490/ARROW-paper/ARROW/runs/sample_selection/distributed/shard-0/candidates/00016_76667858_76667858_0
21,23686634,23686634_7.json,https://github.com/rhlabs/louie,LoadingSupplier,engine/src/main/java/com/rhythm/louie/cache/LoadingSupplier.java,production,class,True,44,get,9,@Override public final,True,True,0,False,,10,EXCLUDED,non_concrete:class:abstract,,,,,,,,1,2,0,,,,,,,,,EXCLUDED,semantic,non_concrete:class:abstract,2.112,/Users/dungng/FPT/Ki 9/SET490/ARROW-paper/ARROW/runs/sample_selection/distributed/shard-0/candidates/00021_23686634_23686634_7
26,24855056,24855056_82.json,https://github.com/lmco/streamflow,TopologyResource,streamflow-core/streamflow-server/src/main/java/streamflow/server/resource/TopologyResource.java,production,class,False,156,getTopology,7,"@GET @Path(""/{topologyId}"") @Produces(MediaType.APPLICATION_JSON) public",False,True,1,False,,7,ELIGIBLE,,maven,streamflow-core/streamflow-server,junit4,7,/Users/dungng/FPT/Ki 9/SET490/ARROW-paper/ARROW/Java-version/java-8/Contents/Home,using compatible JDK 8 from build.java_homes.java-8 for Java 7,,1,2,1,COMPILE_FAILED,,,streamflow.server.resource.TopologyResource,,,,,EXCLUDED,baseline,[warning] org.mongodb:mongo-java-driver/maven-metadata.xml failed to transfer from http://0.0.0.0/ during a previous attempt. this failure was cached in the local repository and resolution will not be reattempted until the update interval of maven-default-http-blocker has elapsed or updates are forc,5.347,/Users/dungng/FPT/Ki 9/SET490/ARROW-paper/ARROW/runs/sample_selection/distributed/shard-0/candidates/00026_24855056_24855056_82
31,66020851,66020851_16.json,https://github.com/palantir/tritium,Instrumentation,tritium-lib/src/main/java/com/palantir/tritium/proxy/Instrumentation.java,production,class,False,184,builder,3,public static,False,True,0,False,,7,ELIGIBLE,,gradle,tritium-lib,junit5,unknown,/opt/homebrew/Cellar/openjdk@17/17.0.19/libexec/openjdk.jdk/Contents/Home,no project java version detected; using build.java_default,,1,2,2,MODULE_TESTS_PASSED|MODULE_TESTS_PASSED,True,0,com.palantir.tritium.proxy.Instrumentation,True,TARGET_TEST_PASSED,MODULE_TESTS_PASSED,MODULE_TESTS_PASSED,ELIGIBLE,,,44.254,/Users/dungng/FPT/Ki 9/SET490/ARROW-paper/ARROW/runs/sample_selection/distributed/shard-0/candidates/00031_66020851_66020851_16
36,55986996,55986996_1.json,https://github.com/erikjhordan-rey/Clean-Architecture-Android,TeamsRepository,app/src/main/java/io/github/erikjhordanrey/cleanarchitecture/data/repository/TeamsRepository.java,production,,,,getTeam,3,public,False,True,,,,,EXCLUDED,trivial_focal_method,,,,,,,,,2,0,,,,,,,,,EXCLUDED,semantic_metadata,trivial_focal_method,0.001,/Users/dungng/FPT/Ki 9/SET490/ARROW-paper/ARROW/runs/sample_selection/distributed/shard-0/candidates/00036_55986996_55986996_1
41,5126482,5126482_11.json,https://github.com/CeON/CoAnSys,CoreCitationMatchingService,citation-matching/citation-matching-core-code/src/main/java/pl/edu/icm/coansys/citations/CoreCitationMatchingService.java,production,class,False,74,matchCitations,7,public,False,True,0,False,,7,ELIGIBLE,,maven,citation-matching/citation-matching-core-code,testng,8,/Users/dungng/FPT/Ki 9/SET490/ARROW-paper/ARROW/Java-version/java-8/Contents/Home,matched build.java_homes.java-8,,1,2,1,RUNTIME_FAILED,,,pl.edu.icm.coansys.citations.CoreCitationMatchingService,,,,,EXCLUDED,baseline,[error] [error] some problems were encountered while processing the poms:,5.161,/Users/dungng/FPT/Ki 9/SET490/ARROW-paper/ARROW/runs/sample_selection/distributed/shard-0/candidates/00041_5126482_5126482_11
46,2193717,2193717_2.json,https://github.com/lexicalscope/fluent-reflection,ConvertClassToReflectedType,fluent-reflection/src/main/java/com/lexicalscope/fluentreflection/ConvertClassToReflectedType.java,production,class,False,27,convert,4,@Override public,True,True,1,False,,9,ELIGIBLE,,maven,fluent-reflection,junit4,6,/Users/dungng/FPT/Ki 9/SET490/ARROW-paper/ARROW/Java-version/java-8/Contents/Home,using compatible JDK 8 from build.java_homes.java-8 for Java 6,,1,2,2,MODULE_TESTS_PASSED|MODULE_TESTS_PASSED,True,0,com.lexicalscope.fluentreflection.ConvertClassToReflectedType,True,TARGET_TEST_PASSED,MODULE_TESTS_PASSED,MODULE_TESTS_PASSED,ELIGIBLE,,,34.403,/Users/dungng/FPT/Ki 9/SET490/ARROW-paper/ARROW/runs/sample_selection/distributed/shard-0/candidates/00046_2193717_2193717_2
51,5094929,5094929_0.json,https://github.com/JavaFundamentalsZT/java-fundamentals,Sum,io/src/main/java/stream/console/Sum.java,production,,,,sum,9,static,True,False,,,,,EXCLUDED,no_observable_behavior,,,,,,,,,2,0,,,,,,,,,EXCLUDED,semantic_metadata,no_observable_behavior,0.001,/Users/dungng/FPT/Ki 9/SET490/ARROW-paper/ARROW/runs/sample_selection/distributed/shard-0/candidates/00051_5094929_5094929_0
56,155883728,155883728_301.json,https://github.com/adamcin/oakpal,RangeIteratorFacade,core/src/main/java/net/adamcin/oakpal/core/jcrfacade/RangeIteratorFacade.java,production,class,False,60,next,4,@Override public,True,True,1,False,,10,ELIGIBLE,,maven,core,junit4,11,/Users/dungng/FPT/Ki 9/SET490/ARROW-paper/ARROW/Java-version/java-11/Contents/Home,matched build.java_homes.java-11,,1,2,1,COMPILE_FAILED,,,net.adamcin.oakpal.core.jcrfacade.RangeIteratorFacade,,,,,EXCLUDED,baseline,[info] oakpal - calipers - all package [content-package],3.981,/Users/dungng/FPT/Ki 9/SET490/ARROW-paper/ARROW/runs/sample_selection/distributed/shard-0/candidates/00056_155883728_155883728_301
61,88765628,88765628_5.json,https://github.com/olehmberg/winter,MatchingGoldStandard,winter-framework/src/main/java/de/uni_mannheim/informatik/dws/winter/model/MatchingGoldStandard.java,production,,,,printGSReport,29,public,True,False,,,,,EXCLUDED,no_observable_behavior,,,,,,,,,2,0,,,,,,,,,EXCLUDED,semantic_metadata,no_observable_behavior,0.001,/Users/dungng/FPT/Ki 9/SET490/ARROW-paper/ARROW/runs/sample_selection/distributed/shard-0/candidates/00061_88765628_88765628_5
66,163514144,163514144_1.json,https://github.com/lulululbj/Box,ArgType,jadx-core/src/main/java/jadx/core/dex/instructions/args/ArgType.java,production,class,True,622,generic,3,public static,False,True,0,False,,6,EXCLUDED,non_concrete:class:abstract;testability_score_below_7,,,,,,,,1,2,0,,,,,,,,,EXCLUDED,semantic,non_concrete:class:abstract;testability_score_below_7,3.087,/Users/dungng/FPT/Ki 9/SET490/ARROW-paper/ARROW/runs/sample_selection/distributed/shard-0/candidates/00066_163514144_163514144_1
71,7695110,7695110_11.json,https://github.com/dCache/oncrpc4j,RpcMessageParserTCP,oncrpc4j-core/src/main/java/org/dcache/oncrpc4j/rpc/RpcMessageParserTCP.java,production,class,False,115,handleRead,14,@Override public,True,True,0,False,,9,ELIGIBLE,,maven,oncrpc4j-core,junit4,21,/Users/dungng/FPT/Ki 9/SET490/ARROW-paper/ARROW/Java-version/java-21/Contents/Home,matched build.java_homes.java-21,,1,2,2,MODULE_TESTS_PASSED|MODULE_TESTS_PASSED,True,0,org.dcache.oncrpc4j.rpc.RpcMessageParserTCP,True,TARGET_TEST_PASSED,MODULE_TESTS_PASSED,MODULE_TESTS_PASSED,ELIGIBLE,,,49.225,/Users/dungng/FPT/Ki 9/SET490/ARROW-paper/ARROW/runs/sample_selection/distributed/shard-0/candidates/00071_7695110_7695110_11
76,36268631,36268631_1.json,https://github.com/jwilsoncredera/Profiles-Blog,SenderController,Profiles-Blog-Sender/src/main/java/org/jdw/blog/sender/SenderController.java,production,class,False,22,findSendCount,4,"@RequestMapping(""/{payloadType}/count"") public",False,True,0,False,,7,ELIGIBLE,,gradle,Profiles-Blog-Sender,junit4,8,/Users/dungng/FPT/Ki 9/SET490/ARROW-paper/ARROW/Java-version/java-8/Contents/Home,matched build.java_homes.java-8,,1,2,2,MODULE_TESTS_PASSED|MODULE_TESTS_PASSED,False,1,org.jdw.blog.sender.SenderController,False,,,,EXCLUDED,classpath,Không resolve được project classpath,13.282,/Users/dungng/FPT/Ki 9/SET490/ARROW-paper/ARROW/runs/sample_selection/distributed/shard-0/candidates/00076_36268631_36268631_1
81,17559168,17559168_38.json,https://github.com/josephw/titl,ParseLibrary,titl-core/src/main/java/org/kafsemo/titl/ParseLibrary.java,production,class,False,746,parse,10,public static,True,True,0,True,filesystem,7,EXCLUDED,external_dependency_risk:filesystem,,,,,,,,1,2,0,,,,,,,,,EXCLUDED,semantic,external_dependency_risk:filesystem,1.467,/Users/dungng/FPT/Ki 9/SET490/ARROW-paper/ARROW/runs/sample_selection/distributed/shard-0/candidates/00081_17559168_17559168_38
86,28344352,28344352_0.json,https://github.com/kaaproject/avro-ui,SchemaFormAvroConverter,converter/src/main/java/org/kaaproject/avro/ui/converter/SchemaFormAvroConverter.java,production,class,False,1338,createSchemaFormFromSchema,22,public,True,True,0,False,,9,ELIGIBLE,,maven,converter,junit4,7,/Users/dungng/FPT/Ki 9/SET490/ARROW-paper/ARROW/Java-version/java-8/Contents/Home,using compatible JDK 8 from build.java_homes.java-8 for Java 7,,1,2,2,MODULE_TESTS_PASSED|MODULE_TESTS_PASSED,True,1,org.kaaproject.avro.ui.converter.SchemaFormAvroConverter,True,TARGET_TEST_PASSED,MODULE_TESTS_PASSED,MODULE_TESTS_PASSED,ELIGIBLE,,,9.462,/Users/dungng/FPT/Ki 9/SET490/ARROW-paper/ARROW/runs/sample_selection/distributed/shard-0/candidates/00086_28344352_28344352_0
91,163078506,163078506_18.json,https://github.com/harmony-dev/beacon-chain-java,SSZSerializer,ssz/src/main/java/org/ethereum/beacon/ssz/SSZSerializer.java,production,class,False,59,encode,4,@Override public,True,True,2,False,,9,ELIGIBLE,,gradle,ssz,junit4,8,/Users/dungng/FPT/Ki 9/SET490/ARROW-paper/ARROW/Java-version/java-8/Contents/Home,matched build.java_homes.java-8,,1,2,1,ASSERTION_FAILED,,,org.ethereum.beacon.ssz.SSZSerializer,,,,,EXCLUDED,baseline,failure: build failed with an exception.,6.656,/Users/dungng/FPT/Ki 9/SET490/ARROW-paper/ARROW/runs/sample_selection/distributed/shard-0/candidates/00091_163078506_163078506_18
96,37987555,37987555_6.json,https://github.com/dkpro/dkpro-wsd,GermaNetLexUnitSenseInventory,de.tudarmstadt.ukp.dkpro.wsd.si.germanet-gpl/src/main/java/de/tudarmstadt/ukp/dkpro/wsd/si/germanet/GermaNetLexUnitSenseInventory.java,production,class,False,412,getSenseDescription,12,@Override public,False,True,1,True,filesystem,7,EXCLUDED,external_dependency_risk:filesystem,,,,,,,,1,2,0,,,,,,,,,EXCLUDED,semantic,external_dependency_risk:filesystem,1.963,/Users/dungng/FPT/Ki 9/SET490/ARROW-paper/ARROW/runs/sample_selection/distributed/shard-0/candidates/00096_37987555_37987555_6
101,142015901,142015901_1.json,https://github.com/MrSorrow/spring-framework,RouterFunctions,spring-webflux/src/main/java/org/springframework/web/reactive/function/server/RouterFunctions.java,production,class,True,889,route,3,public static,False,True,0,False,,7,EXCLUDED,non_concrete:class:abstract,,,,,,,,1,2,0,,,,,,,,,EXCLUDED,semantic,non_concrete:class:abstract,8.699,/Users/dungng/FPT/Ki 9/SET490/ARROW-paper/ARROW/runs/sample_selection/distributed/shard-0/candidates/00101_142015901_142015901_1
106,103155862,103155862_235.json,https://github.com/GIScience/openrouteservice,XMLBuilder,openrouteservice/src/main/java/org/heigit/ors/globalresponseprocessor/gpx/beans/XMLBuilder.java,production,class,False,51,build,8,public,False,True,0,False,,7,ELIGIBLE,,maven,openrouteservice,junit4,8,/Users/dungng/FPT/Ki 9/SET490/ARROW-paper/ARROW/Java-version/java-8/Contents/Home,matched build.java_homes.java-8,026abacdcfbdbc7b35602b1de37eb790d8cdd7c7,1,2,1,COMPILE_FAILED,,,org.heigit.ors.globalresponseprocessor.gpx.beans.XMLBuilder,,,,,EXCLUDED,baseline,"[error] <path> 9<path>:[line,col] package com.graphhopper.util does not exist",67.454,/Users/dungng/FPT/Ki 9/SET490/ARROW-paper/ARROW/runs/sample_selection/distributed/shard-0/candidates/00106_103155862_103155862_235
111,141550213,141550213_58.json,https://github.com/sebastianarnold/TeXoo,AbstractRESTAdapter,texoo-encoder-api/src/main/java/de/datexis/encoder/AbstractRESTAdapter.java,production,class,True,108,configureConnection,11,public,False,True,0,True,network,6,EXCLUDED,non_concrete:class:abstract;external_dependency_risk:network;testability_score_below_7,,,,,,,,1,2,0,,,,,,,,,EXCLUDED,semantic,non_concrete:class:abstract;external_dependency_risk:network;testability_score_below_7,9.626,/Users/dungng/FPT/Ki 9/SET490/ARROW-paper/ARROW/runs/sample_selection/distributed/shard-0/candidates/00111_141550213_141550213_58
116,112121863,112121863_17.json,https://github.com/hpple/reflection-assert,ReflectionAssertions,reflection-assert/src/main/java/com/github/reflectionassert/ReflectionAssertions.java,production,class,False,82,assertReflectiveThat,3,public static,False,True,0,False,,7,ELIGIBLE,,gradle,reflection-assert,junit5,8,/Users/dungng/FPT/Ki 9/SET490/ARROW-paper/ARROW/Java-version/java-8/Contents/Home,matched build.java_homes.java-8,,1,2,2,MODULE_TESTS_PASSED|MODULE_TESTS_PASSED,True,0,com.github.reflectionassert.ReflectionAssertions,True,TARGET_TEST_PASSED,MODULE_TESTS_PASSED,MODULE_TESTS_PASSED,ELIGIBLE,,,6.328,/Users/dungng/FPT/Ki 9/SET490/ARROW-paper/ARROW/runs/sample_selection/distributed/shard-0/candidates/00116_112121863_112121863_17
121,23505879,23505879_73.json,https://github.com/deeplearning4j/nd4j,CudaFloatDataBuffer,nd4j-backends/nd4j-backend-impls/nd4j-cuda/src/main/java/org/nd4j/linalg/jcublas/buffer/CudaFloatDataBuffer.java,production,,,,create,4,@Override protected,False,True,,,,,ELIGIBLE,,,,,,,,,,2,0,,,,,,,,,EXCLUDED,setup,"RuntimeError: Repository setup failed after 3 attempts: CalledProcessError: Command '['git', '-c', 'core.longpaths=true', 'clone', '--depth', '1', 'https://github.com/deeplearning4j/nd4j', '/Users/dungng/FPT/Ki 9/SET490/ARROW-paper/ARROW/repos/23505879']' returned non-zero exit status 128.",8.453,/Users/dungng/FPT/Ki 9/SET490/ARROW-paper/ARROW/runs/sample_selection/distributed/shard-0/candidates/00121_23505879_23505879_73
126,2610204,2610204_8.json,https://github.com/jDTOBinder/jDTO-Binder,ValueConversionHelper,jdto/src/main/java/org/jdto/impl/ValueConversionHelper.java,production,class,False,121,applyCompatibilityLogic,14,public static,True,True,0,False,,9,ELIGIBLE,,maven,jdto,junit4,6,/Users/dungng/FPT/Ki 9/SET490/ARROW-paper/ARROW/Java-version/java-8/Contents/Home,using compatible JDK 8 from build.java_homes.java-8 for Java 6,,1,2,2,MODULE_TESTS_PASSED|MODULE_TESTS_PASSED,True,0,org.jdto.impl.ValueConversionHelper,True,TARGET_TEST_PASSED,MODULE_TESTS_PASSED,MODULE_TESTS_PASSED,ELIGIBLE,,,12.808,/Users/dungng/FPT/Ki 9/SET490/ARROW-paper/ARROW/runs/sample_selection/distributed/shard-0/candidates/00126_2610204_2610204_8
131,115276927,115276927_1.json,https://github.com/decebals/auditor,Log4jAuditor,auditor-log4j/src/main/java/ro/fortsoft/auditor/log4j/Log4jAuditor.java,production,,,,audit,14,"@SuppressWarnings(""unchecked"") public",True,False,,,,,EXCLUDED,no_observable_behavior,,,,,,,,,2,0,,,,,,,,,EXCLUDED,semantic_metadata,no_observable_behavior,0.003,/Users/dungng/FPT/Ki 9/SET490/ARROW-paper/ARROW/runs/sample_selection/distributed/shard-0/candidates/00131_115276927_115276927_1
136,2784782,2784782_21.json,https://github.com/planetfederal/suite,MapController,geoserver/webapp/api-composer/src/main/java/com/boundlessgeo/geoserver/api/controllers/MapController.java,production,,,,get,7,"@RequestMapping(value=""/{wsName}/{name:.+}"", method = RequestMethod.GET) public @ResponseBody",False,True,,,,,ELIGIBLE,,,,,,,,,,2,0,,,,,,,,,EXCLUDED,setup,"RuntimeError: Repository setup failed after 3 attempts: CalledProcessError: Command '['git', '-c', 'core.longpaths=true', 'clone', '--depth', '1', 'https://github.com/planetfederal/suite', '/Users/dungng/FPT/Ki 9/SET490/ARROW-paper/ARROW/repos/2784782']' returned non-zero exit status 128.",9.424,/Users/dungng/FPT/Ki 9/SET490/ARROW-paper/ARROW/runs/sample_selection/distributed/shard-0/candidates/00136_2784782_2784782_21
141,124447570,124447570_0.json,https://github.com/usharik/SeznamSlovnik,TranslationService,app/src/main/java/com/usharik/seznamslovnik/service/TranslationService.java,production,class,False,177,getOnlineTranslation,9,,True,True,6,True,network,8,EXCLUDED,external_dependency_risk:network,,,,,,,,1,2,0,,,,,,,,,EXCLUDED,semantic,external_dependency_risk:network,1.959,/Users/dungng/FPT/Ki 9/SET490/ARROW-paper/ARROW/runs/sample_selection/distributed/shard-0/candidates/00141_124447570_124447570_0
146,145134450,145134450_0.json,https://github.com/84n4n4/FloatSight,GPSCoordinate,floatsight/src/main/java/org/floatcast/floatsight/csvparser/GPSCoordinate.java,production,class,False,58,calculateHaversinDistanceMeters,16,@NonNull public,True,True,3,False,,9,ELIGIBLE,,gradle,floatsight,junit4,1,/Users/dungng/FPT/Ki 9/SET490/ARROW-paper/ARROW/Java-version/java-8/Contents/Home,using compatible JDK 8 from build.java_homes.java-8 for Java 1,,1,2,1,ASSERTION_FAILED,,,org.floatcast.floatsight.csvparser.GPSCoordinate,,,,,EXCLUDED,baseline,failure: build failed with an exception.,28.007,/Users/dungng/FPT/Ki 9/SET490/ARROW-paper/ARROW/runs/sample_selection/distributed/shard-0/candidates/00146_145134450_145134450_0
151,104078932,104078932_1.json,https://github.com/jaycekon/SpringBoot,UserService,spring-boot-mybatis-multi/src/main/java/com/jaycekon/mybatis/multi/service/UserService.java,production,class,False,30,selectUser,3,public,False,True,0,True,database,7,EXCLUDED,external_dependency_risk:database,,,,,,,,1,2,0,,,,,,,,,EXCLUDED,semantic,external_dependency_risk:database,2.927,/Users/dungng/FPT/Ki 9/SET490/ARROW-paper/ARROW/runs/sample_selection/distributed/shard-0/candidates/00151_104078932_104078932_1
156,101401522,101401522_2.json,https://github.com/WojciechZankowski/iextrading4j-book,PriceLevel,iextrading4j-book-api/src/main/java/pl/zankowski/iextrading4j/book/api/PriceLevel.java,production,,,,hashCode,4,@Override public,False,True,,,,,EXCLUDED,trivial_focal_method,,,,,,,,,2,0,,,,,,,,,EXCLUDED,semantic_metadata,trivial_focal_method,0.001,/Users/dungng/FPT/Ki 9/SET490/ARROW-paper/ARROW/runs/sample_selection/distributed/shard-0/candidates/00156_101401522_101401522_2
161,3644569,3644569_1.json,https://github.com/ilikeorangutans/omf,ClassUtils,omf-impl/src/main/java/org/om/core/impl/util/ClassUtils.java,production,,,,isGetter,3,public static,False,True,,,,,EXCLUDED,trivial_focal_method,,,,,,,,,2,0,,,,,,,,,EXCLUDED,semantic_metadata,trivial_focal_method,0.000,/Users/dungng/FPT/Ki 9/SET490/ARROW-paper/ARROW/runs/sample_selection/distributed/shard-0/candidates/00161_3644569_3644569_1
166,251049092,251049092_33.json,https://github.com/gelin/weather-notification,OpenWeatherMapSource,core/src/main/java/ru/gelin/android/weather/openweathermap/OpenWeatherMapSource.java,production,class,False,133,query,27,@Override public,True,True,1,False,,9,ELIGIBLE,,gradle,core,junit4,unknown,/Users/dungng/FPT/Ki 9/SET490/ARROW-paper/ARROW/Java-version/java-11/Contents/Home,Gradle 6.5 requires compatible JDK 11; matched build.java_homes.java-11,,1,2,1,ASSERTION_FAILED,,,ru.gelin.android.weather.openweathermap.OpenWeatherMapSource,,,,,EXCLUDED,baseline,failure: build failed with an exception.,29.933,/Users/dungng/FPT/Ki 9/SET490/ARROW-paper/ARROW/runs/sample_selection/distributed/shard-0/candidates/00166_251049092_251049092_33
171,2846293,2846293_16.json,https://github.com/Ardesco/Ebselen,WebElementGenerator,ebselen-ide-convertor/src/main/java/com/lazerycode/ebselen/codegenerators/WebElementGenerator.java,production,class,False,85,submit,3,public,False,True,1,False,,8,ELIGIBLE,,maven,ebselen-ide-convertor,junit4,6,/Users/dungng/FPT/Ki 9/SET490/ARROW-paper/ARROW/Java-version/java-8/Contents/Home,using compatible JDK 8 from build.java_homes.java-8 for Java 6,,1,2,2,MODULE_TESTS_PASSED|MODULE_TESTS_PASSED,True,1,com.lazerycode.ebselen.codegenerators.WebElementGenerator,True,TARGET_TEST_PASSED,MODULE_TESTS_PASSED,MODULE_TESTS_PASSED,ELIGIBLE,,,36.844,/Users/dungng/FPT/Ki 9/SET490/ARROW-paper/ARROW/runs/sample_selection/distributed/shard-0/candidates/00171_2846293_2846293_16
176,16362540,16362540_73.json,https://github.com/opendaylight/openflowjava,TypeToClassMapInitializer,openflow-protocol-impl/src/main/java/org/opendaylight/openflowjava/protocol/impl/deserialization/TypeToClassMapInitializer.java,production,,,,initializeAdditionalTypeToClassMap,41,public static,True,False,,,,,EXCLUDED,no_observable_behavior,,,,,,,,,2,0,,,,,,,,,EXCLUDED,semantic_metadata,no_observable_behavior,0.001,/Users/dungng/FPT/Ki 9/SET490/ARROW-paper/ARROW/runs/sample_selection/distributed/shard-0/candidates/00176_16362540_16362540_73
181,113222463,113222463_106.json,https://github.com/oracle/weblogic-kubernetes-operator,DomainStatusUpdater,operator/src/main/java/oracle/kubernetes/operator/DomainStatusUpdater.java,production,class,False,1493,createStatusUpdateStep,3,public static,False,True,0,False,,6,EXCLUDED,testability_score_below_7,,,,,,,,1,2,0,,,,,,,,,EXCLUDED,semantic,testability_score_below_7,28.439,/Users/dungng/FPT/Ki 9/SET490/ARROW-paper/ARROW/runs/sample_selection/distributed/shard-0/candidates/00181_113222463_113222463_106
186,86607520,86607520_21.json,https://github.com/docbleach/DocBleach,OOXMLBleach,module/module-office/src/main/java/xyz/docbleach/module/ooxml/OOXMLBleach.java,production,class,False,373,isForbiddenType,9,,True,True,0,False,,9,ELIGIBLE,,maven,module/module-office,junit5,8,/Users/dungng/FPT/Ki 9/SET490/ARROW-paper/ARROW/Java-version/java-8/Contents/Home,matched build.java_homes.java-8,,1,2,2,MODULE_TESTS_PASSED|MODULE_TESTS_PASSED,True,1,xyz.docbleach.module.ooxml.OOXMLBleach,True,TARGET_TEST_PASSED,MODULE_TESTS_PASSED,MODULE_TESTS_PASSED,ELIGIBLE,,,15.934,/Users/dungng/FPT/Ki 9/SET490/ARROW-paper/ARROW/runs/sample_selection/distributed/shard-0/candidates/00186_86607520_86607520_21
191,69047858,69047858_5.json,https://github.com/AnDevCba/GitHubMVP,AddReposPresenter,app/src/main/java/com/andevcba/githubmvp/presentation/add_repos/AddReposPresenter.java,production,class,False,155,restoreStateAndShowRepos,16,@Override public,True,True,2,False,,9,ELIGIBLE,,gradle,app,junit4,unknown,/Users/dungng/FPT/Ki 9/SET490/ARROW-paper/ARROW/Java-version/java-11/Contents/Home,Gradle 5.6.4 requires compatible JDK 11; matched build.java_homes.java-11,,1,2,1,ASSERTION_FAILED,,,com.andevcba.githubmvp.presentation.add_repos.AddReposPresenter,,,,,EXCLUDED,baseline,failure: build failed with an exception.,67.140,/Users/dungng/FPT/Ki 9/SET490/ARROW-paper/ARROW/runs/sample_selection/distributed/shard-0/candidates/00191_69047858_69047858_5
196,4242485,4242485_101.json,https://github.com/arouel/uadetector,DataBuilder,modules/uadetector-core/src/main/java/net/sf/uadetector/internal/data/DataBuilder.java,production,class,False,402,appendDeviceBuilder,11,@Nonnull public,True,True,0,False,,9,ELIGIBLE,,maven,modules/uadetector-core,junit4,8,/Users/dungng/FPT/Ki 9/SET490/ARROW-paper/ARROW/Java-version/java-8/Contents/Home,matched build.java_homes.java-8,,1,2,2,MODULE_TESTS_PASSED|MODULE_TESTS_PASSED,True,0,net.sf.uadetector.internal.data.DataBuilder,True,TARGET_TEST_PASSED,MODULE_TESTS_PASSED,MODULE_TESTS_PASSED,ELIGIBLE,,,140.938,/Users/dungng/FPT/Ki 9/SET490/ARROW-paper/ARROW/runs/sample_selection/distributed/shard-0/candidates/00196_4242485_4242485_101
201,726694,726694_5.json,https://github.com/akubach/phyloviewer,Vector2,libraries/phyloviewer-common/src/main/java/org/iplantc/phyloviewer/shared/math/Vector2.java,production,class,False,96,rotate,6,public,False,True,0,False,,8,ELIGIBLE,,maven,libraries/phyloviewer-common,junit4,6,/Users/dungng/FPT/Ki 9/SET490/ARROW-paper/ARROW/Java-version/java-8/Contents/Home,using compatible JDK 8 from build.java_homes.java-8 for Java 6,,1,2,1,COMPILE_FAILED,,,org.iplantc.phyloviewer.shared.math.Vector2,,,,,EXCLUDED,baseline,[warning] org.iplantc.core:phyloparser:dev-snapshot/maven-metadata.xml failed to transfer from http://0.0.0.0/ during a previous attempt. this failure was cached in the local repository and resolution will not be reattempted until the update interval of maven-default-http-blocker has elapsed or upda,4.483,/Users/dungng/FPT/Ki 9/SET490/ARROW-paper/ARROW/runs/sample_selection/distributed/shard-0/candidates/00201_726694_726694_5
206,782257,782257_112.json,https://github.com/jawi/ols,BackgroundTaskExecutionService,service.taskexecution/src/main/java/nl/lxtreme/ols/task/execution/BackgroundTaskExecutionService.java,production,class,False,116,execute,33,@Override public,True,True,1,False,,9,ELIGIBLE,,maven,service.taskexecution,junit4,8,/Users/dungng/FPT/Ki 9/SET490/ARROW-paper/ARROW/Java-version/java-8/Contents/Home,matched build.java_homes.java-8,,1,2,2,MODULE_TESTS_PASSED|MODULE_TESTS_PASSED,True,1,nl.lxtreme.ols.task.execution.BackgroundTaskExecutionService,True,TARGET_TEST_PASSED,MODULE_TESTS_PASSED,MODULE_TESTS_PASSED,ELIGIBLE,,,29.972,/Users/dungng/FPT/Ki 9/SET490/ARROW-paper/ARROW/runs/sample_selection/distributed/shard-0/candidates/00206_782257_782257_112
211,153314760,153314760_19.json,https://github.com/AxonFramework/extension-springcloud,SpringHttpCommandBusConnector,springcloud/src/main/java/org/axonframework/extensions/springcloud/commandhandling/SpringHttpCommandBusConnector.java,production,class,False,376,receiveCommand,22,"@PostMapping(""/command"") public",True,True,1,False,,9,ELIGIBLE,,maven,springcloud,junit5,8,/Users/dungng/FPT/Ki 9/SET490/ARROW-paper/ARROW/Java-version/java-8/Contents/Home,matched build.java_homes.java-8,,1,2,2,MODULE_TESTS_PASSED|MODULE_TESTS_PASSED,True,0,org.axonframework.extensions.springcloud.commandhandling.SpringHttpCommandBusConnector,True,TEST_DISCOVERY_FAILED,,,EXCLUDED,probe_target,generated target test was not discovered,19.039,/Users/dungng/FPT/Ki 9/SET490/ARROW-paper/ARROW/runs/sample_selection/distributed/shard-0/candidates/00211_153314760_153314760_19
216,25206330,25206330_0.json,https://github.com/arnosthavelka/spring-advanced-training,JsonUserRepository,sat-core/src/main/java/com/github/aha/sat/core/mapper/JsonUserRepository.java,production,class,False,33,fetchAllUsers,5,@Override public,False,True,0,False,,8,ELIGIBLE,,maven,sat-core,junit5,unknown,/opt/homebrew/Cellar/openjdk@17/17.0.19/libexec/openjdk.jdk/Contents/Home,no project java version detected; using build.java_default,,1,2,1,COMPILE_FAILED,,,com.github.aha.sat.core.mapper.JsonUserRepository,,,,,EXCLUDED,baseline,[error] error: release version 25 not supported,5.043,/Users/dungng/FPT/Ki 9/SET490/ARROW-paper/ARROW/runs/sample_selection/distributed/shard-0/candidates/00216_25206330_25206330_0
221,134503849,134503849_712.json,https://github.com/wangrenlei/localization_nifi,AMQPPublisher,nifi-nar-bundles/nifi-amqp-bundle/nifi-amqp-processors/src/main/java/org/apache/nifi/amqp/processors/AMQPPublisher.java,production,class,False,106,publish,20,,True,True,2,True,database,8,EXCLUDED,external_dependency_risk:database,,,,,,,,1,2,0,,,,,,,,,EXCLUDED,semantic,external_dependency_risk:database,10.072,/Users/dungng/FPT/Ki 9/SET490/ARROW-paper/ARROW/runs/sample_selection/distributed/shard-0/candidates/00221_134503849_134503849_712
226,100069523,100069523_28.json,https://github.com/Subterranean-Security/Sandpolis,JarUtil,module/com.sandpolis.core.foundation/src/main/java/com/sandpolis/core/foundation/util/JarUtil.java,production,class,False,192,resourceExists,13,public static,True,True,0,True,filesystem,8,EXCLUDED,external_dependency_risk:filesystem,,,,,,,26735f849735889fc7485181ca663f9fb9aa096c,1,2,0,,,,,,,,,EXCLUDED,semantic,external_dependency_risk:filesystem,10.330,/Users/dungng/FPT/Ki 9/SET490/ARROW-paper/ARROW/runs/sample_selection/distributed/shard-0/candidates/00226_100069523_100069523_28
231,71493045,71493045_1.json,https://github.com/elastic/tealess,TealessSSLContextBuilder,core/src/main/java/co/elastic/tealess/TealessSSLContextBuilder.java,production,class,False,197,setCipherSuites,32,public,True,True,0,True,nondeterminism,9,EXCLUDED,external_dependency_risk:nondeterminism,,,,,,,,1,2,0,,,,,,,,,EXCLUDED,semantic,external_dependency_risk:nondeterminism,1.599,/Users/dungng/FPT/Ki 9/SET490/ARROW-paper/ARROW/runs/sample_selection/distributed/shard-0/candidates/00231_71493045_71493045_1
236,133022875,133022875_96.json,https://github.com/skalogs/SkaETL,RuleMetricToJava,rule-executor/src/main/java/io/skalogs/skaetl/rules/codegeneration/metrics/RuleMetricToJava.java,production,class,False,191,convert,11,public,True,True,0,False,,10,ELIGIBLE,,maven,rule-executor,junit4,8,/Users/dungng/FPT/Ki 9/SET490/ARROW-paper/ARROW/Java-version/java-8/Contents/Home,matched build.java_homes.java-8,,1,2,1,COMPILE_FAILED,,,io.skalogs.skaetl.rules.codegeneration.metrics.RuleMetricToJava,,,,,EXCLUDED,baseline,tests in error:,70.526,/Users/dungng/FPT/Ki 9/SET490/ARROW-paper/ARROW/runs/sample_selection/distributed/shard-0/candidates/00236_133022875_133022875_96
241,135262635,135262635_11.json,https://github.com/perplexhub/rsql-jpa-specification,RSQLQueryDslSupport,rsql-querydsl/src/main/java/io/github/perplexhub/rsql/RSQLQueryDslSupport.java,production,class,False,46,toPredicate,3,public static,False,True,0,True,database,6,EXCLUDED,external_dependency_risk:database;testability_score_below_7,,,,,,,,1,2,0,,,,,,,,,EXCLUDED,semantic,external_dependency_risk:database;testability_score_below_7,1.541,/Users/dungng/FPT/Ki 9/SET490/ARROW-paper/ARROW/runs/sample_selection/distributed/shard-0/candidates/00241_135262635_135262635_11
246,21052744,21052744_3.json,https://github.com/spring-projects/spring-session,SpringSessionBackedSessionRegistry,spring-session-core/src/main/java/org/springframework/session/security/SpringSessionBackedSessionRegistry.java,production,class,False,102,getAllSessions,12,@Override public,True,True,1,False,,9,ELIGIBLE,,gradle,.,junit5,1,/Users/dungng/FPT/Ki 9/SET490/ARROW-paper/ARROW/Java-version/java-8/Contents/Home,using compatible JDK 8 from build.java_homes.java-8 for Java 1,5d26ab4df4bea79f8c829c8d11157107862a3b32,1,2,1,ASSERTION_FAILED,,,org.springframework.session.security.SpringSessionBackedSessionRegistry,,,,,EXCLUDED,baseline,failure: build failed with an exception.,72.702,/Users/dungng/FPT/Ki 9/SET490/ARROW-paper/ARROW/runs/sample_selection/distributed/shard-0/candidates/00246_21052744_21052744_3
251,200810412,200810412_148.json,https://github.com/ExpediaGroup/beekeeper,PagingMetadataCleanupService,beekeeper-metadata-cleanup/src/main/java/com/expediagroup/beekeeper/metadata/cleanup/service/PagingMetadataCleanupService.java,production,class,False,75,cleanUp,9,"@Override @Timed(""metadata-cleanup-job"") public",True,True,3,False,,9,ELIGIBLE,,maven,beekeeper-metadata-cleanup,junit5,21,/Users/dungng/FPT/Ki 9/SET490/ARROW-paper/ARROW/Java-version/java-21/Contents/Home,matched build.java_homes.java-21,,1,2,1,COMPILE_FAILED,,,com.expediagroup.beekeeper.metadata.cleanup.service.PagingMetadataCleanupService,,,,,EXCLUDED,baseline,"<timestamp> warn org.hibernate.engine.jdbc.spi.sqlexceptionhelper:<n> - sql error: 23505, sqlstate: 23505",35.848,/Users/dungng/FPT/Ki 9/SET490/ARROW-paper/ARROW/runs/sample_selection/distributed/shard-0/candidates/00251_200810412_200810412_148
256,6972004,6972004_14.json,https://github.com/dancerjohn/LibEx,SettableOnce,libex/src/main/java/org/libex/base/SettableOnce.java,production,,,,set,4,public,False,False,,,,,EXCLUDED,no_observable_behavior,,,,,,,,,2,0,,,,,,,,,EXCLUDED,semantic_metadata,no_observable_behavior,0.001,/Users/dungng/FPT/Ki 9/SET490/ARROW-paper/ARROW/runs/sample_selection/distributed/shard-0/candidates/00256_6972004_6972004_14
261,1116314,1116314_43.json,https://github.com/Qi4j/qi4j-sdk,PropertyMapper,core/api/src/main/java/org/apache/polygene/api/composite/PropertyMapper.java,production,,,,mapToType,63,"@SuppressWarnings( ""raw"" ) private static",True,True,,,,,EXCLUDED,focal_method_not_directly_testable,,,,,,,,,2,0,,,,,,,,,EXCLUDED,semantic_metadata,focal_method_not_directly_testable,0.001,/Users/dungng/FPT/Ki 9/SET490/ARROW-paper/ARROW/runs/sample_selection/distributed/shard-0/candidates/00261_1116314_1116314_43
266,41688821,41688821_0.json,https://github.com/aradomski/Navigator,NavigatorCodeGenerator,compiler/src/main/java/pl/edu/radomski/navigator/NavigatorCodeGenerator.java,production,class,False,178,createMethod,19,,True,True,1,False,,9,ELIGIBLE,,gradle,compiler,junit4,1,/Users/dungng/FPT/Ki 9/SET490/ARROW-paper/ARROW/Java-version/java-8/Contents/Home,using compatible JDK 8 from build.java_homes.java-8 for Java 1,,1,2,1,ASSERTION_FAILED,,,pl.edu.radomski.navigator.NavigatorCodeGenerator,,,,,EXCLUDED,baseline,failure: build failed with an exception.,11.608,/Users/dungng/FPT/Ki 9/SET490/ARROW-paper/ARROW/runs/sample_selection/distributed/shard-0/candidates/00266_41688821_41688821_0
271,27287531,27287531_1.json,https://github.com/FlightOfStairs/ADirStat,Scanner,adirstat/src/main/java/org/flightofstairs/adirstat/model/Scanner.java,production,class,False,101,recursiveList,19,@VisibleForTesting @SneakyThrows static,True,True,1,True,filesystem,8,EXCLUDED,external_dependency_risk:filesystem,,,,,,,,1,2,0,,,,,,,,,EXCLUDED,semantic,external_dependency_risk:filesystem,2.070,/Users/dungng/FPT/Ki 9/SET490/ARROW-paper/ARROW/runs/sample_selection/distributed/shard-0/candidates/00271_27287531_27287531_1
276,276256,276256_0.json,https://github.com/konklone/congress-android,Legislator,app/src/main/java/com/sunlightlabs/congress/models/Legislator.java,production,class,False,114,shortTitle,12,public static,True,True,0,False,,10,ELIGIBLE,,gradle,app,junit4,1,/Users/dungng/FPT/Ki 9/SET490/ARROW-paper/ARROW/Java-version/java-8/Contents/Home,using compatible JDK 8 from build.java_homes.java-8 for Java 1,,1,2,1,ASSERTION_FAILED,,,com.sunlightlabs.congress.models.Legislator,,,,,EXCLUDED,baseline,failure: build failed with an exception.,40.316,/Users/dungng/FPT/Ki 9/SET490/ARROW-paper/ARROW/runs/sample_selection/distributed/shard-0/candidates/00276_276256_276256_0
281,110329589,110329589_2.json,https://github.com/wuhulala/netty-action,ExtensionLoader,chapter7-rpc/rpc-container/src/main/java/com/alibaba/cooma/ExtensionLoader.java,production,class,False,534,getExtensionLoader,18,"@SuppressWarnings(""unchecked"") public static",True,True,1,False,,8,ELIGIBLE,,maven,chapter7-rpc/rpc-container,junit4,8,/Users/dungng/FPT/Ki 9/SET490/ARROW-paper/ARROW/Java-version/java-8/Contents/Home,matched build.java_homes.java-8,,1,2,2,MODULE_TESTS_PASSED|MODULE_TESTS_PASSED,True,0,com.alibaba.cooma.ExtensionLoader,True,TARGET_TEST_PASSED,MODULE_TESTS_PASSED,MODULE_TESTS_PASSED,ELIGIBLE,,,10.464,/Users/dungng/FPT/Ki 9/SET490/ARROW-paper/ARROW/runs/sample_selection/distributed/shard-0/candidates/00281_110329589_110329589_2
286,35242391,35242391_22.json,https://github.com/klinker41/tunes-for-tv,BaseOAuthFragment,app/src/main/java/com/klinker/android/spotify/fragment/BaseOAuthFragment.java,production,,,,startLogin,3,public,False,False,,,,,EXCLUDED,no_observable_behavior,,,,,,,,,2,0,,,,,,,,,EXCLUDED,semantic_metadata,no_observable_behavior,0.001,/Users/dungng/FPT/Ki 9/SET490/ARROW-paper/ARROW/runs/sample_selection/distributed/shard-0/candidates/00286_35242391_35242391_22
291,116057862,116057862_0.json,https://github.com/hivemq/hivemq-mqtt-client,FluxWithSingle,reactor/src/main/java/com/hivemq/client/rx/reactor/FluxWithSingle.java,production,class,True,384,subscribeSingleFuture,6,public final @NotNull,False,True,0,False,,8,EXCLUDED,non_concrete:class:abstract,,,,,,,,1,2,0,,,,,,,,,EXCLUDED,semantic,non_concrete:class:abstract,2.024,/Users/dungng/FPT/Ki 9/SET490/ARROW-paper/ARROW/runs/sample_selection/distributed/shard-0/candidates/00291_116057862_116057862_0
296,1548514,1548514_5.json,https://github.com/stapler/stapler,AcceptHeader,core/src/main/java/org/kohsuke/stapler/AcceptHeader.java,production,class,False,214,select,15,public,True,True,1,False,,10,ELIGIBLE,,maven,core,junit5,unknown,/opt/homebrew/Cellar/openjdk@17/17.0.19/libexec/openjdk.jdk/Contents/Home,no project java version detected; using build.java_default,,1,2,1,ASSERTION_FAILED,,,org.kohsuke.stapler.AcceptHeader,,,,,EXCLUDED,baseline,[info] stapler parent ..................................... failure [ 12.789 s],20.376,/Users/dungng/FPT/Ki 9/SET490/ARROW-paper/ARROW/runs/sample_selection/distributed/shard-0/candidates/00296_1548514_1548514_5
301,2580771,2580771_2.json,https://github.com/apache/directmemory,DirectMemoryServlet,server/directmemory-server/src/main/java/org/apache/directmemory/server/services/DirectMemoryServlet.java,production,,,,doGet,47,@Override protected,True,False,,,,,EXCLUDED,no_observable_behavior,,,,,,,,,2,0,,,,,,,,,EXCLUDED,semantic_metadata,no_observable_behavior,0.001,/Users/dungng/FPT/Ki 9/SET490/ARROW-paper/ARROW/runs/sample_selection/distributed/shard-0/candidates/00301_2580771_2580771_2
306,167468844,167468844_2.json,https://github.com/mageddo/graalvm-examples,FruitsService,micronaut/src/main/java/com/mageddo/micronaut/service/FruitsService.java,production,class,False,46,countTraces,3,public,False,True,0,True,nondeterminism,7,EXCLUDED,external_dependency_risk:nondeterminism,,,,,,,,1,2,0,,,,,,,,,EXCLUDED,semantic,external_dependency_risk:nondeterminism,1.681,/Users/dungng/FPT/Ki 9/SET490/ARROW-paper/ARROW/runs/sample_selection/distributed/shard-0/candidates/00306_167468844_167468844_2
311,1616402,1616402_0.json,https://github.com/elBukkit/MagicPlugin,MaterialSets,Magic/src/main/java/com/elmakers/mine/bukkit/magic/MaterialSets.java,production,class,False,380,unionBuilder,3,public static,False,True,0,False,,8,ELIGIBLE,,maven,Magic,junit4,8,/Users/dungng/FPT/Ki 9/SET490/ARROW-paper/ARROW/Java-version/java-8/Contents/Home,matched build.java_homes.java-8,199680762e8993cf5ab4659353ad95cdf644802b,1,2,1,COMPILE_FAILED,,,com.elmakers.mine.bukkit.magic.MaterialSets,,,,,EXCLUDED,baseline,[warning] org.bukkit:bukkit:<n>.9.2-r0.1-snapshot/maven-metadata.xml failed to transfer from http://0.0.0.0/ during a previous attempt. this failure was cached in the local repository and resolution will not be reattempted until the update interval of maven-default-http-blocker has elapsed or update,39.116,/Users/dungng/FPT/Ki 9/SET490/ARROW-paper/ARROW/runs/sample_selection/distributed/shard-0/candidates/00311_1616402_1616402_0
316,5643380,5643380_41.json,https://github.com/douglasjunior/DouglasJuniorTCC,VersionUtil,JGitMinerWeb/src/main/java/br/edu/utfpr/cm/minerador/services/util/VersionUtil.java,production,class,False,105,getMaxVersionSequence,33,public static,True,True,0,False,,10,ELIGIBLE,,maven,JGitMinerWeb,junit4,8,/Users/dungng/FPT/Ki 9/SET490/ARROW-paper/ARROW/Java-version/java-8/Contents/Home,matched build.java_homes.java-8,,1,2,2,MODULE_TESTS_PASSED|MODULE_TESTS_PASSED,True,0,br.edu.utfpr.cm.minerador.services.util.VersionUtil,True,TARGET_TEST_PASSED,MODULE_TESTS_PASSED,MODULE_TESTS_PASSED,ELIGIBLE,,,17.457,/Users/dungng/FPT/Ki 9/SET490/ARROW-paper/ARROW/runs/sample_selection/distributed/shard-0/candidates/00316_5643380_5643380_41
321,22417216,22417216_0.json,https://github.com/adobe/aem-eclipse-developer-tools,PropUtils,com.adobe.granite.ide.eclipse-ui/src/main/java/com/adobe/granite/ide/eclipse/ui/wizards/np/PropUtils.java,production,,,,updateProperties,5,public static,True,False,,,,,EXCLUDED,no_observable_behavior,,,,,,,,,2,0,,,,,,,,,EXCLUDED,semantic_metadata,no_observable_behavior,0.000,/Users/dungng/FPT/Ki 9/SET490/ARROW-paper/ARROW/runs/sample_selection/distributed/shard-0/candidates/00321_22417216_22417216_0
326,77455386,77455386_1.json,https://github.com/caojx-git/learn-java-codes,UserInfoServiceImpl,code/filemanager/filemanager-service/src/main/java/edu/xnxy/caojx/filemanager/service/UserInfoServiceImpl.java,production,class,False,163,saveUserInfo,18,public,True,True,0,False,,9,ELIGIBLE,,maven,code/filemanager/filemanager-service,junit4,7,/Users/dungng/FPT/Ki 9/SET490/ARROW-paper/ARROW/Java-version/java-8/Contents/Home,using compatible JDK 8 from build.java_homes.java-8 for Java 7,,1,2,1,ASSERTION_FAILED,,,edu.xnxy.caojx.filemanager.service.UserInfoServiceImpl,,,,,EXCLUDED,baseline,[info] build failure,70.080,/Users/dungng/FPT/Ki 9/SET490/ARROW-paper/ARROW/runs/sample_selection/distributed/shard-0/candidates/00326_77455386_77455386_1
331,30764444,30764444_5.json,https://github.com/opendaylight/neutron,SocketInfo,neutron-hostconfig/vpp/src/main/java/org/opendaylight/neutron/hostconfig/vpp/SocketInfo.java,production,class,False,76,equals,35,@Override public,True,True,3,False,,9,ELIGIBLE,,maven,neutron-hostconfig/vpp,junit4,unknown,/opt/homebrew/Cellar/openjdk@17/17.0.19/libexec/openjdk.jdk/Contents/Home,no project java version detected; using build.java_default,,1,2,1,RUNTIME_FAILED,,,org.opendaylight.neutron.hostconfig.vpp.SocketInfo,,,,,EXCLUDED,baseline,[error] [error] some problems were encountered while processing the poms:,20.349,/Users/dungng/FPT/Ki 9/SET490/ARROW-paper/ARROW/runs/sample_selection/distributed/shard-0/candidates/00331_30764444_30764444_5
336,84008299,84008299_19.json,https://github.com/thiagoprocaci/springboot-react-jwt,JwtService,back-end/src/main/java/com/tbp/av/security/jwt/JwtService.java,production,class,False,49,isValid,12,public,True,True,0,False,,10,ELIGIBLE,,maven,back-end,junit4,8,/Users/dungng/FPT/Ki 9/SET490/ARROW-paper/ARROW/Java-version/java-8/Contents/Home,matched build.java_homes.java-8,,1,2,2,MODULE_TESTS_PASSED|MODULE_TESTS_PASSED,True,0,com.tbp.av.security.jwt.JwtService,True,TARGET_TEST_PASSED,MODULE_TESTS_PASSED,MODULE_TESTS_PASSED,ELIGIBLE,,,32.612,/Users/dungng/FPT/Ki 9/SET490/ARROW-paper/ARROW/runs/sample_selection/distributed/shard-0/candidates/00336_84008299_84008299_19
341,93782049,93782049_14.json,https://github.com/shroffk/phoebus,Services,services/save-and-restore/src/main/java/org/phoebus/service/saveandrestore/services/impl/Services.java,production,class,False,145,updateConfiguration,6,@Override @Transactional public,False,True,0,True,nondeterminism,6,EXCLUDED,external_dependency_risk:nondeterminism;testability_score_below_7,,,,,,,7faac080643f06f0998b65a5a2198a8422d41188,1,2,0,,,,,,,,,EXCLUDED,semantic,external_dependency_risk:nondeterminism;testability_score_below_7,35.572,/Users/dungng/FPT/Ki 9/SET490/ARROW-paper/ARROW/runs/sample_selection/distributed/shard-0/candidates/00341_93782049_93782049_14
346,87911627,87911627_2.json,https://github.com/mekomsolutions/openmrs-module-initializer,InitializerMessageSource,api/src/main/java/org/openmrs/module/initializer/InitializerMessageSource.java,production,class,False,350,getLocaleFromFileBaseName,21,public,True,True,0,True,filesystem,9,EXCLUDED,external_dependency_risk:filesystem,,,,,,,,1,2,0,,,,,,,,,EXCLUDED,semantic,external_dependency_risk:filesystem,2.094,/Users/dungng/FPT/Ki 9/SET490/ARROW-paper/ARROW/runs/sample_selection/distributed/shard-0/candidates/00346_87911627_87911627_2
351,7832943,7832943_2.json,https://github.com/bazaarvoice/curator-extensions,PersistentEphemeralNode,recipes/src/main/java/com/bazaarvoice/curator/recipes/PersistentEphemeralNode.java,production,,,,getActualPath,4,@VisibleForTesting,False,True,,,,,EXCLUDED,trivial_focal_method,,,,,,,,,2,0,,,,,,,,,EXCLUDED,semantic_metadata,trivial_focal_method,0.001,/Users/dungng/FPT/Ki 9/SET490/ARROW-paper/ARROW/runs/sample_selection/distributed/shard-0/candidates/00351_7832943_7832943_2
356,195297601,195297601_2.json,https://github.com/bhegmanns/tdd,AddMashine,tdd-task-v001/src/main/java/de/hegmanns/tdd/task04/AddMashine.java,production,,,,getSum,3,public,False,True,,,,,EXCLUDED,trivial_focal_method,,,,,,,,,2,0,,,,,,,,,EXCLUDED,semantic_metadata,trivial_focal_method,0.000,/Users/dungng/FPT/Ki 9/SET490/ARROW-paper/ARROW/runs/sample_selection/distributed/shard-0/candidates/00356_195297601_195297601_2
361,2195909,2195909_1.json,https://github.com/AskNowQA/AutoSPARQL,WordNet,commons/src/main/java/org/aksw/autosparql/commons/nlp/wordnet/WordNet.java,production,class,False,90,getBestSynonyms,19,public,True,True,0,True,filesystem,6,EXCLUDED,external_dependency_risk:filesystem;testability_score_below_7,,,,,,,,1,2,0,,,,,,,,,EXCLUDED,semantic,external_dependency_risk:filesystem;testability_score_below_7,122.156,/Users/dungng/FPT/Ki 9/SET490/ARROW-paper/ARROW/runs/sample_selection/distributed/shard-0/candidates/00361_2195909_2195909_1
366,25873783,25873783_36.json,https://github.com/quantumdb/quantumdb,AlterColumnMigrator,quantumdb-core/src/main/java/io/quantumdb/core/migration/operations/AlterColumnMigrator.java,production,,,,migrate,39,@Override public,True,False,,,,,EXCLUDED,no_observable_behavior,,,,,,,,,2,0,,,,,,,,,EXCLUDED,semantic_metadata,no_observable_behavior,0.001,/Users/dungng/FPT/Ki 9/SET490/ARROW-paper/ARROW/runs/sample_selection/distributed/shard-0/candidates/00366_25873783_25873783_36
371,36404681,36404681_0.json,https://github.com/neo4j-contrib/neo4j-tinkerpop-api-impl,Neo4jFactoryImpl,api-impl/src/main/java/org/neo4j/tinkerpop/api/impl/Neo4jFactoryImpl.java,production,class,False,51,createGraphDatabaseFactory,4,protected,True,True,0,True,filesystem,9,EXCLUDED,external_dependency_risk:filesystem,,,,,,,,1,2,0,,,,,,,,,EXCLUDED,semantic,external_dependency_risk:filesystem,1.345,/Users/dungng/FPT/Ki 9/SET490/ARROW-paper/ARROW/runs/sample_selection/distributed/shard-0/candidates/00371_36404681_36404681_0
376,35358657,35358657_4.json,https://github.com/google/MOE,SystemFileSystem,client/src/main/java/com/google/devtools/moe/client/SystemFileSystem.java,production,class,False,230,listFiles,4,@Override public,False,True,0,True,filesystem,6,EXCLUDED,external_dependency_risk:filesystem;testability_score_below_7,,,,,,,,1,2,0,,,,,,,,,EXCLUDED,semantic,external_dependency_risk:filesystem;testability_score_below_7,1.652,/Users/dungng/FPT/Ki 9/SET490/ARROW-paper/ARROW/runs/sample_selection/distributed/shard-0/candidates/00376_35358657_35358657_4
381,35602142,35602142_25.json,https://github.com/mivoq/fatts,MaryData,marytts-runtime/src/main/java/marytts/datatypes/MaryData.java,production,,,,getDocument,3,public,False,True,,,,,EXCLUDED,trivial_focal_method,,,,,,,,,2,0,,,,,,,,,EXCLUDED,semantic_metadata,trivial_focal_method,0.003,/Users/dungng/FPT/Ki 9/SET490/ARROW-paper/ARROW/runs/sample_selection/distributed/shard-0/candidates/00381_35602142_35602142_25
386,215203638,215203638_12.json,https://github.com/ForgeRock/forgerock-android-sdk,NotificationFactory,forgerock-authenticator/src/main/java/org/forgerock/android/auth/NotificationFactory.java,production,class,False,196,handleMessage,4,,False,True,1,False,,7,ELIGIBLE,,gradle,forgerock-authenticator,junit4,unknown,/opt/homebrew/Cellar/openjdk@17/17.0.19/libexec/openjdk.jdk/Contents/Home,no project java version detected; using build.java_default,,1,2,1,ASSERTION_FAILED,,,org.forgerock.android.auth.NotificationFactory,,,,,EXCLUDED,baseline,failure: build failed with an exception.,160.714,/Users/dungng/FPT/Ki 9/SET490/ARROW-paper/ARROW/runs/sample_selection/distributed/shard-0/candidates/00386_215203638_215203638_12
391,215805400,215805400_0.json,https://github.com/bptlab/cepta,IDGenerator,core/src/main/java/org/bptlab/cepta/utils/IDGenerator.java,production,class,False,7,newCeptaID,3,public static,False,True,0,False,,7,ELIGIBLE,,unknown,.,junit4,unknown,/opt/homebrew/Cellar/openjdk@17/17.0.19/libexec/openjdk.jdk/Contents/Home,no project java version detected; using build.java_default,,1,2,1,TOOL_ERROR,,,org.bptlab.cepta.utils.IDGenerator,,,,,EXCLUDED,baseline,unsupported build tool,3.168,/Users/dungng/FPT/Ki 9/SET490/ARROW-paper/ARROW/runs/sample_selection/distributed/shard-0/candidates/00391_215805400_215805400_0
396,123532974,123532974_5.json,https://github.com/ballerinax/kubernetes,KubernetesUtils,kubernetes-extension/src/main/java/org/ballerinax/kubernetes/utils/KubernetesUtils.java,production,class,False,601,copyFileOrDirectory,20,public static,True,True,0,True,filesystem,8,EXCLUDED,external_dependency_risk:filesystem,,,,,,,,1,2,0,,,,,,,,,EXCLUDED,semantic,external_dependency_risk:filesystem,1.825,/Users/dungng/FPT/Ki 9/SET490/ARROW-paper/ARROW/runs/sample_selection/distributed/shard-0/candidates/00396_123532974_123532974_5
401,174065041,174065041_297.json,https://github.com/epam/cloud-pipeline,NotificationManager,api/src/main/java/com/epam/pipeline/manager/notification/NotificationManager.java,production,class,False,858,createNotification,12,@Transactional(propagation = Propagation.REQUIRED) public,False,True,0,True,database,5,EXCLUDED,external_dependency_risk:database;testability_score_below_7,,,,,,,,1,2,0,,,,,,,,,EXCLUDED,semantic,external_dependency_risk:database;testability_score_below_7,17.077,/Users/dungng/FPT/Ki 9/SET490/ARROW-paper/ARROW/runs/sample_selection/distributed/shard-0/candidates/00401_174065041_174065041_297
406,2009311,2009311_14.json,https://github.com/openknowledge/openknowledge-cdi-extensions,RequiresNewTransactionInterceptor,openknowledge-cdi-transaction/src/main/java/de/openknowledge/cdi/transaction/jta/RequiresNewTransactionInterceptor.java,production,class,False,45,applyTransaction,16,@AroundInvoke public,True,True,0,False,,9,ELIGIBLE,,maven,openknowledge-cdi-transaction,junit4,unknown,/opt/homebrew/Cellar/openjdk@17/17.0.19/libexec/openjdk.jdk/Contents/Home,no project java version detected; using build.java_default,,1,2,1,COMPILE_FAILED,,,de.openknowledge.cdi.transaction.jta.RequiresNewTransactionInterceptor,,,,,EXCLUDED,baseline,[error] failed to execute goal org.apache.maven.plugins:maven-compiler-plugin:<n>.0:compile (default-compile) on project openknowledge-cdi-test: compilation failure: compilation failure:,5.857,/Users/dungng/FPT/Ki 9/SET490/ARROW-paper/ARROW/runs/sample_selection/distributed/shard-0/candidates/00406_2009311_2009311_14
411,20570214,20570214_367.json,https://github.com/google/tink,EciesAeadHkdfPrivateKeyManager,java_src/src/main/java/com/google/crypto/tink/hybrid/EciesAeadHkdfPrivateKeyManager.java,production,class,False,415,eciesP256HkdfHmacSha256Aes128GcmTemplate,9,public static final,False,True,0,False,,8,ELIGIBLE,,unknown,.,junit4,unknown,/opt/homebrew/Cellar/openjdk@17/17.0.19/libexec/openjdk.jdk/Contents/Home,no project java version detected; using build.java_default,,1,2,1,TOOL_ERROR,,,com.google.crypto.tink.hybrid.EciesAeadHkdfPrivateKeyManager,,,,,EXCLUDED,baseline,unsupported build tool,3.901,/Users/dungng/FPT/Ki 9/SET490/ARROW-paper/ARROW/runs/sample_selection/distributed/shard-0/candidates/00411_20570214_20570214_367
416,18568629,18568629_82.json,https://github.com/europeana/REPOX,MappingsAccessor,client/client-rest-jersey/src/main/java/eu/europeana/repox/rest/client/accessors/MappingsAccessor.java,production,class,False,251,getMapping,14,public,True,True,3,True,filesystem,9,EXCLUDED,external_dependency_risk:filesystem,,,,,,,,1,2,0,,,,,,,,,EXCLUDED,semantic,external_dependency_risk:filesystem,2.646,/Users/dungng/FPT/Ki 9/SET490/ARROW-paper/ARROW/runs/sample_selection/distributed/shard-0/candidates/00416_18568629_18568629_82
421,109116423,109116423_61.json,https://github.com/AndroidSDKSources/android-sdk-sources-for-api-level-26,GlifLayout,com/android/setupwizardlib/GlifLayout.java,nonstandard,,,,setHeaderText,3,public,False,False,,,,,EXCLUDED,source_layout:nonstandard;trivial_focal_method;no_observable_behavior,,,,,,,,,2,0,,,,,,,,,EXCLUDED,semantic_metadata,source_layout:nonstandard;trivial_focal_method;no_observable_behavior,0.001,/Users/dungng/FPT/Ki 9/SET490/ARROW-paper/ARROW/runs/sample_selection/distributed/shard-0/candidates/00421_109116423_109116423_61
426,92915376,92915376_2.json,https://github.com/azarai/spring-boot-book-ui,ReadController,backend/comment-store/src/main/java/de/codeboje/springbootbook/commentstore/restapi/ReadController.java,production,class,False,105,getSpamComments,8,"@RequestMapping(value = ""/listspam/{id}"") public",False,True,0,False,,7,ELIGIBLE,,maven,backend/comment-store,junit4,unknown,/opt/homebrew/Cellar/openjdk@17/17.0.19/libexec/openjdk.jdk/Contents/Home,no project java version detected; using build.java_default,,1,2,1,ASSERTION_FAILED,,,de.codeboje.springbootbook.commentstore.restapi.ReadController,,,,,EXCLUDED,baseline,[info] build failure,3.660,/Users/dungng/FPT/Ki 9/SET490/ARROW-paper/ARROW/runs/sample_selection/distributed/shard-0/candidates/00426_92915376_92915376_2
431,138216750,138216750_32.json,https://github.com/androidthings/cloud-iot-core-androidthings,ConnectionParams,iotcore/src/main/java/com/google/android/things/iotcore/ConnectionParams.java,production,,,,getTelemetryTopic,3,public,False,True,,,,,EXCLUDED,trivial_focal_method,,,,,,,,,2,0,,,,,,,,,EXCLUDED,semantic_metadata,trivial_focal_method,0.001,/Users/dungng/FPT/Ki 9/SET490/ARROW-paper/ARROW/runs/sample_selection/distributed/shard-0/candidates/00431_138216750_138216750_32
436,150186815,150186815_4.json,https://github.com/simplesourcing/simplesource,EventSourcedTopology,simplesource-command-kafka/src/main/java/io/simplesource/kafka/internal/streams/topology/EventSourcedTopology.java,production,class,False,51,addTopology,28,public static,False,True,0,False,,7,ELIGIBLE,,maven,simplesource-command-kafka,junit5,8,/Users/dungng/FPT/Ki 9/SET490/ARROW-paper/ARROW/Java-version/java-8/Contents/Home,matched build.java_homes.java-8,,1,2,1,ASSERTION_FAILED,,,io.simplesource.kafka.internal.streams.topology.EventSourcedTopology,,,,,EXCLUDED,baseline,"[info] tests run: 8, failures: 0, errors: 0, skipped: 0, time elapsed: 5.116 s - in io.simplesource.data.futureresulttest",12.359,/Users/dungng/FPT/Ki 9/SET490/ARROW-paper/ARROW/runs/sample_selection/distributed/shard-0/candidates/00436_150186815_150186815_4
441,60240214,60240214_42.json,https://github.com/apache/phoenix-tephra,TransactionAwareHTable,tephra-hbase-compat-1.4-base/src/main/java/org/apache/tephra/hbase/TransactionAwareHTable.java,production,class,False,596,get,7,@Override public,True,True,1,False,,8,ELIGIBLE,,maven,tephra-hbase-compat-1.4-base,junit4,${project.parent.basedir}/src/main/java,/opt/homebrew/Cellar/openjdk@17/17.0.19/libexec/openjdk.jdk/Contents/Home,JDK ${project.parent.basedir}/src/main/java not mapped; using build.java_default,,1,2,1,ASSERTION_FAILED,,,org.apache.tephra.hbase.TransactionAwareHTable,,,,,EXCLUDED,baseline,[info] apache tephra ...................................... failure [ 1.911 s],4.421,/Users/dungng/FPT/Ki 9/SET490/ARROW-paper/ARROW/runs/sample_selection/distributed/shard-0/candidates/00441_60240214_60240214_42
446,3242289,3242289_1.json,https://github.com/warmshowers/wsandroid,AuthenticatorActivity,app/src/main/java/fi/bitrite/android/ws/ui/AuthenticatorActivity.java,production,class,False,227,areAllInputsNotEmpty,5,@VisibleForTesting,True,True,0,False,,10,ELIGIBLE,,gradle,app,junit4,1,/Users/dungng/FPT/Ki 9/SET490/ARROW-paper/ARROW/Java-version/java-8/Contents/Home,using compatible JDK 8 from build.java_homes.java-8 for Java 1,1b692607d8582bf768e66b1836aa2e746db4abd6,1,2,1,ASSERTION_FAILED,,,fi.bitrite.android.ws.ui.AuthenticatorActivity,,,,,EXCLUDED,baseline,failure: build failed with an exception.,97.845,/Users/dungng/FPT/Ki 9/SET490/ARROW-paper/ARROW/runs/sample_selection/distributed/shard-0/candidates/00446_3242289_3242289_1
451,65144978,65144978_15.json,https://github.com/helloworldtang/spring-boot-cookbook,Subject,learning-demo/src/main/java/com/tangcheng/learning/eventbus/Subject.java,production,,,,dispatchObserverEvent,3,public,False,False,,,,,EXCLUDED,no_observable_behavior,,,,,,,,,2,0,,,,,,,,,EXCLUDED,semantic_metadata,no_observable_behavior,0.001,/Users/dungng/FPT/Ki 9/SET490/ARROW-paper/ARROW/runs/sample_selection/distributed/shard-0/candidates/00451_65144978_65144978_15
456,48174668,48174668_4.json,https://github.com/Orange-OpenSource/ocara,DocxWriter,app/src/main/java/com/orange/ocara/ui/intent/export/docx/DocxWriter.java,production,class,False,103,export,28,public,True,True,0,True,filesystem,9,EXCLUDED,external_dependency_risk:filesystem,,,,,,,ba2c40d646e7bd0d92856cd8369884490ed75d30,1,2,0,,,,,,,,,EXCLUDED,semantic,external_dependency_risk:filesystem,218.291,/Users/dungng/FPT/Ki 9/SET490/ARROW-paper/ARROW/runs/sample_selection/distributed/shard-0/candidates/00456_48174668_48174668_4
461,69984723,69984723_0.json,https://github.com/lvanyal/directly,LoadingPresenter,app/src/main/java/com/iph/directly/presenter/LoadingPresenter.java,production,,,,start,12,public,True,False,,,,,EXCLUDED,no_observable_behavior,,,,,,,,,2,0,,,,,,,,,EXCLUDED,semantic_metadata,no_observable_behavior,0.001,/Users/dungng/FPT/Ki 9/SET490/ARROW-paper/ARROW/runs/sample_selection/distributed/shard-0/candidates/00461_69984723_69984723_0
466,30883458,30883458_0.json,https://github.com/jwiesel/sfdcCommander,CommanderPropertiesHandler,sfdcCommander/src/main/java/de/sfdccommander/controller/CommanderPropertiesHandler.java,production,class,False,129,loadProperties,68,public final,True,True,1,True,filesystem,9,EXCLUDED,external_dependency_risk:filesystem,,,,,,,,1,2,0,,,,,,,,,EXCLUDED,semantic,external_dependency_risk:filesystem,2.185,/Users/dungng/FPT/Ki 9/SET490/ARROW-paper/ARROW/runs/sample_selection/distributed/shard-0/candidates/00466_30883458_30883458_0
471,28901545,28901545_0.json,https://github.com/cwind001/CwindJavaLab,DateUtils,AdvancedJava/src/main/java/com/cwind/timezone/DateUtils.java,production,class,False,18,transform,5,public static,False,True,0,False,,6,EXCLUDED,testability_score_below_7,,,,,,,,1,2,0,,,,,,,,,EXCLUDED,semantic,testability_score_below_7,1.912,/Users/dungng/FPT/Ki 9/SET490/ARROW-paper/ARROW/runs/sample_selection/distributed/shard-0/candidates/00471_28901545_28901545_0
476,69363264,69363264_0.json,https://github.com/bertilmuth/requirementsascode,FreeMarkerEngine,requirementsascodeextract/src/main/java/org/requirementsascode/extract/freemarker/FreeMarkerEngine.java,production,,,,extract,5,public,False,False,,,,,EXCLUDED,no_observable_behavior,,,,,,,,,2,0,,,,,,,,,EXCLUDED,semantic_metadata,no_observable_behavior,0.000,/Users/dungng/FPT/Ki 9/SET490/ARROW-paper/ARROW/runs/sample_selection/distributed/shard-0/candidates/00476_69363264_69363264_0
481,22430910,22430910_2.json,https://github.com/spaziocodice/jena-nosql,DefaultConfigurator,jena-nosql-framework/src/main/java/org/gazzax/labs/jena/nosql/fwk/configuration/DefaultConfigurator.java,production,,,,configure,4,@Override public,False,False,,,,,EXCLUDED,no_observable_behavior,,,,,,,,,2,0,,,,,,,,,EXCLUDED,semantic_metadata,no_observable_behavior,0.000,/Users/dungng/FPT/Ki 9/SET490/ARROW-paper/ARROW/runs/sample_selection/distributed/shard-0/candidates/00481_22430910_22430910_2
486,125645968,125645968_29.json,https://github.com/sharplab/spring-security-webauthn,WebAuthnSecurityExpression,webauthn4j-spring-security-core/src/main/java/com/webauthn4j/springframework/security/WebAuthnSecurityExpression.java,production,class,False,34,isWebAuthnAuthenticated,7,public,True,True,0,False,,9,ELIGIBLE,,gradle,webauthn4j-spring-security-core,junit5,17,/opt/homebrew/Cellar/openjdk@17/17.0.19/libexec/openjdk.jdk/Contents/Home,matched build.java_homes.java-17,,1,2,2,MODULE_TESTS_PASSED|MODULE_TESTS_PASSED,True,0,com.webauthn4j.springframework.security.WebAuthnSecurityExpression,True,TARGET_TEST_PASSED,MODULE_TESTS_PASSED,MODULE_TESTS_PASSED,ELIGIBLE,,,156.816,/Users/dungng/FPT/Ki 9/SET490/ARROW-paper/ARROW/runs/sample_selection/distributed/shard-0/candidates/00486_125645968_125645968_29
491,77066767,77066767_6.json,https://github.com/eclipse/repairnator,ComputeDir,src/repairnator-pipeline/src/main/java/fr/inria/spirals/repairnator/process/step/paths/ComputeDir.java,production,class,False,189,searchForDirs,108,protected,True,True,2,True,filesystem,9,EXCLUDED,external_dependency_risk:filesystem,,,,,,,,1,2,0,,,,,,,,,EXCLUDED,semantic,external_dependency_risk:filesystem,8.157,/Users/dungng/FPT/Ki 9/SET490/ARROW-paper/ARROW/runs/sample_selection/distributed/shard-0/candidates/00491_77066767_77066767_6
496,52478731,52478731_38.json,https://github.com/PavlidisLab/Gemma,QuantitationTypeParameterGuesser,gemma-core/src/main/java/ubic/gemma/core/loader/expression/geo/QuantitationTypeParameterGuesser.java,production,class,False,609,guessScaleType,18,protected static,True,True,0,True,filesystem,8,EXCLUDED,external_dependency_risk:filesystem,,,,,,,,1,2,0,,,,,,,,,EXCLUDED,semantic,external_dependency_risk:filesystem,7.846,/Users/dungng/FPT/Ki 9/SET490/ARROW-paper/ARROW/runs/sample_selection/distributed/shard-0/candidates/00496_52478731_52478731_38
501,90011594,90011594_44.json,https://github.com/Flash3388/FlashLib,SyncPipeJunction,flashlib.vision.core/src/main/java/com/flash3388/flashlib/vision/SyncPipeJunction.java,production,,,,process,6,@Override public,True,False,,,,,EXCLUDED,no_observable_behavior,,,,,,,,,2,0,,,,,,,,,EXCLUDED,semantic_metadata,no_observable_behavior,0.001,/Users/dungng/FPT/Ki 9/SET490/ARROW-paper/ARROW/runs/sample_selection/distributed/shard-0/candidates/00501_90011594_90011594_44
506,3376848,3376848_4.json,https://github.com/selenide/selenide,WebDriverThreadLocalContainer,statics/src/main/java/com/codeborne/selenide/impl/WebDriverThreadLocalContainer.java,production,class,False,249,getAndCheckWebDriver,16,@Override @CheckReturnValue @Nonnull public,True,True,0,False,,10,ELIGIBLE,,gradle,statics,junit5,unknown,/opt/homebrew/Cellar/openjdk@17/17.0.19/libexec/openjdk.jdk/Contents/Home,Gradle 8.4 requires compatible JDK 17; matched build.java_homes.java-17,a1b5a9f296c9f1512c61916cc1c36b68e15f781b,1,2,2,MODULE_TESTS_PASSED|MODULE_TESTS_PASSED,True,0,com.codeborne.selenide.impl.WebDriverThreadLocalContainer,True,TARGET_TEST_PASSED,COMPILE_FAILED,,EXCLUDED,probe_module,java.lang.assertionerror: architecture violation [priority: medium] - rule 'no classes should access classes that are assignable to org.junit.jupiter.api.assertions' was violated (1 times):,47.541,/Users/dungng/FPT/Ki 9/SET490/ARROW-paper/ARROW/runs/sample_selection/distributed/shard-0/candidates/00506_3376848_3376848_4
511,21404821,21404821_21.json,https://github.com/google/openrtb-doubleclick,CSVParser,doubleclick-core/src/main/java/com/google/doubleclick/util/impl/CSVParser.java,production,,,,parse,4,public,False,True,,,,,ELIGIBLE,,,,,,,,,,2,0,,,,,,,,,EXCLUDED,setup,"RuntimeError: Repository setup failed after 3 attempts: CalledProcessError: Command '['git', '-c', 'core.longpaths=true', 'clone', '--depth', '1', 'https://github.com/google/openrtb-doubleclick', '/Users/dungng/FPT/Ki 9/SET490/ARROW-paper/ARROW/repos/21404821']' returned non-zero exit status 128.",8.456,/Users/dungng/FPT/Ki 9/SET490/ARROW-paper/ARROW/runs/sample_selection/distributed/shard-0/candidates/00511_21404821_21404821_21
516,36288389,36288389_1180.json,https://github.com/ifnul/ums-backend,SalaryTypeQueryBuilder,is-lnu-persistence/src/main/java/org/lnu/is/dao/builder/salary/type/SalaryTypeQueryBuilder.java,production,class,False,28,build,9,@Override protected,False,True,0,False,,7,ELIGIBLE,,maven,is-lnu-persistence,junit4,8,/Users/dungng/FPT/Ki 9/SET490/ARROW-paper/ARROW/Java-version/java-8/Contents/Home,matched build.java_homes.java-8,,1,2,2,MODULE_TESTS_PASSED|MODULE_TESTS_PASSED,True,1,org.lnu.is.dao.builder.salary.type.SalaryTypeQueryBuilder,True,TARGET_TEST_PASSED,MODULE_TESTS_PASSED,MODULE_TESTS_PASSED,ELIGIBLE,,,25.068,/Users/dungng/FPT/Ki 9/SET490/ARROW-paper/ARROW/runs/sample_selection/distributed/shard-0/candidates/00516_36288389_36288389_1180
521,25088312,25088312_1.json,https://github.com/imazen/folioxml,ExportRunner,commandline/src/folioxml/export/ExportRunner.java,nonstandard,,,,Index,7,public,False,False,,,,,EXCLUDED,source_layout:nonstandard;no_observable_behavior,,,,,,,,,2,0,,,,,,,,,EXCLUDED,semantic_metadata,source_layout:nonstandard;no_observable_behavior,0.001,/Users/dungng/FPT/Ki 9/SET490/ARROW-paper/ARROW/runs/sample_selection/distributed/shard-0/candidates/00521_25088312_25088312_1
526,155342006,155342006_0.json,https://github.com/RightMesh/Terra,CoreConfiguration,libdtn-core/src/main/java/io/left/rightmesh/libdtn/core/CoreConfiguration.java,production,class,False,226,get,5,"@SuppressWarnings(""unchecked"") @Override public",False,True,0,False,,7,ELIGIBLE,,gradle,libdtn-core,junit4,1,/Users/dungng/FPT/Ki 9/SET490/ARROW-paper/ARROW/Java-version/java-8/Contents/Home,using compatible JDK 8 from build.java_homes.java-8 for Java 1,,1,2,2,MODULE_TESTS_PASSED|MODULE_TESTS_PASSED,True,1,io.left.rightmesh.libdtn.core.CoreConfiguration,True,TEST_DISCOVERY_FAILED,,,EXCLUDED,probe_target,test discovery failed,39.844,/Users/dungng/FPT/Ki 9/SET490/ARROW-paper/ARROW/runs/sample_selection/distributed/shard-0/candidates/00526_155342006_155342006_0
531,38952211,38952211_14.json,https://github.com/dengdaiyemanren/onetopiconeday,MkStdDirExec,com.onetopic.mkstddir/src/main/java/org/com/onetopic/mkstddir/MkStdDirExec.java,production,class,False,171,parseLineContent,5,public,False,True,0,True,filesystem,7,EXCLUDED,external_dependency_risk:filesystem,,,,,,,,1,2,0,,,,,,,,,EXCLUDED,semantic,external_dependency_risk:filesystem,3.978,/Users/dungng/FPT/Ki 9/SET490/ARROW-paper/ARROW/runs/sample_selection/distributed/shard-0/candidates/00531_38952211_38952211_14
536,8166928,8166928_1.json,https://github.com/Lugribossk/dropwizard-experiment,CrudService,common/common-server/src/main/java/bo/gotthardt/rest/CrudService.java,production,class,False,58,fetchById,7,public,True,True,2,False,,9,ELIGIBLE,,maven,common/common-server,junit4,8,/Users/dungng/FPT/Ki 9/SET490/ARROW-paper/ARROW/Java-version/java-8/Contents/Home,matched build.java_homes.java-8,,1,2,1,RUNTIME_FAILED,,,bo.gotthardt.rest.CrudService,,,,,EXCLUDED,baseline,[error] [error] some problems were encountered while processing the poms:,2.653,/Users/dungng/FPT/Ki 9/SET490/ARROW-paper/ARROW/runs/sample_selection/distributed/shard-0/candidates/00536_8166928_8166928_1
541,88632627,88632627_96.json,https://github.com/headwirecom/peregrine-cms,XMLBuilder,platform/base/core/src/main/java/com/peregrine/sitemap/XMLBuilder.java,production,class,False,95,addElement,8,public,True,True,0,False,,10,ELIGIBLE,,maven,platform/base/core,junit4,11,/Users/dungng/FPT/Ki 9/SET490/ARROW-paper/ARROW/Java-version/java-11/Contents/Home,matched build.java_homes.java-11,,1,2,2,MODULE_TESTS_PASSED|MODULE_TESTS_PASSED,True,1,com.peregrine.sitemap.XMLBuilder,True,TARGET_TEST_PASSED,MODULE_TESTS_PASSED,MODULE_TESTS_PASSED,ELIGIBLE,,,107.778,/Users/dungng/FPT/Ki 9/SET490/ARROW-paper/ARROW/runs/sample_selection/distributed/shard-0/candidates/00541_88632627_88632627_96
546,229095535,229095535_4.json,https://github.com/andifalk/cloud-native-microservices-security,LibraryUserDetailsService,lab6/library-server-container-rootless/src/main/java/com/example/libraryserver/security/LibraryUserDetailsService.java,production,class,False,43,loadUserByUsername,7,@Override public,False,True,1,False,,8,ELIGIBLE,,gradle,lab6/library-server-container-rootless,junit5,11,/Users/dungng/FPT/Ki 9/SET490/ARROW-paper/ARROW/Java-version/java-11/Contents/Home,matched build.java_homes.java-11,,1,2,2,MODULE_TESTS_PASSED|MODULE_TESTS_PASSED,True,0,com.example.libraryserver.security.LibraryUserDetailsService,True,TARGET_TEST_PASSED,MODULE_TESTS_PASSED,MODULE_TESTS_PASSED,ELIGIBLE,,,147.491,/Users/dungng/FPT/Ki 9/SET490/ARROW-paper/ARROW/runs/sample_selection/distributed/shard-0/candidates/00546_229095535_229095535_4
551,83122389,83122389_0.json,https://github.com/curioswitch/curiostack,UpdateIntelliJSdksTask,tools/gradle-plugins/gradle-curiostack-plugin/src/main/java/org/curioswitch/gradle/plugins/curiostack/tasks/UpdateIntelliJSdksTask.java,production,,,,exec,68,@TaskAction public,True,True,,,,,ELIGIBLE,,,,,,,,,,2,0,,,,,,,,,EXCLUDED,setup,"RuntimeError: Repository setup failed after 3 attempts: CalledProcessError: Command '['git', '-c', 'core.longpaths=true', 'clone', '--depth', '1', 'https://github.com/curioswitch/curiostack', '/Users/dungng/FPT/Ki 9/SET490/ARROW-paper/ARROW/repos/83122389']' returned non-zero exit status 128.",8.412,/Users/dungng/FPT/Ki 9/SET490/ARROW-paper/ARROW/runs/sample_selection/distributed/shard-0/candidates/00551_83122389_83122389_0
556,30047349,30047349_76.json,https://github.com/performancecopilot/parfait,Specification,parfait-agent/src/main/java/io/pcp/parfait/Specification.java,production,,,,getUnits,3,,True,True,,,,,EXCLUDED,trivial_focal_method,,,,,,,,,2,0,,,,,,,,,EXCLUDED,semantic_metadata,trivial_focal_method,0.001,/Users/dungng/FPT/Ki 9/SET490/ARROW-paper/ARROW/runs/sample_selection/distributed/shard-0/candidates/00556_30047349_30047349_76
561,89524112,89524112_4.json,https://github.com/e13mort/stf-console-client,StfCommander,client/src/main/java/com/github/e13mort/stf/console/StfCommander.java,production,,,,createCommander,12,private static,True,True,,,,,EXCLUDED,focal_method_not_directly_testable,,,,,,,,,2,0,,,,,,,,,EXCLUDED,semantic_metadata,focal_method_not_directly_testable,0.000,/Users/dungng/FPT/Ki 9/SET490/ARROW-paper/ARROW/runs/sample_selection/distributed/shard-0/candidates/00561_89524112_89524112_4
566,1584558,1584558_0.json,https://github.com/abrageddon/SuDoKuBoTu,HiddenSingleMaskFactory,src/sudokubotu/HiddenSingleMaskFactory.java,nonstandard,,,,isHiddenSingle,18,public static,True,True,,,,,EXCLUDED,source_layout:nonstandard,,,,,,,,,2,0,,,,,,,,,EXCLUDED,semantic_metadata,source_layout:nonstandard,0.000,/Users/dungng/FPT/Ki 9/SET490/ARROW-paper/ARROW/runs/sample_selection/distributed/shard-0/candidates/00566_1584558_1584558_0
571,82007769,82007769_25.json,https://github.com/Teradata/jaqy,AzurePathHandler,jaqy-azure/src/main/java/com/teradata/jaqy/azure/AzurePathHandler.java,production,class,False,62,getPath,27,@Override public,True,True,0,False,,9,ELIGIBLE,,maven,jaqy-azure,junit4,8,/Users/dungng/FPT/Ki 9/SET490/ARROW-paper/ARROW/Java-version/java-8/Contents/Home,matched build.java_homes.java-8,,1,2,1,ASSERTION_FAILED,,,com.teradata.jaqy.azure.AzurePathHandler,,,,,EXCLUDED,baseline,"[info] tests run: 7, failures: 0, errors: 0, skipped: 0, time elapsed: 0.426 s -- in com.teradata.jaqy.resultset.inmemoryresultsettest",26.124,/Users/dungng/FPT/Ki 9/SET490/ARROW-paper/ARROW/runs/sample_selection/distributed/shard-0/candidates/00571_82007769_82007769_25
576,226116772,226116772_2.json,https://github.com/noisky/CheckDomain,MailServiceImpl,CheckDomain/src/main/java/me/ffis/checkdomain/service/impl/MailServiceImpl.java,production,class,False,111,sendSimpleMail,42,@Async @Override public,True,True,0,False,,9,ELIGIBLE,,maven,CheckDomain,junit4,8,/Users/dungng/FPT/Ki 9/SET490/ARROW-paper/ARROW/Java-version/java-8/Contents/Home,matched build.java_homes.java-8,,1,2,1,RUNTIME_FAILED,,,me.ffis.checkdomain.service.impl.MailServiceImpl,,,,,EXCLUDED,baseline,error:java.lang.illegalstateexception:failed to load applicationcontext,9.805,/Users/dungng/FPT/Ki 9/SET490/ARROW-paper/ARROW/runs/sample_selection/distributed/shard-0/candidates/00576_226116772_226116772_2
581,16006160,16006160_1.json,https://github.com/chirauraNoSakusha/chiraura,A,src/nippon/kawauso/chiraura/a/A.java,nonstandard,,,,main,72,public static,True,False,,,,,EXCLUDED,source_layout:nonstandard;no_observable_behavior,,,,,,,,,2,0,,,,,,,,,EXCLUDED,semantic_metadata,source_layout:nonstandard;no_observable_behavior,0.001,/Users/dungng/FPT/Ki 9/SET490/ARROW-paper/ARROW/runs/sample_selection/distributed/shard-0/candidates/00581_16006160_16006160_1
586,16727992,16727992_3.json,https://github.com/endava-workshop/endava-akka-workshop,WebContentTools,WebCrawlerAKKA/src/main/java/com/en_workshop/webcrawlerakka/tools/WebContentTools.java,production,class,False,121,normalizeURLLink,55,public static,True,True,0,True,network,9,EXCLUDED,external_dependency_risk:network,,,,,,,,1,2,0,,,,,,,,,EXCLUDED,semantic,external_dependency_risk:network,5.689,/Users/dungng/FPT/Ki 9/SET490/ARROW-paper/ARROW/runs/sample_selection/distributed/shard-0/candidates/00586_16727992_16727992_3
591,3781210,3781210_45.json,https://github.com/spring-projects/spring-mobile-urbanairship,PushTemplate,spring-mobile-urbanairship/src/main/java/org/springframework/mobile/urbanairship/impl/PushTemplate.java,production,class,False,76,pushNotification,12,public,True,True,1,False,,9,ELIGIBLE,,gradle,.,junit4,5,/Users/dungng/FPT/Ki 9/SET490/ARROW-paper/ARROW/Java-version/java-8/Contents/Home,using compatible JDK 8 from build.java_homes.java-8 for Java 5,,1,2,1,ASSERTION_FAILED,,,org.springframework.mobile.urbanairship.impl.PushTemplate,,,,,EXCLUDED,baseline,[1m> loading[22m[9d[0k[31mfailure: [39m,7.730,/Users/dungng/FPT/Ki 9/SET490/ARROW-paper/ARROW/runs/sample_selection/distributed/shard-0/candidates/00591_3781210_3781210_45
596,161651256,161651256_7.json,https://github.com/jellyfin/jellyfin-androidtv,CustomSeekProvider,app/src/main/java/org/jellyfin/androidtv/ui/playback/overlay/CustomSeekProvider.java,production,class,False,26,getSeekPositions,5,@Override public,True,True,1,False,,10,ELIGIBLE,,gradle,app,junit4,1,/Users/dungng/FPT/Ki 9/SET490/ARROW-paper/ARROW/Java-version/java-8/Contents/Home,using compatible JDK 8 from build.java_homes.java-8 for Java 1,2de77f5719a847936d974503c648f73552342cc8,1,2,1,ASSERTION_FAILED,,,org.jellyfin.androidtv.ui.playback.overlay.CustomSeekProvider,,,,,EXCLUDED,baseline,failure: build failed with an exception.,79.267,/Users/dungng/FPT/Ki 9/SET490/ARROW-paper/ARROW/runs/sample_selection/distributed/shard-0/candidates/00596_161651256_161651256_7
601,24880683,24880683_0.json,https://github.com/AndersDJohnson/jackson-json-reference,JsonReferenceCli,jackson-json-reference-cli/src/main/java/me/andrz/jackson/JsonReferenceCli.java,production,,,,main,21,public static,True,False,,,,,EXCLUDED,no_observable_behavior,,,,,,,,,2,0,,,,,,,,,EXCLUDED,semantic_metadata,no_observable_behavior,0.001,/Users/dungng/FPT/Ki 9/SET490/ARROW-paper/ARROW/runs/sample_selection/distributed/shard-0/candidates/00601_24880683_24880683_0
606,46348026,46348026_9.json,https://github.com/Karumi/Dexter,MultiplePermissionListenerThreadDecorator,dexter/src/main/java/com/karumi/dexter/MultiplePermissionListenerThreadDecorator.java,production,,,,onPermissionRationaleShouldBeShown,8,@Override public,False,False,,,,,EXCLUDED,no_observable_behavior,,,,,,,,,2,0,,,,,,,,,EXCLUDED,semantic_metadata,no_observable_behavior,0.001,/Users/dungng/FPT/Ki 9/SET490/ARROW-paper/ARROW/runs/sample_selection/distributed/shard-0/candidates/00606_46348026_46348026_9
611,126002586,126002586_10.json,https://github.com/OpenJavaCard/openjavacard-tools,SCPProtocolPolicy,globalplatform/src/main/java/org/openjavacard/gp/scp/SCPProtocolPolicy.java,production,,,,checkProtocol,3,public,False,False,,,,,EXCLUDED,no_observable_behavior,,,,,,,,,2,0,,,,,,,,,EXCLUDED,semantic_metadata,no_observable_behavior,0.000,/Users/dungng/FPT/Ki 9/SET490/ARROW-paper/ARROW/runs/sample_selection/distributed/shard-0/candidates/00611_126002586_126002586_10
616,32834215,32834215_16.json,https://github.com/sockeqwe/mosby,DefaultAccountManager,sample-mail/src/main/java/com/hannesdorfmann/mosby3/sample/mail/model/account/DefaultAccountManager.java,production,class,False,50,doLogin,17,@Override public,True,True,0,True,nondeterminism,8,EXCLUDED,external_dependency_risk:nondeterminism,,,,,,,,1,2,0,,,,,,,,,EXCLUDED,semantic,external_dependency_risk:nondeterminism,2.380,/Users/dungng/FPT/Ki 9/SET490/ARROW-paper/ARROW/runs/sample_selection/distributed/shard-0/candidates/00616_32834215_32834215_16
621,1619254,1619254_57.json,https://github.com/kiegroup/drools-chance,DiscreteDistributionStrategy,drools-chance-core/src/main/java/org/drools/chance/distribution/probability/discrete/DiscreteDistributionStrategy.java,production,class,False,281,parse,22,public,True,True,2,False,,10,ELIGIBLE,,maven,drools-chance-core,junit4,5,/Users/dungng/FPT/Ki 9/SET490/ARROW-paper/ARROW/Java-version/java-8/Contents/Home,using compatible JDK 8 from build.java_homes.java-8 for Java 5,,1,2,1,RUNTIME_FAILED,,,org.drools.chance.distribution.probability.discrete.DiscreteDistributionStrategy,,,,,EXCLUDED,baseline,[error] [error] some problems were encountered while processing the poms:,5.192,/Users/dungng/FPT/Ki 9/SET490/ARROW-paper/ARROW/runs/sample_selection/distributed/shard-0/candidates/00621_1619254_1619254_57
626,49943894,49943894_101.json,https://github.com/MissionCriticalCloudOldRepos/cosmic-core,BareMetalRemovalUpdater,engine/schema/src/main/java/com/cloud/upgrade/dao/BareMetalRemovalUpdater.java,production,,,,findAndUpdateRowsThatReferenceBareMetal,14,public,True,False,,,,,EXCLUDED,no_observable_behavior,,,,,,,,,2,0,,,,,,,,,EXCLUDED,semantic_metadata,no_observable_behavior,0.001,/Users/dungng/FPT/Ki 9/SET490/ARROW-paper/ARROW/runs/sample_selection/distributed/shard-0/candidates/00626_49943894_49943894_101
631,106613119,106613119_310.json,https://github.com/atlasmap/atlasmap,StringPatternValidator,lib/core/src/main/java/io/atlasmap/validators/StringPatternValidator.java,production,class,False,73,supports,4,@Override public,True,True,3,False,,9,ELIGIBLE,,maven,lib/core,junit5,unknown,/opt/homebrew/Cellar/openjdk@17/17.0.19/libexec/openjdk.jdk/Contents/Home,no project java version detected; using build.java_default,,1,2,1,ASSERTION_FAILED,,,io.atlasmap.validators.StringPatternValidator,,,,,EXCLUDED,baseline,"[[1;34minfo[m] [1;32mtests run: [0;1;32m10[m, failures: 0, errors: 0, skipped: 0, time elapsed: 0.183 s - in io.atlasmap.v2.[1matlasmodelfactorytest[m",59.494,/Users/dungng/FPT/Ki 9/SET490/ARROW-paper/ARROW/runs/sample_selection/distributed/shard-0/candidates/00631_106613119_106613119_310
636,33903657,33903657_18.json,https://github.com/davidehringer/xml-matchers,XmlConverters,xml-matchers/src/main/java/org/xmlmatchers/transform/XmlConverters.java,production,class,False,73,the,3,public static,False,True,0,False,,7,ELIGIBLE,,maven,xml-matchers,junit4,5,/Users/dungng/FPT/Ki 9/SET490/ARROW-paper/ARROW/Java-version/java-8/Contents/Home,using compatible JDK 8 from build.java_homes.java-8 for Java 5,,1,2,2,MODULE_TESTS_PASSED|MODULE_TESTS_PASSED,True,0,org.xmlmatchers.transform.XmlConverters,True,TARGET_TEST_PASSED,MODULE_TESTS_PASSED,MODULE_TESTS_PASSED,ELIGIBLE,,,13.241,/Users/dungng/FPT/Ki 9/SET490/ARROW-paper/ARROW/runs/sample_selection/distributed/shard-0/candidates/00636_33903657_33903657_18
641,107330274,107330274_186.json,https://github.com/Netflix/titus-control-plane,DefaultAgentCache,titus-server-master/src/main/java/com/netflix/titus/master/agent/service/cache/DefaultAgentCache.java,production,,,,getAgentInstances,4,@Override public,False,True,,,,,EXCLUDED,trivial_focal_method,,,,,,,,,2,0,,,,,,,,,EXCLUDED,semantic_metadata,trivial_focal_method,0.001,/Users/dungng/FPT/Ki 9/SET490/ARROW-paper/ARROW/runs/sample_selection/distributed/shard-0/candidates/00641_107330274_107330274_186
646,3687614,3687614_40.json,https://github.com/bsblabs/embed-for-vaadin,EmbedVaadin,com.bsb.common.vaadin.embed/src/main/java/com/bsb/common/vaadin/embed/support/EmbedVaadin.java,production,class,False,61,forComponent,3,public static,False,True,0,False,,7,ELIGIBLE,,maven,com.bsb.common.vaadin.embed,junit4,5,/Users/dungng/FPT/Ki 9/SET490/ARROW-paper/ARROW/Java-version/java-8/Contents/Home,using compatible JDK 8 from build.java_homes.java-8 for Java 5,,1,2,2,MODULE_TESTS_PASSED|MODULE_TESTS_PASSED,True,0,com.bsb.common.vaadin.embed.support.EmbedVaadin,True,TARGET_TEST_PASSED,MODULE_TESTS_PASSED,MODULE_TESTS_PASSED,ELIGIBLE,,,21.473,/Users/dungng/FPT/Ki 9/SET490/ARROW-paper/ARROW/runs/sample_selection/distributed/shard-0/candidates/00646_3687614_3687614_40
651,56718024,56718024_83.json,https://github.com/MobiVM/robovm,BridgeMethodCompiler,compiler/compiler/src/main/java/org/robovm/compiler/BridgeMethodCompiler.java,production,class,False,404,createBridgeCWrapper,81,protected static,True,True,1,False,,9,ELIGIBLE,,maven,compiler/compiler,junit4,9,/opt/homebrew/Cellar/openjdk@17/17.0.19/libexec/openjdk.jdk/Contents/Home,JDK 9 not mapped; using build.java_default,,1,2,1,COMPILE_FAILED,,,org.robovm.compiler.BridgeMethodCompiler,,,,,EXCLUDED,baseline,org.apache.commons.exec.executeexception: process exited with an error: 2 (exit value: 2),31.657,/Users/dungng/FPT/Ki 9/SET490/ARROW-paper/ARROW/runs/sample_selection/distributed/shard-0/candidates/00651_56718024_56718024_83
656,10550221,10550221_31.json,https://github.com/dmfs/opentasks,DateTimeIterableFieldAdapter,opentasks-provider/src/main/java/org/dmfs/provider/tasks/model/adapters/DateTimeIterableFieldAdapter.java,production,,,,setIn,13,@Override public,True,False,,,,,EXCLUDED,no_observable_behavior,,,,,,,,,2,0,,,,,,,,,EXCLUDED,semantic_metadata,no_observable_behavior,0.001,/Users/dungng/FPT/Ki 9/SET490/ARROW-paper/ARROW/runs/sample_selection/distributed/shard-0/candidates/00656_10550221_10550221_31
661,53932231,53932231_34.json,https://github.com/Cavallium/WarpPI,Parser,core/src/main/java/it/cavallium/warppi/math/rules/dsl/frontend/Parser.java,production,class,False,298,parse,7,public,True,True,2,False,,10,ELIGIBLE,,maven,core,junit5,25,/opt/homebrew/Cellar/openjdk@17/17.0.19/libexec/openjdk.jdk/Contents/Home,JDK 25 not mapped; using build.java_default,,1,2,1,RUNTIME_FAILED,,,it.cavallium.warppi.math.rules.dsl.frontend.Parser,,,,,EXCLUDED,baseline,[error] [error] some problems were encountered while processing the poms:,2.850,/Users/dungng/FPT/Ki 9/SET490/ARROW-paper/ARROW/runs/sample_selection/distributed/shard-0/candidates/00661_53932231_53932231_34
666,11668780,11668780_14.json,https://github.com/jacek-marchwicki/JavaWebsocketClient,ChangesDetector,websockets-rxjava-example/src/main/java/com/appunite/detector/ChangesDetector.java,production,,,,newData,33,public,True,False,,,,,EXCLUDED,no_observable_behavior,,,,,,,,,2,0,,,,,,,,,EXCLUDED,semantic_metadata,no_observable_behavior,0.001,/Users/dungng/FPT/Ki 9/SET490/ARROW-paper/ARROW/runs/sample_selection/distributed/shard-0/candidates/00666_11668780_11668780_14
671,14997161,14997161_4.json,https://github.com/denimgroup/threadfix,RailsRoutesParser,archived/threadfix-ham/src/main/java/com/denimgroup/threadfix/framework/impl/rails/RailsRoutesParser.java,production,class,False,551,parse,9,public static,True,True,0,False,,8,ELIGIBLE,,maven,archived/threadfix-ham,junit4,6,/Users/dungng/FPT/Ki 9/SET490/ARROW-paper/ARROW/Java-version/java-8/Contents/Home,using compatible JDK 8 from build.java_homes.java-8 for Java 6,,1,2,1,COMPILE_FAILED,,,com.denimgroup.threadfix.framework.impl.rails.RailsRoutesParser,,,,,EXCLUDED,baseline,[warning] com.denimgroup.threadfix:threadfix-entities:<n>.3-snapshot/maven-metadata.xml failed to transfer from http://0.0.0.0/ during a previous attempt. this failure was cached in the local repository and resolution will not be reattempted until the update interval of maven-default-http-blocker ha,7.925,/Users/dungng/FPT/Ki 9/SET490/ARROW-paper/ARROW/runs/sample_selection/distributed/shard-0/candidates/00671_14997161_14997161_4
676,16432662,16432662_0.json,https://github.com/airbnb/plog,FlinkPartitioner,plog-kafka/src/main/java/com/airbnb/plog/kafka/partitioner/FlinkPartitioner.java,production,class,False,89,computePartition,4,static,False,True,0,True,nondeterminism,6,EXCLUDED,external_dependency_risk:nondeterminism;testability_score_below_7,,,,,,,,1,2,0,,,,,,,,,EXCLUDED,semantic,external_dependency_risk:nondeterminism;testability_score_below_7,3.421,/Users/dungng/FPT/Ki 9/SET490/ARROW-paper/ARROW/runs/sample_selection/distributed/shard-0/candidates/00676_16432662_16432662_0
681,90985502,90985502_0.json,https://github.com/loom-build-tool/loom,ClassLoaderUtil,modules/util/src/main/java/builders/loom/util/ClassLoaderUtil.java,production,,,,classnameFromFilename,8,public static,False,True,,,,,ELIGIBLE,,,,,,,,,,2,0,,,,,,,,,EXCLUDED,setup,"RuntimeError: Repository setup failed after 3 attempts: CalledProcessError: Command '['git', '-c', 'core.longpaths=true', 'clone', '--depth', '1', 'https://github.com/loom-build-tool/loom', '/Users/dungng/FPT/Ki 9/SET490/ARROW-paper/ARROW/repos/90985502']' returned non-zero exit status 128.",8.388,/Users/dungng/FPT/Ki 9/SET490/ARROW-paper/ARROW/runs/sample_selection/distributed/shard-0/candidates/00681_90985502_90985502_0
686,121075789,121075789_1.json,https://github.com/maithilish/maven-examples,App,simple-multi/app/src/main/java/app/App.java,production,class,False,10,greet,3,public,False,True,0,False,,7,ELIGIBLE,,maven,simple-multi/app,junit4,8,/Users/dungng/FPT/Ki 9/SET490/ARROW-paper/ARROW/Java-version/java-8/Contents/Home,matched build.java_homes.java-8,,1,2,1,ASSERTION_FAILED,,,app.App,,,,,EXCLUDED,baseline,[info] build failure,2.840,/Users/dungng/FPT/Ki 9/SET490/ARROW-paper/ARROW/runs/sample_selection/distributed/shard-0/candidates/00686_121075789_121075789_1
691,24272313,24272313_7.json,https://github.com/Pragmatists/tdd-trainings,FizzBuzz,JUnitBasicsKata/src/main/java/tdd/junit/FizzBuzz.java,production,class,False,16,anserFor,10,public,True,True,0,False,,9,ELIGIBLE,,maven,JUnitBasicsKata,junit4,6,/Users/dungng/FPT/Ki 9/SET490/ARROW-paper/ARROW/Java-version/java-8/Contents/Home,using compatible JDK 8 from build.java_homes.java-8 for Java 6,,1,2,1,ASSERTION_FAILED,,,tdd.junit.FizzBuzz,,,,,EXCLUDED,baseline,[info] build failure,4.369,/Users/dungng/FPT/Ki 9/SET490/ARROW-paper/ARROW/runs/sample_selection/distributed/shard-0/candidates/00691_24272313_24272313_7
696,75882172,75882172_290.json,https://github.com/Netflix/conductor,HttpTask,contribs/src/main/java/com/netflix/conductor/contribs/http/HttpTask.java,production,,,,start,50,@Override public,True,False,,,,,EXCLUDED,no_observable_behavior,,,,,,,,,2,0,,,,,,,,,EXCLUDED,semantic_metadata,no_observable_behavior,0.001,/Users/dungng/FPT/Ki 9/SET490/ARROW-paper/ARROW/runs/sample_selection/distributed/shard-0/candidates/00696_75882172_75882172_290
701,73209796,73209796_4.json,https://github.com/eurosecom/Attendance,EmployeeMvvmViewModel,app/src/main/java/com/eusecom/attendance/EmployeeMvvmViewModel.java,production,,,,getObservableSupportedLanguages,4,@NonNull public,False,True,,,,,EXCLUDED,trivial_focal_method,,,,,,,,,2,0,,,,,,,,,EXCLUDED,semantic_metadata,trivial_focal_method,0.001,/Users/dungng/FPT/Ki 9/SET490/ARROW-paper/ARROW/runs/sample_selection/distributed/shard-0/candidates/00701_73209796_73209796_4
706,68813569,68813569_2.json,https://github.com/NetCrusherOrg/netcrusher-java,DatagramCrusherMain,core/src/main/java/org/netcrusher/datagram/main/DatagramCrusherMain.java,production,,,,main,4,public static,False,False,,,,,EXCLUDED,no_observable_behavior,,,,,,,,,2,0,,,,,,,,,EXCLUDED,semantic_metadata,no_observable_behavior,0.001,/Users/dungng/FPT/Ki 9/SET490/ARROW-paper/ARROW/runs/sample_selection/distributed/shard-0/candidates/00706_68813569_68813569_2
711,18532549,18532549_5.json,https://github.com/paritytrading/nassau,SoupBinTCPSession,libraries/core/src/main/java/com/paritytrading/nassau/soupbintcp/SoupBinTCPSession.java,production,,,,send,10,protected,True,False,,,,,EXCLUDED,no_observable_behavior,,,,,,,,,2,0,,,,,,,,,EXCLUDED,semantic_metadata,no_observable_behavior,0.001,/Users/dungng/FPT/Ki 9/SET490/ARROW-paper/ARROW/runs/sample_selection/distributed/shard-0/candidates/00711_18532549_18532549_5
716,51536707,51536707_24.json,https://github.com/stoyicker/boats-xkcd,GetStripeUseCase,domain/src/main/java/com/jorge/boats/xkcd/domain/interactor/GetStripeUseCase.java,production,,,,setRequestedStripeNum,3,public,False,False,,,,,EXCLUDED,trivial_focal_method;no_observable_behavior,,,,,,,,,2,0,,,,,,,,,EXCLUDED,semantic_metadata,trivial_focal_method;no_observable_behavior,0.000,/Users/dungng/FPT/Ki 9/SET490/ARROW-paper/ARROW/runs/sample_selection/distributed/shard-0/candidates/00716_51536707_51536707_24
721,175804011,175804011_2.json,https://github.com/isel-leic-mpd/jingle,StreamUtils,jingle/src/main/java/org/isel/jingle/util/StreamUtils.java,production,class,False,10,merge,4,public static,False,True,0,False,,6,EXCLUDED,testability_score_below_7,,,,,,,,1,2,0,,,,,,,,,EXCLUDED,semantic,testability_score_below_7,1.501,/Users/dungng/FPT/Ki 9/SET490/ARROW-paper/ARROW/runs/sample_selection/distributed/shard-0/candidates/00721_175804011_175804011_2
726,74092790,74092790_0.json,https://github.com/zyl409214686/Mp3Cutter,Mp3CutLogic,app/src/main/java/com/zyl/mp3cutter/mp3cut/logic/Mp3CutLogic.java,production,,,,generateNewMp3ByTime,9,public,True,False,,,,,EXCLUDED,no_observable_behavior,,,,,,,,,2,0,,,,,,,,,EXCLUDED,semantic_metadata,no_observable_behavior,0.001,/Users/dungng/FPT/Ki 9/SET490/ARROW-paper/ARROW/runs/sample_selection/distributed/shard-0/candidates/00726_74092790_74092790_0
731,60851319,60851319_93.json,https://github.com/micromata/projectforge,SendMail,projectforge-business/src/main/java/org/projectforge/mail/SendMail.java,production,class,False,291,send,3,public,False,True,0,True,database|nondeterminism,6,EXCLUDED,external_dependency_risk:database|nondeterminism;testability_score_below_7,,,,,,,5f7ef41b8cbbf29b1bff094f0c0b708dcaecb19e,1,2,0,,,,,,,,,EXCLUDED,semantic,external_dependency_risk:database|nondeterminism;testability_score_below_7,21.014,/Users/dungng/FPT/Ki 9/SET490/ARROW-paper/ARROW/runs/sample_selection/distributed/shard-0/candidates/00731_60851319_60851319_93
736,60094068,60094068_116.json,https://github.com/flowupio/FlowUpAndroidSDK,CPU,flowup/src/main/java/io/flowup/android/CPU.java,production,class,False,48,getUsage,10,public,True,True,2,False,,10,ELIGIBLE,,gradle,flowup,junit4,unknown,/Users/dungng/FPT/Ki 9/SET490/ARROW-paper/ARROW/Java-version/java-8/Contents/Home,Gradle 3.3 requires compatible JDK 8; matched build.java_homes.java-8,,1,2,1,ASSERTION_FAILED,,,io.flowup.android.CPU,,,,,EXCLUDED,baseline,failure: build failed with an exception.,85.691,/Users/dungng/FPT/Ki 9/SET490/ARROW-paper/ARROW/runs/sample_selection/distributed/shard-0/candidates/00736_60094068_60094068_116
741,117949407,117949407_1.json,https://github.com/linking12/zuul2,ZuulFiltersModule,zuul2-core/src/main/java/com/netflix/zuul/init/ZuulFiltersModule.java,production,class,False,117,findFilterLocations,18,@VisibleForTesting,True,True,0,False,,9,ELIGIBLE,,maven,zuul2-core,junit4,8,/Users/dungng/FPT/Ki 9/SET490/ARROW-paper/ARROW/Java-version/java-8/Contents/Home,matched build.java_homes.java-8,,1,2,1,COMPILE_FAILED,,,com.netflix.zuul.init.ZuulFiltersModule,,,,,EXCLUDED,baseline,"[error] <path> 9<path>:[line,col] package com.netflix.appinfo does not exist",14.697,/Users/dungng/FPT/Ki 9/SET490/ARROW-paper/ARROW/runs/sample_selection/distributed/shard-0/candidates/00741_117949407_117949407_1
746,102471968,102471968_23.json,https://github.com/n26/N26AndroidSamples,CreditDraftMapper,credit/src/main/java/de/n26/n26androidsamples/credit/data/CreditDraftMapper.java,production,class,False,76,apply,14,"@Override @SuppressWarnings(""ConstantConditions"") public",False,True,0,False,,7,ELIGIBLE,,gradle,credit,junit4,1,/Users/dungng/FPT/Ki 9/SET490/ARROW-paper/ARROW/Java-version/java-8/Contents/Home,using compatible JDK 8 from build.java_homes.java-8 for Java 1,,1,2,1,ASSERTION_FAILED,,,de.n26.n26androidsamples.credit.data.CreditDraftMapper,,,,,EXCLUDED,baseline,failure: build failed with an exception.,34.068,/Users/dungng/FPT/Ki 9/SET490/ARROW-paper/ARROW/runs/sample_selection/distributed/shard-0/candidates/00746_102471968_102471968_23
751,2045140,2045140_12.json,https://github.com/eclipse/jetty.toolchain,RequireRedhatCompatibleVersionRule,jetty-build-support/src/main/java/org/eclipse/jetty/toolchain/enforcer/rules/RequireRedhatCompatibleVersionRule.java,production,class,False,90,ensureValidRedhatVersion,35,public,True,True,0,False,,10,ELIGIBLE,,maven,jetty-build-support,junit5,8,/Users/dungng/FPT/Ki 9/SET490/ARROW-paper/ARROW/Java-version/java-8/Contents/Home,matched build.java_homes.java-8,,1,2,2,MODULE_TESTS_PASSED|MODULE_TESTS_PASSED,True,0,org.eclipse.jetty.toolchain.enforcer.rules.RequireRedhatCompatibleVersionRule,True,TARGET_TEST_PASSED,MODULE_TESTS_PASSED,MODULE_TESTS_PASSED,ELIGIBLE,,,15.012,/Users/dungng/FPT/Ki 9/SET490/ARROW-paper/ARROW/runs/sample_selection/distributed/shard-0/candidates/00751_2045140_2045140_12
756,39705783,39705783_8.json,https://github.com/zalando/problem,ProblemAdapterFactory,problem-gson/src/main/java/org/zalando/problem/gson/ProblemAdapterFactory.java,production,class,False,175,registerSubtype,4,public,True,True,0,False,,9,ELIGIBLE,,maven,problem-gson,junit5,17,/opt/homebrew/Cellar/openjdk@17/17.0.19/libexec/openjdk.jdk/Contents/Home,matched build.java_homes.java-17,,1,2,1,RUNTIME_FAILED,,,org.zalando.problem.gson.ProblemAdapterFactory,,,,,EXCLUDED,baseline,error:java.io.filenotfoundexception:<path> (no such file or directory),7.039,/Users/dungng/FPT/Ki 9/SET490/ARROW-paper/ARROW/runs/sample_selection/distributed/shard-0/candidates/00756_39705783_39705783_8
761,24366887,24366887_2.json,https://github.com/thorstenwitt/mensaApp,LunchParser,mobile/src/main/java/de/thorstenwitt/mensaapp/parser/LunchParser.java,production,,,,parse,50,public,True,False,,,,,EXCLUDED,no_observable_behavior,,,,,,,,,2,0,,,,,,,,,EXCLUDED,semantic_metadata,no_observable_behavior,0.001,/Users/dungng/FPT/Ki 9/SET490/ARROW-paper/ARROW/runs/sample_selection/distributed/shard-0/candidates/00761_24366887_24366887_2
766,147999347,147999347_1.json,https://github.com/raatiniemi/sonar-objective-c,ObjectiveCAstScanner,plugin/src/main/java/me/raatiniemi/sonar/objectivec/language/ObjectiveCAstScanner.java,production,,,,scanSingleFile,12,public static,True,True,,,,,ELIGIBLE,,,,,,,,,,2,0,,,,,,,,,EXCLUDED,setup,"RuntimeError: Repository setup failed after 3 attempts: CalledProcessError: Command '['git', '-c', 'core.longpaths=true', 'clone', '--depth', '1', 'https://github.com/raatiniemi/sonar-objective-c', '/Users/dungng/FPT/Ki 9/SET490/ARROW-paper/ARROW/repos/147999347']' returned non-zero exit status 128.",8.397,/Users/dungng/FPT/Ki 9/SET490/ARROW-paper/ARROW/runs/sample_selection/distributed/shard-0/candidates/00766_147999347_147999347_1
771,63452341,63452341_15.json,https://github.com/robinhood/ticker,TickerCharacterList,ticker/src/main/java/com/robinhood/ticker/TickerCharacterList.java,production,class,False,127,getCharacterIndices,42,,True,True,1,False,,9,ELIGIBLE,,gradle,ticker,junit4,unknown,/Users/dungng/FPT/Ki 9/SET490/ARROW-paper/ARROW/Java-version/java-11/Contents/Home,Gradle 6.5 requires compatible JDK 11; matched build.java_homes.java-11,,1,2,1,ASSERTION_FAILED,,,com.robinhood.ticker.TickerCharacterList,,,,,EXCLUDED,baseline,failure: build failed with an exception.,23.470,/Users/dungng/FPT/Ki 9/SET490/ARROW-paper/ARROW/runs/sample_selection/distributed/shard-0/candidates/00771_63452341_63452341_15
776,51015648,51015648_22.json,https://github.com/reactor/reactor-addons,BooleanUtils,reactor-extra/src/main/java/reactor/bool/BooleanUtils.java,production,class,False,85,or,3,public static,True,True,0,False,,9,ELIGIBLE,,gradle,.,junit4,8,/Users/dungng/FPT/Ki 9/SET490/ARROW-paper/ARROW/Java-version/java-8/Contents/Home,matched build.java_homes.java-8,,1,2,2,MODULE_TESTS_PASSED|MODULE_TESTS_PASSED,True,1,reactor.bool.BooleanUtils,True,TEST_DISCOVERY_FAILED,,,EXCLUDED,probe_target,test discovery failed,103.839,/Users/dungng/FPT/Ki 9/SET490/ARROW-paper/ARROW/runs/sample_selection/distributed/shard-0/candidates/00776_51015648_51015648_22
781,93389699,93389699_5.json,https://github.com/ZacSweers/inspector,CompositeValidator,inspector/src/main/java/io/sweers/inspector/CompositeValidator.java,production,class,False,53,validate,17,@Override public,True,True,1,False,,7,ELIGIBLE,,gradle,inspector,junit4,7,/Users/dungng/FPT/Ki 9/SET490/ARROW-paper/ARROW/Java-version/java-8/Contents/Home,using compatible JDK 8 from build.java_homes.java-8 for Java 7,,1,2,2,MODULE_TESTS_PASSED|MODULE_TESTS_PASSED,True,1,io.sweers.inspector.CompositeValidator,True,TARGET_TEST_PASSED,MODULE_TESTS_PASSED,MODULE_TESTS_PASSED,ELIGIBLE,,,62.457,/Users/dungng/FPT/Ki 9/SET490/ARROW-paper/ARROW/runs/sample_selection/distributed/shard-0/candidates/00781_93389699_93389699_5
786,9797598,9797598_0.json,https://github.com/Unicon/cas-mfa,DefaultRegisteredServiceMfaRoleProcessorImpl,cas-mfa-java/src/main/java/net/unicon/cas/mfa/authentication/DefaultRegisteredServiceMfaRoleProcessorImpl.java,production,class,False,253,resolve,51,public,True,True,3,False,,9,ELIGIBLE,,maven,cas-mfa-java,junit4,7,/Users/dungng/FPT/Ki 9/SET490/ARROW-paper/ARROW/Java-version/java-8/Contents/Home,using compatible JDK 8 from build.java_homes.java-8 for Java 7,,1,2,2,MODULE_TESTS_PASSED|MODULE_TESTS_PASSED,True,1,net.unicon.cas.mfa.authentication.DefaultRegisteredServiceMfaRoleProcessorImpl,True,TARGET_TEST_PASSED,MODULE_TESTS_PASSED,MODULE_TESTS_PASSED,ELIGIBLE,,,214.189,/Users/dungng/FPT/Ki 9/SET490/ARROW-paper/ARROW/runs/sample_selection/distributed/shard-0/candidates/00786_9797598_9797598_0
791,21458450,21458450_3.json,https://github.com/qafedev/qafe-platform,OpenWindowHandler,qafe-web-gwt/src/main/java/com/qualogy/qafe/gwt/client/vo/handlers/OpenWindowHandler.java,production,,,,parseParams,31,,True,True,,,,,ELIGIBLE,,,,,,,,,,2,0,,,,,,,,,EXCLUDED,setup,"RuntimeError: Repository setup failed after 3 attempts: CalledProcessError: Command '['git', '-c', 'core.longpaths=true', 'clone', '--depth', '1', 'https://github.com/qafedev/qafe-platform', '/Users/dungng/FPT/Ki 9/SET490/ARROW-paper/ARROW/repos/21458450']' returned non-zero exit status 128.",8.355,/Users/dungng/FPT/Ki 9/SET490/ARROW-paper/ARROW/runs/sample_selection/distributed/shard-0/candidates/00791_21458450_21458450_3
796,132609722,132609722_9.json,https://github.com/Yubico/java-webauthn-server,FinishRegistrationOptions,webauthn-server-core/src/main/java/com/yubico/webauthn/FinishRegistrationOptions.java,production,class,False,139,builder,3,public static,False,True,0,False,,8,ELIGIBLE,,gradle,webauthn-server-core,junit4,17,/opt/homebrew/Cellar/openjdk@17/17.0.19/libexec/openjdk.jdk/Contents/Home,matched build.java_homes.java-17,,1,2,2,MODULE_TESTS_PASSED|MODULE_TESTS_PASSED,True,0,com.yubico.webauthn.FinishRegistrationOptions,True,TARGET_TEST_PASSED,MODULE_TESTS_PASSED,MODULE_TESTS_PASSED,ELIGIBLE,,,207.198,/Users/dungng/FPT/Ki 9/SET490/ARROW-paper/ARROW/runs/sample_selection/distributed/shard-0/candidates/00796_132609722_132609722_9
801,52732011,52732011_4.json,https://github.com/B4dT0bi/silvertunnel-ng,ByteArrayUtil,netlib/src/main/java/org/silvertunnel_ng/netlib/util/ByteArrayUtil.java,production,class,False,218,readDataFromInputStream,27,public static,True,True,0,False,,9,ELIGIBLE,,maven,netlib,testng,6,/Users/dungng/FPT/Ki 9/SET490/ARROW-paper/ARROW/Java-version/java-8/Contents/Home,using compatible JDK 8 from build.java_homes.java-8 for Java 6,,1,2,1,BUILD_TIMEOUT,,,org.silvertunnel_ng.netlib.util.ByteArrayUtil,,,,,EXCLUDED,baseline,build timeout,902.318,/Users/dungng/FPT/Ki 9/SET490/ARROW-paper/ARROW/runs/sample_selection/distributed/shard-0/candidates/00801_52732011_52732011_4
806,20989862,20989862_0.json,https://github.com/pschirmacher/webster,Futures,webster-core/src/main/java/webster/util/Futures.java,production,class,False,13,afterTimeout,5,public static,False,True,0,False,,6,EXCLUDED,testability_score_below_7,,,,,,,,1,2,0,,,,,,,,,EXCLUDED,semantic,testability_score_below_7,1.288,/Users/dungng/FPT/Ki 9/SET490/ARROW-paper/ARROW/runs/sample_selection/distributed/shard-0/candidates/00806_20989862_20989862_0
811,3604595,3604595_0.json,https://github.com/eclipse/emf,UpdateSiteGenerator,releng/org.eclipse.emf.releng/src/org/eclipse/emf/releng/UpdateSiteGenerator.java,nonstandard,,,,generateDownloads,33,public,True,False,,,,,EXCLUDED,source_layout:nonstandard;no_observable_behavior,,,,,,,,,2,0,,,,,,,,,EXCLUDED,semantic_metadata,source_layout:nonstandard;no_observable_behavior,0.001,/Users/dungng/FPT/Ki 9/SET490/ARROW-paper/ARROW/runs/sample_selection/distributed/shard-0/candidates/00811_3604595_3604595_0
816,21631528,21631528_5.json,https://github.com/braintree/braintree_android,PreferredPaymentMethods,Braintree/src/main/java/com/braintreepayments/api/PreferredPaymentMethods.java,production,,,,fetchPreferredPaymentMethods,44,public static,True,False,,,,,EXCLUDED,no_observable_behavior,,,,,,,,,2,0,,,,,,,,,EXCLUDED,semantic_metadata,no_observable_behavior,0.001,/Users/dungng/FPT/Ki 9/SET490/ARROW-paper/ARROW/runs/sample_selection/distributed/shard-0/candidates/00816_21631528_21631528_5
821,70147050,70147050_0.json,https://github.com/REMEXLabs/OpenAPE,Property,openAPE/API/src/main/java/org/openape/api/databaseObjectBase/Property.java,production,class,False,161,equals,23,@JsonIgnore public,True,True,0,False,,9,ELIGIBLE,,maven,openAPE/API,junit4,unknown,/opt/homebrew/Cellar/openjdk@17/17.0.19/libexec/openjdk.jdk/Contents/Home,no project java version detected; using build.java_default,,1,2,2,MODULE_TESTS_PASSED|MODULE_TESTS_PASSED,True,0,org.openape.api.databaseObjectBase.Property,True,TARGET_TEST_PASSED,MODULE_TESTS_PASSED,MODULE_TESTS_PASSED,ELIGIBLE,,,25.359,/Users/dungng/FPT/Ki 9/SET490/ARROW-paper/ARROW/runs/sample_selection/distributed/shard-0/candidates/00821_70147050_70147050_0
826,129125498,129125498_12.json,https://github.com/ExpediaDotCom/adaptive-alerting,GraphiteResult,metrics/src/main/java/com/expedia/adaptivealerting/metrics/functions/source/graphite/GraphiteResult.java,production,class,False,43,getDatapoint,12,public,True,True,0,False,,10,ELIGIBLE,,maven,metrics,junit4,8,/Users/dungng/FPT/Ki 9/SET490/ARROW-paper/ARROW/Java-version/java-8/Contents/Home,matched build.java_homes.java-8,,1,2,1,COMPILE_FAILED,,,com.expedia.adaptivealerting.metrics.functions.source.graphite.GraphiteResult,,,,,EXCLUDED,baseline,java.lang.assertionerror:,19.226,/Users/dungng/FPT/Ki 9/SET490/ARROW-paper/ARROW/runs/sample_selection/distributed/shard-0/candidates/00826_129125498_129125498_12
831,59834447,59834447_2.json,https://github.com/JetBrains/teamcity-symbol-server,SymbolsCache,teamcity-symbol-server/src/main/java/jetbrains/buildServer/symbols/SymbolsCache.java,production,class,False,127,getEntry,59,public,True,True,1,False,,9,ELIGIBLE,,gradle,teamcity-symbol-server,testng,1,/Users/dungng/FPT/Ki 9/SET490/ARROW-paper/ARROW/Java-version/java-8/Contents/Home,using compatible JDK 8 from build.java_homes.java-8 for Java 1,,1,2,1,ASSERTION_FAILED,,,jetbrains.buildServer.symbols.SymbolsCache,,,,,EXCLUDED,baseline,failure: build failed with an exception.,14.721,/Users/dungng/FPT/Ki 9/SET490/ARROW-paper/ARROW/runs/sample_selection/distributed/shard-0/candidates/00831_59834447_59834447_2
836,52689062,52689062_0.json,https://github.com/cestella/streaming_outliers,SketchyMovingMAD,core/src/main/java/com/caseystella/analytics/outlier/streaming/mad/SketchyMovingMAD.java,production,,,,SketchyMovingMAD,2,public,False,False,,,,,EXCLUDED,no_observable_behavior,,,,,,,,,2,0,,,,,,,,,EXCLUDED,semantic_metadata,no_observable_behavior,0.001,/Users/dungng/FPT/Ki 9/SET490/ARROW-paper/ARROW/runs/sample_selection/distributed/shard-0/candidates/00836_52689062_52689062_0
841,1553760,1553760_195.json,https://github.com/eclipse/mylyn.docs,HtmlSubsetDocumentBuilder,wikitext/core/org.eclipse.mylyn.wikitext.html/src/main/java/org/eclipse/mylyn/wikitext/html/internal/HtmlSubsetDocumentBuilder.java,production,,,,setSupportedBlockTypes,4,,False,False,,,,,EXCLUDED,no_observable_behavior,,,,,,,,,2,0,,,,,,,,,EXCLUDED,semantic_metadata,no_observable_behavior,0.001,/Users/dungng/FPT/Ki 9/SET490/ARROW-paper/ARROW/runs/sample_selection/distributed/shard-0/candidates/00841_1553760_1553760_195
846,97573661,97573661_10.json,https://github.com/apache/servicecomb-pack,CompositeOmegaCallback,alpha/alpha-core/src/main/java/org/apache/servicecomb/pack/alpha/core/CompositeOmegaCallback.java,production,class,False,60,compensate,27,@Override public,True,True,1,False,,9,ELIGIBLE,,maven,alpha/alpha-core,junit4,8,/Users/dungng/FPT/Ki 9/SET490/ARROW-paper/ARROW/Java-version/java-8/Contents/Home,matched build.java_homes.java-8,,1,2,2,MODULE_TESTS_PASSED|MODULE_TESTS_PASSED,True,0,org.apache.servicecomb.pack.alpha.core.CompositeOmegaCallback,True,TARGET_TEST_PASSED,MODULE_TESTS_PASSED,MODULE_TESTS_PASSED,ELIGIBLE,,,48.820,/Users/dungng/FPT/Ki 9/SET490/ARROW-paper/ARROW/runs/sample_selection/distributed/shard-0/candidates/00846_97573661_97573661_10
851,211330796,211330796_54.json,https://github.com/Trisia/ofdrw,StandFormatAtomicSignID,ofdrw-sign/src/main/java/org/ofdrw/sign/StandFormatAtomicSignID.java,production,class,False,69,incrementAndGet,5,@Override public,False,True,0,False,,8,ELIGIBLE,,maven,ofdrw-sign,junit5,8,/Users/dungng/FPT/Ki 9/SET490/ARROW-paper/ARROW/Java-version/java-8/Contents/Home,matched build.java_homes.java-8,,1,2,2,MODULE_TESTS_PASSED|MODULE_TESTS_PASSED,True,0,org.ofdrw.sign.StandFormatAtomicSignID,True,TARGET_TEST_PASSED,MODULE_TESTS_PASSED,MODULE_TESTS_PASSED,ELIGIBLE,,,90.124,/Users/dungng/FPT/Ki 9/SET490/ARROW-paper/ARROW/runs/sample_selection/distributed/shard-0/candidates/00851_211330796_211330796_54
856,240464,240464_5.json,https://github.com/apache/geronimo-specs,EJBException,geronimo-ejb_3.1_spec-alt/src/main/java/javax/ejb/EJBException.java,production,,,,printStackTrace,9,public,True,False,,,,,EXCLUDED,no_observable_behavior,,,,,,,,,2,0,,,,,,,,,EXCLUDED,semantic_metadata,no_observable_behavior,0.001,/Users/dungng/FPT/Ki 9/SET490/ARROW-paper/ARROW/runs/sample_selection/distributed/shard-0/candidates/00856_240464_240464_5
861,226861344,226861344_15.json,https://github.com/athena-proxy/athena,Proto,athena-core/src/main/java/com/github/mpjct/jmpjct/mysql/proto/Proto.java,production,class,False,358,build_fixed_int,38,public static,True,True,1,False,,10,ELIGIBLE,,maven,athena-core,testng,8,/Users/dungng/FPT/Ki 9/SET490/ARROW-paper/ARROW/Java-version/java-8/Contents/Home,matched build.java_homes.java-8,,1,2,1,COMPILE_FAILED,,,com.github.mpjct.jmpjct.mysql.proto.Proto,,,,,EXCLUDED,baseline,java.lang.assertionerror: expected [true] but found [false],18.190,/Users/dungng/FPT/Ki 9/SET490/ARROW-paper/ARROW/runs/sample_selection/distributed/shard-0/candidates/00861_226861344_226861344_15
866,166365902,166365902_38.json,https://github.com/vipshop/pallas,ThrottleUtil,pallas-console/src/main/java/com/vip/pallas/console/utils/ThrottleUtil.java,production,class,False,43,esClusterInc,5,public static,False,True,0,False,,8,ELIGIBLE,,maven,pallas-console,junit4,8,/Users/dungng/FPT/Ki 9/SET490/ARROW-paper/ARROW/Java-version/java-8/Contents/Home,matched build.java_homes.java-8,,1,2,1,COMPILE_FAILED,,,com.vip.pallas.console.utils.ThrottleUtil,,,,,EXCLUDED,baseline,java.lang.assertionerror:,143.717,/Users/dungng/FPT/Ki 9/SET490/ARROW-paper/ARROW/runs/sample_selection/distributed/shard-0/candidates/00866_166365902_166365902_38
871,56003224,56003224_38.json,https://github.com/opendaylight/netvirt,Ipv6PktHandler,ipv6service/impl/src/main/java/org/opendaylight/netvirt/ipv6service/Ipv6PktHandler.java,production,,,,onPacketReceived,37,@Override public,True,False,,,,,EXCLUDED,no_observable_behavior,,,,,,,,,2,0,,,,,,,,,EXCLUDED,semantic_metadata,no_observable_behavior,0.001,/Users/dungng/FPT/Ki 9/SET490/ARROW-paper/ARROW/runs/sample_selection/distributed/shard-0/candidates/00871_56003224_56003224_38
876,92755785,92755785_1.json,https://github.com/dbof10/redux-observable,DaggerLifecycleDelegate,app/src/main/java/vn/tale/architecture/common/dagger/DaggerLifecycleDelegate.java,production,class,False,26,daggerComponent,3,public,False,True,1,True,framework_context,7,EXCLUDED,external_dependency_risk:framework_context,,,,,,,,1,2,0,,,,,,,,,EXCLUDED,semantic,external_dependency_risk:framework_context,1.512,/Users/dungng/FPT/Ki 9/SET490/ARROW-paper/ARROW/runs/sample_selection/distributed/shard-0/candidates/00876_92755785_92755785_1
881,15802014,15802014_10.json,https://github.com/wangqi/gameserver,ArrayMap,bootstrap/src/main/java/com/xinqihd/sns/gameserver/util/ArrayMap.java,production,,,,clear,5,@Override public final,True,True,,,,,ELIGIBLE,,,,,,,,,,2,0,,,,,,,,,EXCLUDED,setup,"RuntimeError: Repository setup failed after 3 attempts: CalledProcessError: Command '['git', '-c', 'core.longpaths=true', 'clone', '--depth', '1', 'https://github.com/wangqi/gameserver', '/Users/dungng/FPT/Ki 9/SET490/ARROW-paper/ARROW/repos/15802014']' returned non-zero exit status 128.",8.751,/Users/dungng/FPT/Ki 9/SET490/ARROW-paper/ARROW/runs/sample_selection/distributed/shard-0/candidates/00881_15802014_15802014_10
886,2157104,2157104_1.json,https://github.com/UNIVALI-LITE/Portugol-Studio,FormatadorCodigo,ide/src/main/java/br/univali/ps/ui/editor/formatador/FormatadorCodigo.java,production,class,False,663,formata,13,public static,True,True,0,False,,9,ELIGIBLE,,gradle,ide,junit4,unknown,/Users/dungng/FPT/Ki 9/SET490/ARROW-paper/ARROW/Java-version/java-8/Contents/Home,Gradle 4.10 requires compatible JDK 8; matched build.java_homes.java-8,,1,2,1,ASSERTION_FAILED,,,br.univali.ps.ui.editor.formatador.FormatadorCodigo,,,,,EXCLUDED,baseline,"failure:org.junit.comparisonfailure:org.junit.comparisonfailure: os códigos html gerados não são iguais! expected:<...comentario"">/<path>:</span><spanclass=""porcomentario"">/<path>:</span><spanclass=""porcomentario"">/<path>:</span><spanclass=""porcomentario"">/<path>:</span><spanclass=""porcomentario"">/<",46.236,/Users/dungng/FPT/Ki 9/SET490/ARROW-paper/ARROW/runs/sample_selection/distributed/shard-0/candidates/00886_2157104_2157104_1
891,48175620,48175620_121.json,https://github.com/google/agera,DataBindingRepositoryPresenters,extensions/rvdatabinding/src/main/java/com/google/android/agera/rvdatabinding/DataBindingRepositoryPresenters.java,production,class,False,82,dataBindingRepositoryPresenterOf,6,"@SuppressWarnings(""unchecked"") @NonNull public static",False,True,0,True,database,6,EXCLUDED,external_dependency_risk:database;testability_score_below_7,,,,,,,,1,2,0,,,,,,,,,EXCLUDED,semantic,external_dependency_risk:database;testability_score_below_7,1.859,/Users/dungng/FPT/Ki 9/SET490/ARROW-paper/ARROW/runs/sample_selection/distributed/shard-0/candidates/00891_48175620_48175620_121
896,58734918,58734918_48.json,https://github.com/graylog-labs/graylog-plugin-metrics-reporter,GelfTransportsConverter,metrics-reporter-gelf/src/main/java/org/graylog/plugins/metrics/gelf/converters/GelfTransportsConverter.java,production,class,False,39,convertFrom,8,@Override public,True,True,0,False,,10,ELIGIBLE,,maven,metrics-reporter-gelf,junit4,8,/Users/dungng/FPT/Ki 9/SET490/ARROW-paper/ARROW/Java-version/java-8/Contents/Home,matched build.java_homes.java-8,,1,2,2,MODULE_TESTS_PASSED|MODULE_TESTS_PASSED,True,1,org.graylog.plugins.metrics.gelf.converters.GelfTransportsConverter,True,TARGET_TEST_PASSED,MODULE_TESTS_PASSED,MODULE_TESTS_PASSED,ELIGIBLE,,,171.235,/Users/dungng/FPT/Ki 9/SET490/ARROW-paper/ARROW/runs/sample_selection/distributed/shard-0/candidates/00896_58734918_58734918_48
901,25397479,25397479_27.json,https://github.com/StanKocken/EfficientAdapter,ViewHelper,efficientadapter/src/main/java/com/skocken/efficientadapter/lib/util/ViewHelper.java,production,,,,setImageDrawable,7,public static,True,False,,,,,EXCLUDED,no_observable_behavior,,,,,,,,,2,0,,,,,,,,,EXCLUDED,semantic_metadata,no_observable_behavior,0.001,/Users/dungng/FPT/Ki 9/SET490/ARROW-paper/ARROW/runs/sample_selection/distributed/shard-0/candidates/00901_25397479_25397479_27
906,76307760,76307760_13.json,https://github.com/dektar/jterm-cswithandroid,AnagramDictionary,Anagrams_solution/app/src/main/java/com/google/engedu/anagrams/AnagramDictionary.java,production,class,False,148,sortLetters,10,@VisibleForTesting static,True,True,1,True,nondeterminism,9,EXCLUDED,external_dependency_risk:nondeterminism,,,,,,,,1,2,0,,,,,,,,,EXCLUDED,semantic,external_dependency_risk:nondeterminism,3.432,/Users/dungng/FPT/Ki 9/SET490/ARROW-paper/ARROW/runs/sample_selection/distributed/shard-0/candidates/00906_76307760_76307760_13
911,59553587,59553587_0.json,https://github.com/remychantenay/Firebucket,TaskMapper,mobile/src/main/java/com/cremy/firebucket/data/entities/mappers/TaskMapper.java,production,class,False,20,transform,12,public static,True,True,0,False,,9,ELIGIBLE,,gradle,mobile,junit4,unknown,/Users/dungng/FPT/Ki 9/SET490/ARROW-paper/ARROW/Java-version/java-8/Contents/Home,Gradle 3.3 requires compatible JDK 8; matched build.java_homes.java-8,,1,2,1,ASSERTION_FAILED,,,com.cremy.firebucket.data.entities.mappers.TaskMapper,,,,,EXCLUDED,baseline,failure: build failed with an exception.,7.103,/Users/dungng/FPT/Ki 9/SET490/ARROW-paper/ARROW/runs/sample_selection/distributed/shard-0/candidates/00911_59553587_59553587_0
916,26845372,26845372_0.json,https://github.com/meltmedia/dropwizard-crypto,JsonPointerEditor,bundle/src/main/java/com/meltmedia/dropwizard/crypto/JsonPointerEditor.java,production,,,,getValue,3,public,False,True,,,,,EXCLUDED,trivial_focal_method,,,,,,,,,2,0,,,,,,,,,EXCLUDED,semantic_metadata,trivial_focal_method,0.001,/Users/dungng/FPT/Ki 9/SET490/ARROW-paper/ARROW/runs/sample_selection/distributed/shard-0/candidates/00916_26845372_26845372_0
921,2685841,2685841_1326.json,https://github.com/phenotips/phenotips,SolrPatientIndexer,components/patient-data/indexing/src/main/java/org/phenotips/data/indexing/internal/SolrPatientIndexer.java,production,class,False,189,reindex,19,@Override public,True,True,0,False,,10,ELIGIBLE,,maven,components/patient-data/indexing,junit4,8,/Users/dungng/FPT/Ki 9/SET490/ARROW-paper/ARROW/Java-version/java-8/Contents/Home,matched build.java_homes.java-8,,1,2,2,MODULE_TESTS_PASSED|MODULE_TESTS_PASSED,True,0,org.phenotips.data.indexing.internal.SolrPatientIndexer,True,TARGET_TEST_PASSED,MODULE_TESTS_PASSED,MODULE_TESTS_PASSED,ELIGIBLE,,,457.902,/Users/dungng/FPT/Ki 9/SET490/ARROW-paper/ARROW/runs/sample_selection/distributed/shard-0/candidates/00921_2685841_2685841_1326
926,811072,811072_0.json,https://github.com/arquillian/arquillian-examples,HelloEJB,ejb31-gfembedded/src/main/java/org/jboss/arquillian/examples/gfembedded/HelloEJB.java,production,class,False,13,sayHelloEJB,3,public,False,True,0,False,,7,ELIGIBLE,,maven,ejb31-gfembedded,junit4,unknown,/opt/homebrew/Cellar/openjdk@17/17.0.19/libexec/openjdk.jdk/Contents/Home,no project java version detected; using build.java_default,,1,2,1,COMPILE_FAILED,,,org.jboss.arquillian.examples.gfembedded.HelloEJB,,,,,EXCLUDED,baseline,[error] non-resolvable import pom: the following artifacts could not be resolved: org.jboss.switchboard.depchain:jboss-switchboard-depchain-as6:pom:<n>.0.0-alpha-15 (absent): org.jboss.switchboard.depchain:jboss-switchboard-depchain-as6:pom:<n>.0.0-alpha-15 failed to transfer from http://0.0.0.0/ du,5.377,/Users/dungng/FPT/Ki 9/SET490/ARROW-paper/ARROW/runs/sample_selection/distributed/shard-0/candidates/00926_811072_811072_0
931,103613782,103613782_1.json,https://github.com/xiiiblue/zen-scaffold,ProductService,zen-playground/src/main/java/com/bluexiii/zenscaffold/service/ProductService.java,production,class,False,27,getProductInfo,7,public,True,True,0,True,database,9,EXCLUDED,external_dependency_risk:database,,,,,,,,1,2,0,,,,,,,,,EXCLUDED,semantic,external_dependency_risk:database,2.358,/Users/dungng/FPT/Ki 9/SET490/ARROW-paper/ARROW/runs/sample_selection/distributed/shard-0/candidates/00931_103613782_103613782_1
936,9001689,9001689_0.json,https://github.com/SmartDataAnalytics/ORE,SPARQLBasedTrivialInconsistencyFinder,ore-core/src/main/java/org/aksw/mole/ore/sparql/trivial_old/SPARQLBasedTrivialInconsistencyFinder.java,production,,,,run,21,@Override public,True,False,,,,,EXCLUDED,no_observable_behavior,,,,,,,,,2,0,,,,,,,,,EXCLUDED,semantic_metadata,no_observable_behavior,0.001,/Users/dungng/FPT/Ki 9/SET490/ARROW-paper/ARROW/runs/sample_selection/distributed/shard-0/candidates/00936_9001689_9001689_0
941,90249710,90249710_3.json,https://github.com/dbiir/rainbow,RwMain,rainbow-web/src/main/java/cn/edu/ruc/iir/rainbow/web/service/RwMain.java,production,class,False,726,getStatistic,46,public,True,True,0,True,database|filesystem|nondeterminism,8,EXCLUDED,external_dependency_risk:database|filesystem|nondeterminism,,,,,,,,1,2,0,,,,,,,,,EXCLUDED,semantic,external_dependency_risk:database|filesystem|nondeterminism,8.173,/Users/dungng/FPT/Ki 9/SET490/ARROW-paper/ARROW/runs/sample_selection/distributed/shard-0/candidates/00941_90249710_90249710_3
946,2499324,2499324_9.json,https://github.com/RIPE-NCC/hadoop-pcap,PcapReader,hadoop-pcap-lib/src/main/java/net/ripe/hadoop/pcap/PcapReader.java,production,class,False,558,findIPStart,27,protected,True,True,1,True,framework_context,8,EXCLUDED,external_dependency_risk:framework_context,,,,,,,,1,2,0,,,,,,,,,EXCLUDED,semantic,external_dependency_risk:framework_context,1.533,/Users/dungng/FPT/Ki 9/SET490/ARROW-paper/ARROW/runs/sample_selection/distributed/shard-0/candidates/00946_2499324_2499324_9
951,8139882,8139882_7.json,https://github.com/kiegroup/kie-wb-distributions,KieWorkbenchEntryPoint,business-central-parent/business-central-webapp/src/main/java/org/kie/bc/client/KieWorkbenchEntryPoint.java,production,,,,setupMenu,11,@Override public,False,False,,,,,EXCLUDED,no_observable_behavior,,,,,,,,,2,0,,,,,,,,,EXCLUDED,semantic_metadata,no_observable_behavior,0.001,/Users/dungng/FPT/Ki 9/SET490/ARROW-paper/ARROW/runs/sample_selection/distributed/shard-0/candidates/00951_8139882_8139882_7
956,206402,206402_453.json,https://github.com/apache/httpcomponents-client,ResponseCachingPolicy,httpclient5-cache/src/main/java/org/apache/hc/client5/http/impl/cache/ResponseCachingPolicy.java,production,class,False,382,isResponseCacheable,68,public,True,True,4,False,,8,ELIGIBLE,,maven,httpclient5-cache,junit5,8,/Users/dungng/FPT/Ki 9/SET490/ARROW-paper/ARROW/Java-version/java-8/Contents/Home,matched build.java_homes.java-8,,1,2,1,ASSERTION_FAILED,,,org.apache.hc.client5.http.impl.cache.ResponseCachingPolicy,,,,,EXCLUDED,baseline,[info] apache httpcomponents client ....................... failure [ 1.083 s],5.523,/Users/dungng/FPT/Ki 9/SET490/ARROW-paper/ARROW/runs/sample_selection/distributed/shard-0/candidates/00956_206402_206402_453
961,14892701,14892701_56.json,https://github.com/Data2Semantics/nodes,LightDTGraph,nodes/src/main/java/org/nodes/LightDTGraph.java,production,class,False,895,connected,8,@Override public,True,True,0,False,,8,ELIGIBLE,,maven,nodes,junit4,8,/Users/dungng/FPT/Ki 9/SET490/ARROW-paper/ARROW/Java-version/java-8/Contents/Home,matched build.java_homes.java-8,,1,2,1,COMPILE_FAILED,,,org.nodes.LightDTGraph,,,,,EXCLUDED,baseline,[error] error: error reading <path> zip file is empty,65.237,/Users/dungng/FPT/Ki 9/SET490/ARROW-paper/ARROW/runs/sample_selection/distributed/shard-0/candidates/00961_14892701_14892701_56
966,28556746,28556746_10.json,https://github.com/SpongePowered/Configurate,HoconConfigurationLoader,format/hocon/src/main/java/org/spongepowered/configurate/hocon/HoconConfigurationLoader.java,production,class,False,361,builder,4,@NonNull public static,False,True,1,False,,8,ELIGIBLE,,gradle,format/hocon,junit5,11,/Users/dungng/FPT/Ki 9/SET490/ARROW-paper/ARROW/Java-version/java-11/Contents/Home,matched build.java_homes.java-11,,1,2,1,ASSERTION_FAILED,,,org.spongepowered.configurate.hocon.HoconConfigurationLoader,,,,,EXCLUDED,baseline,failure: build failed with an exception.,10.019,/Users/dungng/FPT/Ki 9/SET490/ARROW-paper/ARROW/runs/sample_selection/distributed/shard-0/candidates/00966_28556746_28556746_10
971,17971137,17971137_157.json,https://github.com/apache/incubator-tajo,LogicalPlanner,tajo-core/tajo-core-backend/src/main/java/org/apache/tajo/engine/planner/LogicalPlanner.java,production,class,False,1282,createPlan,3,public,False,True,1,False,,6,EXCLUDED,testability_score_below_7,,,,,,,,1,2,0,,,,,,,,,EXCLUDED,semantic,testability_score_below_7,2.836,/Users/dungng/FPT/Ki 9/SET490/ARROW-paper/ARROW/runs/sample_selection/distributed/shard-0/candidates/00971_17971137_17971137_157
976,67109557,67109557_4.json,https://github.com/heisedebaise/tephra,BeanFactory,tephra-core/src/main/java/org/lpw/tephra/bean/BeanFactory.java,production,,,,getBeanClass,3,public static,False,True,,,,,EXCLUDED,trivial_focal_method,,,,,,,,,2,0,,,,,,,,,EXCLUDED,semantic_metadata,trivial_focal_method,0.001,/Users/dungng/FPT/Ki 9/SET490/ARROW-paper/ARROW/runs/sample_selection/distributed/shard-0/candidates/00976_67109557_67109557_4
981,87969126,87969126_56.json,https://github.com/blackducksoftware/hub-detect,NpmLockfileParser,hub-detect/src/main/groovy/com/blackducksoftware/integration/hub/detect/detector/npm/NpmLockfileParser.java,nonstandard,,,,parse,26,public,True,True,,,,,EXCLUDED,source_layout:nonstandard,,,,,,,,,2,0,,,,,,,,,EXCLUDED,semantic_metadata,source_layout:nonstandard,0.001,/Users/dungng/FPT/Ki 9/SET490/ARROW-paper/ARROW/runs/sample_selection/distributed/shard-0/candidates/00981_87969126_87969126_56
986,44723874,44723874_0.json,https://github.com/jiangqqlmj/FastDev4Android,Request,Volley/src/main/java/com/android/volley/Request.java,production,class,True,536,compareTo,10,@Override public,True,True,2,False,,8,EXCLUDED,non_concrete:class:abstract,,,,,,,,1,2,0,,,,,,,,,EXCLUDED,semantic,non_concrete:class:abstract,2.927,/Users/dungng/FPT/Ki 9/SET490/ARROW-paper/ARROW/runs/sample_selection/distributed/shard-0/candidates/00986_44723874_44723874_0
991,1193862,1193862_9.json,https://github.com/emiliolg/IdeaInspectionsSonar,IdeaProfileExporter,sonar-intellij-plugin/src/main/java/org/sonar/plugins/ideainspections/IdeaProfileExporter.java,production,class,False,136,exportProfile,24,public,True,True,0,False,,9,ELIGIBLE,,maven,sonar-intellij-plugin,junit4,unknown,/opt/homebrew/Cellar/openjdk@17/17.0.19/libexec/openjdk.jdk/Contents/Home,no project java version detected; using build.java_default,,1,2,1,COMPILE_FAILED,,,org.sonar.plugins.ideainspections.IdeaProfileExporter,,,,,EXCLUDED,baseline,[error] error: source option 5 is no longer supported. use 7 or later.,13.096,/Users/dungng/FPT/Ki 9/SET490/ARROW-paper/ARROW/runs/sample_selection/distributed/shard-0/candidates/00991_1193862_1193862_9
996,78768320,78768320_1.json,https://github.com/opentracing-contrib/java-spring-web,TracingHandlerInterceptor,opentracing-spring-web/src/main/java/io/opentracing/contrib/spring/web/interceptor/TracingHandlerInterceptor.java,production,,,,isTraced,4,static,False,True,,,,,EXCLUDED,trivial_focal_method,,,,,,,,,2,0,,,,,,,,,EXCLUDED,semantic_metadata,trivial_focal_method,0.001,/Users/dungng/FPT/Ki 9/SET490/ARROW-paper/ARROW/runs/sample_selection/distributed/shard-0/candidates/00996_78768320_78768320_1
1001,16775240,16775240_19.json,https://github.com/fusesource/hawtjms,JmsMapMessage,hawtjms-core/src/main/java/io/hawtjms/jms/message/JmsMapMessage.java,production,class,False,749,getMapNames,5,@Override public,False,True,1,False,,7,ELIGIBLE,,maven,hawtjms-core,junit4,6,/Users/dungng/FPT/Ki 9/SET490/ARROW-paper/ARROW/Java-version/java-8/Contents/Home,using compatible JDK 8 from build.java_homes.java-8 for Java 6,,1,2,2,MODULE_TESTS_PASSED|MODULE_TESTS_PASSED,True,0,io.hawtjms.jms.message.JmsMapMessage,True,TARGET_TEST_PASSED,MODULE_TESTS_PASSED,MODULE_TESTS_PASSED,ELIGIBLE,,,34.088,/Users/dungng/FPT/Ki 9/SET490/ARROW-paper/ARROW/runs/sample_selection/distributed/shard-0/candidates/01001_16775240_16775240_19
1006,130327993,130327993_2.json,https://github.com/cocolian/cocolian-id,ZkIdController,cocolian-id-generator/src/main/java/org/cocolian/id/rpc/ZkIdController.java,production,,,,process,11,"@Timer(""zkIdController"") @Override public",True,True,,,,,ELIGIBLE,,,,,,,,,,2,0,,,,,,,,,EXCLUDED,setup,"RuntimeError: Repository setup failed after 3 attempts: CalledProcessError: Command '['git', '-c', 'core.longpaths=true', 'clone', '--depth', '1', 'https://github.com/cocolian/cocolian-id', '/Users/dungng/FPT/Ki 9/SET490/ARROW-paper/ARROW/repos/130327993']' returned non-zero exit status 128.",8.412,/Users/dungng/FPT/Ki 9/SET490/ARROW-paper/ARROW/runs/sample_selection/distributed/shard-0/candidates/01006_130327993_130327993_2
1011,1554165,1554165_2.json,https://github.com/I-TECH/OpenEMRConnect,Mpi,mpi/src/main/java/ke/go/moh/oec/mpi/Mpi.java,production,class,False,123,getData,25,public synchronized,True,True,0,True,process_or_native,8,EXCLUDED,external_dependency_risk:process_or_native,,,,,,,,1,2,0,,,,,,,,,EXCLUDED,semantic,external_dependency_risk:process_or_native,1.962,/Users/dungng/FPT/Ki 9/SET490/ARROW-paper/ARROW/runs/sample_selection/distributed/shard-0/candidates/01011_1554165_1554165_2
1016,65312676,65312676_23.json,https://github.com/dialogflow/dialogflow-java-client,ParametersConverter,libai/src/main/java/ai/api/util/ParametersConverter.java,production,class,False,146,parseFloat,6,public static,True,True,0,False,,10,ELIGIBLE,,maven,libai,junit4,7,/Users/dungng/FPT/Ki 9/SET490/ARROW-paper/ARROW/Java-version/java-8/Contents/Home,using compatible JDK 8 from build.java_homes.java-8 for Java 7,,1,2,1,ASSERTION_FAILED,,,ai.api.util.ParametersConverter,,,,,EXCLUDED,baseline,[info] libai .............................................. failure [ 0.991 s],3.632,/Users/dungng/FPT/Ki 9/SET490/ARROW-paper/ARROW/runs/sample_selection/distributed/shard-0/candidates/01016_65312676_65312676_23
1021,86230857,86230857_6.json,https://github.com/tsypuk/springrestdoc,SpeakerController,springfox/src/main/java/smartjava/domain/speaker/SpeakerController.java,production,,,,deleteSpeaker,5,"@DeleteMapping(""/{id}"") public",False,True,,,,,ELIGIBLE,,,,,,,,,,2,0,,,,,,,,,EXCLUDED,setup,"RuntimeError: Repository setup failed after 3 attempts: CalledProcessError: Command '['git', '-c', 'core.longpaths=true', 'clone', '--depth', '1', 'https://github.com/tsypuk/springrestdoc', '/Users/dungng/FPT/Ki 9/SET490/ARROW-paper/ARROW/repos/86230857']' returned non-zero exit status 128.",8.333,/Users/dungng/FPT/Ki 9/SET490/ARROW-paper/ARROW/runs/sample_selection/distributed/shard-0/candidates/01021_86230857_86230857_6
1026,15158202,15158202_12.json,https://github.com/PSDev/FormValidations,NotEmpty,formvalidations/src/main/java/de/psdev/formvalidations/validations/NotEmpty.java,production,,,,isValid,4,@Override public,False,True,,,,,EXCLUDED,trivial_focal_method,,,,,,,,,2,0,,,,,,,,,EXCLUDED,semantic_metadata,trivial_focal_method,0.001,/Users/dungng/FPT/Ki 9/SET490/ARROW-paper/ARROW/runs/sample_selection/distributed/shard-0/candidates/01026_15158202_15158202_12
1031,17363232,17363232_52.json,https://github.com/tvesalainen/NMEAParser,NMEAParser,parser/src/main/java/org/vesalainen/parsers/nmea/NMEAParser.java,production,,,,parse,4,public,False,False,,,,,EXCLUDED,no_observable_behavior,,,,,,,,,2,0,,,,,,,,,EXCLUDED,semantic_metadata,no_observable_behavior,0.001,/Users/dungng/FPT/Ki 9/SET490/ARROW-paper/ARROW/runs/sample_selection/distributed/shard-0/candidates/01031_17363232_17363232_52
1036,49850704,49850704_23.json,https://github.com/hs-web/hsweb-framework,HashMapTwoFactorTokenManager,hsweb-authorization/hsweb-authorization-api/src/main/java/org/hswebframework/web/authorization/twofactor/defaults/HashMapTwoFactorTokenManager.java,production,class,False,56,getToken,25,@Override public,True,True,0,True,nondeterminism,9,EXCLUDED,external_dependency_risk:nondeterminism,,,,,,,,1,2,0,,,,,,,,,EXCLUDED,semantic,external_dependency_risk:nondeterminism,2.291,/Users/dungng/FPT/Ki 9/SET490/ARROW-paper/ARROW/runs/sample_selection/distributed/shard-0/candidates/01036_49850704_49850704_23
1041,1869419,1869419_0.json,https://github.com/vlsi/compactmap,CompactHashMapClass,compactmap/src/main/java/vlsi/utils/CompactHashMapClass.java,production,class,True,425,containsKey,9,public,True,True,1,False,,9,EXCLUDED,non_concrete:class:abstract,,,,,,,,1,2,0,,,,,,,,,EXCLUDED,semantic,non_concrete:class:abstract,1.286,/Users/dungng/FPT/Ki 9/SET490/ARROW-paper/ARROW/runs/sample_selection/distributed/shard-0/candidates/01041_1869419_1869419_0
1046,58317819,58317819_26.json,https://github.com/kamikat/moshi-jsonapi,MoshiHelper,core/src/main/java/moe/banana/jsonapi2/MoshiHelper.java,production,,,,dump,3,public static,False,False,,,,,EXCLUDED,no_observable_behavior,,,,,,,,,2,0,,,,,,,,,EXCLUDED,semantic_metadata,no_observable_behavior,0.001,/Users/dungng/FPT/Ki 9/SET490/ARROW-paper/ARROW/runs/sample_selection/distributed/shard-0/candidates/01046_58317819_58317819_26
1051,4023244,4023244_4.json,https://github.com/soluvas/morphia,MapKeyDifferentFromString,morphia/src/main/java/com/google/code/morphia/mapping/validation/fieldrules/MapKeyDifferentFromString.java,production,,,,check,13,@Override protected,True,False,,,,,EXCLUDED,no_observable_behavior,,,,,,,,,2,0,,,,,,,,,EXCLUDED,semantic_metadata,no_observable_behavior,0.000,/Users/dungng/FPT/Ki 9/SET490/ARROW-paper/ARROW/runs/sample_selection/distributed/shard-0/candidates/01051_4023244_4023244_4
1056,23441735,23441735_20.json,https://github.com/Pokechu22/WorldDownloader,MapDataHandler,share_14/src/main/java/wdl/MapDataHandler.java,production,class,False,323,repairMapData,8,public static,True,True,0,False,,9,ELIGIBLE,,gradle,.,junit4,unknown,/Users/dungng/FPT/Ki 9/SET490/ARROW-paper/ARROW/Java-version/java-8/Contents/Home,Gradle 4.9 requires compatible JDK 8; matched build.java_homes.java-8,,1,2,1,ASSERTION_FAILED,,,wdl.MapDataHandler,,,,,EXCLUDED,baseline,failure: build failed with an exception.,24.009,/Users/dungng/FPT/Ki 9/SET490/ARROW-paper/ARROW/runs/sample_selection/distributed/shard-0/candidates/01056_23441735_23441735_20
1061,209484041,209484041_319.json,https://github.com/AndroidSDKSources/android-sdk-sources-for-api-level-29,PerformInitializeTask,com/android/server/backup/internal/PerformInitializeTask.java,nonstandard,,,,run,67,public,True,False,,,,,EXCLUDED,source_layout:nonstandard;no_observable_behavior,,,,,,,,,2,0,,,,,,,,,EXCLUDED,semantic_metadata,source_layout:nonstandard;no_observable_behavior,0.001,/Users/dungng/FPT/Ki 9/SET490/ARROW-paper/ARROW/runs/sample_selection/distributed/shard-0/candidates/01061_209484041_209484041_319
1066,23995230,23995230_3.json,https://github.com/mucaho/jnetrobust,BitConstants,jnetrobust-core/src/main/java/com/github/mucaho/jnetrobust/util/BitConstants.java,production,class,False,22,convertBits,3,public static final,False,True,0,False,,8,ELIGIBLE,,maven,jnetrobust-core,junit4,6,/Users/dungng/FPT/Ki 9/SET490/ARROW-paper/ARROW/Java-version/java-8/Contents/Home,using compatible JDK 8 from build.java_homes.java-8 for Java 6,,1,2,1,COMPILE_FAILED,,,com.github.mucaho.jnetrobust.util.BitConstants,,,,,EXCLUDED,baseline,caused by: java.lang.unsatisfiedlinkerror: sun.tools.attach.bsdvirtualmachine.createattachfile(ljava<path>,6.160,/Users/dungng/FPT/Ki 9/SET490/ARROW-paper/ARROW/runs/sample_selection/distributed/shard-0/candidates/01066_23995230_23995230_3
1071,79539593,79539593_1.json,https://github.com/kloiasoft/eventapis,CompositeRepositoryImpl,java-api/src/main/java/com/kloia/eventapis/core/CompositeRepositoryImpl.java,production,class,False,116,markFail,4,@Override public,False,True,3,True,nondeterminism,7,EXCLUDED,external_dependency_risk:nondeterminism,,,,,,,da14b4cb4cae736980ae30d4518cb3f88c1b8307,1,2,0,,,,,,,,,EXCLUDED,semantic,external_dependency_risk:nondeterminism,4.174,/Users/dungng/FPT/Ki 9/SET490/ARROW-paper/ARROW/runs/sample_selection/distributed/shard-0/candidates/01071_79539593_79539593_1
1076,187124580,187124580_9.json,https://github.com/oktadeveloper/java-microservices-examples,AudienceValidator,jhipster/store/src/main/java/com/okta/developer/store/security/oauth2/AudienceValidator.java,production,class,False,22,validate,10,public,True,True,0,False,,9,ELIGIBLE,,maven,jhipster/store,junit5,8,/Users/dungng/FPT/Ki 9/SET490/ARROW-paper/ARROW/Java-version/java-8/Contents/Home,matched build.java_homes.java-8,,1,2,2,MODULE_TESTS_PASSED|MODULE_TESTS_PASSED,True,1,com.okta.developer.store.security.oauth2.AudienceValidator,True,TARGET_TEST_PASSED,MODULE_TESTS_PASSED,MODULE_TESTS_PASSED,ELIGIBLE,,,58.411,/Users/dungng/FPT/Ki 9/SET490/ARROW-paper/ARROW/runs/sample_selection/distributed/shard-0/candidates/01076_187124580_187124580_9
1081,39530768,39530768_28.json,https://github.com/opendaylight/nemo,UpdateTemplateDefinitionLang,nemo-impl/src/main/java/org/opendaylight/nemo/user/vnspacemanager/languagestyle/updateintentlang/UpdateTemplateDefinitionLang.java,production,class,False,492,createAbstractOperation,144,public,True,True,2,True,database,8,EXCLUDED,external_dependency_risk:database,,,,,,,,1,2,0,,,,,,,,,EXCLUDED,semantic,external_dependency_risk:database,3.082,/Users/dungng/FPT/Ki 9/SET490/ARROW-paper/ARROW/runs/sample_selection/distributed/shard-0/candidates/01081_39530768_39530768_28
1086,135289655,135289655_0.json,https://github.com/WinterChenS/springboot-learning-experience,FanoutSender,spring-boot-rabbitmq/src/main/java/cn/luischen/rabbit/fanout/FanoutSender.java,production,,,,send,5,public,False,False,,,,,EXCLUDED,no_observable_behavior,,,,,,,,,2,0,,,,,,,,,EXCLUDED,semantic_metadata,no_observable_behavior,0.001,/Users/dungng/FPT/Ki 9/SET490/ARROW-paper/ARROW/runs/sample_selection/distributed/shard-0/candidates/01086_135289655_135289655_0
1091,154302277,154302277_96.json,https://github.com/OSGP/open-smart-grid-platform,ProtocolRequestMessageSender,osgp/platform/osgp-core/src/main/java/org/opensmartgridplatform/core/infra/jms/protocol/outbound/ProtocolRequestMessageSender.java,production,,,,getMessageGroupId,3,protected,False,True,,,,,EXCLUDED,trivial_focal_method,,,,,,,,,2,0,,,,,,,,,EXCLUDED,semantic_metadata,trivial_focal_method,0.000,/Users/dungng/FPT/Ki 9/SET490/ARROW-paper/ARROW/runs/sample_selection/distributed/shard-0/candidates/01091_154302277_154302277_96
1096,157564875,157564875_10.json,https://github.com/mediatoolkit/pareco,DirectoryStructureReader,pareco-core/src/main/java/com/mediatoolkit/pareco/components/DirectoryStructureReader.java,production,class,False,40,readDirectoryStructure,18,public,True,True,0,False,,10,ELIGIBLE,,maven,pareco-core,junit4,8,/Users/dungng/FPT/Ki 9/SET490/ARROW-paper/ARROW/Java-version/java-8/Contents/Home,matched build.java_homes.java-8,,1,2,2,MODULE_TESTS_PASSED|MODULE_TESTS_PASSED,True,0,com.mediatoolkit.pareco.components.DirectoryStructureReader,True,TARGET_TEST_PASSED,MODULE_TESTS_PASSED,MODULE_TESTS_PASSED,ELIGIBLE,,,14.397,/Users/dungng/FPT/Ki 9/SET490/ARROW-paper/ARROW/runs/sample_selection/distributed/shard-0/candidates/01096_157564875_157564875_10
1101,30258802,30258802_1663.json,https://github.com/groboclown/p4ic4idea,BranchDelegator,p4java/src/main/java/com/perforce/p4java/impl/mapbased/server/cmd/BranchDelegator.java,production,class,False,103,createBranchSpec,11,@Override public,False,True,1,False,,7,ELIGIBLE,,gradle,p4java,junit4,11,/Users/dungng/FPT/Ki 9/SET490/ARROW-paper/ARROW/Java-version/java-11/Contents/Home,matched build.java_homes.java-11,,1,2,1,ASSERTION_FAILED,,,com.perforce.p4java.impl.mapbased.server.cmd.BranchDelegator,,,,,EXCLUDED,baseline,failure: build failed with an exception.,130.071,/Users/dungng/FPT/Ki 9/SET490/ARROW-paper/ARROW/runs/sample_selection/distributed/shard-0/candidates/01101_30258802_30258802_1663
1106,267134885,267134885_4.json,https://github.com/radcortez/flyway-junit5-extensions,UserRepository,examples/quarkus/src/main/java/com/radcortez/flyway/quarkus/UserRepository.java,production,class,False,29,findByFirstName,3,public,False,True,0,False,,8,ELIGIBLE,,maven,examples/quarkus,junit5,17,/opt/homebrew/Cellar/openjdk@17/17.0.19/libexec/openjdk.jdk/Contents/Home,matched build.java_homes.java-17,,1,2,1,COMPILE_FAILED,,,com.radcortez.flyway.quarkus.UserRepository,,,,,EXCLUDED,baseline,"error: the logmanager accessed before the ""java.util.logging.manager"" system property was set to ""org.jboss.logmanager.logmanager"". results may be unexpected.",66.480,/Users/dungng/FPT/Ki 9/SET490/ARROW-paper/ARROW/runs/sample_selection/distributed/shard-0/candidates/01106_267134885_267134885_4
1111,116678593,116678593_0.json,https://github.com/Netcentric/system-env-install-hook,VariablesMerger,apply-system-env-install-hook/src/main/java/biz/netcentric/aem/applysystemenvinstallhook/VariablesMerger.java,production,class,False,116,applyEnvVars,37,,True,True,1,False,,9,ELIGIBLE,,maven,apply-system-env-install-hook,junit4,8,/Users/dungng/FPT/Ki 9/SET490/ARROW-paper/ARROW/Java-version/java-8/Contents/Home,matched build.java_homes.java-8,,1,2,2,MODULE_TESTS_PASSED|MODULE_TESTS_PASSED,True,0,biz.netcentric.aem.applysystemenvinstallhook.VariablesMerger,True,TARGET_TEST_PASSED,MODULE_TESTS_PASSED,MODULE_TESTS_PASSED,ELIGIBLE,,,13.468,/Users/dungng/FPT/Ki 9/SET490/ARROW-paper/ARROW/runs/sample_selection/distributed/shard-0/candidates/01111_116678593_116678593_0
1116,143344440,143344440_90.json,https://github.com/FoundationDB/fdb-record-layer,FDBRecordVersion,fdb-record-layer-core/src/main/java/com/apple/foundationdb/record/provider/foundationdb/FDBRecordVersion.java,production,class,False,677,complete,14,@Nonnull public static,True,True,3,False,,9,ELIGIBLE,,gradle,.,junit5,17,/opt/homebrew/Cellar/openjdk@17/17.0.19/libexec/openjdk.jdk/Contents/Home,matched build.java_homes.java-17,,1,2,1,ASSERTION_FAILED,,,com.apple.foundationdb.record.provider.foundationdb.FDBRecordVersion,,,,,EXCLUDED,baseline,- task provenance in reports and failure messages,106.346,/Users/dungng/FPT/Ki 9/SET490/ARROW-paper/ARROW/runs/sample_selection/distributed/shard-0/candidates/01116_143344440_143344440_90
1121,88178114,88178114_230.json,https://github.com/spring-projects/spring-data-geode,SpringContextBootstrappingInitializer,spring-data-geode/src/main/java/org/springframework/data/gemfire/support/SpringContextBootstrappingInitializer.java,production,class,False,424,getApplicationContext,5,public static synchronized,False,True,0,True,framework_context,7,EXCLUDED,external_dependency_risk:framework_context,,,,,,,608a42c44a3c5e2df0919831e4fd944661c04a16,1,2,0,,,,,,,,,EXCLUDED,semantic,external_dependency_risk:framework_context,7.744,/Users/dungng/FPT/Ki 9/SET490/ARROW-paper/ARROW/runs/sample_selection/distributed/shard-0/candidates/01121_88178114_88178114_230
1126,42304749,42304749_125.json,https://github.com/elasticjob/elastic-job-lite,ConfigurationService,elasticjob-lite/elasticjob-lite-core/src/main/java/org/apache/shardingsphere/elasticjob/lite/internal/config/ConfigurationService.java,production,class,False,101,setUpJobConfiguration,9,public,True,True,2,False,,9,ELIGIBLE,,maven,elasticjob-lite/elasticjob-lite-core,junit4,8,/Users/dungng/FPT/Ki 9/SET490/ARROW-paper/ARROW/Java-version/java-8/Contents/Home,matched build.java_homes.java-8,642c8c909015b405c4e276de272b3d873af2922e,1,2,1,BUILD_TIMEOUT,,,org.apache.shardingsphere.elasticjob.lite.internal.config.ConfigurationService,,,,,EXCLUDED,baseline,build timeout,912.014,/Users/dungng/FPT/Ki 9/SET490/ARROW-paper/ARROW/runs/sample_selection/distributed/shard-0/candidates/01126_42304749_42304749_125
1131,201420026,201420026_1.json,https://github.com/VIPJoey/Lidea,LideaLogService,mmc-lidea-web/src/main/java/com/mmc/flink/lidea/service/LideaLogService.java,production,class,False,80,listError,18,public,True,True,0,False,,9,ELIGIBLE,,maven,mmc-lidea-web,junit4,8,/Users/dungng/FPT/Ki 9/SET490/ARROW-paper/ARROW/Java-version/java-8/Contents/Home,matched build.java_homes.java-8,,1,2,1,COMPILE_FAILED,,,com.mmc.flink.lidea.service.LideaLogService,,,,,EXCLUDED,baseline,java.lang.assertionerror: expected:<1565057370000> but was:<1565060970000>,4.258,/Users/dungng/FPT/Ki 9/SET490/ARROW-paper/ARROW/runs/sample_selection/distributed/shard-0/candidates/01131_201420026_201420026_1
1136,89239936,89239936_307.json,https://github.com/fengchen8086/ditb,OrderedBytes,hbase-src-1.2.1/hbase-common/src/main/java/org/apache/hadoop/hbase/util/OrderedBytes.java,production,class,False,1677,encodeString,14,public static,True,True,0,False,,8,ELIGIBLE,,maven,hbase-src-1.2.1/hbase-common,junit4,${project.build.directory}/generated-sources/java,/opt/homebrew/Cellar/openjdk@17/17.0.19/libexec/openjdk.jdk/Contents/Home,JDK ${project.build.directory}/generated-sources/java not mapped; using build.java_default,,1,2,1,COMPILE_FAILED,,,org.apache.hadoop.hbase.util.OrderedBytes,,,,,EXCLUDED,baseline,error: could not create the java virtual machine.,24.660,/Users/dungng/FPT/Ki 9/SET490/ARROW-paper/ARROW/runs/sample_selection/distributed/shard-0/candidates/01136_89239936_89239936_307
1141,16442741,16442741_0.json,https://github.com/SBPrime/AsyncWorldEdit,VersionChecker,AsyncWorldEdit/src/main/java/org/primesoft/asyncworldedit/versionChecker/VersionChecker.java,production,class,False,139,checkVersion,19,public static,True,True,0,True,network,9,EXCLUDED,external_dependency_risk:network,,,,,,,,1,2,0,,,,,,,,,EXCLUDED,semantic,external_dependency_risk:network,1.941,/Users/dungng/FPT/Ki 9/SET490/ARROW-paper/ARROW/runs/sample_selection/distributed/shard-0/candidates/01141_16442741_16442741_0
1146,77769341,77769341_22.json,https://github.com/InitialDLab/zeponline,AlluxioInterpreter,alluxio/src/main/java/org/apache/zeppelin/alluxio/AlluxioInterpreter.java,production,class,False,223,interpret,5,@Override public,False,True,1,False,,7,ELIGIBLE,,maven,alluxio,junit4,7,/Users/dungng/FPT/Ki 9/SET490/ARROW-paper/ARROW/Java-version/java-8/Contents/Home,using compatible JDK 8 from build.java_homes.java-8 for Java 7,,1,2,1,ASSERTION_FAILED,,,org.apache.zeppelin.alluxio.AlluxioInterpreter,,,,,EXCLUDED,baseline,[info] zeppelin ........................................... failure [ 0.391 s],4.721,/Users/dungng/FPT/Ki 9/SET490/ARROW-paper/ARROW/runs/sample_selection/distributed/shard-0/candidates/01146_77769341_77769341_22
1151,19759384,19759384_15.json,https://github.com/KylinOLAP/Kylin,MetadataManager,metadata/src/main/java/org/apache/kylin/metadata/MetadataManager.java,production,class,False,324,listAllTables,3,public,False,True,1,True,nondeterminism,7,EXCLUDED,external_dependency_risk:nondeterminism,,,,,,,,1,2,0,,,,,,,,,EXCLUDED,semantic,external_dependency_risk:nondeterminism,8.328,/Users/dungng/FPT/Ki 9/SET490/ARROW-paper/ARROW/runs/sample_selection/distributed/shard-0/candidates/01151_19759384_19759384_15
1156,47613863,47613863_164.json,https://github.com/quicktheories/QuickTheories,FilteredGenerator,core/src/main/java/org/quicktheories/core/Gen.java,production,class,False,229,generate,15,@Override public,True,True,2,False,,9,ELIGIBLE,,maven,core,junit4,8,/Users/dungng/FPT/Ki 9/SET490/ARROW-paper/ARROW/Java-version/java-8/Contents/Home,matched build.java_homes.java-8,,1,2,2,MODULE_TESTS_PASSED|MODULE_TESTS_PASSED,True,0,org.quicktheories.core.FilteredGenerator,True,TARGET_TEST_PASSED,MODULE_TESTS_PASSED,MODULE_TESTS_PASSED,ELIGIBLE,,,51.369,/Users/dungng/FPT/Ki 9/SET490/ARROW-paper/ARROW/runs/sample_selection/distributed/shard-0/candidates/01156_47613863_47613863_164
1161,19888357,19888357_2.json,https://github.com/zutherb/AppStash,InMemoryCartFulfillmentProviderImpl,monolithic/service/cart/src/main/java/io/github/zutherb/appstash/shop/service/cart/impl/InMemoryCartFulfillmentProviderImpl.java,production,class,False,50,addItem,6,@Override public,False,True,0,False,,7,ELIGIBLE,,gradle,monolithic/service/cart,junit4,1,/Users/dungng/FPT/Ki 9/SET490/ARROW-paper/ARROW/Java-version/java-8/Contents/Home,using compatible JDK 8 from build.java_homes.java-8 for Java 1,,1,2,1,ASSERTION_FAILED,,,io.github.zutherb.appstash.shop.service.cart.impl.InMemoryCartFulfillmentProviderImpl,,,,,EXCLUDED,baseline,failure: build failed with an exception.,69.474,/Users/dungng/FPT/Ki 9/SET490/ARROW-paper/ARROW/runs/sample_selection/distributed/shard-0/candidates/01161_19888357_19888357_2
1166,3424353,3424353_49.json,https://github.com/OneBusAway/onebusaway-application-modules,ExtendedCalendarServiceImpl,onebusaway-transit-data-federation/src/main/java/org/onebusaway/transit_data_federation/impl/ExtendedCalendarServiceImpl.java,production,class,False,457,getDatesForServiceIds,23,@Cacheable @Override public,True,True,0,False,,9,ELIGIBLE,,maven,onebusaway-transit-data-federation,junit4,11,/Users/dungng/FPT/Ki 9/SET490/ARROW-paper/ARROW/Java-version/java-11/Contents/Home,matched build.java_homes.java-11,,1,2,1,COMPILE_FAILED,,,org.onebusaway.transit_data_federation.impl.ExtendedCalendarServiceImpl,,,,,EXCLUDED,baseline,[error] failed to execute goal org.apache.maven.plugins:maven-compiler-plugin:<n>.8.1:compile (default-compile) on project onebusaway-container: compilation failure: compilation failure:,24.845,/Users/dungng/FPT/Ki 9/SET490/ARROW-paper/ARROW/runs/sample_selection/distributed/shard-0/candidates/01166_3424353_3424353_49
1171,126250036,126250036_2.json,https://github.com/mrcsparker/nifi-sqllookup-services-bundle,SQLRecordLookupService,nifi-sqllookup-services/src/main/java/com/mrcsparker/nifi/sqllookup/SQLRecordLookupService.java,production,,,,getValueType,4,@Override public,True,True,,,,,EXCLUDED,trivial_focal_method,,,,,,,,,2,0,,,,,,,,,EXCLUDED,semantic_metadata,trivial_focal_method,0.001,/Users/dungng/FPT/Ki 9/SET490/ARROW-paper/ARROW/runs/sample_selection/distributed/shard-0/candidates/01171_126250036_126250036_2
1176,16261234,16261234_0.json,https://github.com/kryptnostic/fhe-core,RecursiveLinearizingComposer,kryptnostic-core/src/main/java/com/kryptnostic/multivariate/composition/RecursiveLinearizingComposer.java,production,class,False,63,compose,16,public,True,True,1,False,,9,ELIGIBLE,,gradle,kryptnostic-core,junit4,1,/Users/dungng/FPT/Ki 9/SET490/ARROW-paper/ARROW/Java-version/java-8/Contents/Home,using compatible JDK 8 from build.java_homes.java-8 for Java 1,,1,2,2,MODULE_TESTS_PASSED|MODULE_TESTS_PASSED,False,1,com.kryptnostic.multivariate.composition.RecursiveLinearizingComposer,False,,,,EXCLUDED,classpath,Không resolve được project classpath,495.966,/Users/dungng/FPT/Ki 9/SET490/ARROW-paper/ARROW/runs/sample_selection/distributed/shard-0/candidates/01176_16261234_16261234_0
1181,37310376,37310376_0.json,https://github.com/lightblueseas/wicket-js-addons,IscrollJsGenerator,wicket-iscroll/src/main/java/de/alpharogroup/wicket/js/addon/iscroll/IscrollJsGenerator.java,production,,,,IscrollJsGenerator,7,public,False,False,,,,,EXCLUDED,no_observable_behavior,,,,,,,,,2,0,,,,,,,,,EXCLUDED,semantic_metadata,no_observable_behavior,0.001,/Users/dungng/FPT/Ki 9/SET490/ARROW-paper/ARROW/runs/sample_selection/distributed/shard-0/candidates/01181_37310376_37310376_0
1186,13379760,13379760_1.json,https://github.com/Multibit-Legacy/multibit-hd,BackupSummaryDescendingComparator,mbhd-core/src/main/java/org/multibit/hd/core/dto/comparators/BackupSummaryDescendingComparator.java,production,class,False,32,compare,17,@Override public,True,True,0,False,,9,ELIGIBLE,,maven,mbhd-core,junit4,7,/Users/dungng/FPT/Ki 9/SET490/ARROW-paper/ARROW/Java-version/java-8/Contents/Home,using compatible JDK 8 from build.java_homes.java-8 for Java 7,,1,2,2,MODULE_TESTS_PASSED|MODULE_TESTS_PASSED,True,0,org.multibit.hd.core.dto.comparators.BackupSummaryDescendingComparator,True,TARGET_TEST_PASSED,MODULE_TESTS_PASSED,MODULE_TESTS_PASSED,ELIGIBLE,,,533.644,/Users/dungng/FPT/Ki 9/SET490/ARROW-paper/ARROW/runs/sample_selection/distributed/shard-0/candidates/01186_13379760_13379760_1
1191,8896307,8896307_2.json,https://github.com/ChiralBehaviors/Ultrastructure,SCC,animations/src/main/java/com/chiralbehaviors/CoRE/meta/models/SCC.java,production,class,False,72,SCC,3,public,False,True,1,False,,7,ELIGIBLE,,maven,animations,junit4,${project.build.directory}/generated-sources/phantasm,/opt/homebrew/Cellar/openjdk@17/17.0.19/libexec/openjdk.jdk/Contents/Home,JDK ${project.build.directory}/generated-sources/phantasm not mapped; using build.java_default,,1,2,1,COMPILE_FAILED,,,com.chiralbehaviors.CoRE.meta.models.SCC,,,,,EXCLUDED,baseline,[error] failed to execute goal org.apache.maven.plugins:maven-compiler-plugin:<n>.11.0:compile (default-compile) on project utils: fatal error compiling: error: release version 23 not supported -> [help 1],5.865,/Users/dungng/FPT/Ki 9/SET490/ARROW-paper/ARROW/runs/sample_selection/distributed/shard-0/candidates/01191_8896307_8896307_2
1196,206478,206478_32.json,https://github.com/apache/maven-doxia,XhtmlBaseSink,doxia-core/src/main/java/org/apache/maven/doxia/sink/impl/XhtmlBaseSink.java,production,,,,rawText,12,@Override public,True,False,,,,,EXCLUDED,no_observable_behavior,,,,,,,,,2,0,,,,,,,,,EXCLUDED,semantic_metadata,no_observable_behavior,0.001,/Users/dungng/FPT/Ki 9/SET490/ARROW-paper/ARROW/runs/sample_selection/distributed/shard-0/candidates/01196_206478_206478_32
1201,3555504,3555504_10.json,https://github.com/ubergeek42/weechat-android,Strings,cats/src/main/java/com/ubergeek42/cats/Strings.java,production,class,False,165,toString,16,static,True,True,0,False,,9,ELIGIBLE,,gradle,cats,junit4,1,/Users/dungng/FPT/Ki 9/SET490/ARROW-paper/ARROW/Java-version/java-8/Contents/Home,using compatible JDK 8 from build.java_homes.java-8 for Java 1,e6219f870e3825f2b925163e98f58dfa5c83be71,1,2,1,ASSERTION_FAILED,,,com.ubergeek42.cats.Strings,,,,,EXCLUDED,baseline,failure: build failed with an exception.,32.084,/Users/dungng/FPT/Ki 9/SET490/ARROW-paper/ARROW/runs/sample_selection/distributed/shard-0/candidates/01201_3555504_3555504_10
1206,78267831,78267831_10.json,https://github.com/harshbhardwajcsit/coding-challenges,Cell,PTC software/Round 2/solution/src/main/java/com/ptc/plms/gol/oops/Cell.java,production,,,,getY,3,public,False,True,,,,,EXCLUDED,trivial_focal_method,,,,,,,,,2,0,,,,,,,,,EXCLUDED,semantic_metadata,trivial_focal_method,0.001,/Users/dungng/FPT/Ki 9/SET490/ARROW-paper/ARROW/runs/sample_selection/distributed/shard-0/candidates/01206_78267831_78267831_10
1211,135031416,135031416_6.json,https://github.com/Bytom/bytom-java-sdk,DeriveXpub,tx-signer/src/main/java/io/bytom/offline/common/DeriveXpub.java,production,class,False,13,deriveXpub,9,public static,False,True,0,False,,7,ELIGIBLE,,maven,tx-signer,junit4,7,/Users/dungng/FPT/Ki 9/SET490/ARROW-paper/ARROW/Java-version/java-8/Contents/Home,using compatible JDK 8 from build.java_homes.java-8 for Java 7,,1,2,1,RUNTIME_FAILED,,,io.bytom.offline.common.DeriveXpub,,,,,EXCLUDED,baseline,error:io.bytom.offline.exception.writeforhashexception:io.bytom.offline.exception.writeforhashexception: io.bytom.offline.exception.writeforhashexception: io.bytom.offline.exception.writeforhashexception: the field needs to be written to hash is null,6.926,/Users/dungng/FPT/Ki 9/SET490/ARROW-paper/ARROW/runs/sample_selection/distributed/shard-0/candidates/01211_135031416_135031416_6
1216,90643804,90643804_3.json,https://github.com/songxinjianqwe/JavaWebSkeleton,UserController,skeleton/src/main/java/cn/sinjinsong/skeleton/controller/user/UserController.java,production,class,False,200,activate,16,"@RequestMapping(value = ""/{id}/activation"", method = RequestMethod.GET) @ApiOperation(value = ""用户激活，前置条件是用户已注册且在24小时内"", response = Void.class) @ApiResponses(value = { @ApiResponse(code = 401, message = ""未注册或超时或激活码错误"") }) public",True,True,0,False,,9,ELIGIBLE,,maven,skeleton,junit4,8,/Users/dungng/FPT/Ki 9/SET490/ARROW-paper/ARROW/Java-version/java-8/Contents/Home,matched build.java_homes.java-8,,1,2,2,MODULE_TESTS_PASSED|MODULE_TESTS_PASSED,True,1,cn.sinjinsong.skeleton.controller.user.UserController,True,TARGET_TEST_PASSED,MODULE_TESTS_PASSED,MODULE_TESTS_PASSED,ELIGIBLE,,,52.390,/Users/dungng/FPT/Ki 9/SET490/ARROW-paper/ARROW/runs/sample_selection/distributed/shard-0/candidates/01216_90643804_90643804_3
1221,7589324,7589324_21.json,https://github.com/pkainulainen/spring-data-solr-examples,RepositoryTodoService,criteria-pagination/src/main/java/net/petrikainulainen/spring/datasolr/todo/service/RepositoryTodoService.java,production,class,False,90,deleteById,11,"@PreAuthorize(""hasPermission('Todo', 'delete')"") @Transactional(rollbackFor = {TodoNotFoundException.class}) @Override public",False,True,0,True,database,7,EXCLUDED,external_dependency_risk:database,,,,,,,,1,2,0,,,,,,,,,EXCLUDED,semantic,external_dependency_risk:database,1.800,/Users/dungng/FPT/Ki 9/SET490/ARROW-paper/ARROW/runs/sample_selection/distributed/shard-0/candidates/01221_7589324_7589324_21
1226,136978154,136978154_0.json,https://github.com/TheGalfins/GNSS_Compare,UserNotifier,GNSS_Compare/app/src/main/java/com/galfins/gnss_compare/UserNotifier.java,production,,,,notifyUser,7,public,True,False,,,,,EXCLUDED,no_observable_behavior,,,,,,,,,2,0,,,,,,,,,EXCLUDED,semantic_metadata,no_observable_behavior,0.001,/Users/dungng/FPT/Ki 9/SET490/ARROW-paper/ARROW/runs/sample_selection/distributed/shard-0/candidates/01226_136978154_136978154_0
1231,8824082,8824082_3.json,https://github.com/dgradecak/alfresco-mvc,BeanPropertiesMapper,alfresco-mvc-querytemplate/src/main/java/com/gradecak/alfresco/querytemplate/BeanPropertiesMapper.java,production,class,False,207,mapNodeProperties,20,public,True,True,2,True,database,8,EXCLUDED,external_dependency_risk:database,,,,,,,ae5756de1c165aefdd09fa637856f5de60c20cf2,1,2,0,,,,,,,,,EXCLUDED,semantic,external_dependency_risk:database,3.505,/Users/dungng/FPT/Ki 9/SET490/ARROW-paper/ARROW/runs/sample_selection/distributed/shard-0/candidates/01231_8824082_8824082_3
1236,14514251,14514251_184.json,https://github.com/bitcoinj/bitcoinj,Utils,core/src/main/java/org/bitcoinj/core/Utils.java,production,class,False,136,reverseBytes,8,public static,True,True,0,True,nondeterminism,9,EXCLUDED,external_dependency_risk:nondeterminism,,,,,,,6e77dcb433bd35ad1fe83dd3b37008f08e7593d2,1,2,0,,,,,,,,,EXCLUDED,semantic,external_dependency_risk:nondeterminism,8.940,/Users/dungng/FPT/Ki 9/SET490/ARROW-paper/ARROW/runs/sample_selection/distributed/shard-0/candidates/01236_14514251_14514251_184
1241,3149449,3149449_20.json,https://github.com/spring-projects/spring-security-saml,WebSSOProfileConsumerImpl,core/src/main/java/org/springframework/security/saml/websso/WebSSOProfileConsumerImpl.java,production,class,False,594,processAuthenticationResponse,162,public,True,True,0,False,,8,ELIGIBLE,,gradle,core,junit4,6,/Users/dungng/FPT/Ki 9/SET490/ARROW-paper/ARROW/Java-version/java-8/Contents/Home,using compatible JDK 8 from build.java_homes.java-8 for Java 6,,1,2,1,ASSERTION_FAILED,,,org.springframework.security.saml.websso.WebSSOProfileConsumerImpl,,,,,EXCLUDED,baseline,failure: build failed with an exception.,22.800,/Users/dungng/FPT/Ki 9/SET490/ARROW-paper/ARROW/runs/sample_selection/distributed/shard-0/candidates/01241_3149449_3149449_20
1246,1970932,1970932_216.json,https://github.com/tony19/logback-android,ContextBase,logback-android/src/main/java/ch/qos/logback/core/ContextBase.java,production,class,False,215,setName,11,public,True,True,0,True,process_or_native|nondeterminism,9,EXCLUDED,external_dependency_risk:process_or_native|nondeterminism,,,,,,,,1,2,0,,,,,,,,,EXCLUDED,semantic,external_dependency_risk:process_or_native|nondeterminism,2.107,/Users/dungng/FPT/Ki 9/SET490/ARROW-paper/ARROW/runs/sample_selection/distributed/shard-0/candidates/01246_1970932_1970932_216
1251,164421483,164421483_0.json,https://github.com/xincao9/jswitcher,SwitcherServer,jswitcher-core/src/main/java/com/github/xincao9/jswitcher/core/SwitcherServer.java,production,,,,getSwitcherService,3,public,False,True,,,,,EXCLUDED,trivial_focal_method,,,,,,,,,2,0,,,,,,,,,EXCLUDED,semantic_metadata,trivial_focal_method,0.001,/Users/dungng/FPT/Ki 9/SET490/ARROW-paper/ARROW/runs/sample_selection/distributed/shard-0/candidates/01251_164421483_164421483_0
1256,100928537,100928537_0.json,https://github.com/fzi-forschungszentrum-informatik/PRIVACY-AVARE,StateMachine,AVARE-Box-Project/AvareBox/statemachine/src/main/java/de/fzi/zielke/statemachine/StateMachine.java,production,,,,nextCameraState,12,public,True,False,,,,,EXCLUDED,no_observable_behavior,,,,,,,,,2,0,,,,,,,,,EXCLUDED,semantic_metadata,no_observable_behavior,0.001,/Users/dungng/FPT/Ki 9/SET490/ARROW-paper/ARROW/runs/sample_selection/distributed/shard-0/candidates/01256_100928537_100928537_0
1261,11479356,11479356_3.json,https://github.com/l0rdn1kk0n/wicket-clientside-logging,ClientSideLoggingBehavior,library/src/main/java/de/agilecoders/wicket/logging/ClientSideLoggingBehavior.java,production,class,False,270,newBuilder,3,public static,False,True,0,False,,8,ELIGIBLE,,maven,library,junit4,7,/Users/dungng/FPT/Ki 9/SET490/ARROW-paper/ARROW/Java-version/java-8/Contents/Home,using compatible JDK 8 from build.java_homes.java-8 for Java 7,,1,2,1,ASSERTION_FAILED,,,de.agilecoders.wicket.logging.ClientSideLoggingBehavior,,,,,EXCLUDED,baseline,[info] wicket-clientside-logging .......................... failure [ 4.820 s],7.670,/Users/dungng/FPT/Ki 9/SET490/ARROW-paper/ARROW/runs/sample_selection/distributed/shard-0/candidates/01261_11479356_11479356_3
1266,54904766,54904766_27.json,https://github.com/ZuInnoTe/hadoopcryptoledger,BitcoinUtil,inputformat/src/main/java/org/zuinnote/hadoop/bitcoin/format/common/BitcoinUtil.java,production,class,False,432,getSize,8,public static,True,True,0,False,,10,ELIGIBLE,,gradle,inputformat,junit5,8,/Users/dungng/FPT/Ki 9/SET490/ARROW-paper/ARROW/Java-version/java-8/Contents/Home,matched build.java_homes.java-8,,1,2,1,ASSERTION_FAILED,,,org.zuinnote.hadoop.bitcoin.format.common.BitcoinUtil,,,,,EXCLUDED,baseline,"failure:org.opentest4j.assertionfailederror:org.opentest4j.assertionfailederror: test data file ""version3.blk"" exists ==> expected: <true> but was: <false>",47.835,/Users/dungng/FPT/Ki 9/SET490/ARROW-paper/ARROW/runs/sample_selection/distributed/shard-0/candidates/01266_54904766_54904766_27
1271,169102492,169102492_56.json,https://github.com/CMSgov/dpc-app,ConsentCommands,dpc-consent/src/main/java/gov/cms/dpc/consent/cli/ConsentCommands.java,production,,,,run,5,@Override protected,False,False,,,,,EXCLUDED,no_observable_behavior,,,,,,,,,2,0,,,,,,,,,EXCLUDED,semantic_metadata,no_observable_behavior,0.001,/Users/dungng/FPT/Ki 9/SET490/ARROW-paper/ARROW/runs/sample_selection/distributed/shard-0/candidates/01271_169102492_169102492_56
1276,42899767,42899767_20.json,https://github.com/YahooArchive/gondola,ZookeeperShardManagerClient,containers/jersey2-routing/src/main/java/com/yahoo/gondola/container/client/ZookeeperShardManagerClient.java,production,class,False,205,startObserving,9,@Override public,True,True,4,False,,9,ELIGIBLE,,maven,containers/jersey2-routing,testng,8,/Users/dungng/FPT/Ki 9/SET490/ARROW-paper/ARROW/Java-version/java-8/Contents/Home,matched build.java_homes.java-8,,1,2,1,ASSERTION_FAILED,,,com.yahoo.gondola.container.client.ZookeeperShardManagerClient,,,,,EXCLUDED,baseline,"tests run: 43, failures: 1, errors: 0, skipped: 3, time elapsed: 13.895 sec <<< failure! - in testsuite",22.064,/Users/dungng/FPT/Ki 9/SET490/ARROW-paper/ARROW/runs/sample_selection/distributed/shard-0/candidates/01276_42899767_42899767_20
1281,5017081,5017081_5.json,https://github.com/slugify/slugify,Slugify,core/src/main/java/com/github/slugify/Slugify.java,production,,,,Slugify,5,@Deprecated public,False,False,,,,,EXCLUDED,no_observable_behavior,,,,,,,,,2,0,,,,,,,,,EXCLUDED,semantic_metadata,no_observable_behavior,0.001,/Users/dungng/FPT/Ki 9/SET490/ARROW-paper/ARROW/runs/sample_selection/distributed/shard-0/candidates/01281_5017081_5017081_5
1286,45681674,45681674_1.json,https://github.com/Idean/sonar-swift,SwiftAstScanner,swiftlang/src/main/java/com/backelite/sonarqube/swift/lang/SwiftAstScanner.java,production,class,False,94,scanSingleFile,12,public static,True,True,0,True,filesystem,8,EXCLUDED,external_dependency_risk:filesystem,,,,,,,,1,2,0,,,,,,,,,EXCLUDED,semantic,external_dependency_risk:filesystem,1.673,/Users/dungng/FPT/Ki 9/SET490/ARROW-paper/ARROW/runs/sample_selection/distributed/shard-0/candidates/01286_45681674_45681674_1
1291,3674743,3674743_1.json,https://github.com/qos-ch/logback-extensions,LogglyBatchAppender,loggly/src/main/java/ch/qos/logback/ext/loggly/LogglyBatchAppender.java,production,,,,getDiscardedBucketsCount,4,@Override public,False,True,,,,,EXCLUDED,trivial_focal_method,,,,,,,,,2,0,,,,,,,,,EXCLUDED,semantic_metadata,trivial_focal_method,0.001,/Users/dungng/FPT/Ki 9/SET490/ARROW-paper/ARROW/runs/sample_selection/distributed/shard-0/candidates/01291_3674743_3674743_1
1296,111832512,111832512_13.json,https://github.com/NightlyNexus/retryable-retrofit,RetryableCalls,retryable/src/main/java/com/nightlynexus/retryable/RetryableCalls.java,production,,,,getFactory,3,public,False,True,,,,,EXCLUDED,trivial_focal_method,,,,,,,,,2,0,,,,,,,,,EXCLUDED,semantic_metadata,trivial_focal_method,0.000,/Users/dungng/FPT/Ki 9/SET490/ARROW-paper/ARROW/runs/sample_selection/distributed/shard-0/candidates/01296_111832512_111832512_13
1301,320367,320367_0.json,https://github.com/maven-nar/nar-maven-plugin,Hello,src/it/it0025-jar-dep-jni/src/main/java/it0025/Hello.java,production,class,False,28,times,4,public static,False,True,0,False,,8,ELIGIBLE,,maven,src/it/it0025-jar-dep-jni,junit4,7,/Users/dungng/FPT/Ki 9/SET490/ARROW-paper/ARROW/Java-version/java-8/Contents/Home,using compatible JDK 8 from build.java_homes.java-8 for Java 7,,1,2,1,RUNTIME_FAILED,,,it0025.Hello,,,,,EXCLUDED,baseline,[error] [error] some problems were encountered while processing the poms:,3.613,/Users/dungng/FPT/Ki 9/SET490/ARROW-paper/ARROW/runs/sample_selection/distributed/shard-0/candidates/01301_320367_320367_0
1306,34964793,34964793_2.json,https://github.com/davideas/FlexibleAdapter,FlexibleFactory,flexible-adapter-livedata/src/main/java/eu/davidea/flexibleadapter/livedata/FlexibleFactory.java,production,class,False,50,create,21,"@SuppressWarnings(""ConstantConditions"") public static",True,True,0,False,,9,ELIGIBLE,,gradle,flexible-adapter-livedata,junit4,1,/Users/dungng/FPT/Ki 9/SET490/ARROW-paper/ARROW/Java-version/java-8/Contents/Home,using compatible JDK 8 from build.java_homes.java-8 for Java 1,,1,2,1,ASSERTION_FAILED,,,eu.davidea.flexibleadapter.livedata.FlexibleFactory,,,,,EXCLUDED,baseline,failure: build failed with an exception.,118.870,/Users/dungng/FPT/Ki 9/SET490/ARROW-paper/ARROW/runs/sample_selection/distributed/shard-0/candidates/01306_34964793_34964793_2
1311,1772396,1772396_0.json,https://github.com/revelytix/spark,DateTime,spark-spi/src/main/java/spark/spi/util/DateTime.java,production,class,False,393,parse,3,public static,False,True,0,False,,8,ELIGIBLE,,maven,spark-spi,junit4,6,/Users/dungng/FPT/Ki 9/SET490/ARROW-paper/ARROW/Java-version/java-8/Contents/Home,using compatible JDK 8 from build.java_homes.java-8 for Java 6,,1,2,2,MODULE_TESTS_PASSED|MODULE_TESTS_PASSED,True,1,spark.spi.util.DateTime,True,TARGET_TEST_PASSED,MODULE_TESTS_PASSED,MODULE_TESTS_PASSED,ELIGIBLE,,,11.316,/Users/dungng/FPT/Ki 9/SET490/ARROW-paper/ARROW/runs/sample_selection/distributed/shard-0/candidates/01311_1772396_1772396_0
1316,15106392,15106392_48.json,https://github.com/epimorphics/elda,DefaultPropertyOrderingStrategy,elda-lda/src/main/java/com/epimorphics/lda/renderers/common/DefaultPropertyOrderingStrategy.java,production,class,False,128,orderProperties,8,@Override public,False,True,0,False,,7,ELIGIBLE,,maven,elda-lda,junit4,21,/Users/dungng/FPT/Ki 9/SET490/ARROW-paper/ARROW/Java-version/java-21/Contents/Home,matched build.java_homes.java-21,,1,2,1,UNKNOWN_FAILED,,,com.epimorphics.lda.renderers.common.DefaultPropertyOrderingStrategy,,,,,EXCLUDED,baseline,[info] scanning for projects... downloading from central: https:/<path> progress (1): 819 b progress (1): 1.9 kb progress (1): 2.2 kb downloaded from central: https:/<path> (2.2 kb at 10 kb/s) downloading from central: https:/<path>,316.518,/Users/dungng/FPT/Ki 9/SET490/ARROW-paper/ARROW/runs/sample_selection/distributed/shard-0/candidates/01316_15106392_15106392_48
1321,16433054,16433054_4.json,https://github.com/viritin/viritin,IntegerField,viritin/src/main/java/org/vaadin/viritin/fields/IntegerField.java,production,,,,userInputToValue,8,@Override protected,True,False,,,,,EXCLUDED,no_observable_behavior,,,,,,,,,2,0,,,,,,,,,EXCLUDED,semantic_metadata,no_observable_behavior,0.000,/Users/dungng/FPT/Ki 9/SET490/ARROW-paper/ARROW/runs/sample_selection/distributed/shard-0/candidates/01321_16433054_16433054_4
1326,28776576,28776576_100.json,https://github.com/sakserv/hadoop-mini-clusters,KdcLocalCluster,hadoop-mini-clusters-kdc/src/main/java/com/github/sakserv/minicluster/impl/KdcLocalCluster.java,production,,,,getOrgDomain,3,public,False,True,,,,,EXCLUDED,trivial_focal_method,,,,,,,,,2,0,,,,,,,,,EXCLUDED,semantic_metadata,trivial_focal_method,0.000,/Users/dungng/FPT/Ki 9/SET490/ARROW-paper/ARROW/runs/sample_selection/distributed/shard-0/candidates/01326_28776576_28776576_100
1331,50406544,50406544_3.json,https://github.com/sohutv/cachecloud,PipelineCluster,cachecloud-open-client/cachecloud-jedis/src/main/java/redis/clients/jedis/PipelineCluster.java,production,class,False,1208,hset,8,public,False,True,2,True,database,6,EXCLUDED,external_dependency_risk:database;testability_score_below_7,,,,,,,eeead031a8691ef0fb1f3821bf666ae317b06034,1,2,0,,,,,,,,,EXCLUDED,semantic,external_dependency_risk:database;testability_score_below_7,18.450,/Users/dungng/FPT/Ki 9/SET490/ARROW-paper/ARROW/runs/sample_selection/distributed/shard-0/candidates/01331_50406544_50406544_3
1336,7416746,7416746_10.json,https://github.com/fluxoid-org/JFormica,IntUtils,jformica_core/src/main/java/org/cowboycoders/ant/utils/IntUtils.java,production,class,False,125,setMaskedBits,8,public static,False,True,0,False,,8,ELIGIBLE,,gradle,jformica_core,junit4,7,/Users/dungng/FPT/Ki 9/SET490/ARROW-paper/ARROW/Java-version/java-8/Contents/Home,using compatible JDK 8 from build.java_homes.java-8 for Java 7,,1,2,1,ASSERTION_FAILED,,,org.cowboycoders.ant.utils.IntUtils,,,,,EXCLUDED,baseline,failure: build failed with an exception.,10.131,/Users/dungng/FPT/Ki 9/SET490/ARROW-paper/ARROW/runs/sample_selection/distributed/shard-0/candidates/01336_7416746_7416746_10
1341,15728671,15728671_34.json,https://github.com/gruter/tajo-cdh,Int8Datum,tajo-common/src/main/java/org/apache/tajo/datum/Int8Datum.java,production,class,False,276,asFloat4,4,@Override public,False,True,1,False,,8,ELIGIBLE,,maven,tajo-common,junit4,6,/Users/dungng/FPT/Ki 9/SET490/ARROW-paper/ARROW/Java-version/java-8/Contents/Home,using compatible JDK 8 from build.java_homes.java-8 for Java 6,,1,2,1,ASSERTION_FAILED,,,org.apache.tajo.datum.Int8Datum,,,,,EXCLUDED,baseline,[info] tajo common ........................................ failure [ 36.167 s],46.581,/Users/dungng/FPT/Ki 9/SET490/ARROW-paper/ARROW/runs/sample_selection/distributed/shard-0/candidates/01341_15728671_15728671_34
1346,7482468,7482468_0.json,https://github.com/exoplatform/xcmis,Column,xcmis-search-model/src/main/java/org/xcmis/search/model/column/Column.java,production,,,,toString,5,@Override public,False,True,,,,,EXCLUDED,trivial_focal_method,,,,,,,,,2,0,,,,,,,,,EXCLUDED,semantic_metadata,trivial_focal_method,0.001,/Users/dungng/FPT/Ki 9/SET490/ARROW-paper/ARROW/runs/sample_selection/distributed/shard-0/candidates/01346_7482468_7482468_0
1351,5722110,5722110_81.json,https://github.com/joachimvda/jtransfo,ReflectionHelper,core/src/main/java/org/jtransfo/internal/ReflectionHelper.java,production,,,,getSyntheticFields,3,,True,True,,,,,EXCLUDED,trivial_focal_method,,,,,,,,,2,0,,,,,,,,,EXCLUDED,semantic_metadata,trivial_focal_method,0.000,/Users/dungng/FPT/Ki 9/SET490/ARROW-paper/ARROW/runs/sample_selection/distributed/shard-0/candidates/01351_5722110_5722110_81
1356,56278667,56278667_91.json,https://github.com/Aptoide/aptoide-client-v8,SearchHostProvider,app/src/main/java/cm/aptoide/pt/search/SearchHostProvider.java,production,,,,getSearchHost,5,public,True,True,,,,,EXCLUDED,trivial_focal_method,,,,,,,,,2,0,,,,,,,,,EXCLUDED,semantic_metadata,trivial_focal_method,0.000,/Users/dungng/FPT/Ki 9/SET490/ARROW-paper/ARROW/runs/sample_selection/distributed/shard-0/candidates/01356_56278667_56278667_91
1361,110837893,110837893_0.json,https://github.com/jerry-sc/webhunger,FileTaskAccessor,webhunger-client/src/main/java/me/shenchao/webhunger/client/control/FileTaskAccessor.java,production,class,False,155,loadTasks,12,@Override public,True,True,0,True,filesystem,9,EXCLUDED,external_dependency_risk:filesystem,,,,,,,,1,2,0,,,,,,,,,EXCLUDED,semantic,external_dependency_risk:filesystem,4.161,/Users/dungng/FPT/Ki 9/SET490/ARROW-paper/ARROW/runs/sample_selection/distributed/shard-0/candidates/01361_110837893_110837893_0
1366,151233646,151233646_15.json,https://github.com/influxdata/influxdb-client-java,Arguments,client-core/src/main/java/com/influxdb/Arguments.java,production,class,False,146,checkNotNegativeNumber,5,public static,True,True,0,False,,9,ELIGIBLE,,maven,client-core,junit4,8,/Users/dungng/FPT/Ki 9/SET490/ARROW-paper/ARROW/Java-version/java-8/Contents/Home,matched build.java_homes.java-8,7ad181aa2c9495b80b038663bde6ba7a5c62ce27,1,2,2,MODULE_TESTS_PASSED|MODULE_TESTS_PASSED,True,1,com.influxdb.Arguments,True,TEST_DISCOVERY_FAILED,,,EXCLUDED,probe_target,generated target test was not discovered,39.885,/Users/dungng/FPT/Ki 9/SET490/ARROW-paper/ARROW/runs/sample_selection/distributed/shard-0/candidates/01366_151233646_151233646_15
1371,147965914,147965914_1.json,https://github.com/coti-io/coti-fullnode,AddressService,fullnode/src/main/java/io/coti/fullnode/services/AddressService.java,production,,,,addressesCheckExistenceAndRequestHistoryNode,22,public,True,True,,,,,ELIGIBLE,,,,,,,,,,2,0,,,,,,,,,EXCLUDED,setup,"RuntimeError: Repository setup failed after 3 attempts: CalledProcessError: Command '['git', '-c', 'core.longpaths=true', 'clone', '--depth', '1', 'https://github.com/coti-io/coti-fullnode', '/Users/dungng/FPT/Ki 9/SET490/ARROW-paper/ARROW/repos/147965914']' returned non-zero exit status 128.",8.464,/Users/dungng/FPT/Ki 9/SET490/ARROW-paper/ARROW/runs/sample_selection/distributed/shard-0/candidates/01371_147965914_147965914_1
1376,18830102,18830102_283.json,https://github.com/apache/olingo-odata2,AnnotationValueAccess,odata2-annotation-processor/annotation-processor-core/src/main/java/org/apache/olingo/odata2/annotation/processor/core/datasource/AnnotationValueAccess.java,production,class,False,105,getPropertyValue,9,@Override public,True,True,0,True,database,8,EXCLUDED,external_dependency_risk:database,,,,,,,,1,2,0,,,,,,,,,EXCLUDED,semantic,external_dependency_risk:database,2.608,/Users/dungng/FPT/Ki 9/SET490/ARROW-paper/ARROW/runs/sample_selection/distributed/shard-0/candidates/01376_18830102_18830102_283
1381,6903417,6903417_42.json,https://github.com/devisnik/mines,Game,model/src/main/java/de/devisnik/mine/impl/Game.java,production,,,,addListener,4,@Override public,False,False,,,,,EXCLUDED,no_observable_behavior,,,,,,,,,2,0,,,,,,,,,EXCLUDED,semantic_metadata,no_observable_behavior,0.001,/Users/dungng/FPT/Ki 9/SET490/ARROW-paper/ARROW/runs/sample_selection/distributed/shard-0/candidates/01381_6903417_6903417_42
1386,77403831,77403831_2.json,https://github.com/davemckelvie/things-drivers,Pcf8574,pcf8574/src/main/java/nz/geek/android/things/driver/pcf8574/Pcf8574.java,production,class,False,184,getPin,5,public,True,True,1,False,,10,ELIGIBLE,,gradle,pcf8574,junit4,unknown,/Users/dungng/FPT/Ki 9/SET490/ARROW-paper/ARROW/Java-version/java-11/Contents/Home,Gradle 7.2 requires compatible JDK 11; matched build.java_homes.java-11,,1,2,1,ASSERTION_FAILED,,,nz.geek.android.things.driver.pcf8574.Pcf8574,,,,,EXCLUDED,baseline,failure: build failed with an exception.,41.904,/Users/dungng/FPT/Ki 9/SET490/ARROW-paper/ARROW/runs/sample_selection/distributed/shard-0/candidates/01386_77403831_77403831_2
1391,90020587,90020587_1.json,https://github.com/oliversalmon/imcs-demo,GenerateTradeData,trade-injector/src/main/java/com/trade/injector/business/service/GenerateTradeData.java,production,class,False,54,createRandomData,4,public,False,True,0,True,nondeterminism,7,EXCLUDED,external_dependency_risk:nondeterminism,,,,,,,,1,2,0,,,,,,,,,EXCLUDED,semantic,external_dependency_risk:nondeterminism,2.080,/Users/dungng/FPT/Ki 9/SET490/ARROW-paper/ARROW/runs/sample_selection/distributed/shard-0/candidates/01391_90020587_90020587_1
1396,25156382,25156382_0.json,https://github.com/s-case/s-case,BuildProperties,scase-base/src/main/java/eu/fp7/scase/base/BuildProperties.java,production,,,,getBuildVersion,4,public static,False,True,,,,,EXCLUDED,trivial_focal_method,,,,,,,,,2,0,,,,,,,,,EXCLUDED,semantic_metadata,trivial_focal_method,0.001,/Users/dungng/FPT/Ki 9/SET490/ARROW-paper/ARROW/runs/sample_selection/distributed/shard-0/candidates/01396_25156382_25156382_0
1401,31923485,31923485_10.json,https://github.com/kgrodzicki/cloud-computing-specialization,MergeReducer,capstone/workspace/task1/task1-group3-2-hadoop/src/main/java/MergeReducer.java,production,class,False,149,localDate,4,,False,True,0,False,,8,ELIGIBLE,,maven,capstone/workspace/task1/task1-group3-2-hadoop,junit4,7,/Users/dungng/FPT/Ki 9/SET490/ARROW-paper/ARROW/Java-version/java-8/Contents/Home,using compatible JDK 8 from build.java_homes.java-8 for Java 7,,1,2,2,MODULE_TESTS_PASSED|MODULE_TESTS_PASSED,True,0,MergeReducer,True,TARGET_TEST_PASSED,MODULE_TESTS_PASSED,MODULE_TESTS_PASSED,ELIGIBLE,,,25.022,/Users/dungng/FPT/Ki 9/SET490/ARROW-paper/ARROW/runs/sample_selection/distributed/shard-0/candidates/01401_31923485_31923485_10
1406,19481229,19481229_3.json,https://github.com/boundary/fasttuple,TupleExpressionGenerator,fasttuple-core/src/main/java/com/boundary/tuple/codegen/TupleExpressionGenerator.java,production,class,False,197,builder,3,public static,False,True,4,False,,7,ELIGIBLE,,maven,fasttuple-core,junit4,7,/Users/dungng/FPT/Ki 9/SET490/ARROW-paper/ARROW/Java-version/java-8/Contents/Home,using compatible JDK 8 from build.java_homes.java-8 for Java 7,,1,2,2,MODULE_TESTS_PASSED|MODULE_TESTS_PASSED,True,0,com.boundary.tuple.codegen.TupleExpressionGenerator,True,TARGET_TEST_PASSED,MODULE_TESTS_PASSED,MODULE_TESTS_PASSED,ELIGIBLE,,,13.719,/Users/dungng/FPT/Ki 9/SET490/ARROW-paper/ARROW/runs/sample_selection/distributed/shard-0/candidates/01406_19481229_19481229_3
1411,206346,206346_1.json,https://github.com/apache/synapse,RelayUtils,modules/transports/core/nhttp/src/main/java/org/apache/synapse/transport/passthru/util/RelayUtils.java,production,,,,buildMessage,4,public static,False,False,,,,,EXCLUDED,no_observable_behavior,,,,,,,,,2,0,,,,,,,,,EXCLUDED,semantic_metadata,no_observable_behavior,0.001,/Users/dungng/FPT/Ki 9/SET490/ARROW-paper/ARROW/runs/sample_selection/distributed/shard-0/candidates/01411_206346_206346_1
1416,12853082,12853082_15.json,https://github.com/sannies/mp4parser,BitReaderBuffer,isoparser/src/main/java/org/mp4parser/boxes/iso14496/part1/objectdescriptors/BitReaderBuffer.java,production,class,False,47,readBits,18,public,True,True,1,False,,10,ELIGIBLE,,maven,isoparser,junit4,7,/Users/dungng/FPT/Ki 9/SET490/ARROW-paper/ARROW/Java-version/java-8/Contents/Home,using compatible JDK 8 from build.java_homes.java-8 for Java 7,0fdd054d7cd65b0328ec685e0e8ac20a16216fe6,1,2,1,ASSERTION_FAILED,,,org.mp4parser.boxes.iso14496.part1.objectdescriptors.BitReaderBuffer,,,,,EXCLUDED,baseline,[info] build failure,13.443,/Users/dungng/FPT/Ki 9/SET490/ARROW-paper/ARROW/runs/sample_selection/distributed/shard-0/candidates/01416_12853082_12853082_15
1421,80324891,80324891_0.json,https://github.com/guangweiyao/blog,TitleModel,core/src/main/java/org/myorg/blog/core/models/TitleModel.java,production,,,,getTitle,1,public,False,True,,,,,EXCLUDED,trivial_focal_method,,,,,,,,,2,0,,,,,,,,,EXCLUDED,semantic_metadata,trivial_focal_method,0.001,/Users/dungng/FPT/Ki 9/SET490/ARROW-paper/ARROW/runs/sample_selection/distributed/shard-0/candidates/01421_80324891_80324891_0
1426,48641480,48641480_2.json,https://github.com/fabioCollini/DaggerMock,MainPresenter,RealWorldApp/src/main/java/it/cosenonjaviste/daggermock/realworldapp/main/MainPresenter.java,production,,,,loadData,8,public,True,False,,,,,EXCLUDED,no_observable_behavior,,,,,,,,,2,0,,,,,,,,,EXCLUDED,semantic_metadata,no_observable_behavior,0.000,/Users/dungng/FPT/Ki 9/SET490/ARROW-paper/ARROW/runs/sample_selection/distributed/shard-0/candidates/01426_48641480_48641480_2
1431,111445552,111445552_4.json,https://github.com/amazon-archives/gaming-analytics-pipeline,HexUtil,source/java/src/main/java/com/amazonaws/gaming/analytics/common/HexUtil.java,production,class,False,129,toBytesFromHex,21,public static,True,True,0,False,,10,ELIGIBLE,,maven,source/java,junit4,8,/Users/dungng/FPT/Ki 9/SET490/ARROW-paper/ARROW/Java-version/java-8/Contents/Home,matched build.java_homes.java-8,,1,2,1,ASSERTION_FAILED,,,com.amazonaws.gaming.analytics.common.HexUtil,,,,,EXCLUDED,baseline,[info] build failure,23.611,/Users/dungng/FPT/Ki 9/SET490/ARROW-paper/ARROW/runs/sample_selection/distributed/shard-0/candidates/01431_111445552_111445552_4
1436,62569629,62569629_21.json,https://github.com/nielsbasjes/yauaa,MatchesList,analyzer/src/main/java/nl/basjes/parse/useragent/analyze/MatchesList.java,production,class,False,194,containsAll,4,@Override public,True,True,1,False,,10,ELIGIBLE,,maven,analyzer,junit5,17,/opt/homebrew/Cellar/openjdk@17/17.0.19/libexec/openjdk.jdk/Contents/Home,matched build.java_homes.java-17,,1,2,1,ASSERTION_FAILED,,,nl.basjes.parse.useragent.analyze.MatchesList,,,,,EXCLUDED,baseline,[info] yauaa : ............................................ failure [ 1.086 s],11.443,/Users/dungng/FPT/Ki 9/SET490/ARROW-paper/ARROW/runs/sample_selection/distributed/shard-0/candidates/01436_62569629_62569629_21
1441,181976854,181976854_14.json,https://github.com/Yelp/bento,Component,bento/src/main/java/com/yelp/android/bento/core/Component.java,production,,,,getCount,1,public abstract,False,True,,,,,EXCLUDED,focal_method_not_directly_testable;trivial_focal_method,,,,,,,,,2,0,,,,,,,,,EXCLUDED,semantic_metadata,focal_method_not_directly_testable;trivial_focal_method,0.001,/Users/dungng/FPT/Ki 9/SET490/ARROW-paper/ARROW/runs/sample_selection/distributed/shard-0/candidates/01441_181976854_181976854_14
1446,15800167,15800167_2.json,https://github.com/dcm4che/dcm4chee-arc-cdi,Utils,dcm4chee-arc-entity/src/main/java/org/dcm4chee/archive/entity/Utils.java,production,class,False,263,mergeAndNormalize,39,public static,True,True,0,False,,9,ELIGIBLE,,maven,dcm4chee-arc-entity,junit4,7,/Users/dungng/FPT/Ki 9/SET490/ARROW-paper/ARROW/Java-version/java-8/Contents/Home,using compatible JDK 8 from build.java_homes.java-8 for Java 7,,1,2,1,COMPILE_FAILED,,,org.dcm4chee.archive.entity.Utils,,,,,EXCLUDED,baseline,[warning] org.dcm4che:dcm4che-conf-api:<n>.3.8-snapshot/maven-metadata.xml failed to transfer from http://0.0.0.0/ during a previous attempt. this failure was cached in the local repository and resolution will not be reattempted until the update interval of maven-default-http-blocker has elapsed or ,5.313,/Users/dungng/FPT/Ki 9/SET490/ARROW-paper/ARROW/runs/sample_selection/distributed/shard-0/candidates/01446_15800167_15800167_2
1451,24416383,24416383_27.json,https://github.com/RBGKew/Reconciliation-and-Matching-Framework,NumberMatcher,rmf-core/src/main/java/org/kew/rmf/matchers/NumberMatcher.java,production,class,False,55,matches,12,@Override public,True,True,0,False,,10,ELIGIBLE,,maven,rmf-core,junit4,7,/Users/dungng/FPT/Ki 9/SET490/ARROW-paper/ARROW/Java-version/java-8/Contents/Home,using compatible JDK 8 from build.java_homes.java-8 for Java 7,,1,2,1,COMPILE_FAILED,,,org.kew.rmf.matchers.NumberMatcher,,,,,EXCLUDED,baseline,java.lang.assertionerror: match results not correct for query 1,9.000,/Users/dungng/FPT/Ki 9/SET490/ARROW-paper/ARROW/runs/sample_selection/distributed/shard-0/candidates/01451_24416383_24416383_27
1456,29782400,29782400_23.json,https://github.com/h6ah4i/android-advancedrecyclerview,ItemViewTypeComposer,library/src/main/java/com/h6ah4i/android/widget/advrecyclerview/adapter/ItemViewTypeComposer.java,production,class,False,130,composeSegment,6,public static,True,True,0,False,,9,ELIGIBLE,,gradle,library,junit4,1,/Users/dungng/FPT/Ki 9/SET490/ARROW-paper/ARROW/Java-version/java-8/Contents/Home,using compatible JDK 8 from build.java_homes.java-8 for Java 1,,1,2,1,ASSERTION_FAILED,,,com.h6ah4i.android.widget.advrecyclerview.adapter.ItemViewTypeComposer,,,,,EXCLUDED,baseline,failure: build failed with an exception.,12.477,/Users/dungng/FPT/Ki 9/SET490/ARROW-paper/ARROW/runs/sample_selection/distributed/shard-0/candidates/01456_29782400_29782400_23
1461,2660111,2660111_8.json,https://github.com/alt236/USB-Device-Info---Android,Validation,usbdeviceenumerator/src/main/java/uk/co/alt236/usbdeviceenumerator/sysbususb/Validation.java,production,class,False,30,getListOfChildren,12,@Nonnull public,True,True,0,True,filesystem,8,EXCLUDED,external_dependency_risk:filesystem,,,,,,,fb2afebcc0ce13ac1146db7431124232cfd226d1,1,2,0,,,,,,,,,EXCLUDED,semantic,external_dependency_risk:filesystem,4.569,/Users/dungng/FPT/Ki 9/SET490/ARROW-paper/ARROW/runs/sample_selection/distributed/shard-0/candidates/01461_2660111_2660111_8
1466,22948530,22948530_27.json,https://github.com/digibib/ls.ext,InMemoryRepository,redef/services/src/main/java/no/deichman/services/entity/repository/InMemoryRepository.java,production,,,,addData,3,public,False,False,,,,,EXCLUDED,no_observable_behavior,,,,,,,,,2,0,,,,,,,,,EXCLUDED,semantic_metadata,no_observable_behavior,0.001,/Users/dungng/FPT/Ki 9/SET490/ARROW-paper/ARROW/runs/sample_selection/distributed/shard-0/candidates/01466_22948530_22948530_27
1471,40111808,40111808_75.json,https://github.com/eGovFrame/egovframe.rte.3.5,HibernateIntegrationDefinitionDao,runtime-environment/Integration/egovframework.rte.itl.integration/src/main/java/egovframework/rte/itl/integration/metadata/dao/hibernate/HibernateIntegrationDefinitionDao.java,production,,,,getIntegrationDefinitionOfProvider,18,"@SuppressWarnings(""unchecked"") public",True,True,,,,,ELIGIBLE,,,,,,,,,,2,0,,,,,,,,,EXCLUDED,setup,"RuntimeError: Repository setup failed after 3 attempts: CalledProcessError: Command '['git', '-c', 'core.longpaths=true', 'clone', '--depth', '1', 'https://github.com/eGovFrame/egovframe.rte.3.5', '/Users/dungng/FPT/Ki 9/SET490/ARROW-paper/ARROW/repos/40111808']' returned non-zero exit status 128.",8.365,/Users/dungng/FPT/Ki 9/SET490/ARROW-paper/ARROW/runs/sample_selection/distributed/shard-0/candidates/01471_40111808_40111808_75
1476,32398211,32398211_7.json,https://github.com/ngageoint/elasticgeo,GeoHashGrid,gt-elasticsearch-process/src/main/java/mil/nga/giat/process/elasticsearch/GeoHashGrid.java,production,class,True,227,pluckBucketName,7,,True,True,0,False,,10,EXCLUDED,non_concrete:class:abstract,,,,,,,,1,2,0,,,,,,,,,EXCLUDED,semantic,non_concrete:class:abstract,1.676,/Users/dungng/FPT/Ki 9/SET490/ARROW-paper/ARROW/runs/sample_selection/distributed/shard-0/candidates/01476_32398211_32398211_7
1481,25732604,25732604_22.json,https://github.com/mtunique/tachyon-rdma,TachyonURI,core/src/main/java/tachyon/TachyonURI.java,production,class,False,360,hasAuthority,3,public,False,True,1,False,,8,ELIGIBLE,,maven,core,junit4,6,/Users/dungng/FPT/Ki 9/SET490/ARROW-paper/ARROW/Java-version/java-8/Contents/Home,using compatible JDK 8 from build.java_homes.java-8 for Java 6,,1,2,1,RUNTIME_FAILED,,,tachyon.TachyonURI,,,,,EXCLUDED,baseline,[error] [error] some problems were encountered while processing the poms:,2.497,/Users/dungng/FPT/Ki 9/SET490/ARROW-paper/ARROW/runs/sample_selection/distributed/shard-0/candidates/01481_25732604_25732604_22
1486,50107211,50107211_3.json,https://github.com/agentgt/configfacade,ConfigFactory,configfacade-api/src/main/java/org/configfacade/ConfigFactory.java,production,class,False,687,fromMap,3,public static,True,True,0,False,,9,ELIGIBLE,,maven,configfacade-api,junit4,7,/Users/dungng/FPT/Ki 9/SET490/ARROW-paper/ARROW/Java-version/java-8/Contents/Home,using compatible JDK 8 from build.java_homes.java-8 for Java 7,,1,2,1,COMPILE_FAILED,,,org.configfacade.ConfigFactory,,,,,EXCLUDED,baseline,[error] error: error reading <path> error in opening zip file,2.632,/Users/dungng/FPT/Ki 9/SET490/ARROW-paper/ARROW/runs/sample_selection/distributed/shard-0/candidates/01486_50107211_50107211_3
1491,140083500,140083500_155.json,https://github.com/letiantian/mybatis-tutorial,SqlSessionFactoryBean,mybatis-spring-1.3.2/src/main/java/org/mybatis/spring/SqlSessionFactoryBean.java,production,class,False,501,getObject,7,@Override public,True,True,0,True,database,8,EXCLUDED,external_dependency_risk:database,,,,,,,,1,2,0,,,,,,,,,EXCLUDED,semantic,external_dependency_risk:database,2.458,/Users/dungng/FPT/Ki 9/SET490/ARROW-paper/ARROW/runs/sample_selection/distributed/shard-0/candidates/01491_140083500_140083500_155
1496,105079548,105079548_0.json,https://github.com/BaReinhard/Hacktoberfest-Data-Structure-and-Algorithms,linkedList,data_structures/linked_list/java/LinkedList.java,nonstandard,,,,linkedList,6,public,False,False,,,,,EXCLUDED,source_layout:nonstandard;no_observable_behavior,,,,,,,,,2,0,,,,,,,,,EXCLUDED,semantic_metadata,source_layout:nonstandard;no_observable_behavior,0.001,/Users/dungng/FPT/Ki 9/SET490/ARROW-paper/ARROW/runs/sample_selection/distributed/shard-0/candidates/01496_105079548_105079548_0
1501,78162952,78162952_2.json,https://github.com/dmstocking/support-optional,OptionalDouble,lib/src/main/java/com/github/dmstocking/optional/java/util/OptionalDouble.java,production,class,False,185,of,3,public static,False,True,2,False,,8,ELIGIBLE,,gradle,lib,junit4,5,/Users/dungng/FPT/Ki 9/SET490/ARROW-paper/ARROW/Java-version/java-8/Contents/Home,using compatible JDK 8 from build.java_homes.java-8 for Java 5,,1,2,1,ASSERTION_FAILED,,,com.github.dmstocking.optional.java.util.OptionalDouble,,,,,EXCLUDED,baseline,failure: build failed with an exception.,42.510,/Users/dungng/FPT/Ki 9/SET490/ARROW-paper/ARROW/runs/sample_selection/distributed/shard-0/candidates/01501_78162952_78162952_2
1506,4086423,4086423_6.json,https://github.com/davemckain/qtiworks,AssessmentPackageFileImporter,qtiworks-engine/src/main/java/uk/ac/ed/ph/qtiworks/services/AssessmentPackageFileImporter.java,production,class,False,278,importAssessmentPackageData,27,public,True,True,0,True,filesystem,8,EXCLUDED,external_dependency_risk:filesystem,,,,,,,,1,2,0,,,,,,,,,EXCLUDED,semantic,external_dependency_risk:filesystem,2.737,/Users/dungng/FPT/Ki 9/SET490/ARROW-paper/ARROW/runs/sample_selection/distributed/shard-0/candidates/01506_4086423_4086423_6
1511,6605842,6605842_5.json,https://github.com/twitter-archive/bookkeeper,TopicBasedLoadShedder,hedwig-server/src/main/java/org/apache/hedwig/server/topics/TopicBasedLoadShedder.java,production,,,,shedLoad,38,public,True,False,,,,,EXCLUDED,no_observable_behavior,,,,,,,,,2,0,,,,,,,,,EXCLUDED,semantic_metadata,no_observable_behavior,0.001,/Users/dungng/FPT/Ki 9/SET490/ARROW-paper/ARROW/runs/sample_selection/distributed/shard-0/candidates/01511_6605842_6605842_5
1516,41548314,41548314_0.json,https://github.com/adejanovski/cassandra-dcaware-failover,DCAwareFailoverRoundRobinPolicy,DCAwareFailoverRoundRobinPolicy/src/main/java/org/adejanovski/cassandra/policies/DCAwareFailoverRoundRobinPolicy.java,production,class,False,531,distance,16,public,True,True,3,False,,8,ELIGIBLE,,maven,DCAwareFailoverRoundRobinPolicy,testng,6,/Users/dungng/FPT/Ki 9/SET490/ARROW-paper/ARROW/Java-version/java-8/Contents/Home,using compatible JDK 8 from build.java_homes.java-8 for Java 6,,1,2,2,MODULE_TESTS_PASSED|MODULE_TESTS_PASSED,True,0,org.adejanovski.cassandra.policies.DCAwareFailoverRoundRobinPolicy,True,TARGET_TEST_PASSED,MODULE_TESTS_PASSED,MODULE_TESTS_PASSED,ELIGIBLE,,,10.494,/Users/dungng/FPT/Ki 9/SET490/ARROW-paper/ARROW/runs/sample_selection/distributed/shard-0/candidates/01516_41548314_41548314_0
1521,14775640,14775640_8.json,https://github.com/e-ucm/ead,Actions,editor/core/src/main/java/es/eucm/ead/editor/control/Actions.java,production,class,False,206,perform,30,public,True,True,1,True,nondeterminism,8,EXCLUDED,external_dependency_risk:nondeterminism,,,,,,,,1,2,0,,,,,,,,,EXCLUDED,semantic,external_dependency_risk:nondeterminism,36.641,/Users/dungng/FPT/Ki 9/SET490/ARROW-paper/ARROW/runs/sample_selection/distributed/shard-0/candidates/01521_14775640_14775640_8
1526,53877122,53877122_6.json,https://github.com/fetlife/android,TurbolinksSession,FetLifeKotlin/turbolinks/src/main/java/com/basecamp/turbolinks/TurbolinksSession.java,production,,,,getDefault,11,public static,True,True,,,,,ELIGIBLE,,,,,,,,,,2,0,,,,,,,,,EXCLUDED,setup,"RuntimeError: Repository setup failed after 3 attempts: CalledProcessError: Command '['git', '-c', 'core.longpaths=true', 'clone', '--depth', '1', 'https://github.com/fetlife/android', '/Users/dungng/FPT/Ki 9/SET490/ARROW-paper/ARROW/repos/53877122']' returned non-zero exit status 128.",8.382,/Users/dungng/FPT/Ki 9/SET490/ARROW-paper/ARROW/runs/sample_selection/distributed/shard-0/candidates/01526_53877122_53877122_6
1531,1743159,1743159_11.json,https://github.com/eu-emi/emiregistry,InfrastructureManager,emir-core/src/main/java/eu/emi/emir/infrastructure/InfrastructureManager.java,production,class,False,588,setParentsRoute,10,@Override public,True,True,0,True,database,8,EXCLUDED,external_dependency_risk:database,,,,,,,,1,2,0,,,,,,,,,EXCLUDED,semantic,external_dependency_risk:database,2.141,/Users/dungng/FPT/Ki 9/SET490/ARROW-paper/ARROW/runs/sample_selection/distributed/shard-0/candidates/01531_1743159_1743159_11
1536,5632139,5632139_75.json,https://github.com/bencvt/LibShapeDraw,LibShapeDraw,projects/main/src/main/java/libshapedraw/LibShapeDraw.java,production,,,,isVisibleWhenHidingGui,3,public,False,True,,,,,EXCLUDED,trivial_focal_method,,,,,,,,,2,0,,,,,,,,,EXCLUDED,semantic_metadata,trivial_focal_method,0.001,/Users/dungng/FPT/Ki 9/SET490/ARROW-paper/ARROW/runs/sample_selection/distributed/shard-0/candidates/01536_5632139_5632139_75
1541,174291606,174291606_0.json,https://github.com/zlt2000/microservices-platform,SysUserController,zlt-business/user-center/src/main/java/com/central/user/controller/SysUserController.java,production,class,False,283,delete,9,"@DeleteMapping(value = ""/users/{id}"") //@AuditLog(operation = ""'删除用户:' + #id"") public",True,True,0,False,,10,ELIGIBLE,,maven,zlt-business/user-center,junit4,17,/opt/homebrew/Cellar/openjdk@17/17.0.19/libexec/openjdk.jdk/Contents/Home,matched build.java_homes.java-17,,1,2,1,BUILD_TIMEOUT,,,com.central.user.controller.SysUserController,,,,,EXCLUDED,baseline,build timeout,964.663,/Users/dungng/FPT/Ki 9/SET490/ARROW-paper/ARROW/runs/sample_selection/distributed/shard-0/candidates/01541_174291606_174291606_0
1546,2470704,2470704_0.json,https://github.com/cts2/cts2-framework,LevenshteinDistanceMatcher,cts2-filter/src/main/java/edu/mayo/cts2/framework/filter/match/LevenshteinDistanceMatcher.java,production,class,False,52,normalize,3,protected,False,True,0,False,,8,ELIGIBLE,,maven,cts2-filter,junit4,7,/Users/dungng/FPT/Ki 9/SET490/ARROW-paper/ARROW/Java-version/java-8/Contents/Home,using compatible JDK 8 from build.java_homes.java-8 for Java 7,,1,2,1,COMPILE_FAILED,,,edu.mayo.cts2.framework.filter.match.LevenshteinDistanceMatcher,,,,,EXCLUDED,baseline,"error: could not find or load main class ""-dclojure.compile.path=.users.dungng.fpt.ki 9.set490.arrow-paper.arrow.runs.sample_selection.distributed.shard-0.candidates.01546_2470704_2470704_0.workspace.target.classes""",14.672,/Users/dungng/FPT/Ki 9/SET490/ARROW-paper/ARROW/runs/sample_selection/distributed/shard-0/candidates/01546_2470704_2470704_0
1551,75215830,75215830_39.json,https://github.com/openmpf/openmpf,PropertiesUtil,trunk/workflow-manager/src/main/java/org/mitre/mpf/wfm/util/PropertiesUtil.java,production,,,,setAndSaveCustomProperties,3,public,False,False,,,,,EXCLUDED,trivial_focal_method;no_observable_behavior,,,,,,,,,2,0,,,,,,,,,EXCLUDED,semantic_metadata,trivial_focal_method;no_observable_behavior,0.001,/Users/dungng/FPT/Ki 9/SET490/ARROW-paper/ARROW/runs/sample_selection/distributed/shard-0/candidates/01551_75215830_75215830_39
1556,272398615,272398615_4.json,https://github.com/zhihuili/project-panthera-ase,HCatClient,hcatalog/webhcat/java-client/src/main/java/org/apache/hcatalog/api/HCatClient.java,production,,,,createTableLike,3,public abstract,False,False,,,,,EXCLUDED,focal_method_not_directly_testable;no_observable_behavior,,,,,,,,,2,0,,,,,,,,,EXCLUDED,semantic_metadata,focal_method_not_directly_testable;no_observable_behavior,0.001,/Users/dungng/FPT/Ki 9/SET490/ARROW-paper/ARROW/runs/sample_selection/distributed/shard-0/candidates/01556_272398615_272398615_4
1561,95635499,95635499_61.json,https://github.com/fmohr/AILibs,DenseDoubleVector,JAICore/jaicore-math/src/main/java/ai/libs/jaicore/math/linearalgebra/DenseDoubleVector.java,production,class,False,173,subtractVector,4,@Override public,False,True,1,False,,7,ELIGIBLE,,gradle,JAICore/jaicore-math,junit4,8,/Users/dungng/FPT/Ki 9/SET490/ARROW-paper/ARROW/Java-version/java-8/Contents/Home,matched build.java_homes.java-8,,1,2,1,ASSERTION_FAILED,,,ai.libs.jaicore.math.linearalgebra.DenseDoubleVector,,,,,EXCLUDED,baseline,failure: build failed with an exception.,25.357,/Users/dungng/FPT/Ki 9/SET490/ARROW-paper/ARROW/runs/sample_selection/distributed/shard-0/candidates/01561_95635499_95635499_61
1566,2008119,2008119_4.json,https://github.com/Collabinate/Collabinate,EntityResource,collabinate-server/src/main/java/com/collabinate/server/resources/EntityResource.java,production,,,,getEntity,16,"@Get(""json"") public",False,True,,,,,ELIGIBLE,,,,,,,,,,2,0,,,,,,,,,EXCLUDED,setup,"RuntimeError: Repository setup failed after 3 attempts: CalledProcessError: Command '['git', '-c', 'core.longpaths=true', 'clone', '--depth', '1', 'https://github.com/Collabinate/Collabinate', '/Users/dungng/FPT/Ki 9/SET490/ARROW-paper/ARROW/repos/2008119']' returned non-zero exit status 128.",8.371,/Users/dungng/FPT/Ki 9/SET490/ARROW-paper/ARROW/runs/sample_selection/distributed/shard-0/candidates/01566_2008119_2008119_4
1571,17994739,17994739_1.json,https://github.com/castlabs/dashencrypt,ManifestHelper,dash.fragmencrypter/src/main/java/com/castlabs/dash/helpers/ManifestHelper.java,production,class,False,68,templateReplace,9,public static,False,True,0,False,,8,ELIGIBLE,,maven,dash.fragmencrypter,junit4,9,/opt/homebrew/Cellar/openjdk@17/17.0.19/libexec/openjdk.jdk/Contents/Home,JDK 9 not mapped; using build.java_default,,1,2,1,RUNTIME_FAILED,,,com.castlabs.dash.helpers.ManifestHelper,,,,,EXCLUDED,baseline,error:java.io.filenotfoundexception:file '<path> does not exist,471.221,/Users/dungng/FPT/Ki 9/SET490/ARROW-paper/ARROW/runs/sample_selection/distributed/shard-0/candidates/01571_17994739_17994739_1
1576,128294,128294_1.json,https://github.com/deruelle/mobicents,NumericRange,servers/media/core/server-impl/src/main/java/org/mobicents/media/server/impl/naming/NumericRange.java,production,class,False,50,hasMore,3,public,False,True,1,False,,8,ELIGIBLE,,maven,servers/media/core/server-impl,junit4,5,/Users/dungng/FPT/Ki 9/SET490/ARROW-paper/ARROW/Java-version/java-8/Contents/Home,using compatible JDK 8 from build.java_homes.java-8 for Java 5,,1,2,1,RUNTIME_FAILED,,,org.mobicents.media.server.impl.naming.NumericRange,,,,,EXCLUDED,baseline,[error] [error] some problems were encountered while processing the poms:,15.223,/Users/dungng/FPT/Ki 9/SET490/ARROW-paper/ARROW/runs/sample_selection/distributed/shard-0/candidates/01576_128294_128294_1
1581,14105280,14105280_122.json,https://github.com/collectivemedia/celos,ServerCommandLineParser,celos-server/src/main/java/com/collective/celos/server/ServerCommandLineParser.java,production,class,False,121,parse,12,public,False,True,0,True,filesystem,7,EXCLUDED,external_dependency_risk:filesystem,,,,,,,,1,2,0,,,,,,,,,EXCLUDED,semantic,external_dependency_risk:filesystem,2.108,/Users/dungng/FPT/Ki 9/SET490/ARROW-paper/ARROW/runs/sample_selection/distributed/shard-0/candidates/01581_14105280_14105280_122
1586,6358188,6358188_1122.json,https://github.com/apache/druid,HllSketchMergeAggregatorFactory,extensions-core/datasketches/src/main/java/org/apache/druid/query/aggregation/datasketches/hll/HllSketchMergeAggregatorFactory.java,production,class,False,181,getMergingFactory,16,@Override public,True,True,5,False,,8,ELIGIBLE,,maven,extensions-core/datasketches,junit5,25,/opt/homebrew/Cellar/openjdk@17/17.0.19/libexec/openjdk.jdk/Contents/Home,JDK 25 not mapped; using build.java_default,,1,2,1,COMPILE_FAILED,,,org.apache.druid.query.aggregation.datasketches.hll.HllSketchMergeAggregatorFactory,,,,,EXCLUDED,baseline,[error] failed to execute goal org.apache.maven.plugins:maven-compiler-plugin:<n>.14.1:compile (default-compile) on project druid-processing: fatal error compiling: error: release version 25 not supported -> [help 1],101.604,/Users/dungng/FPT/Ki 9/SET490/ARROW-paper/ARROW/runs/sample_selection/distributed/shard-0/candidates/01586_6358188_6358188_1122
1591,102596286,102596286_101.json,https://github.com/ocopea/orcs,HashCodeUtil,util/common-util/src/main/java/com/emc/ocopea/util/HashCodeUtil.java,production,class,False,79,hash,3,public static,True,True,0,False,,10,ELIGIBLE,,maven,util/common-util,junit4,8,/Users/dungng/FPT/Ki 9/SET490/ARROW-paper/ARROW/Java-version/java-8/Contents/Home,matched build.java_homes.java-8,,1,2,2,MODULE_TESTS_PASSED|MODULE_TESTS_PASSED,True,1,com.emc.ocopea.util.HashCodeUtil,True,TARGET_TEST_PASSED,MODULE_TESTS_PASSED,MODULE_TESTS_PASSED,ELIGIBLE,,,20.565,/Users/dungng/FPT/Ki 9/SET490/ARROW-paper/ARROW/runs/sample_selection/distributed/shard-0/candidates/01591_102596286_102596286_101
1596,194776722,194776722_15.json,https://github.com/8802/8802_ftc_app,MecanumUtil,TeamCode/src/main/java/org/firstinspires/ftc/teamcode/robot/mecanum/MecanumUtil.java,production,class,False,47,powersFromAngle,11,public static,False,True,0,False,,8,ELIGIBLE,,gradle,TeamCode,junit5,unknown,/Users/dungng/FPT/Ki 9/SET490/ARROW-paper/ARROW/Java-version/java-11/Contents/Home,Gradle 5.4.1 requires compatible JDK 11; matched build.java_homes.java-11,,1,2,1,ASSERTION_FAILED,,,org.firstinspires.ftc.teamcode.robot.mecanum.MecanumUtil,,,,,EXCLUDED,baseline,failure: build failed with an exception.,59.569,/Users/dungng/FPT/Ki 9/SET490/ARROW-paper/ARROW/runs/sample_selection/distributed/shard-0/candidates/01596_194776722_194776722_15
1601,26036945,26036945_0.json,https://github.com/raycoarana/roborouter,RoboRouter,library/src/main/java/com/raycoarana/roborouter/RoboRouter.java,production,class,False,213,getInstance,6,public static,True,True,2,True,framework_context,9,EXCLUDED,external_dependency_risk:framework_context,,,,,,,,1,2,0,,,,,,,,,EXCLUDED,semantic,external_dependency_risk:framework_context,1.457,/Users/dungng/FPT/Ki 9/SET490/ARROW-paper/ARROW/runs/sample_selection/distributed/shard-0/candidates/01601_26036945_26036945_0
1606,127471055,127471055_122.json,https://github.com/printezisn/spring-boot-microservices-starter,MovieController,MovieService/src/main/java/com/printezisn/moviestore/movieservice/movie/controllers/MovieController.java,production,class,False,206,deleteMovie,10,"@GetMapping(""/movie/delete/{id}"") public",True,True,0,False,,9,ELIGIBLE,,gradle,MovieService,junit4,11,/Users/dungng/FPT/Ki 9/SET490/ARROW-paper/ARROW/Java-version/java-11/Contents/Home,matched build.java_homes.java-11,,1,2,2,MODULE_TESTS_PASSED|MODULE_TESTS_PASSED,True,0,com.printezisn.moviestore.movieservice.movie.controllers.MovieController,True,TARGET_TEST_PASSED,MODULE_TESTS_PASSED,MODULE_TESTS_PASSED,ELIGIBLE,,,49.946,/Users/dungng/FPT/Ki 9/SET490/ARROW-paper/ARROW/runs/sample_selection/distributed/shard-0/candidates/01606_127471055_127471055_122
1611,77196845,77196845_0.json,https://github.com/shunfei/indexr,SQLLike,indexr-common/src/main/java/io/indexr/util/SQLLike.java,production,class,False,83,match,3,public static,False,True,0,False,,7,ELIGIBLE,,maven,indexr-common,junit4,8,/Users/dungng/FPT/Ki 9/SET490/ARROW-paper/ARROW/Java-version/java-8/Contents/Home,matched build.java_homes.java-8,,1,2,1,COMPILE_FAILED,,,io.indexr.util.SQLLike,,,,,EXCLUDED,baseline,org.xerial.snappy.snappyerror: [failed_to_load_native_library] no native library is found for os.name=mac and os.arch=aarch64,7.335,/Users/dungng/FPT/Ki 9/SET490/ARROW-paper/ARROW/runs/sample_selection/distributed/shard-0/candidates/01611_77196845_77196845_0
1616,4671935,4671935_55.json,https://github.com/platypii/BASElineFlightComputer,Convert,common/src/main/java/com/platypii/baseline/util/Convert.java,production,class,False,404,glide,20,@NonNull public static,True,True,0,False,,10,ELIGIBLE,,gradle,common,junit4,1,/Users/dungng/FPT/Ki 9/SET490/ARROW-paper/ARROW/Java-version/java-8/Contents/Home,using compatible JDK 8 from build.java_homes.java-8 for Java 1,,1,2,1,ASSERTION_FAILED,,,com.platypii.baseline.util.Convert,,,,,EXCLUDED,baseline,failure: build failed with an exception.,70.450,/Users/dungng/FPT/Ki 9/SET490/ARROW-paper/ARROW/runs/sample_selection/distributed/shard-0/candidates/01616_4671935_4671935_55
1621,136324618,136324618_10.json,https://github.com/sagap/sonar-solidity,SolidityParsingPhase,solidity-frontend/src/main/java/org/sonarsource/solidity/frontend/SolidityParsingPhase.java,production,class,False,65,parse,11,public,False,True,0,False,,8,ELIGIBLE,,maven,solidity-frontend,junit4,${jdk.min.version},/opt/homebrew/Cellar/openjdk@17/17.0.19/libexec/openjdk.jdk/Contents/Home,JDK ${jdk.min.version} not mapped; using build.java_default,,1,2,2,MODULE_TESTS_PASSED|MODULE_TESTS_PASSED,True,0,org.sonarsource.solidity.frontend.SolidityParsingPhase,True,TARGET_TEST_PASSED,MODULE_TESTS_PASSED,MODULE_TESTS_PASSED,ELIGIBLE,,,13.233,/Users/dungng/FPT/Ki 9/SET490/ARROW-paper/ARROW/runs/sample_selection/distributed/shard-0/candidates/01621_136324618_136324618_10
1626,9090323,9090323_0.json,https://github.com/lisaglendenning/zookeeper-lite,ZNodePath,zkcore/src/main/java/edu/uw/zookeeper/data/ZNodePath.java,production,class,True,176,canonicalize,70,public static,True,True,1,False,,10,EXCLUDED,non_concrete:class:abstract,,,,,,,,1,2,0,,,,,,,,,EXCLUDED,semantic,non_concrete:class:abstract,1.726,/Users/dungng/FPT/Ki 9/SET490/ARROW-paper/ARROW/runs/sample_selection/distributed/shard-0/candidates/01626_9090323_9090323_0
1631,26262349,26262349_18.json,https://github.com/mapsforge/mapsforge,MapViewPosition,mapsforge-map/src/main/java/org/mapsforge/map/model/MapViewPosition.java,production,,,,zoomIn,4,@Override public,False,False,,,,,EXCLUDED,no_observable_behavior,,,,,,,,,2,0,,,,,,,,,EXCLUDED,semantic_metadata,no_observable_behavior,0.003,/Users/dungng/FPT/Ki 9/SET490/ARROW-paper/ARROW/runs/sample_selection/distributed/shard-0/candidates/01631_26262349_26262349_18
1636,4265955,4265955_10.json,https://github.com/rmarianski/geoserver-exts,CSVDataStoreFactory,csv/src/main/java/org/opengeo/data/csv/CSVDataStoreFactory.java,production,class,False,116,createDataStore,6,@Override public,False,True,0,True,filesystem,7,EXCLUDED,external_dependency_risk:filesystem,,,,,,,,1,2,0,,,,,,,,,EXCLUDED,semantic,external_dependency_risk:filesystem,3.248,/Users/dungng/FPT/Ki 9/SET490/ARROW-paper/ARROW/runs/sample_selection/distributed/shard-0/candidates/01636_4265955_4265955_10
1641,7762720,7762720_9.json,https://github.com/compbio-UofT/medsavant,VCFReader,jannovar/src/main/java/jannovar/io/VCFReader.java,production,,,,getSampleNames,1,public,False,True,,,,,EXCLUDED,trivial_focal_method,,,,,,,,,2,0,,,,,,,,,EXCLUDED,semantic_metadata,trivial_focal_method,0.001,/Users/dungng/FPT/Ki 9/SET490/ARROW-paper/ARROW/runs/sample_selection/distributed/shard-0/candidates/01641_7762720_7762720_9
1646,84427866,84427866_1.json,https://github.com/chaokunyang/microservices-event-sourcing,ShoppingCartServiceV1,shopping-cart-service/src/main/java/com/timeyang/api/v1/ShoppingCartServiceV1.java,production,class,False,188,checkOut,49,public,True,True,0,True,network,9,EXCLUDED,external_dependency_risk:network,,,,,,,,1,2,0,,,,,,,,,EXCLUDED,semantic,external_dependency_risk:network,2.539,/Users/dungng/FPT/Ki 9/SET490/ARROW-paper/ARROW/runs/sample_selection/distributed/shard-0/candidates/01646_84427866_84427866_1
1651,127518477,127518477_2.json,https://github.com/myoss-cloud/myoss-starter-projects,ExecutorEngine,myoss-starter-core/src/main/java/app/myoss/cloud/core/lang/concurrent/ExecutorEngine.java,production,class,False,327,execute,14,"@SuppressWarnings(""unchecked"") public",True,True,1,False,,9,ELIGIBLE,,maven,myoss-starter-core,junit4,unknown,/opt/homebrew/Cellar/openjdk@17/17.0.19/libexec/openjdk.jdk/Contents/Home,no project java version detected; using build.java_default,,1,2,1,COMPILE_FAILED,,,app.myoss.cloud.core.lang.concurrent.ExecutorEngine,,,,,EXCLUDED,baseline,[warning] error during type resolution of field 'json_object_type_reference' in class app.myoss.cloud.core.utils.jacksonmapper due to: java.lang.noclassdeffounderror: com<path>,19.872,/Users/dungng/FPT/Ki 9/SET490/ARROW-paper/ARROW/runs/sample_selection/distributed/shard-0/candidates/01651_127518477_127518477_2
1656,156416177,156416177_128.json,https://github.com/eclipse/keyple-java,CalypsoPo,java/component/keyple-calypso/src/main/java/org/eclipse/keyple/calypso/transaction/CalypsoPo.java,production,,,,getAtr,3,public final,False,True,,,,,EXCLUDED,trivial_focal_method,,,,,,,,,2,0,,,,,,,,,EXCLUDED,semantic_metadata,trivial_focal_method,0.001,/Users/dungng/FPT/Ki 9/SET490/ARROW-paper/ARROW/runs/sample_selection/distributed/shard-0/candidates/01656_156416177_156416177_128
1661,10306448,10306448_0.json,https://github.com/linq/epublib,NCXDocument,epublib-core/src/main/java/nl/siegmann/epublib/epub/NCXDocument.java,production,,,,read,20,public static,True,True,,,,,ELIGIBLE,,,,,,,,,,2,0,,,,,,,,,EXCLUDED,setup,"RuntimeError: Repository setup failed after 3 attempts: CalledProcessError: Command '['git', '-c', 'core.longpaths=true', 'clone', '--depth', '1', 'https://github.com/linq/epublib', '/Users/dungng/FPT/Ki 9/SET490/ARROW-paper/ARROW/repos/10306448']' returned non-zero exit status 128.",8.368,/Users/dungng/FPT/Ki 9/SET490/ARROW-paper/ARROW/runs/sample_selection/distributed/shard-0/candidates/01661_10306448_10306448_0
1666,35627039,35627039_63.json,https://github.com/hortonworks/streamline,NotifierInfoCatalogResource,streams/service/src/main/java/com/hortonworks/streamline/streams/service/NotifierInfoCatalogResource.java,production,class,False,240,getNotifierById,16,"@GET @Path(""/notifiers/{id}"") @Timed public",True,True,3,False,,9,ELIGIBLE,,maven,streams/service,junit4,8,/Users/dungng/FPT/Ki 9/SET490/ARROW-paper/ARROW/Java-version/java-8/Contents/Home,matched build.java_homes.java-8,,1,2,1,ASSERTION_FAILED,,,com.hortonworks.streamline.streams.service.NotifierInfoCatalogResource,,,,,EXCLUDED,baseline,[info] common 0.6.0-snapshot .............................. failure [ 15.848 s],27.867,/Users/dungng/FPT/Ki 9/SET490/ARROW-paper/ARROW/runs/sample_selection/distributed/shard-0/candidates/01666_35627039_35627039_63
1671,186556620,186556620_10.json,https://github.com/RazvanSimion/jhipster-kubernetes-istio,WebConfigurer,meeting/src/main/java/ro/trc/office/meeting/config/WebConfigurer.java,production,,,,customize,4,@Override public,False,False,,,,,EXCLUDED,no_observable_behavior,,,,,,,,,2,0,,,,,,,,,EXCLUDED,semantic_metadata,no_observable_behavior,0.001,/Users/dungng/FPT/Ki 9/SET490/ARROW-paper/ARROW/runs/sample_selection/distributed/shard-0/candidates/01671_186556620_186556620_10
1676,112332641,112332641_0.json,https://github.com/hashmapinc/HashmapAnalyticsFramework,UserController,identity-service/src/main/java/com/hashmapinc/haf/controllers/UserController.java,production,class,False,311,delete,11,"@PreAuthorize(""#oauth2.hasAnyScope('server', 'ui')"") @RequestMapping(value = ""/{userId}"", method = RequestMethod.DELETE) @ResponseStatus(value = HttpStatus.OK) @ResponseBody public",True,True,0,True,database,8,EXCLUDED,external_dependency_risk:database,,,,,,,,1,2,0,,,,,,,,,EXCLUDED,semantic,external_dependency_risk:database,2.704,/Users/dungng/FPT/Ki 9/SET490/ARROW-paper/ARROW/runs/sample_selection/distributed/shard-0/candidates/01676_112332641_112332641_0
1681,13590591,13590591_36.json,https://github.com/Hive2Hive/Hive2Hive,HashUtil,org.hive2hive.core/src/main/java/org/hive2hive/core/security/HashUtil.java,production,class,False,119,hash,10,public static,True,True,0,True,filesystem,9,EXCLUDED,external_dependency_risk:filesystem,,,,,,,,1,2,0,,,,,,,,,EXCLUDED,semantic,external_dependency_risk:filesystem,1.731,/Users/dungng/FPT/Ki 9/SET490/ARROW-paper/ARROW/runs/sample_selection/distributed/shard-0/candidates/01681_13590591_13590591_36
1686,63377572,63377572_3.json,https://github.com/engagingspaces/vertx-graphql-service-discovery,PartialPublishException,graphql-service-publisher/src/main/java/io/engagingspaces/graphql/servicediscovery/publisher/PartialPublishException.java,production,,,,getPublicationErrors,3,public,False,True,,,,,EXCLUDED,trivial_focal_method,,,,,,,,,2,0,,,,,,,,,EXCLUDED,semantic_metadata,trivial_focal_method,0.001,/Users/dungng/FPT/Ki 9/SET490/ARROW-paper/ARROW/runs/sample_selection/distributed/shard-0/candidates/01686_63377572_63377572_3
1691,6867673,6867673_122.json,https://github.com/jadler-mocking/jadler,JadlerMocker,jadler-core/src/main/java/net/jadler/JadlerMocker.java,production,class,False,446,numberOfRequestsMatching,16,@Deprecated @Override public,True,True,1,False,,9,ELIGIBLE,,maven,jadler-core,junit4,11,/Users/dungng/FPT/Ki 9/SET490/ARROW-paper/ARROW/Java-version/java-11/Contents/Home,matched build.java_homes.java-11,,1,2,2,MODULE_TESTS_PASSED|MODULE_TESTS_PASSED,True,0,net.jadler.JadlerMocker,True,TARGET_TEST_PASSED,MODULE_TESTS_PASSED,MODULE_TESTS_PASSED,ELIGIBLE,,,17.967,/Users/dungng/FPT/Ki 9/SET490/ARROW-paper/ARROW/runs/sample_selection/distributed/shard-0/candidates/01691_6867673_6867673_122
1696,85239682,85239682_66.json,https://github.com/FortnoxAB/reactive-wizard,ConfigReader,config/src/main/java/se/fortnox/reactivewizard/config/ConfigReader.java,production,class,False,111,fromFile,7,public static,True,True,0,True,filesystem,8,EXCLUDED,external_dependency_risk:filesystem,,,,,,,,1,2,0,,,,,,,,,EXCLUDED,semantic,external_dependency_risk:filesystem,1.848,/Users/dungng/FPT/Ki 9/SET490/ARROW-paper/ARROW/runs/sample_selection/distributed/shard-0/candidates/01696_85239682_85239682_66
1701,35592576,35592576_99.json,https://github.com/fuinorg/event-store-commons,EscSpiUtils,spi/src/main/java/org/fuin/esc/spi/EscSpiUtils.java,production,class,False,211,joinJsonbSerializerArrays,4,public static,True,True,0,False,,9,ELIGIBLE,,maven,spi,junit5,unknown,/opt/homebrew/Cellar/openjdk@17/17.0.19/libexec/openjdk.jdk/Contents/Home,no project java version detected; using build.java_default,,1,2,2,MODULE_TESTS_PASSED|MODULE_TESTS_PASSED,True,0,org.fuin.esc.spi.EscSpiUtils,True,TARGET_TEST_PASSED,MODULE_TESTS_PASSED,MODULE_TESTS_PASSED,ELIGIBLE,,,47.297,/Users/dungng/FPT/Ki 9/SET490/ARROW-paper/ARROW/runs/sample_selection/distributed/shard-0/candidates/01701_35592576_35592576_99
1706,136723677,136723677_3.json,https://github.com/zhangjianhao/RemoteControler,CmdDaoImpl,controllerserver/src/main/java/com/zjianhao/dao/impl/CmdDaoImpl.java,production,,,,insert,7,@Override public,True,False,,,,,EXCLUDED,no_observable_behavior,,,,,,,,,2,0,,,,,,,,,EXCLUDED,semantic_metadata,no_observable_behavior,0.001,/Users/dungng/FPT/Ki 9/SET490/ARROW-paper/ARROW/runs/sample_selection/distributed/shard-0/candidates/01706_136723677_136723677_3
1711,56678404,56678404_32.json,https://github.com/autyzm-pg/friendly-plans,PlanValidation,Friendly-plans/app/src/main/java/pg/autyzm/friendly_plans/manager_app/validation/PlanValidation.java,production,class,False,45,isUpdateNameValid,11,public,True,True,2,True,database,9,EXCLUDED,external_dependency_risk:database,,,,,,,,1,2,0,,,,,,,,,EXCLUDED,semantic,external_dependency_risk:database,1.876,/Users/dungng/FPT/Ki 9/SET490/ARROW-paper/ARROW/runs/sample_selection/distributed/shard-0/candidates/01711_56678404_56678404_32
1716,20893538,20893538_9.json,https://github.com/vmware/upgrade-framework,PersistenceContextHelper,upgrade-framework-core/src/main/java/com/vmware/upgrade/context/PersistenceContextHelper.java,production,class,False,97,getPersistenceContext,7,public,True,True,1,False,,9,ELIGIBLE,,maven,upgrade-framework-core,testng,11,/Users/dungng/FPT/Ki 9/SET490/ARROW-paper/ARROW/Java-version/java-11/Contents/Home,matched build.java_homes.java-11,,1,2,2,MODULE_TESTS_PASSED|MODULE_TESTS_PASSED,True,0,com.vmware.upgrade.context.PersistenceContextHelper,True,TEST_DISCOVERY_FAILED,,,EXCLUDED,probe_target,generated target test was not discovered,12.492,/Users/dungng/FPT/Ki 9/SET490/ARROW-paper/ARROW/runs/sample_selection/distributed/shard-0/candidates/01716_20893538_20893538_9
1721,5551767,5551767_0.json,https://github.com/confabulation/symbolic,Preprocessor,java_sentence_completion/src/preprocessor/Preprocessor.java,nonstandard,,,,main,20,public static,True,False,,,,,EXCLUDED,source_layout:nonstandard;no_observable_behavior,,,,,,,,,2,0,,,,,,,,,EXCLUDED,semantic_metadata,source_layout:nonstandard;no_observable_behavior,0.001,/Users/dungng/FPT/Ki 9/SET490/ARROW-paper/ARROW/runs/sample_selection/distributed/shard-0/candidates/01721_5551767_5551767_0
1726,61879415,61879415_81.json,https://github.com/bcvsolutions/CzechIdMng,RoleAccountManagementBulkAction,Realization/backend/acc/src/main/java/eu/bcvsolutions/idm/acc/bulk/action/impl/RoleAccountManagementBulkAction.java,production,,,,prevalidate,37,@Override public,True,True,,,,,ELIGIBLE,,,,,,,,,,2,0,,,,,,,,,EXCLUDED,setup,"RuntimeError: Repository setup failed after 3 attempts: CalledProcessError: Command '['git', '-c', 'core.longpaths=true', 'clone', '--depth', '1', 'https://github.com/bcvsolutions/CzechIdMng', '/Users/dungng/FPT/Ki 9/SET490/ARROW-paper/ARROW/repos/61879415']' returned non-zero exit status 128.",8.526,/Users/dungng/FPT/Ki 9/SET490/ARROW-paper/ARROW/runs/sample_selection/distributed/shard-0/candidates/01726_61879415_61879415_81
1731,103027757,103027757_15.json,https://github.com/kkmike999/YuiHatano,ShadowResources,YuiHatano/src/main/java/android/content/res/ShadowResources.java,production,,,,getString,3,public,False,True,,,,,EXCLUDED,trivial_focal_method,,,,,,,,,2,0,,,,,,,,,EXCLUDED,semantic_metadata,trivial_focal_method,0.001,/Users/dungng/FPT/Ki 9/SET490/ARROW-paper/ARROW/runs/sample_selection/distributed/shard-0/candidates/01731_103027757_103027757_15
1736,5258499,5258499_0.json,https://github.com/SSilence/scotty,DefaultRequestTransformer,scotty-transporter/src/main/java/scotty/transformer/impl/DefaultRequestTransformer.java,production,class,False,67,merge,6,public static,False,True,1,False,,8,ELIGIBLE,,maven,scotty-transporter,junit4,6,/Users/dungng/FPT/Ki 9/SET490/ARROW-paper/ARROW/Java-version/java-8/Contents/Home,using compatible JDK 8 from build.java_homes.java-8 for Java 6,,1,2,2,MODULE_TESTS_PASSED|MODULE_TESTS_PASSED,True,1,scotty.transformer.impl.DefaultRequestTransformer,True,TARGET_TEST_PASSED,MODULE_TESTS_PASSED,MODULE_TESTS_PASSED,ELIGIBLE,,,13.480,/Users/dungng/FPT/Ki 9/SET490/ARROW-paper/ARROW/runs/sample_selection/distributed/shard-0/candidates/01736_5258499_5258499_0
1741,1164965,1164965_92.json,https://github.com/ocpsoft/prettyfaces,PrettyConfig,impl-jsf11/src/main/java/com/ocpsoft/pretty/config/PrettyConfig.java,production,class,False,103,getMappingById,18,public,True,True,0,False,,10,ELIGIBLE,,maven,impl-jsf11,junit4,5,/Users/dungng/FPT/Ki 9/SET490/ARROW-paper/ARROW/Java-version/java-8/Contents/Home,using compatible JDK 8 from build.java_homes.java-8 for Java 5,,1,2,2,MODULE_TESTS_PASSED|MODULE_TESTS_PASSED,True,0,com.ocpsoft.pretty.config.PrettyConfig,True,TARGET_TEST_PASSED,MODULE_TESTS_PASSED,MODULE_TESTS_PASSED,ELIGIBLE,,,13.030,/Users/dungng/FPT/Ki 9/SET490/ARROW-paper/ARROW/runs/sample_selection/distributed/shard-0/candidates/01741_1164965_1164965_92
1746,34813674,34813674_12.json,https://github.com/damorimRG/practical_testing_book_demos,trityp,4-mutation-pit/triangle/src/main/java/geometry/trityp.java,production,class,False,56,type,46,public static,True,True,0,False,,10,ELIGIBLE,,gradle,4-mutation-pit/triangle,junit4,unknown,/opt/homebrew/Cellar/openjdk@17/17.0.19/libexec/openjdk.jdk/Contents/Home,no project java version detected; using build.java_default,045e9873dee94246c74ca4297d3020c96d22d6be,1,2,1,ASSERTION_FAILED,,,geometry.trityp,,,,,EXCLUDED,baseline,failure: build failed with an exception.,21.773,/Users/dungng/FPT/Ki 9/SET490/ARROW-paper/ARROW/runs/sample_selection/distributed/shard-0/candidates/01746_34813674_34813674_12
1751,219454065,219454065_3.json,https://github.com/galleog/piggymetrics-k8s,Enum,pgm-core/src/main/java/com/github/galleog/piggymetrics/core/enums/Enum.java,production,class,True,190,values,5,"@SuppressWarnings(""unchecked"") public static",True,True,1,False,,9,EXCLUDED,non_concrete:class:abstract,,,,,,,,1,2,0,,,,,,,,,EXCLUDED,semantic,non_concrete:class:abstract,1.976,/Users/dungng/FPT/Ki 9/SET490/ARROW-paper/ARROW/runs/sample_selection/distributed/shard-0/candidates/01751_219454065_219454065_3
1756,69660791,69660791_3.json,https://github.com/meanmail/java_base,Main,section541/lesson12781/step58088/src/Main.java,nonstandard,,,,findMinMax,6,public static,True,False,,,,,EXCLUDED,source_layout:nonstandard;no_observable_behavior,,,,,,,,,2,0,,,,,,,,,EXCLUDED,semantic_metadata,source_layout:nonstandard;no_observable_behavior,0.001,/Users/dungng/FPT/Ki 9/SET490/ARROW-paper/ARROW/runs/sample_selection/distributed/shard-0/candidates/01756_69660791_69660791_3
1761,20433978,20433978_0.json,https://github.com/xtreemfs/babudb,RandomGenerator,java/babudb-core/src/main/java/org/xtreemfs/babudb/sandbox/RandomGenerator.java,production,class,False,497,initialize,43,public,True,True,0,True,nondeterminism,9,EXCLUDED,external_dependency_risk:nondeterminism,,,,,,,,1,2,0,,,,,,,,,EXCLUDED,semantic,external_dependency_risk:nondeterminism,1.927,/Users/dungng/FPT/Ki 9/SET490/ARROW-paper/ARROW/runs/sample_selection/distributed/shard-0/candidates/01761_20433978_20433978_0
1766,155618699,155618699_132.json,https://github.com/redskap/swagger-brake,ArtifactDownloaderHandler,swagger-brake/src/main/java/io/redskap/swagger/brake/runner/download/ArtifactDownloaderHandler.java,production,class,False,66,handle,23,public,True,True,0,True,filesystem,8,EXCLUDED,external_dependency_risk:filesystem,,,,,,,c1cc2444a084874bd30744348e232525015f3fd9,1,2,0,,,,,,,,,EXCLUDED,semantic,external_dependency_risk:filesystem,5.111,/Users/dungng/FPT/Ki 9/SET490/ARROW-paper/ARROW/runs/sample_selection/distributed/shard-0/candidates/01766_155618699_155618699_132
1771,104398040,104398040_192.json,https://github.com/paypal/butterfly,PomGetParent,butterfly-utilities/src/main/java/com/paypal/butterfly/utilities/pom/PomGetParent.java,production,,,,getDescription,4,@Override public,False,True,,,,,EXCLUDED,trivial_focal_method,,,,,,,,,2,0,,,,,,,,,EXCLUDED,semantic_metadata,trivial_focal_method,0.001,/Users/dungng/FPT/Ki 9/SET490/ARROW-paper/ARROW/runs/sample_selection/distributed/shard-0/candidates/01771_104398040_104398040_192
1776,4805389,4805389_0.json,https://github.com/spring-projects/eclipse-integration-gradle,Person,org.springsource.ide.eclipse.gradle.core/samples/flat-java-multiproject/my-lib/src/main/java/org/gradle/Person.java,production,,,,getName,3,public,False,True,,,,,EXCLUDED,trivial_focal_method,,,,,,,,,2,0,,,,,,,,,EXCLUDED,semantic_metadata,trivial_focal_method,0.000,/Users/dungng/FPT/Ki 9/SET490/ARROW-paper/ARROW/runs/sample_selection/distributed/shard-0/candidates/01776_4805389_4805389_0
1781,6627230,6627230_1.json,https://github.com/unidal/frameworks,JavaFragmentEngine,java-fragment/src/main/java/org/unidal/script/java/JavaFragmentEngine.java,production,class,False,54,eval,5,@Override public,False,True,1,False,,7,ELIGIBLE,,maven,java-fragment,junit4,unknown,/opt/homebrew/Cellar/openjdk@17/17.0.19/libexec/openjdk.jdk/Contents/Home,no project java version detected; using build.java_default,,1,2,1,ASSERTION_FAILED,,,org.unidal.script.java.JavaFragmentEngine,,,,,EXCLUDED,baseline,[info] java fragment script engine ........................ failure [ 1.684 s],4.583,/Users/dungng/FPT/Ki 9/SET490/ARROW-paper/ARROW/runs/sample_selection/distributed/shard-0/candidates/01781_6627230_6627230_1
1786,200980523,200980523_132.json,https://github.com/jolice/MinecraftNetwork,PreferencesRepository,System/src/main/java/com/github/jolice/system/preferences/PreferencesRepository.java,production,,,,findBy,3,public,False,True,,,,,ELIGIBLE,,,,,,,,,1,2,0,,,,,,,,,EXCLUDED,setup,FileNotFoundError: Cannot resolve focal class path: System/src/main/java/com/github/jolice/system/preferences/PreferencesRepository.java,3.268,/Users/dungng/FPT/Ki 9/SET490/ARROW-paper/ARROW/runs/sample_selection/distributed/shard-0/candidates/01786_200980523_200980523_132
1791,16900555,16900555_16.json,https://github.com/UESTC-ACM/CDOJ,ZipDataChecker,trunk/src/main/java/cn/edu/uestc/acmicpc/util/checker/ZipDataChecker.java,production,class,False,72,check,37,@Override public,True,True,0,True,filesystem,8,EXCLUDED,external_dependency_risk:filesystem,,,,,,,,1,2,0,,,,,,,,,EXCLUDED,semantic,external_dependency_risk:filesystem,3.665,/Users/dungng/FPT/Ki 9/SET490/ARROW-paper/ARROW/runs/sample_selection/distributed/shard-0/candidates/01791_16900555_16900555_16
1796,9617158,9617158_9.json,https://github.com/DNSBelgium/rdap,CIDR,core/src/main/java/be/dnsbelgium/core/CIDR.java,production,class,False,73,of,21,public static,True,True,2,False,,10,ELIGIBLE,,gradle,.,junit4,17,/opt/homebrew/Cellar/openjdk@17/17.0.19/libexec/openjdk.jdk/Contents/Home,matched build.java_homes.java-17,,1,2,2,MODULE_TESTS_PASSED|MODULE_TESTS_PASSED,True,0,be.dnsbelgium.core.CIDR,True,TEST_DISCOVERY_FAILED,,,EXCLUDED,probe_target,test discovery failed,43.695,/Users/dungng/FPT/Ki 9/SET490/ARROW-paper/ARROW/runs/sample_selection/distributed/shard-0/candidates/01796_9617158_9617158_9
1801,150573009,150573009_1.json,https://github.com/GSTNIndia/HBase-To-Hive,JsonAdapter,HBaseToHive/src/main/java/org/gstn/hbasetohive/adapter/JsonAdapter.java,production,class,False,259,flattenJson,19,public static,True,True,0,False,,9,ELIGIBLE,,maven,HBaseToHive,junit4,8,/Users/dungng/FPT/Ki 9/SET490/ARROW-paper/ARROW/Java-version/java-8/Contents/Home,matched build.java_homes.java-8,,1,2,1,ASSERTION_FAILED,,,org.gstn.hbasetohive.adapter.JsonAdapter,,,,,EXCLUDED,baseline,[info] schemaexplorer ..................................... failure [ 1.340 s],3.678,/Users/dungng/FPT/Ki 9/SET490/ARROW-paper/ARROW/runs/sample_selection/distributed/shard-0/candidates/01801_150573009_150573009_1
1806,5674787,5674787_289.json,https://github.com/SonarSource/sonar-java,CFG,java-frontend/src/main/java/org/sonar/java/cfg/CFG.java,production,class,False,1211,buildCFG,3,public static,True,True,3,False,,9,ELIGIBLE,,maven,java-frontend,junit5,unknown,/opt/homebrew/Cellar/openjdk@17/17.0.19/libexec/openjdk.jdk/Contents/Home,no project java version detected; using build.java_default,,1,2,1,COMPILE_FAILED,,,org.sonar.java.cfg.CFG,,,,,EXCLUDED,baseline,java.lang.assertionerror:,32.254,/Users/dungng/FPT/Ki 9/SET490/ARROW-paper/ARROW/runs/sample_selection/distributed/shard-0/candidates/01806_5674787_5674787_289
1811,72580689,72580689_10.json,https://github.com/facebook/TextLayoutBuilder,TextLayoutBuilder,library/src/main/java/com/facebook/fbui/textlayoutbuilder/TextLayoutBuilder.java,production,class,False,1082,setLinkColor,8,public,True,True,0,False,,9,ELIGIBLE,,gradle,library,junit4,unknown,/Users/dungng/FPT/Ki 9/SET490/ARROW-paper/ARROW/Java-version/java-8/Contents/Home,Gradle 4.10.1 requires compatible JDK 8; matched build.java_homes.java-8,33d5be7fb8dd8049c0f248a18f8fbeff3e7f6200,1,2,1,ASSERTION_FAILED,,,com.facebook.fbui.textlayoutbuilder.TextLayoutBuilder,,,,,EXCLUDED,baseline,failure: build failed with an exception.,22.671,/Users/dungng/FPT/Ki 9/SET490/ARROW-paper/ARROW/runs/sample_selection/distributed/shard-0/candidates/01811_72580689_72580689_10
1816,992971,992971_0.json,https://github.com/seam/catch,ExceptionStack,api/src/main/java/org/jboss/seam/exception/control/ExceptionStack.java,production,,,,getCauseElements,3,public,False,True,,,,,EXCLUDED,trivial_focal_method,,,,,,,,,2,0,,,,,,,,,EXCLUDED,semantic_metadata,trivial_focal_method,0.001,/Users/dungng/FPT/Ki 9/SET490/ARROW-paper/ARROW/runs/sample_selection/distributed/shard-0/candidates/01816_992971_992971_0
1821,261970003,261970003_2.json,https://github.com/WeBankFinTech/Schedulis,DatabaseOperator,azkaban-db/src/main/java/azkaban/db/DatabaseOperator.java,production,class,False,159,query,14,public,True,True,1,True,database,8,EXCLUDED,external_dependency_risk:database,,,,,,,,1,2,0,,,,,,,,,EXCLUDED,semantic,external_dependency_risk:database,55.321,/Users/dungng/FPT/Ki 9/SET490/ARROW-paper/ARROW/runs/sample_selection/distributed/shard-0/candidates/01821_261970003_261970003_2
1826,15472368,15472368_1.json,https://github.com/deephacks/logbuffers,RollingRanges,core/src/main/java/org/deephacks/logbuffers/RollingRanges.java,production,class,False,219,hourly,3,public static,False,True,2,False,,8,ELIGIBLE,,maven,core,junit4,8,/Users/dungng/FPT/Ki 9/SET490/ARROW-paper/ARROW/Java-version/java-8/Contents/Home,matched build.java_homes.java-8,,1,2,1,COMPILE_FAILED,,,org.deephacks.logbuffers.RollingRanges,,,,,EXCLUDED,baseline,"[error] <path> 9<path>:[line,col] error: package javafx.util does not exist",6.240,/Users/dungng/FPT/Ki 9/SET490/ARROW-paper/ARROW/runs/sample_selection/distributed/shard-0/candidates/01826_15472368_15472368_1
1831,81002077,81002077_113.json,https://github.com/cadenzauk/siesta,Lazy,siesta/src/main/java/com/cadenzauk/core/util/Lazy.java,production,class,False,92,get,3,public,False,True,1,False,,8,ELIGIBLE,,gradle,siesta,junit5,17,/opt/homebrew/Cellar/openjdk@17/17.0.19/libexec/openjdk.jdk/Contents/Home,matched build.java_homes.java-17,,1,2,1,ASSERTION_FAILED,,,com.cadenzauk.core.util.Lazy,,,,,EXCLUDED,baseline,"failure:java.lang.assertionerror:java.lang.assertionerror: expected: is ""select invoice.id as invoice_id from ap.invoice invoice where invoice.id = ? selectivity 0.000100"" but: was ""select invoice.id as invoice_id from ap.invoice invoice where invoice.id = ? selectivity 0,000100""",56.906,/Users/dungng/FPT/Ki 9/SET490/ARROW-paper/ARROW/runs/sample_selection/distributed/shard-0/candidates/01831_81002077_81002077_113
1836,15695680,15695680_0.json,https://github.com/dzh/jframe,VarProperties,jframe/jframe-launcher/src/main/java/jframe/launcher/util/VarProperties.java,production,,,,VarProperties,3,public,False,False,,,,,EXCLUDED,no_observable_behavior,,,,,,,,,2,0,,,,,,,,,EXCLUDED,semantic_metadata,no_observable_behavior,0.001,/Users/dungng/FPT/Ki 9/SET490/ARROW-paper/ARROW/runs/sample_selection/distributed/shard-0/candidates/01836_15695680_15695680_0
1841,11254311,11254311_856.json,https://github.com/cmri/bc-hadoop2.0,HttpFSServer,hadoop-2.0.0-cdh4.3.0/src/hadoop-hdfs-project/hadoop-hdfs-httpfs/src/main/java/org/apache/hadoop/fs/http/server/HttpFSServer.java,production,class,False,573,get,96,"@GET @Path(""{path:.*}"") @Produces({MediaType.APPLICATION_OCTET_STREAM, MediaType.APPLICATION_JSON}) public",True,True,0,False,,8,ELIGIBLE,,maven,hadoop-2.0.0-cdh4.3.0/src/hadoop-hdfs-project/hadoop-hdfs-httpfs,junit4,${maven.compile.source},/opt/homebrew/Cellar/openjdk@17/17.0.19/libexec/openjdk.jdk/Contents/Home,JDK ${maven.compile.source} not mapped; using build.java_default,,1,2,1,COMPILE_FAILED,,,org.apache.hadoop.fs.http.server.HttpFSServer,,,,,EXCLUDED,baseline,[error] error: source option 6 is no longer supported. use 7 or later.,58.749,/Users/dungng/FPT/Ki 9/SET490/ARROW-paper/ARROW/runs/sample_selection/distributed/shard-0/candidates/01841_11254311_11254311_856
1846,134143184,134143184_410.json,https://github.com/nordic-institute/X-Road,OrphanRemovalService,src/proxy-ui-api/src/main/java/org/niis/xroad/restapi/service/OrphanRemovalService.java,production,class,False,214,isOrphanKey,15,,True,True,5,False,,8,ELIGIBLE,,gradle,src/proxy-ui-api,junit4,unknown,/opt/homebrew/Cellar/openjdk@17/17.0.19/libexec/openjdk.jdk/Contents/Home,no project java version detected; using build.java_default,3797692d4d30cec68e34f5ada3a7d3aa47805825,1,2,1,ASSERTION_FAILED,,,org.niis.xroad.restapi.service.OrphanRemovalService,,,,,EXCLUDED,baseline,failure: build failed with an exception.,169.498,/Users/dungng/FPT/Ki 9/SET490/ARROW-paper/ARROW/runs/sample_selection/distributed/shard-0/candidates/01846_134143184_134143184_410
1851,37817790,37817790_10.json,https://github.com/StylingAndroid/Prism,ArgbEvaluatorCompat,prism-viewpager/src/main/java/com/stylingandroid/prism/viewpager/compat/ArgbEvaluatorCompat.java,production,class,True,54,newInstance,3,public static,False,True,0,False,,8,EXCLUDED,non_concrete:class:abstract,,,,,,,,1,2,0,,,,,,,,,EXCLUDED,semantic,non_concrete:class:abstract,1.476,/Users/dungng/FPT/Ki 9/SET490/ARROW-paper/ARROW/runs/sample_selection/distributed/shard-0/candidates/01851_37817790_37817790_10
1856,14660359,14660359_1.json,https://github.com/liveperson/migdalor,BaseMigdalorHeader,header/header-api/src/main/java/com/liveperson/migdalor/header/dto/BaseMigdalorHeader.java,production,,,,getRevisionLengthInBytes,3,public,False,True,,,,,EXCLUDED,trivial_focal_method,,,,,,,,,2,0,,,,,,,,,EXCLUDED,semantic_metadata,trivial_focal_method,0.001,/Users/dungng/FPT/Ki 9/SET490/ARROW-paper/ARROW/runs/sample_selection/distributed/shard-0/candidates/01856_14660359_14660359_1
1861,64304762,64304762_1.json,https://github.com/PacktPublishing/Spring-MVC-Beginners-Guide-Second-Edition,ProductController,Appendix A/webstore/src/main/java/com/packt/webstore/controller/ProductController.java,production,class,False,118,getProductById,5,"@RequestMapping(""/product"") public",False,True,0,True,filesystem,6,EXCLUDED,external_dependency_risk:filesystem;testability_score_below_7,,,,,,,,1,2,0,,,,,,,,,EXCLUDED,semantic,external_dependency_risk:filesystem;testability_score_below_7,1.814,/Users/dungng/FPT/Ki 9/SET490/ARROW-paper/ARROW/runs/sample_selection/distributed/shard-0/candidates/01861_64304762_64304762_1
1866,79723681,79723681_0.json,https://github.com/networknt/light-rest-4j,OpenApiEndpointSource,openapi-meta/src/main/java/com/networknt/openapi/OpenApiEndpointSource.java,production,class,False,71,findBasePath,20,public,True,True,0,False,,10,ELIGIBLE,,maven,openapi-meta,junit5,25,/opt/homebrew/Cellar/openjdk@17/17.0.19/libexec/openjdk.jdk/Contents/Home,JDK 25 not mapped; using build.java_default,,1,2,1,COMPILE_FAILED,,,com.networknt.openapi.OpenApiEndpointSource,,,,,EXCLUDED,baseline,[error] failed to execute goal org.apache.maven.plugins:maven-compiler-plugin:<n>.8.0:compile (default-compile) on project openapi-config: fatal error compiling: error: release version 25 not supported -> [help 1],39.324,/Users/dungng/FPT/Ki 9/SET490/ARROW-paper/ARROW/runs/sample_selection/distributed/shard-0/candidates/01866_79723681_79723681_0
1871,45705189,45705189_0.json,https://github.com/grassrootza/grassroot-platform,GeoLocationUtils,grassroot-services/src/main/java/za/org/grassroot/services/geo/GeoLocationUtils.java,production,class,False,83,centralLocation,29,public static,True,True,0,False,,10,ELIGIBLE,,gradle,grassroot-services,junit4,8,/Users/dungng/FPT/Ki 9/SET490/ARROW-paper/ARROW/Java-version/java-8/Contents/Home,matched build.java_homes.java-8,,1,2,1,ASSERTION_FAILED,,,za.org.grassroot.services.geo.GeoLocationUtils,,,,,EXCLUDED,baseline,failure: build failed with an exception.,36.614,/Users/dungng/FPT/Ki 9/SET490/ARROW-paper/ARROW/runs/sample_selection/distributed/shard-0/candidates/01871_45705189_45705189_0
1876,27824737,27824737_0.json,https://github.com/sing-group/GC4S,MatrixUtils,gc4s/src/main/java/org/sing_group/gc4s/utilities/MatrixUtils.java,production,class,False,241,max,5,public static,False,True,0,False,,7,ELIGIBLE,,maven,gc4s,junit4,8,/Users/dungng/FPT/Ki 9/SET490/ARROW-paper/ARROW/Java-version/java-8/Contents/Home,matched build.java_homes.java-8,,1,2,2,MODULE_TESTS_PASSED|MODULE_TESTS_PASSED,True,0,org.sing_group.gc4s.utilities.MatrixUtils,True,TARGET_TEST_PASSED,MODULE_TESTS_PASSED,MODULE_TESTS_PASSED,ELIGIBLE,,,43.864,/Users/dungng/FPT/Ki 9/SET490/ARROW-paper/ARROW/runs/sample_selection/distributed/shard-0/candidates/01876_27824737_27824737_0
1881,26259891,26259891_16.json,https://github.com/apache/karaf-decanter,Loader,alerting/service/src/main/java/org/apache/karaf/decanter/alerting/service/model/Loader.java,production,class,False,85,load,42,static public,True,True,0,False,,9,ELIGIBLE,,maven,alerting/service,junit4,unknown,/opt/homebrew/Cellar/openjdk@17/17.0.19/libexec/openjdk.jdk/Contents/Home,no project java version detected; using build.java_default,,1,2,2,MODULE_TESTS_PASSED|COMPILE_FAILED,,,org.apache.karaf.decanter.alerting.service.model.Loader,,,,,EXCLUDED,baseline,java.lang.assertionerror: expected:<0> but was:<8>,15.801,/Users/dungng/FPT/Ki 9/SET490/ARROW-paper/ARROW/runs/sample_selection/distributed/shard-0/candidates/01881_26259891_26259891_16
1886,3720150,3720150_6.json,https://github.com/apereo/person-directory,ScriptEnginePersonAttributeDao,person-directory-impl/src/main/java/org/apereo/services/persondir/support/ScriptEnginePersonAttributeDao.java,production,,,,determineScriptType,16,private,True,True,,,,,EXCLUDED,focal_method_not_directly_testable,,,,,,,,,2,0,,,,,,,,,EXCLUDED,semantic_metadata,focal_method_not_directly_testable,0.001,/Users/dungng/FPT/Ki 9/SET490/ARROW-paper/ARROW/runs/sample_selection/distributed/shard-0/candidates/01886_3720150_3720150_6
1891,834344,834344_79.json,https://github.com/ocpsoft/socialpm,StringValidations,util/src/main/java/com/ocpsoft/socialpm/util/StringValidations.java,production,class,False,185,isWholeNumber,8,public static,True,True,0,False,,10,ELIGIBLE,,maven,util,junit4,6,/Users/dungng/FPT/Ki 9/SET490/ARROW-paper/ARROW/Java-version/java-8/Contents/Home,using compatible JDK 8 from build.java_homes.java-8 for Java 6,,1,2,1,RUNTIME_FAILED,,,com.ocpsoft.socialpm.util.StringValidations,,,,,EXCLUDED,baseline,[error] [error] some problems were encountered while processing the poms:,2.607,/Users/dungng/FPT/Ki 9/SET490/ARROW-paper/ARROW/runs/sample_selection/distributed/shard-0/candidates/01891_834344_834344_79
1896,151258081,151258081_137.json,https://github.com/JuKu/mmo-engine-client,JSRhinoScriptEngine,application-layer/src/main/java/com/jukusoft/mmo/engine/applayer/script/rhino/JSRhinoScriptEngine.java,production,class,False,102,compile,9,@Override public,False,True,0,True,filesystem,7,EXCLUDED,external_dependency_risk:filesystem,,,,,,,,1,2,0,,,,,,,,,EXCLUDED,semantic,external_dependency_risk:filesystem,1.853,/Users/dungng/FPT/Ki 9/SET490/ARROW-paper/ARROW/runs/sample_selection/distributed/shard-0/candidates/01896_151258081_151258081_137
1901,129493743,129493743_0.json,https://github.com/lky1001/tron-android-wallet,PasswordEncoderImpl,app/src/main/java/com/devband/tronwalletforandroid/common/security/PasswordEncoderImpl.java,production,class,False,32,encode,5,@Override public,False,True,3,False,,8,ELIGIBLE,,gradle,app,junit4,1,/Users/dungng/FPT/Ki 9/SET490/ARROW-paper/ARROW/Java-version/java-8/Contents/Home,using compatible JDK 8 from build.java_homes.java-8 for Java 1,,1,2,1,ASSERTION_FAILED,,,com.devband.tronwalletforandroid.common.security.PasswordEncoderImpl,,,,,EXCLUDED,baseline,failure: build failed with an exception.,21.238,/Users/dungng/FPT/Ki 9/SET490/ARROW-paper/ARROW/runs/sample_selection/distributed/shard-0/candidates/01901_129493743_129493743_0
1906,947990,947990_1.json,https://github.com/fev/cudu,ValidadorDniNie,backend/src/main/java/org/scoutsfev/cudu/domain/validadores/ValidadorDniNie.java,production,class,False,85,isValid,17,@Override public,True,True,0,False,,9,ELIGIBLE,,gradle,backend,junit4,8,/Users/dungng/FPT/Ki 9/SET490/ARROW-paper/ARROW/Java-version/java-8/Contents/Home,matched build.java_homes.java-8,,1,2,1,ASSERTION_FAILED,,,org.scoutsfev.cudu.domain.validadores.ValidadorDniNie,,,,,EXCLUDED,baseline,failure: build failed with an exception.,71.829,/Users/dungng/FPT/Ki 9/SET490/ARROW-paper/ARROW/runs/sample_selection/distributed/shard-0/candidates/01906_947990_947990_1
1911,168419532,168419532_5.json,https://github.com/prpatel/serverless-full-day-workshop,GetAllEngagements,exercise4/src/main/java/com/example/GetAllEngagements.java,production,class,False,21,main,12,public static,False,True,0,False,,7,ELIGIBLE,,maven,exercise4,junit4,8,/Users/dungng/FPT/Ki 9/SET490/ARROW-paper/ARROW/Java-version/java-8/Contents/Home,matched build.java_homes.java-8,,1,2,2,MODULE_TESTS_PASSED|MODULE_TESTS_PASSED,True,0,com.example.GetAllEngagements,True,TARGET_TEST_PASSED,MODULE_TESTS_PASSED,MODULE_TESTS_PASSED,ELIGIBLE,,,20.260,/Users/dungng/FPT/Ki 9/SET490/ARROW-paper/ARROW/runs/sample_selection/distributed/shard-0/candidates/01911_168419532_168419532_5
1916,8091481,8091481_5.json,https://github.com/dexter/dexter,ShingleExtractor,dexter-core/src/main/java/it/cnr/isti/hpc/dexter/shingle/ShingleExtractor.java,production,,,,setMaxShingleSize,3,public,False,True,,,,,EXCLUDED,trivial_focal_method,,,,,,,,,2,0,,,,,,,,,EXCLUDED,semantic_metadata,trivial_focal_method,0.001,/Users/dungng/FPT/Ki 9/SET490/ARROW-paper/ARROW/runs/sample_selection/distributed/shard-0/candidates/01916_8091481_8091481_5
1921,18111614,18111614_6.json,https://github.com/AgileWorksOrg/fastldr,Utils,fastldr/src/main/java/org/agileworks/fastldr/Utils.java,production,class,False,11,getSubstring,6,public static final,True,True,0,False,,9,ELIGIBLE,,maven,fastldr,junit4,unknown,/opt/homebrew/Cellar/openjdk@17/17.0.19/libexec/openjdk.jdk/Contents/Home,no project java version detected; using build.java_default,,1,2,1,ASSERTION_FAILED,,,org.agileworks.fastldr.Utils,,,,,EXCLUDED,baseline,"[info] tests run: 5, failures: 0, errors: 0, skipped: 0, time elapsed: 0.017 s -- in org.agileworks.fastldr.parser.fastldrtest",4.993,/Users/dungng/FPT/Ki 9/SET490/ARROW-paper/ARROW/runs/sample_selection/distributed/shard-0/candidates/01921_18111614_18111614_6
1926,11178914,11178914_7.json,https://github.com/w11k/lsql,AnnotatedSqlStatement,lsql-core/src/main/java/com/w11k/lsql/statement/AnnotatedSqlStatement.java,production,,,,getParameters,3,public,False,True,,,,,EXCLUDED,trivial_focal_method,,,,,,,,,2,0,,,,,,,,,EXCLUDED,semantic_metadata,trivial_focal_method,0.001,/Users/dungng/FPT/Ki 9/SET490/ARROW-paper/ARROW/runs/sample_selection/distributed/shard-0/candidates/01926_11178914_11178914_7
1931,23771701,23771701_0.json,https://github.com/radcortez/wow-auctions,AuctionDataItemReader,batch/src/main/java/com/radcortez/wow/auctions/batch/process/data/AuctionDataItemReader.java,production,class,False,90,readItem,10,@Override public,True,True,0,True,filesystem,9,EXCLUDED,external_dependency_risk:filesystem,,,,,,,,1,2,0,,,,,,,,,EXCLUDED,semantic,external_dependency_risk:filesystem,1.684,/Users/dungng/FPT/Ki 9/SET490/ARROW-paper/ARROW/runs/sample_selection/distributed/shard-0/candidates/01931_23771701_23771701_0
1936,139729058,139729058_23.json,https://github.com/GZoltar/gzoltar,CommandLineSupport,com.gzoltar.core/src/main/java/com/gzoltar/core/util/CommandLineSupport.java,production,class,False,135,quote,13,public static,True,True,0,False,,10,ELIGIBLE,,maven,com.gzoltar.core,junit4,unknown,/opt/homebrew/Cellar/openjdk@17/17.0.19/libexec/openjdk.jdk/Contents/Home,no project java version detected; using build.java_default,,1,2,2,MODULE_TESTS_PASSED|MODULE_TESTS_PASSED,True,0,com.gzoltar.core.util.CommandLineSupport,True,ASSERTION_FAILED,,,EXCLUDED,probe_target,[info] gzoltar :: core .................................... failure [ 0.228 s],9.327,/Users/dungng/FPT/Ki 9/SET490/ARROW-paper/ARROW/runs/sample_selection/distributed/shard-0/candidates/01936_139729058_139729058_23
1941,33821709,33821709_0.json,https://github.com/vorburger/HoTea,QuietPeriodListener,ch.vorburger.hotea/src/main/java/ch/vorburger/hotea/watchdir/QuietPeriodListener.java,production,class,False,47,QuietPeriodListener,5,protected,False,True,3,True,nondeterminism,6,EXCLUDED,external_dependency_risk:nondeterminism;testability_score_below_7,,,,,,,e6dcb035123c4be592314fd0f9ca9e08b1492064,1,2,0,,,,,,,,,EXCLUDED,semantic,external_dependency_risk:nondeterminism;testability_score_below_7,2.948,/Users/dungng/FPT/Ki 9/SET490/ARROW-paper/ARROW/runs/sample_selection/distributed/shard-0/candidates/01941_33821709_33821709_0
1946,88201676,88201676_0.json,https://github.com/florian-mollin/loto-associatif-app,LotoGrid,Loto/src/main/java/com/mollin/loto/logic/main/grid/LotoGrid.java,production,class,False,147,undo,8,@Override public,True,True,2,False,,10,ELIGIBLE,,gradle,Loto,junit4,8,/Users/dungng/FPT/Ki 9/SET490/ARROW-paper/ARROW/Java-version/java-8/Contents/Home,matched build.java_homes.java-8,,1,2,1,COMPILE_FAILED,,,com.mollin.loto.logic.main.grid.LotoGrid,,,,,EXCLUDED,baseline,<path> 9<path>:<n>: error: package javafx.scene.image does not exist,20.465,/Users/dungng/FPT/Ki 9/SET490/ARROW-paper/ARROW/runs/sample_selection/distributed/shard-0/candidates/01946_88201676_88201676_0
1951,5372003,5372003_5.json,https://github.com/nuodb/migration-tools,DumpJob,core/src/main/java/com/nuodb/migrator/dump/DumpJob.java,production,class,False,148,execute,11,@Override public,True,True,0,True,database,9,EXCLUDED,external_dependency_risk:database,,,,,,,,1,2,0,,,,,,,,,EXCLUDED,semantic,external_dependency_risk:database,6.588,/Users/dungng/FPT/Ki 9/SET490/ARROW-paper/ARROW/runs/sample_selection/distributed/shard-0/candidates/01951_5372003_5372003_5
1956,150673713,150673713_17.json,https://github.com/justlive1/oxygen,Retryer,oxygen-core/src/main/java/vip/justlive/oxygen/core/util/retry/Retryer.java,production,class,False,96,call,27,public,True,True,0,True,nondeterminism,8,EXCLUDED,external_dependency_risk:nondeterminism,,,,,,,,1,2,0,,,,,,,,,EXCLUDED,semantic,external_dependency_risk:nondeterminism,1.770,/Users/dungng/FPT/Ki 9/SET490/ARROW-paper/ARROW/runs/sample_selection/distributed/shard-0/candidates/01956_150673713_150673713_17
1961,9754983,9754983_83.json,https://github.com/eugenp/tutorials,OAuth2AuthenticationService,jhipster/jhipster-uaa/gateway/src/main/java/com/baeldung/jhipster/gateway/security/oauth2/OAuth2AuthenticationService.java,production,class,False,149,stripTokens,4,public,False,True,2,False,,7,ELIGIBLE,,maven,jhipster/jhipster-uaa/gateway,junit4,8,/Users/dungng/FPT/Ki 9/SET490/ARROW-paper/ARROW/Java-version/java-8/Contents/Home,matched build.java_homes.java-8,3225470df5200185b14bc8ca6222dd8bd1a5f0ee,1,2,1,ASSERTION_FAILED,,,com.baeldung.jhipster.gateway.security.oauth2.OAuth2AuthenticationService,,,,,EXCLUDED,baseline,[[1;34minfo[m] [1;31mbuild failure[m,92.339,/Users/dungng/FPT/Ki 9/SET490/ARROW-paper/ARROW/runs/sample_selection/distributed/shard-0/candidates/01961_9754983_9754983_83
1966,100361171,100361171_11.json,https://github.com/Aevi-UK/android-rxmessenger,ObservableWebSocketClient,rxmessenger/src/main/java/com/aevi/android/rxmessenger/client/ObservableWebSocketClient.java,production,,,,sendMessage,18,@Override public,True,True,,,,,ELIGIBLE,,,,,,,,,,2,0,,,,,,,,,EXCLUDED,setup,"RuntimeError: Repository setup failed after 3 attempts: CalledProcessError: Command '['git', '-c', 'core.longpaths=true', 'clone', '--depth', '1', 'https://github.com/Aevi-UK/android-rxmessenger', '/Users/dungng/FPT/Ki 9/SET490/ARROW-paper/ARROW/repos/100361171']' returned non-zero exit status 128.",8.387,/Users/dungng/FPT/Ki 9/SET490/ARROW-paper/ARROW/runs/sample_selection/distributed/shard-0/candidates/01966_100361171_100361171_11
1971,91496363,91496363_0.json,https://github.com/DominoKit/domino-mvp,JksServerConfigurator,ssl-server-configurator/src/main/java/org/dominokit/domino/http/server/config/JksServerConfigurator.java,production,,,,getPort,3,private,False,True,,,,,EXCLUDED,focal_method_not_directly_testable;trivial_focal_method,,,,,,,,,2,0,,,,,,,,,EXCLUDED,semantic_metadata,focal_method_not_directly_testable;trivial_focal_method,0.001,/Users/dungng/FPT/Ki 9/SET490/ARROW-paper/ARROW/runs/sample_selection/distributed/shard-0/candidates/01971_91496363_91496363_0
1976,120761297,120761297_7.json,https://github.com/Ahmed-Abdelmeged/GithubArch,UserMapper,app/src/main/java/com/ahmedabdelmeged/githubarch/model/UserMapper.java,production,class,False,29,apply,17,@Override public,False,True,0,False,,7,ELIGIBLE,,gradle,app,junit4,1,/Users/dungng/FPT/Ki 9/SET490/ARROW-paper/ARROW/Java-version/java-8/Contents/Home,using compatible JDK 8 from build.java_homes.java-8 for Java 1,,1,2,1,ASSERTION_FAILED,,,com.ahmedabdelmeged.githubarch.model.UserMapper,,,,,EXCLUDED,baseline,failure: build failed with an exception.,8.754,/Users/dungng/FPT/Ki 9/SET490/ARROW-paper/ARROW/runs/sample_selection/distributed/shard-0/candidates/01976_120761297_120761297_7
1981,24811435,24811435_6.json,https://github.com/taichi/siden,PathPredicate,siden-core/src/main/java/ninja/siden/internal/PathPredicate.java,production,class,False,87,resolve,16,@Override public,True,True,1,False,,9,ELIGIBLE,,gradle,.,junit4,targetCompatibility,/opt/homebrew/Cellar/openjdk@17/17.0.19/libexec/openjdk.jdk/Contents/Home,JDK targetCompatibility not mapped; using build.java_default,,1,2,1,ASSERTION_FAILED,,,ninja.siden.internal.PathPredicate,,,,,EXCLUDED,baseline,failure: build failed with an exception.,5.798,/Users/dungng/FPT/Ki 9/SET490/ARROW-paper/ARROW/runs/sample_selection/distributed/shard-0/candidates/01981_24811435_24811435_6
1986,5487921,5487921_10.json,https://github.com/robo-code/robocode,Version,robocode.core/src/main/java/net/sf/robocode/version/Version.java,production,class,False,139,compare,3,public static,False,True,1,False,,8,ELIGIBLE,,gradle,robocode.core,junit4,unknown,/opt/homebrew/Cellar/openjdk@17/17.0.19/libexec/openjdk.jdk/Contents/Home,no project java version detected; using build.java_default,,1,2,1,ASSERTION_FAILED,,,net.sf.robocode.version.Version,,,,,EXCLUDED,baseline,failure: build failed with an exception.,38.893,/Users/dungng/FPT/Ki 9/SET490/ARROW-paper/ARROW/runs/sample_selection/distributed/shard-0/candidates/01986_5487921_5487921_10
1991,81649451,81649451_1.json,https://github.com/oxaoo/mp4ru,PosTagger,mp4ru/src/main/java/com/github/oxaoo/mp4ru/syntax/tagging/PosTagger.java,production,class,False,77,tagging,14,public synchronized,True,True,2,False,,9,ELIGIBLE,,maven,mp4ru,junit4,8,/Users/dungng/FPT/Ki 9/SET490/ARROW-paper/ARROW/Java-version/java-8/Contents/Home,matched build.java_homes.java-8,,1,2,1,RUNTIME_FAILED,,,com.github.oxaoo.mp4ru.syntax.tagging.PosTagger,,,,,EXCLUDED,baseline,error:java.io.ioexception:unable to locate model [<path> 9<path> in the following locations [<path> 9<path> 9<path> make sure the environment variable 'treetagger_home' or 'tagdir' or the system property 'treetagger.home' point to the treetagger installation directory.,4.956,/Users/dungng/FPT/Ki 9/SET490/ARROW-paper/ARROW/runs/sample_selection/distributed/shard-0/candidates/01991_81649451_81649451_1
1996,5706983,5706983_5.json,https://github.com/ControlSystemStudio/cs-studio,Preferences,applications/apputil/apputil-plugins/org.csstudio.ui.menu.pvscript/src/org/csstudio/ui/menu/pvscript/Preferences.java,nonstandard,,,,decode,15,public static,True,True,,,,,EXCLUDED,source_layout:nonstandard,,,,,,,,,2,0,,,,,,,,,EXCLUDED,semantic_metadata,source_layout:nonstandard,0.001,/Users/dungng/FPT/Ki 9/SET490/ARROW-paper/ARROW/runs/sample_selection/distributed/shard-0/candidates/01996_5706983_5706983_5
2001,100600744,100600744_1.json,https://github.com/0xERR0R/jmstool,SimpleMessageTextCreator,backend/src/main/java/jmstool/jms/SimpleMessageTextCreator.java,production,class,False,27,createMessage,8,@Override public,True,True,1,False,,9,ELIGIBLE,,maven,backend,junit4,8,/Users/dungng/FPT/Ki 9/SET490/ARROW-paper/ARROW/Java-version/java-8/Contents/Home,matched build.java_homes.java-8,,1,2,1,ASSERTION_FAILED,,,jmstool.jms.SimpleMessageTextCreator,,,,,EXCLUDED,baseline,[[1;34minfo[m] frontend ........................................... [1;31mfailure[m [ 0.594 s],4.490,/Users/dungng/FPT/Ki 9/SET490/ARROW-paper/ARROW/runs/sample_selection/distributed/shard-0/candidates/02001_100600744_100600744_1
2006,32634272,32634272_5.json,https://github.com/matthias-christen/patus,GraphUtil,src/ch/unibas/cs/hpwc/patus/graph/algorithm/GraphUtil.java,nonstandard,,,,getVerticesSortedByDegree,9,public static,True,True,,,,,EXCLUDED,source_layout:nonstandard,,,,,,,,,2,0,,,,,,,,,EXCLUDED,semantic_metadata,source_layout:nonstandard,0.001,/Users/dungng/FPT/Ki 9/SET490/ARROW-paper/ARROW/runs/sample_selection/distributed/shard-0/candidates/02006_32634272_32634272_5
2011,75165297,75165297_57.json,https://github.com/vipshop/Saturn,JobServiceImpl,saturn-console-api/src/main/java/com/vip/saturn/job/console/service/impl/JobServiceImpl.java,production,class,False,2846,getUnSystemJobsWithCondition,15,@Override public,True,True,0,True,database|filesystem|nondeterminism,8,EXCLUDED,external_dependency_risk:database|filesystem|nondeterminism,,,,,,,,1,2,0,,,,,,,,,EXCLUDED,semantic,external_dependency_risk:database|filesystem|nondeterminism,2.367,/Users/dungng/FPT/Ki 9/SET490/ARROW-paper/ARROW/runs/sample_selection/distributed/shard-0/candidates/02011_75165297_75165297_57
2016,51357073,51357073_35.json,https://github.com/ftomassetti/analyze-java-code-examples,AnnotationValidatorFactory,source_to_parse/junit-master/src/main/java/org/junit/validator/AnnotationValidatorFactory.java,production,class,False,34,createAnnotationValidator,14,public,True,True,0,False,,9,ELIGIBLE,,maven,source_to_parse/junit-master,junit4,5,/Users/dungng/FPT/Ki 9/SET490/ARROW-paper/ARROW/Java-version/java-8/Contents/Home,using compatible JDK 8 from build.java_homes.java-8 for Java 5,,1,2,2,MODULE_TESTS_PASSED|MODULE_TESTS_PASSED,True,0,org.junit.validator.AnnotationValidatorFactory,True,TARGET_TEST_PASSED,MODULE_TESTS_PASSED,MODULE_TESTS_PASSED,ELIGIBLE,,,44.229,/Users/dungng/FPT/Ki 9/SET490/ARROW-paper/ARROW/runs/sample_selection/distributed/shard-0/candidates/02016_51357073_51357073_35
2021,40970642,40970642_1.json,https://github.com/ahus1/keycloak-dropwizard-integration,DrawingService,domain/src/main/java/de/ahus1/lottery/domain/DrawingService.java,production,class,False,22,drawNumbers,15,public static,True,True,0,True,nondeterminism,8,EXCLUDED,external_dependency_risk:nondeterminism,,,,,,,,1,2,0,,,,,,,,,EXCLUDED,semantic,external_dependency_risk:nondeterminism,3.953,/Users/dungng/FPT/Ki 9/SET490/ARROW-paper/ARROW/runs/sample_selection/distributed/shard-0/candidates/02021_40970642_40970642_1
2026,9685461,9685461_13.json,https://github.com/neomatrix369/RESTAPIUnifier,APIReader,java/src/main/java/org/neomatrix369/apiworld/APIReader.java,production,class,False,178,executeGetUrl,5,public,False,True,1,True,network,7,EXCLUDED,external_dependency_risk:network,,,,,,,,1,2,0,,,,,,,,,EXCLUDED,semantic,external_dependency_risk:network,1.374,/Users/dungng/FPT/Ki 9/SET490/ARROW-paper/ARROW/runs/sample_selection/distributed/shard-0/candidates/02026_9685461_9685461_13
2031,39198986,39198986_0.json,https://github.com/fabric8io/agent-bond,AgentConfiguration,agent/src/main/java/io/fabric8/bond/agent/AgentConfiguration.java,production,,,,getArgs,3,public,False,True,,,,,EXCLUDED,trivial_focal_method,,,,,,,,,2,0,,,,,,,,,EXCLUDED,semantic_metadata,trivial_focal_method,0.000,/Users/dungng/FPT/Ki 9/SET490/ARROW-paper/ARROW/runs/sample_selection/distributed/shard-0/candidates/02031_39198986_39198986_0
2036,1724015,1724015_5.json,https://github.com/carrot-garden/carrot-maven,MavenUtil,carrot-maven-karaf-plugin/src/main/java/org/apache/karaf/tooling/features/MavenUtil.java,production,,,,pathFromAether,5,static,False,True,,,,,ELIGIBLE,,,,,,,,,,2,0,,,,,,,,,EXCLUDED,setup,"RuntimeError: Repository setup failed after 3 attempts: CalledProcessError: Command '['git', '-c', 'core.longpaths=true', 'clone', '--depth', '1', 'https://github.com/carrot-garden/carrot-maven', '/Users/dungng/FPT/Ki 9/SET490/ARROW-paper/ARROW/repos/1724015']' returned non-zero exit status 128.",8.357,/Users/dungng/FPT/Ki 9/SET490/ARROW-paper/ARROW/runs/sample_selection/distributed/shard-0/candidates/02036_1724015_1724015_5
2041,3206489,3206489_1.json,https://github.com/piruin/phototaker,PhotoTaker,phototaker/src/main/java/me/piruin/phototaker/PhotoTaker.java,production,,,,onResultNotOk,8,private,True,False,,,,,EXCLUDED,focal_method_not_directly_testable;no_observable_behavior,,,,,,,,,2,0,,,,,,,,,EXCLUDED,semantic_metadata,focal_method_not_directly_testable;no_observable_behavior,0.001,/Users/dungng/FPT/Ki 9/SET490/ARROW-paper/ARROW/runs/sample_selection/distributed/shard-0/candidates/02041_3206489_3206489_1
2046,53823931,53823931_0.json,https://github.com/htm-community/flink-htm,KryoSerializer,flink-htm-streaming-java/src/main/java/org/numenta/nupic/flink/serialization/KryoSerializer.java,production,class,False,151,copy,20,@Override public,True,True,0,False,,9,ELIGIBLE,,gradle,flink-htm-streaming-java,junit4,8,/Users/dungng/FPT/Ki 9/SET490/ARROW-paper/ARROW/Java-version/java-8/Contents/Home,matched build.java_homes.java-8,,1,2,1,ASSERTION_FAILED,,,org.numenta.nupic.flink.serialization.KryoSerializer,,,,,EXCLUDED,baseline,failure: build failed with an exception.,47.394,/Users/dungng/FPT/Ki 9/SET490/ARROW-paper/ARROW/runs/sample_selection/distributed/shard-0/candidates/02046_53823931_53823931_0
2051,13036109,13036109_11.json,https://github.com/liveoak-io/liveoak,HttpResourceRequestDecoder,modules/container/src/main/java/io/liveoak/container/protocols/http/HttpResourceRequestDecoder.java,production,,,,decode,70,@Override protected,True,False,,,,,EXCLUDED,no_observable_behavior,,,,,,,,,2,0,,,,,,,,,EXCLUDED,semantic_metadata,no_observable_behavior,0.001,/Users/dungng/FPT/Ki 9/SET490/ARROW-paper/ARROW/runs/sample_selection/distributed/shard-0/candidates/02051_13036109_13036109_11
2056,22342877,22342877_56.json,https://github.com/AltBeacon/android-beacon-library,LogManager,lib/src/main/java/org/altbeacon/beacon/logging/LogManager.java,production,,,,i,3,public static,False,False,,,,,EXCLUDED,no_observable_behavior,,,,,,,,,2,0,,,,,,,,,EXCLUDED,semantic_metadata,no_observable_behavior,0.000,/Users/dungng/FPT/Ki 9/SET490/ARROW-paper/ARROW/runs/sample_selection/distributed/shard-0/candidates/02056_22342877_22342877_56
2061,38152816,38152816_7.json,https://github.com/modernmt/modernmt,LanguageIndex,src/commons/src/main/java/eu/modernmt/lang/LanguageIndex.java,production,,,,getLanguages,3,public,False,True,,,,,EXCLUDED,trivial_focal_method,,,,,,,,,2,0,,,,,,,,,EXCLUDED,semantic_metadata,trivial_focal_method,0.000,/Users/dungng/FPT/Ki 9/SET490/ARROW-paper/ARROW/runs/sample_selection/distributed/shard-0/candidates/02061_38152816_38152816_7
2066,68590674,68590674_0.json,https://github.com/liaoheng/BingWallpaper,BingWallpaperUtils,app/src/main/java/me/liaoheng/wallpaper/util/BingWallpaperUtils.java,production,class,False,761,checkTime,3,public static,False,True,0,True,framework_context|filesystem,5,EXCLUDED,external_dependency_risk:framework_context|filesystem;testability_score_below_7,,,,,,,,1,2,0,,,,,,,,,EXCLUDED,semantic,external_dependency_risk:framework_context|filesystem;testability_score_below_7,1.566,/Users/dungng/FPT/Ki 9/SET490/ARROW-paper/ARROW/runs/sample_selection/distributed/shard-0/candidates/02066_68590674_68590674_0
2071,121473558,121473558_16.json,https://github.com/awslabs/amazon-neptune-tools,S3ObjectInfo,neptune-export/src/main/java/com/amazonaws/services/neptune/util/S3ObjectInfo.java,production,class,False,53,key,3,public,False,True,1,True,filesystem,7,EXCLUDED,external_dependency_risk:filesystem,,,,,,,bc505aee2346979515f97a9315e07a49b54a139e,1,2,0,,,,,,,,,EXCLUDED,semantic,external_dependency_risk:filesystem,5.320,/Users/dungng/FPT/Ki 9/SET490/ARROW-paper/ARROW/runs/sample_selection/distributed/shard-0/candidates/02071_121473558_121473558_16
2076,2155500,2155500_0.json,https://github.com/apache/bigtop,Product,bigtop-data-generators/bigpetstore-data-generator/src/main/java/org/apache/bigtop/datagenerators/bigpetstore/datamodels/Product.java,production,,,,getFieldValueAsString,4,public,False,True,,,,,EXCLUDED,trivial_focal_method,,,,,,,,,2,0,,,,,,,,,EXCLUDED,semantic_metadata,trivial_focal_method,0.001,/Users/dungng/FPT/Ki 9/SET490/ARROW-paper/ARROW/runs/sample_selection/distributed/shard-0/candidates/02076_2155500_2155500_0
2081,28214426,28214426_0.json,https://github.com/confluentinc/common,Metrics,metrics/src/main/java/io/confluent/common/metrics/Metrics.java,production,class,False,212,sensor,3,public,False,True,0,False,,8,ELIGIBLE,,maven,metrics,junit4,11,/Users/dungng/FPT/Ki 9/SET490/ARROW-paper/ARROW/Java-version/java-11/Contents/Home,matched build.java_homes.java-11,,1,2,1,ASSERTION_FAILED,,,io.confluent.common.metrics.Metrics,,,,,EXCLUDED,baseline,[info] common ............................................. failure [ 7.091 s],22.674,/Users/dungng/FPT/Ki 9/SET490/ARROW-paper/ARROW/runs/sample_selection/distributed/shard-0/candidates/02081_28214426_28214426_0
2086,1886360,1886360_38.json,https://github.com/nayuki/Project-Euler-solutions,Library,java/Library.java,nonstandard,,,,nextPermutation,19,public static,True,True,,,,,EXCLUDED,source_layout:nonstandard,,,,,,,,,2,0,,,,,,,,,EXCLUDED,semantic_metadata,source_layout:nonstandard,0.001,/Users/dungng/FPT/Ki 9/SET490/ARROW-paper/ARROW/runs/sample_selection/distributed/shard-0/candidates/02086_1886360_1886360_38
2091,135369996,135369996_4.json,https://github.com/AppleCommander/bastools,ShapeGenerator,api/src/main/java/io/github/applecommander/bastools/api/shapes/ShapeGenerator.java,production,class,False,98,generate,52,public static,True,True,0,True,filesystem,8,EXCLUDED,external_dependency_risk:filesystem,,,,,,,4e84b498de691f8d2c5cc0dff1e3f79e1cf788b8,1,2,0,,,,,,,,,EXCLUDED,semantic,external_dependency_risk:filesystem,9.034,/Users/dungng/FPT/Ki 9/SET490/ARROW-paper/ARROW/runs/sample_selection/distributed/shard-0/candidates/02091_135369996_135369996_4
2096,183646665,183646665_0.json,https://github.com/ananas-analytics/ananas-desktop,AnanasGraph,runner/src/main/java/org/ananas/runner/kernel/model/AnanasGraph.java,production,class,False,122,reverse,10,public,True,True,2,False,,10,ELIGIBLE,,gradle,runner,junit4,8,/Users/dungng/FPT/Ki 9/SET490/ARROW-paper/ARROW/Java-version/java-8/Contents/Home,matched build.java_homes.java-8,,1,2,1,ASSERTION_FAILED,,,org.ananas.runner.kernel.model.AnanasGraph,,,,,EXCLUDED,baseline,failure:java.lang.exceptionininitializererror:java.lang.exceptionininitializererror,89.788,/Users/dungng/FPT/Ki 9/SET490/ARROW-paper/ARROW/runs/sample_selection/distributed/shard-0/candidates/02096_183646665_183646665_0
2101,26727748,26727748_4.json,https://github.com/Bathlamos/RTDC,UserListController,core/src/main/java/rtdc/core/controller/UserListController.java,production,,,,onUsersFetched,5,@Override public,False,False,,,,,EXCLUDED,no_observable_behavior,,,,,,,,,2,0,,,,,,,,,EXCLUDED,semantic_metadata,no_observable_behavior,0.001,/Users/dungng/FPT/Ki 9/SET490/ARROW-paper/ARROW/runs/sample_selection/distributed/shard-0/candidates/02101_26727748_26727748_4
2106,1860892,1860892_4.json,https://github.com/kalecser/jpatchaca,CreateTaskPersistence,jpatchaca-model/src/main/java/tasks/persistence/CreateTaskPersistence.java,production,class,False,49,CreateTaskPersistence,7,public,False,True,4,False,,6,EXCLUDED,testability_score_below_7,,,,,,,,1,2,0,,,,,,,,,EXCLUDED,semantic,testability_score_below_7,3.912,/Users/dungng/FPT/Ki 9/SET490/ARROW-paper/ARROW/runs/sample_selection/distributed/shard-0/candidates/02106_1860892_1860892_4
2111,15729898,15729898_5.json,https://github.com/gengstrand/clojure-news-feed,OutboundApi,server/feed3/src/main/java/info/glennengstrand/resources/OutboundApi.java,production,,,,getOutbound,12,"@GET @Path(""/outbound"") @Produces(""application/json"") /** * retrieve the news posted by an individual participant * fetch a participant news * @param id uniquely identifies the participant (required) * @return List<Outbound> */ public",False,True,,,,,EXCLUDED,trivial_focal_method,,,,,,,,,2,0,,,,,,,,,EXCLUDED,semantic_metadata,trivial_focal_method,0.000,/Users/dungng/FPT/Ki 9/SET490/ARROW-paper/ARROW/runs/sample_selection/distributed/shard-0/candidates/02111_15729898_15729898_5
2116,23466307,23466307_59.json,https://github.com/Smithsonian/sidora-services,FedoraProducer,Components/FedoraRepo/src/main/java/edu/si/services/fedorarepo/base/FedoraProducer.java,production,,,,hasParam,5,protected,True,True,,,,,ELIGIBLE,,,,,,,,,,2,0,,,,,,,,,EXCLUDED,setup,"RuntimeError: Repository setup failed after 3 attempts: CalledProcessError: Command '['git', '-c', 'core.longpaths=true', 'clone', '--depth', '1', 'https://github.com/Smithsonian/sidora-services', '/Users/dungng/FPT/Ki 9/SET490/ARROW-paper/ARROW/repos/23466307']' returned non-zero exit status 128.",8.421,/Users/dungng/FPT/Ki 9/SET490/ARROW-paper/ARROW/runs/sample_selection/distributed/shard-0/candidates/02116_23466307_23466307_59
2121,4233818,4233818_5.json,https://github.com/dagi/spring-training,ColorBean,springioc/src/main/java/cz/sweb/pichlik/springioc/spel/ColorBean.java,production,,,,getColor,3,public,False,True,,,,,EXCLUDED,trivial_focal_method,,,,,,,,,2,0,,,,,,,,,EXCLUDED,semantic_metadata,trivial_focal_method,0.001,/Users/dungng/FPT/Ki 9/SET490/ARROW-paper/ARROW/runs/sample_selection/distributed/shard-0/candidates/02121_4233818_4233818_5
2126,16294920,16294920_20.json,https://github.com/atomix/atomix,SnapshotDescriptor,protocols/raft/src/main/java/io/atomix/protocols/raft/storage/snapshot/SnapshotDescriptor.java,production,,,,SnapshotDescriptor,8,public,False,True,,,,,ELIGIBLE,,,,,,,,,1,2,0,,,,,,,,,EXCLUDED,setup,FileNotFoundError: Cannot resolve focal class path: protocols/raft/src/main/java/io/atomix/protocols/raft/storage/snapshot/SnapshotDescriptor.java,4.867,/Users/dungng/FPT/Ki 9/SET490/ARROW-paper/ARROW/runs/sample_selection/distributed/shard-0/candidates/02126_16294920_16294920_20
2131,912291,912291_5.json,https://github.com/dcm4che/dcm4che,LdapDicomConfiguration,dcm4che-conf/dcm4che-conf-ldap/src/main/java/org/dcm4che3/conf/ldap/LdapDicomConfiguration.java,production,class,False,2498,persist,41,@Override public synchronized,True,True,0,True,database,7,EXCLUDED,external_dependency_risk:database,,,,,,,,1,2,0,,,,,,,,,EXCLUDED,semantic,external_dependency_risk:database,4.126,/Users/dungng/FPT/Ki 9/SET490/ARROW-paper/ARROW/runs/sample_selection/distributed/shard-0/candidates/02131_912291_912291_5
2136,161169958,161169958_4.json,https://github.com/viadee/camunda-kafka-polling-client,RepositoryDataPollingService,camunda-kafka-polling-client/src/main/java/de/viadee/camunda/kafka/pollingclient/job/repository/RepositoryDataPollingService.java,production,,,,run,8,@Override public,False,False,,,,,EXCLUDED,no_observable_behavior,,,,,,,,,2,0,,,,,,,,,EXCLUDED,semantic_metadata,no_observable_behavior,0.001,/Users/dungng/FPT/Ki 9/SET490/ARROW-paper/ARROW/runs/sample_selection/distributed/shard-0/candidates/02136_161169958_161169958_4
2141,97291552,97291552_75.json,https://github.com/lastrix/asn1s,IntegerBerEncoder,asn1s-io/src/main/java/org/asn1s/io/ber/output/IntegerBerEncoder.java,production,,,,encode,7,@Override public,False,False,,,,,EXCLUDED,no_observable_behavior,,,,,,,,,2,0,,,,,,,,,EXCLUDED,semantic_metadata,no_observable_behavior,0.000,/Users/dungng/FPT/Ki 9/SET490/ARROW-paper/ARROW/runs/sample_selection/distributed/shard-0/candidates/02141_97291552_97291552_75
2146,16058167,16058167_22.json,https://github.com/protostuff/protostuff,LinkBuffer,protostuff-core/src/main/java/io/protostuff/LinkBuffer.java,production,class,False,218,getBuffers,16,public,True,True,0,False,,10,ELIGIBLE,,maven,protostuff-core,junit4,6,/Users/dungng/FPT/Ki 9/SET490/ARROW-paper/ARROW/Java-version/java-8/Contents/Home,using compatible JDK 8 from build.java_homes.java-8 for Java 6,,1,2,2,MODULE_TESTS_PASSED|MODULE_TESTS_PASSED,True,1,io.protostuff.LinkBuffer,True,TARGET_TEST_PASSED,MODULE_TESTS_PASSED,MODULE_TESTS_PASSED,ELIGIBLE,,,15.427,/Users/dungng/FPT/Ki 9/SET490/ARROW-paper/ARROW/runs/sample_selection/distributed/shard-0/candidates/02146_16058167_16058167_22
2151,30567918,30567918_12.json,https://github.com/karsany/obridge,ParameterGetSetRegisterBuilder,obridge-main/src/main/java/org/obridge/mappers/builders/ParameterGetSetRegisterBuilder.java,production,class,False,61,setParameter,22,public,True,True,1,False,,10,ELIGIBLE,,maven,obridge-main,junit4,8,/Users/dungng/FPT/Ki 9/SET490/ARROW-paper/ARROW/Java-version/java-8/Contents/Home,matched build.java_homes.java-8,,1,2,1,COMPILE_FAILED,,,org.obridge.mappers.builders.ParameterGetSetRegisterBuilder,,,,,EXCLUDED,baseline,java.sql.sqlrecoverableexception: io error: the network adapter could not establish the connection,36.352,/Users/dungng/FPT/Ki 9/SET490/ARROW-paper/ARROW/runs/sample_selection/distributed/shard-0/candidates/02151_30567918_30567918_12
2156,179849363,179849363_11.json,https://github.com/gretard/sonar-sql-plugin,AdhocRulesProvider,src/sonar-sql-plugin/src/main/java/org/sonar/plugins/sql/adhoc/AdhocRulesProvider.java,production,class,False,273,read,42,public static,True,True,0,True,filesystem,8,EXCLUDED,external_dependency_risk:filesystem,,,,,,,,1,2,0,,,,,,,,,EXCLUDED,semantic,external_dependency_risk:filesystem,3.116,/Users/dungng/FPT/Ki 9/SET490/ARROW-paper/ARROW/runs/sample_selection/distributed/shard-0/candidates/02156_179849363_179849363_11
2161,88962042,88962042_74.json,https://github.com/TNG/ArchUnit,JavaPackage,archunit/src/main/java/com/tngtech/archunit/core/domain/JavaPackage.java,production,class,False,708,tryGetAnnotationOfType,8,@Override @PublicAPI(usage = ACCESS) public,True,True,3,False,,6,EXCLUDED,testability_score_below_7,,,,,,,,1,2,0,,,,,,,,,EXCLUDED,semantic,testability_score_below_7,3.068,/Users/dungng/FPT/Ki 9/SET490/ARROW-paper/ARROW/runs/sample_selection/distributed/shard-0/candidates/02161_88962042_88962042_74
2166,16569959,16569959_6.json,https://github.com/leonardoanalista/java2word,Document2004,java2word/src/main/java/word/w2004/Document2004.java,production,class,False,628,getContent,14,@Override public,True,True,0,False,,9,ELIGIBLE,,maven,java2word,junit4,6,/Users/dungng/FPT/Ki 9/SET490/ARROW-paper/ARROW/Java-version/java-8/Contents/Home,using compatible JDK 8 from build.java_homes.java-8 for Java 6,,1,2,2,MODULE_TESTS_PASSED|MODULE_TESTS_PASSED,True,0,word.w2004.Document2004,True,TARGET_TEST_PASSED,MODULE_TESTS_PASSED,MODULE_TESTS_PASSED,ELIGIBLE,,,11.632,/Users/dungng/FPT/Ki 9/SET490/ARROW-paper/ARROW/runs/sample_selection/distributed/shard-0/candidates/02166_16569959_16569959_6
2171,73733927,73733927_2.json,https://github.com/Apress/beg-hibernate-4ed,JPASessionUtil,util/src/main/java/com/autumncode/jpa/util/JPASessionUtil.java,production,,,,getSession,3,public static,False,True,,,,,EXCLUDED,trivial_focal_method,,,,,,,,,2,0,,,,,,,,,EXCLUDED,semantic_metadata,trivial_focal_method,0.001,/Users/dungng/FPT/Ki 9/SET490/ARROW-paper/ARROW/runs/sample_selection/distributed/shard-0/candidates/02171_73733927_73733927_2
2176,1107344,1107344_0.json,https://github.com/vark/Aardvark,AardvarkHelpMode,aardvark-core/src/main/java/gw/vark/AardvarkHelpMode.java,production,,,,printHelp,11,static,True,False,,,,,EXCLUDED,no_observable_behavior,,,,,,,,,2,0,,,,,,,,,EXCLUDED,semantic_metadata,no_observable_behavior,0.000,/Users/dungng/FPT/Ki 9/SET490/ARROW-paper/ARROW/runs/sample_selection/distributed/shard-0/candidates/02176_1107344_1107344_0
2181,166387176,166387176_95.json,https://github.com/polypheny/Polypheny-DB,QueryBuilders,elasticsearch-adapter/src/main/java/org/polypheny/db/adapter/elasticsearch/QueryBuilders.java,production,class,False,439,termQuery,3,static,False,True,0,False,,8,ELIGIBLE,,gradle,elasticsearch-adapter,junit4,8,/Users/dungng/FPT/Ki 9/SET490/ARROW-paper/ARROW/Java-version/java-8/Contents/Home,matched build.java_homes.java-8,a6e6fb41c632910350e813986a8e18650c5d62c1,1,2,1,ASSERTION_FAILED,,,org.polypheny.db.adapter.elasticsearch.QueryBuilders,,,,,EXCLUDED,baseline,failure: build failed with an exception.,54.229,/Users/dungng/FPT/Ki 9/SET490/ARROW-paper/ARROW/runs/sample_selection/distributed/shard-0/candidates/02181_166387176_166387176_95
2186,204463745,204463745_34.json,https://github.com/actiontech/txle,ForwardRecovery,omega/omega-transaction/src/main/java/org/apache/servicecomb/saga/omega/transaction/ForwardRecovery.java,production,class,False,70,apply,36,@Override public,True,True,0,True,nondeterminism,8,EXCLUDED,external_dependency_risk:nondeterminism,,,,,,,,1,2,0,,,,,,,,,EXCLUDED,semantic,external_dependency_risk:nondeterminism,1.988,/Users/dungng/FPT/Ki 9/SET490/ARROW-paper/ARROW/runs/sample_selection/distributed/shard-0/candidates/02186_204463745_204463745_34
2191,19308274,19308274_3.json,https://github.com/kontext-e/jqassistant-plugins,PumlLineParser,plantuml/src/main/java/de/kontext_e/jqassistant/plugin/plantuml/scanner/PumlLineParser.java,production,,,,parseLine,40,,True,False,,,,,EXCLUDED,no_observable_behavior,,,,,,,,,2,0,,,,,,,,,EXCLUDED,semantic_metadata,no_observable_behavior,0.001,/Users/dungng/FPT/Ki 9/SET490/ARROW-paper/ARROW/runs/sample_selection/distributed/shard-0/candidates/02191_19308274_19308274_3
2196,9721255,9721255_33.json,https://github.com/hank/litecoinj,Peer,core/src/main/java/com/google/litecoin/core/Peer.java,production,,,,setDownloadData,3,public,False,True,,,,,EXCLUDED,trivial_focal_method,,,,,,,,,2,0,,,,,,,,,EXCLUDED,semantic_metadata,trivial_focal_method,0.001,/Users/dungng/FPT/Ki 9/SET490/ARROW-paper/ARROW/runs/sample_selection/distributed/shard-0/candidates/02196_9721255_9721255_33
2201,36725014,36725014_31.json,https://github.com/gchudnov/squel-java,Update,squel/src/main/java/com/github/gchudnov/squel/Update.java,production,,,,Update,10,,False,False,,,,,EXCLUDED,no_observable_behavior,,,,,,,,,2,0,,,,,,,,,EXCLUDED,semantic_metadata,no_observable_behavior,0.001,/Users/dungng/FPT/Ki 9/SET490/ARROW-paper/ARROW/runs/sample_selection/distributed/shard-0/candidates/02201_36725014_36725014_31
2206,50999206,50999206_0.json,https://github.com/javaee/security-soteria,Pbkdf2PasswordHashImpl,impl/src/main/java/org/glassfish/soteria/identitystores/hash/Pbkdf2PasswordHashImpl.java,production,class,False,201,verify,11,@Override public,False,True,0,True,nondeterminism,7,EXCLUDED,external_dependency_risk:nondeterminism,,,,,,,,1,2,0,,,,,,,,,EXCLUDED,semantic,external_dependency_risk:nondeterminism,1.624,/Users/dungng/FPT/Ki 9/SET490/ARROW-paper/ARROW/runs/sample_selection/distributed/shard-0/candidates/02206_50999206_50999206_0
2211,1089149,1089149_21.json,https://github.com/spring-projects/spring-batch,JobParameters,spring-batch-core/src/main/java/org/springframework/batch/core/JobParameters.java,production,class,False,348,equals,11,@Override public,True,True,0,False,,9,ELIGIBLE,,maven,spring-batch-core,junit5,17,/opt/homebrew/Cellar/openjdk@17/17.0.19/libexec/openjdk.jdk/Contents/Home,matched build.java_homes.java-17,74975c506d499205b051f67350923de9336939f9,1,2,1,COMPILE_FAILED,,,org.springframework.batch.core.JobParameters,,,,,EXCLUDED,baseline,"[error] <path> 9<path>:[line,col] cannot find symbol",106.786,/Users/dungng/FPT/Ki 9/SET490/ARROW-paper/ARROW/runs/sample_selection/distributed/shard-0/candidates/02211_1089149_1089149_21
2216,72586987,72586987_6.json,https://github.com/kunai-consulting/KeyStor,CryptoOp,EndpointConnectionService/src/main/java/com/kunai/keyvault/crypto/CryptoOp.java,production,,,,encrypt,9,public,True,True,,,,,ELIGIBLE,,,,,,,,,,2,0,,,,,,,,,EXCLUDED,setup,"RuntimeError: Repository setup failed after 3 attempts: CalledProcessError: Command '['git', '-c', 'core.longpaths=true', 'clone', '--depth', '1', 'https://github.com/kunai-consulting/KeyStor', '/Users/dungng/FPT/Ki 9/SET490/ARROW-paper/ARROW/repos/72586987']' returned non-zero exit status 128.",8.396,/Users/dungng/FPT/Ki 9/SET490/ARROW-paper/ARROW/runs/sample_selection/distributed/shard-0/candidates/02216_72586987_72586987_6
2221,57064024,57064024_0.json,https://github.com/fortify-ps/FortifyBugTrackerUtility,TargetIssueLocatorCommentHelper,bugtracker-common/src/main/java/com/fortify/bugtracker/common/tgt/issue/TargetIssueLocatorCommentHelper.java,production,class,False,109,fromTargetName,3,public static final,False,True,1,False,,8,ELIGIBLE,,maven,bugtracker-common,junit4,8,/Users/dungng/FPT/Ki 9/SET490/ARROW-paper/ARROW/Java-version/java-8/Contents/Home,matched build.java_homes.java-8,,1,2,2,MODULE_TESTS_PASSED|MODULE_TESTS_PASSED,True,1,com.fortify.bugtracker.common.tgt.issue.TargetIssueLocatorCommentHelper,True,TARGET_TEST_PASSED,MODULE_TESTS_PASSED,MODULE_TESTS_PASSED,ELIGIBLE,,,46.557,/Users/dungng/FPT/Ki 9/SET490/ARROW-paper/ARROW/runs/sample_selection/distributed/shard-0/candidates/02221_57064024_57064024_0
2226,167492840,167492840_4.json,https://github.com/wso2/cellery-security,CelleryTrustManager,components/cell/io.cellery.security.cell.sts.server/src/main/java/io/cellery/security/cell/sts/server/core/validators/CelleryTrustManager.java,production,,,,checkServerTrusted,11,@Override public,True,False,,,,,EXCLUDED,no_observable_behavior,,,,,,,,,2,0,,,,,,,,,EXCLUDED,semantic_metadata,no_observable_behavior,0.001,/Users/dungng/FPT/Ki 9/SET490/ARROW-paper/ARROW/runs/sample_selection/distributed/shard-0/candidates/02226_167492840_167492840_4
2231,46804199,46804199_31.json,https://github.com/anathema/anathema_3e,DefaultContainerCascade,Library_TreeFramework/src/main/java/net/sf/anathema/platform/tree/view/container/DefaultContainerCascade.java,production,,,,colorNode,10,@Override public,True,False,,,,,EXCLUDED,no_observable_behavior,,,,,,,,,2,0,,,,,,,,,EXCLUDED,semantic_metadata,no_observable_behavior,0.000,/Users/dungng/FPT/Ki 9/SET490/ARROW-paper/ARROW/runs/sample_selection/distributed/shard-0/candidates/02231_46804199_46804199_31
2236,50950973,50950973_5.json,https://github.com/basis-technology-corp/annotated-data-model,AnnotatedText,model/src/main/java/com/basistech/rosette/dm/AnnotatedText.java,production,,,,getDependencies,4,"@SuppressWarnings(""unchecked"") public",False,True,,,,,EXCLUDED,trivial_focal_method,,,,,,,,,2,0,,,,,,,,,EXCLUDED,semantic_metadata,trivial_focal_method,0.001,/Users/dungng/FPT/Ki 9/SET490/ARROW-paper/ARROW/runs/sample_selection/distributed/shard-0/candidates/02236_50950973_50950973_5
2241,12768312,12768312_0.json,https://github.com/JEEventStore/JEEventStore,AbstractEventStoreCommitNotifier,core/src/main/java/org/jeeventstore/notifier/AbstractEventStoreCommitNotifier.java,production,class,True,89,addListener,10,@Override @Lock(LockType.WRITE) public,True,True,0,False,,9,EXCLUDED,non_concrete:class:abstract,,,,,,,,1,2,0,,,,,,,,,EXCLUDED,semantic,non_concrete:class:abstract,1.612,/Users/dungng/FPT/Ki 9/SET490/ARROW-paper/ARROW/runs/sample_selection/distributed/shard-0/candidates/02241_12768312_12768312_0
2246,118198720,118198720_0.json,https://github.com/microsoft/CDM,StorageUtils,objectModel/Java/objectmodel/src/main/java/com/microsoft/commondatamodel/objectmodel/utilities/StorageUtils.java,production,class,False,29,splitNamespacePath,11,public static,True,True,0,False,,10,ELIGIBLE,,maven,objectModel/Java/objectmodel,testng,9,/opt/homebrew/Cellar/openjdk@17/17.0.19/libexec/openjdk.jdk/Contents/Home,JDK 9 not mapped; using build.java_default,,1,2,1,ASSERTION_FAILED,,,com.microsoft.commondatamodel.objectmodel.utilities.StorageUtils,,,,,EXCLUDED,baseline,"tests run: 0, failures: 0, errors: 0, skipped: 0",45.681,/Users/dungng/FPT/Ki 9/SET490/ARROW-paper/ARROW/runs/sample_selection/distributed/shard-0/candidates/02246_118198720_118198720_0
2251,64719557,64719557_190.json,https://github.com/Nike-Inc/riposte,EurekaVipAddressRoundRobinWithAzAffinityService,riposte-service-registration-eureka/src/main/java/com/nike/riposte/serviceregistration/eureka/helpers/EurekaVipAddressRoundRobinWithAzAffinityService.java,production,class,False,64,getActiveInstanceInfoForVipAddressBlocking,8,@Override public,True,True,2,False,,10,ELIGIBLE,,gradle,riposte-service-registration-eureka,junit4,1,/Users/dungng/FPT/Ki 9/SET490/ARROW-paper/ARROW/Java-version/java-8/Contents/Home,using compatible JDK 8 from build.java_homes.java-8 for Java 1,,1,2,2,MODULE_TESTS_PASSED|MODULE_TESTS_PASSED,True,0,com.nike.riposte.serviceregistration.eureka.helpers.EurekaVipAddressRoundRobinWithAzAffinityService,True,ASSERTION_FAILED,,,EXCLUDED,probe_target,"| test results for :riposte-service-registration-eureka:test: success (1 tests, 1 successes, 0 failures, 0 skipped) in 0.541 seconds |",146.450,/Users/dungng/FPT/Ki 9/SET490/ARROW-paper/ARROW/runs/sample_selection/distributed/shard-0/candidates/02251_64719557_64719557_190
2256,21266289,21266289_118.json,https://github.com/clintonhealthaccess/chailmis-android,CommodityDisplayStrategy,app/src/main/java/org/clintonhealthaccess/lmis/app/adapters/strategies/CommodityDisplayStrategy.java,production,,,,getMessage,3,public,False,True,,,,,EXCLUDED,trivial_focal_method,,,,,,,,,2,0,,,,,,,,,EXCLUDED,semantic_metadata,trivial_focal_method,0.003,/Users/dungng/FPT/Ki 9/SET490/ARROW-paper/ARROW/runs/sample_selection/distributed/shard-0/candidates/02256_21266289_21266289_118
2261,18560435,18560435_8.json,https://github.com/1and1/snmpman,ModifiedVariable,snmpman/src/main/java/com/oneandone/snmpman/configuration/modifier/ModifiedVariable.java,production,class,False,118,compareTo,4,@Override public,False,True,2,False,,7,ELIGIBLE,,maven,snmpman,testng,9,/opt/homebrew/Cellar/openjdk@17/17.0.19/libexec/openjdk.jdk/Contents/Home,JDK 9 not mapped; using build.java_default,,1,2,2,MODULE_TESTS_PASSED|MODULE_TESTS_PASSED,True,0,com.oneandone.snmpman.configuration.modifier.ModifiedVariable,True,TARGET_TEST_PASSED,MODULE_TESTS_PASSED,MODULE_TESTS_PASSED,ELIGIBLE,,,24.913,/Users/dungng/FPT/Ki 9/SET490/ARROW-paper/ARROW/runs/sample_selection/distributed/shard-0/candidates/02261_18560435_18560435_8
2266,91571398,91571398_0.json,https://github.com/vy/log4j2-redis-appender,RedisAppender,appender/src/main/java/com/vlkan/log4j2/redis/appender/RedisAppender.java,production,,,,getJmxBean,3,public,False,True,,,,,EXCLUDED,trivial_focal_method,,,,,,,,,2,0,,,,,,,,,EXCLUDED,semantic_metadata,trivial_focal_method,0.001,/Users/dungng/FPT/Ki 9/SET490/ARROW-paper/ARROW/runs/sample_selection/distributed/shard-0/candidates/02266_91571398_91571398_0
2271,19961085,19961085_58.json,https://github.com/apache/incubator-pinot,KafkaLowLevelStreamConfig,pinot-plugins/pinot-stream-ingestion/pinot-kafka-0.9/src/main/java/org/apache/pinot/plugin/stream/kafka09/KafkaLowLevelStreamConfig.java,production,,,,getKafkaFetcherSizeBytes,3,public,False,True,,,,,EXCLUDED,trivial_focal_method,,,,,,,,,2,0,,,,,,,,,EXCLUDED,semantic_metadata,trivial_focal_method,0.000,/Users/dungng/FPT/Ki 9/SET490/ARROW-paper/ARROW/runs/sample_selection/distributed/shard-0/candidates/02271_19961085_19961085_58
2276,2992799,2992799_1.json,https://github.com/erdincyilmazel/Cambridge,DirectoryTemplateLoader,cambridge-core/src/main/java/cambridge/DirectoryTemplateLoader.java,production,class,False,77,newTemplateFactory,3,public,False,True,1,True,filesystem,6,EXCLUDED,external_dependency_risk:filesystem;testability_score_below_7,,,,,,,,1,2,0,,,,,,,,,EXCLUDED,semantic,external_dependency_risk:filesystem;testability_score_below_7,2.526,/Users/dungng/FPT/Ki 9/SET490/ARROW-paper/ARROW/runs/sample_selection/distributed/shard-0/candidates/02276_2992799_2992799_1
2281,142763963,142763963_15.json,https://github.com/bazi/gsb4j,IpUtils,core/src/main/java/kg/net/bazi/gsb4j/util/IpUtils.java,production,,,,isOctalEncodedIpAddress,3,public,False,True,,,,,EXCLUDED,trivial_focal_method,,,,,,,,,2,0,,,,,,,,,EXCLUDED,semantic_metadata,trivial_focal_method,0.001,/Users/dungng/FPT/Ki 9/SET490/ARROW-paper/ARROW/runs/sample_selection/distributed/shard-0/candidates/02281_142763963_142763963_15
2286,60241390,60241390_168.json,https://github.com/Cognifide/aet,RunIndexWrapper,core/runner/src/main/java/com/cognifide/aet/runner/processing/data/wrappers/RunIndexWrapper.java,production,,,,countUrls,1,public abstract,False,True,,,,,EXCLUDED,focal_method_not_directly_testable,,,,,,,,,2,0,,,,,,,,,EXCLUDED,semantic_metadata,focal_method_not_directly_testable,0.000,/Users/dungng/FPT/Ki 9/SET490/ARROW-paper/ARROW/runs/sample_selection/distributed/shard-0/candidates/02286_60241390_60241390_168
2291,32714807,32714807_10.json,https://github.com/bluedenim/log4j-s3-search,PublishHelperUtils,appender-core/src/main/java/com/van/logging/utils/PublishHelperUtils.java,production,class,False,33,adjustStoragePathIfNecessary,13,public static,True,True,0,False,,9,ELIGIBLE,,maven,appender-core,junit4,8,/Users/dungng/FPT/Ki 9/SET490/ARROW-paper/ARROW/Java-version/java-8/Contents/Home,matched build.java_homes.java-8,,1,2,1,COMPILE_FAILED,,,com.van.logging.utils.PublishHelperUtils,,,,,EXCLUDED,baseline,[error] failed to execute goal org.apache.maven.plugins:maven-compiler-plugin:<n>.8.1:compile (default-compile) on project appender-core: compilation failure,27.583,/Users/dungng/FPT/Ki 9/SET490/ARROW-paper/ARROW/runs/sample_selection/distributed/shard-0/candidates/02291_32714807_32714807_10
2296,25881432,25881432_0.json,https://github.com/googleapis/google-api-java-client,CloudShellCredential,google-api-client/src/main/java/com/google/api/client/googleapis/auth/oauth2/CloudShellCredential.java,production,class,False,88,executeRefreshToken,23,@Override protected,True,True,2,True,network,9,EXCLUDED,external_dependency_risk:network,,,,,,,,1,2,0,,,,,,,,,EXCLUDED,semantic,external_dependency_risk:network,1.785,/Users/dungng/FPT/Ki 9/SET490/ARROW-paper/ARROW/runs/sample_selection/distributed/shard-0/candidates/02296_25881432_25881432_0
2301,172090523,172090523_73.json,https://github.com/matchbook-technology/matchbook-sdk,ParserWrapper,matchbook-sdk-rest/src/main/java/com/matchbook/sdk/rest/configs/wrappers/ParserWrapper.java,production,class,False,165,getDecimal,11,@Override public,True,True,2,False,,10,ELIGIBLE,,maven,matchbook-sdk-rest,junit5,9,/opt/homebrew/Cellar/openjdk@17/17.0.19/libexec/openjdk.jdk/Contents/Home,JDK 9 not mapped; using build.java_default,,1,2,1,ASSERTION_FAILED,,,com.matchbook.sdk.rest.configs.wrappers.ParserWrapper,,,,,EXCLUDED,baseline,"[info] tests run: 0, failures: 0, errors: 0, skipped: 0",6.829,/Users/dungng/FPT/Ki 9/SET490/ARROW-paper/ARROW/runs/sample_selection/distributed/shard-0/candidates/02301_172090523_172090523_73
2306,39385621,39385621_4.json,https://github.com/trello/RxLifecycle,RxLifecycle,rxlifecycle/src/main/java/com/trello/rxlifecycle4/RxLifecycle.java,production,class,False,102,bindUntilEvent,8,@Nonnull @CheckReturnValue public static,False,True,0,False,,7,ELIGIBLE,,gradle,rxlifecycle,junit4,rootProject.ext.sourceCompatibilityVersion,/opt/homebrew/Cellar/openjdk@17/17.0.19/libexec/openjdk.jdk/Contents/Home,JDK rootProject.ext.sourceCompatibilityVersion not mapped; using build.java_default,,1,2,1,ASSERTION_FAILED,,,com.trello.rxlifecycle4.RxLifecycle,,,,,EXCLUDED,baseline,failure: build failed with an exception.,3.335,/Users/dungng/FPT/Ki 9/SET490/ARROW-paper/ARROW/runs/sample_selection/distributed/shard-0/candidates/02306_39385621_39385621_4
2311,87910456,87910456_4.json,https://github.com/STMicroelectronics/STSensNet_Android,GetSensorNodeListParser,STSensNetApp/src/main/java/com/st/SensNet/net6LoWPAN/features/GetSensorNodeListParser.java,production,,,,parse,15,public static @Nullable,True,True,,,,,ELIGIBLE,,,,,,,,,,2,0,,,,,,,,,EXCLUDED,setup,"RuntimeError: Repository setup failed after 3 attempts: CalledProcessError: Command '['git', '-c', 'core.longpaths=true', 'clone', '--depth', '1', 'https://github.com/STMicroelectronics/STSensNet_Android', '/Users/dungng/FPT/Ki 9/SET490/ARROW-paper/ARROW/repos/87910456']' returned non-zero exit status 128.",8.392,/Users/dungng/FPT/Ki 9/SET490/ARROW-paper/ARROW/runs/sample_selection/distributed/shard-0/candidates/02311_87910456_87910456_4
2316,85416613,85416613_7.json,https://github.com/dbof10/FBReaction,VectorCommand,keyframe/src/main/java/com/facebook/keyframes/util/VectorCommand.java,production,class,True,365,createVectorCommand,61,public static,True,True,2,False,,10,EXCLUDED,non_concrete:class:abstract,,,,,,,,1,2,0,,,,,,,,,EXCLUDED,semantic,non_concrete:class:abstract,2.368,/Users/dungng/FPT/Ki 9/SET490/ARROW-paper/ARROW/runs/sample_selection/distributed/shard-0/candidates/02316_85416613_85416613_7
2321,20844705,20844705_1.json,https://github.com/hal/circuit,BookStore,samples/bookstore/src/main/java/org/jboss/gwt/circuit/sample/bookstore/BookStore.java,production,,,,rate,5,@Process(actionType = Rate.class) public,False,False,,,,,EXCLUDED,no_observable_behavior,,,,,,,,,2,0,,,,,,,,,EXCLUDED,semantic_metadata,no_observable_behavior,0.000,/Users/dungng/FPT/Ki 9/SET490/ARROW-paper/ARROW/runs/sample_selection/distributed/shard-0/candidates/02321_20844705_20844705_1
2326,200492090,200492090_38.json,https://github.com/ztkmkoo/dss,DssWebSocketServer,dss-server/src/main/java/io/github/ztkmkoo/dss/server/websocket/DssWebSocketServer.java,production,,,,start,22,@Override public,True,False,,,,,EXCLUDED,no_observable_behavior,,,,,,,,,2,0,,,,,,,,,EXCLUDED,semantic_metadata,no_observable_behavior,0.001,/Users/dungng/FPT/Ki 9/SET490/ARROW-paper/ARROW/runs/sample_selection/distributed/shard-0/candidates/02326_200492090_200492090_38
2331,60913395,60913395_1.json,https://github.com/MalaysiaPrayerTimes/android,RetrofitPrayerClient,api-client/src/main/java/com/i906/mpt/api/prayer/RetrofitPrayerClient.java,production,class,False,85,getPrayerTimesByCode,11,@Override public,False,True,1,True,network,7,EXCLUDED,external_dependency_risk:network,,,,,,,,1,2,0,,,,,,,,,EXCLUDED,semantic,external_dependency_risk:network,2.648,/Users/dungng/FPT/Ki 9/SET490/ARROW-paper/ARROW/runs/sample_selection/distributed/shard-0/candidates/02331_60913395_60913395_1
2336,39997974,39997974_9.json,https://github.com/senacor/rxjava-katas,FlakyProxy,common-wiki/src/main/java/com/senacor/codecamp/reactive/util/FlakyProxy.java,production,class,False,47,newJdkProxy,8,public static,True,True,2,False,,9,ELIGIBLE,,maven,common-wiki,junit4,8,/Users/dungng/FPT/Ki 9/SET490/ARROW-paper/ARROW/Java-version/java-8/Contents/Home,matched build.java_homes.java-8,,1,2,1,RUNTIME_FAILED,,,com.senacor.codecamp.reactive.util.FlakyProxy,,,,,EXCLUDED,baseline,[error] [error] some problems were encountered while processing the poms:,8.327,/Users/dungng/FPT/Ki 9/SET490/ARROW-paper/ARROW/runs/sample_selection/distributed/shard-0/candidates/02336_39997974_39997974_9
2341,34971364,34971364_3.json,https://github.com/jroyals/log4j-properties-converter,Log4JModel,log4j-properties-converter-core/src/main/java/com/fragstealers/log4j/core/Log4JModel.java,production,class,False,83,getAppenders,10,public,True,True,1,False,,10,ELIGIBLE,,maven,log4j-properties-converter-core,junit4,7,/Users/dungng/FPT/Ki 9/SET490/ARROW-paper/ARROW/Java-version/java-8/Contents/Home,using compatible JDK 8 from build.java_homes.java-8 for Java 7,,1,2,2,MODULE_TESTS_PASSED|MODULE_TESTS_PASSED,True,0,com.fragstealers.log4j.core.Log4JModel,False,,,,EXCLUDED,bytecode,Không tìm thấy bytecode focal class com.fragstealers.log4j.core.Log4JModel,16.342,/Users/dungng/FPT/Ki 9/SET490/ARROW-paper/ARROW/runs/sample_selection/distributed/shard-0/candidates/02341_34971364_34971364_3
2346,138890589,138890589_50.json,https://github.com/finos/datahelix,RowSpecGrouper,core/src/main/java/com/scottlogic/datahelix/generator/core/generation/grouped/RowSpecGrouper.java,production,class,False,96,createGroups,8,public static,False,True,0,False,,7,ELIGIBLE,,gradle,core,junit5,8,/Users/dungng/FPT/Ki 9/SET490/ARROW-paper/ARROW/Java-version/java-8/Contents/Home,matched build.java_homes.java-8,,1,2,1,ASSERTION_FAILED,,,com.scottlogic.datahelix.generator.core.generation.grouped.RowSpecGrouper,,,,,EXCLUDED,baseline,failure: build failed with an exception.,55.387,/Users/dungng/FPT/Ki 9/SET490/ARROW-paper/ARROW/runs/sample_selection/distributed/shard-0/candidates/02346_138890589_138890589_50
2351,49620246,49620246_0.json,https://github.com/cleverchao/thrift-example,Thrift,gen-nodejs/node_modules/thrift/contrib/thrift-maven-plugin/src/main/java/org/apache/thrift/maven/Thrift.java,production,class,False,239,compile,13,public,True,True,5,True,filesystem,6,EXCLUDED,external_dependency_risk:filesystem;testability_score_below_7,,,,,,,,1,2,0,,,,,,,,,EXCLUDED,semantic,external_dependency_risk:filesystem;testability_score_below_7,5.776,/Users/dungng/FPT/Ki 9/SET490/ARROW-paper/ARROW/runs/sample_selection/distributed/shard-0/candidates/02351_49620246_49620246_0
2356,35206972,35206972_88.json,https://github.com/Stratio/cassandra-lucene-index,DateRangeMapper,plugin/src/main/java/com/stratio/cassandra/lucene/schema/mapping/DateRangeMapper.java,production,class,False,147,DateRangeMapper,14,public,True,True,5,False,,9,ELIGIBLE,,maven,plugin,junit4,8,/Users/dungng/FPT/Ki 9/SET490/ARROW-paper/ARROW/Java-version/java-8/Contents/Home,matched build.java_homes.java-8,,1,2,1,COMPILE_FAILED,,,com.stratio.cassandra.lucene.schema.mapping.DateRangeMapper,,,,,EXCLUDED,baseline,java.lang.unsatisfiedlinkerror: org.apache.cassandra.utils.nativelibrarydarwin.getpid()j,26.376,/Users/dungng/FPT/Ki 9/SET490/ARROW-paper/ARROW/runs/sample_selection/distributed/shard-0/candidates/02356_35206972_35206972_88
2361,2485432,2485432_0.json,https://github.com/ancoron/pg-inet-maven,IPNetwork,org.ancoron.postgresql.jpa/src/main/java/org/ancoron/postgresql/jpa/IPNetwork.java,production,,,,getNetmaskAddress,3,public,False,True,,,,,EXCLUDED,trivial_focal_method,,,,,,,,,2,0,,,,,,,,,EXCLUDED,semantic_metadata,trivial_focal_method,0.001,/Users/dungng/FPT/Ki 9/SET490/ARROW-paper/ARROW/runs/sample_selection/distributed/shard-0/candidates/02361_2485432_2485432_0
2366,71135101,71135101_2.json,https://github.com/inthepocket/ibeacon-scanner-android,Beacon,ibeaconscanner/src/main/java/mobi/inthepocket/android/beacons/ibeaconscanner/Beacon.java,production,class,False,204,newBuilder,4,public static,False,True,0,False,,8,ELIGIBLE,,gradle,ibeaconscanner,junit4,unknown,/Users/dungng/FPT/Ki 9/SET490/ARROW-paper/ARROW/Java-version/java-8/Contents/Home,Gradle 4.4 requires compatible JDK 8; matched build.java_homes.java-8,,1,2,1,ASSERTION_FAILED,,,mobi.inthepocket.android.beacons.ibeaconscanner.Beacon,,,,,EXCLUDED,baseline,failure: build failed with an exception.,51.134,/Users/dungng/FPT/Ki 9/SET490/ARROW-paper/ARROW/runs/sample_selection/distributed/shard-0/candidates/02366_71135101_71135101_2
2371,49688312,49688312_0.json,https://github.com/TekkLabs/memoria-politica,QueryMatcher,android/MemoriaPolitica/app/src/main/java/com/tekklabs/memoriapolitica/domain/QueryMatcher.java,production,class,False,49,matches,10,public,True,True,1,False,,10,ELIGIBLE,,gradle,android/MemoriaPolitica/app,junit4,unknown,/opt/homebrew/Cellar/openjdk@17/17.0.19/libexec/openjdk.jdk/Contents/Home,no project java version detected; using build.java_default,,1,2,1,ASSERTION_FAILED,,,com.tekklabs.memoriapolitica.domain.QueryMatcher,,,,,EXCLUDED,baseline,failure: build failed with an exception.,3.860,/Users/dungng/FPT/Ki 9/SET490/ARROW-paper/ARROW/runs/sample_selection/distributed/shard-0/candidates/02371_49688312_49688312_0
2376,84871568,84871568_2.json,https://github.com/YoeriNijs/NoteBuddy,NoteBodyValidator,app/src/main/java/nl/yoerinijs/nb/validators/NoteBodyValidator.java,production,,,,isNoteBodyValid,3,public static,False,True,,,,,EXCLUDED,trivial_focal_method,,,,,,,,,2,0,,,,,,,,,EXCLUDED,semantic_metadata,trivial_focal_method,0.001,/Users/dungng/FPT/Ki 9/SET490/ARROW-paper/ARROW/runs/sample_selection/distributed/shard-0/candidates/02376_84871568_84871568_2
2381,99742967,99742967_28.json,https://github.com/awslabs/swage,ImmutableTypedMap,type-safe/src/main/java/software/amazon/swage/collection/ImmutableTypedMap.java,production,class,False,135,typedIterator,12,@Override public,True,True,1,False,,7,ELIGIBLE,,maven,type-safe,junit4,8,/Users/dungng/FPT/Ki 9/SET490/ARROW-paper/ARROW/Java-version/java-8/Contents/Home,matched build.java_homes.java-8,,1,2,2,MODULE_TESTS_PASSED|MODULE_TESTS_PASSED,True,0,software.amazon.swage.collection.ImmutableTypedMap,True,TARGET_TEST_PASSED,MODULE_TESTS_PASSED,MODULE_TESTS_PASSED,ELIGIBLE,,,12.075,/Users/dungng/FPT/Ki 9/SET490/ARROW-paper/ARROW/runs/sample_selection/distributed/shard-0/candidates/02381_99742967_99742967_28
2386,19492803,19492803_9.json,https://github.com/opendigitaleducation/entcore,DefaultCommunicationService,communication/src/main/java/org/entcore/communication/services/impl/DefaultCommunicationService.java,production,class,False,2035,computeWarningMessageForAddLinkCheck,12,public,True,True,0,True,nondeterminism,7,EXCLUDED,external_dependency_risk:nondeterminism,,,,,,,,1,2,0,,,,,,,,,EXCLUDED,semantic,external_dependency_risk:nondeterminism,7.611,/Users/dungng/FPT/Ki 9/SET490/ARROW-paper/ARROW/runs/sample_selection/distributed/shard-0/candidates/02386_19492803_19492803_9
2391,26722690,26722690_17.json,https://github.com/SoftInstigate/restheart,PluginUtils,commons/src/main/java/org/restheart/utils/PluginUtils.java,production,class,False,387,requiresContent,9,public static,True,True,0,False,,9,ELIGIBLE,,maven,commons,junit5,25,/opt/homebrew/Cellar/openjdk@17/17.0.19/libexec/openjdk.jdk/Contents/Home,JDK 25 not mapped; using build.java_default,,1,2,1,COMPILE_FAILED,,,org.restheart.utils.PluginUtils,,,,,EXCLUDED,baseline,[error] failed to execute goal org.apache.maven.plugins:maven-compiler-plugin:<n>.15.0:compile (default-compile) on project restheart-commons: fatal error compiling: error: release version 25 not supported -> [help 1],15.731,/Users/dungng/FPT/Ki 9/SET490/ARROW-paper/ARROW/runs/sample_selection/distributed/shard-0/candidates/02391_26722690_26722690_17
2396,81745315,81745315_0.json,https://github.com/nmyphp/tbschedule,ZKTools,tbschedule-core/src/main/java/com/taobao/pamirs/schedule/zk/ZKTools.java,production,,,,createPath,12,public static,True,False,,,,,EXCLUDED,no_observable_behavior,,,,,,,,,2,0,,,,,,,,,EXCLUDED,semantic_metadata,no_observable_behavior,0.001,/Users/dungng/FPT/Ki 9/SET490/ARROW-paper/ARROW/runs/sample_selection/distributed/shard-0/candidates/02396_81745315_81745315_0
2401,73013368,73013368_2.json,https://github.com/SiimKinks/unicorn,ViewManager,core/src/main/java/com/siimkinks/unicorn/ViewManager.java,production,class,False,364,removeViewFromStack,23,@VisibleForTesting @Nullable @MainThread,True,True,1,True,framework_context,8,EXCLUDED,external_dependency_risk:framework_context,,,,,,,,1,2,0,,,,,,,,,EXCLUDED,semantic,external_dependency_risk:framework_context,1.714,/Users/dungng/FPT/Ki 9/SET490/ARROW-paper/ARROW/runs/sample_selection/distributed/shard-0/candidates/02401_73013368_73013368_2
2406,11397182,11397182_11.json,https://github.com/pruiz/signserver,PdfSignatureDigestAlgorithms,signserver/modules/SignServer-Module-PDFSigner/src/main/java/org/signserver/module/pdfsigner/PdfSignatureDigestAlgorithms.java,production,,,,isSupported,3,public static,False,True,,,,,EXCLUDED,trivial_focal_method,,,,,,,,,2,0,,,,,,,,,EXCLUDED,semantic_metadata,trivial_focal_method,0.001,/Users/dungng/FPT/Ki 9/SET490/ARROW-paper/ARROW/runs/sample_selection/distributed/shard-0/candidates/02406_11397182_11397182_11
2411,7576522,7576522_11.json,https://github.com/jeluard/stone,Database,core/src/main/java/com/github/jeluard/stone/pattern/Database.java,production,class,False,175,close,9,public,True,True,2,False,,10,ELIGIBLE,,maven,core,junit4,unknown,/opt/homebrew/Cellar/openjdk@17/17.0.19/libexec/openjdk.jdk/Contents/Home,no project java version detected; using build.java_default,,1,2,1,COMPILE_FAILED,,,com.github.jeluard.stone.pattern.Database,,,,,EXCLUDED,baseline,[error] failed to execute goal org.apache.maven.plugins:maven-compiler-plugin:<n>.0:compile (default-compile) on project stone-core: compilation failure: compilation failure:,15.314,/Users/dungng/FPT/Ki 9/SET490/ARROW-paper/ARROW/runs/sample_selection/distributed/shard-0/candidates/02411_7576522_7576522_11
2416,115569790,115569790_8.json,https://github.com/zqHero/AndroidKissReactNative,JSDebuggerWebSocketClient,node_modules/react-native/ReactAndroid/src/main/java/com/facebook/react/devsupport/JSDebuggerWebSocketClient.java,production,,,,onMessage,33,@Override public,True,False,,,,,EXCLUDED,no_observable_behavior,,,,,,,,,2,0,,,,,,,,,EXCLUDED,semantic_metadata,no_observable_behavior,0.001,/Users/dungng/FPT/Ki 9/SET490/ARROW-paper/ARROW/runs/sample_selection/distributed/shard-0/candidates/02416_115569790_115569790_8
2421,7416278,7416278_1.json,https://github.com/rosjava/android_core,PollingInputStream,polling_input_stream/src/main/java/org/ros/android/acm_serial/PollingInputStream.java,production,class,False,108,read,16,@Override public synchronized,True,True,2,False,,10,ELIGIBLE,,gradle,polling_input_stream,junit4,6,/Users/dungng/FPT/Ki 9/SET490/ARROW-paper/ARROW/Java-version/java-8/Contents/Home,using compatible JDK 8 from build.java_homes.java-8 for Java 6,,1,2,1,ASSERTION_FAILED,,,org.ros.android.acm_serial.PollingInputStream,,,,,EXCLUDED,baseline,failure: build failed with an exception.,9.250,/Users/dungng/FPT/Ki 9/SET490/ARROW-paper/ARROW/runs/sample_selection/distributed/shard-0/candidates/02421_7416278_7416278_1
2426,33547660,33547660_4.json,https://github.com/relaxng/jing-trang,Utf8,mod/util/src/main/com/thaiopensource/util/Utf8.java,nonstandard,,,,encode,22,static public,True,True,,,,,EXCLUDED,source_layout:nonstandard,,,,,,,,,2,0,,,,,,,,,EXCLUDED,semantic_metadata,source_layout:nonstandard,0.001,/Users/dungng/FPT/Ki 9/SET490/ARROW-paper/ARROW/runs/sample_selection/distributed/shard-0/candidates/02426_33547660_33547660_4
2431,18709657,18709657_0.json,https://github.com/gridkit/nanocloud,Shell,telecontrol-ssh/src/main/java/org/gridkit/lab/util/shell/Shell.java,production,class,False,719,prompt,3,public static,False,True,0,True,filesystem|process_or_native|nondeterminism,6,EXCLUDED,external_dependency_risk:filesystem|process_or_native|nondeterminism;testability_score_below_7,,,,,,,,1,2,0,,,,,,,,,EXCLUDED,semantic,external_dependency_risk:filesystem|process_or_native|nondeterminism;testability_score_below_7,1.808,/Users/dungng/FPT/Ki 9/SET490/ARROW-paper/ARROW/runs/sample_selection/distributed/shard-0/candidates/02431_18709657_18709657_0
2436,2073724,2073724_0.json,https://github.com/comodoro/FractalZoo,BWPalette,app/src/main/java/com/draabek/fractal/palette/BWPalette.java,production,,,,getColorInt,4,@Override public,True,True,,,,,EXCLUDED,trivial_focal_method,,,,,,,,,2,0,,,,,,,,,EXCLUDED,semantic_metadata,trivial_focal_method,0.001,/Users/dungng/FPT/Ki 9/SET490/ARROW-paper/ARROW/runs/sample_selection/distributed/shard-0/candidates/02436_2073724_2073724_0
2441,8279377,8279377_5.json,https://github.com/openEHR/gdl-tools,DroolsGuideExportPlugin,cds/cds-engine-drools/src/main/java/se/cambio/cds/gdl/converters/drools/DroolsGuideExportPlugin.java,production,,,,getPluginName,4,@Override public,False,True,,,,,EXCLUDED,trivial_focal_method,,,,,,,,,2,0,,,,,,,,,EXCLUDED,semantic_metadata,trivial_focal_method,0.000,/Users/dungng/FPT/Ki 9/SET490/ARROW-paper/ARROW/runs/sample_selection/distributed/shard-0/candidates/02441_8279377_8279377_5
2446,2466190,2466190_2.json,https://github.com/apptentive/apptentive-android,ObjectUtils,apptentive/src/main/java/com/apptentive/android/sdk/util/ObjectUtils.java,production,,,,isNullOrEmpty,3,public static,True,True,,,,,EXCLUDED,trivial_focal_method,,,,,,,,,2,0,,,,,,,,,EXCLUDED,semantic_metadata,trivial_focal_method,0.000,/Users/dungng/FPT/Ki 9/SET490/ARROW-paper/ARROW/runs/sample_selection/distributed/shard-0/candidates/02446_2466190_2466190_2
2451,23996364,23996364_9.json,https://github.com/ewerk/sample_spring-boot-camel-mongo-jdk8,UriBuilder,prototype-app/src/main/java/com/ewerk/prototype/proc/util/UriBuilder.java,production,,,,quartz,6,public static,False,True,,,,,ELIGIBLE,,,,,,,,,,2,0,,,,,,,,,EXCLUDED,setup,"RuntimeError: Repository setup failed after 3 attempts: CalledProcessError: Command '['git', '-c', 'core.longpaths=true', 'clone', '--depth', '1', 'https://github.com/ewerk/sample_spring-boot-camel-mongo-jdk8', '/Users/dungng/FPT/Ki 9/SET490/ARROW-paper/ARROW/repos/23996364']' returned non-zero exit status 128.",8.381,/Users/dungng/FPT/Ki 9/SET490/ARROW-paper/ARROW/runs/sample_selection/distributed/shard-0/candidates/02451_23996364_23996364_9
2456,32407177,32407177_2.json,https://github.com/TurhanOz/ReactiveDirectoryChooser,ListDirectoryObserver,library/src/main/java/com/turhanoz/android/reactivedirectorychooser/observer/ListDirectoryObserver.java,production,,,,onComplete,9,@Override public,True,False,,,,,EXCLUDED,no_observable_behavior,,,,,,,,,2,0,,,,,,,,,EXCLUDED,semantic_metadata,no_observable_behavior,0.001,/Users/dungng/FPT/Ki 9/SET490/ARROW-paper/ARROW/runs/sample_selection/distributed/shard-0/candidates/02456_32407177_32407177_2
2461,35240600,35240600_47.json,https://github.com/palantir/giraffe,ImmutableListPathCore,fs-base/src/main/java/com/palantir/giraffe/file/base/ImmutableListPathCore.java,production,class,False,392,resolveSibling,5,@Override public,True,True,2,False,,9,ELIGIBLE,,gradle,fs-base,junit4,unknown,/Users/dungng/FPT/Ki 9/SET490/ARROW-paper/ARROW/Java-version/java-11/Contents/Home,Gradle 6.9.4 requires compatible JDK 11; matched build.java_homes.java-11,,1,2,2,MODULE_TESTS_PASSED|MODULE_TESTS_PASSED,True,1,com.palantir.giraffe.file.base.ImmutableListPathCore,True,TARGET_TEST_PASSED,MODULE_TESTS_PASSED,ASSERTION_FAILED,EXCLUDED,offline,failure: build failed with an exception.,73.951,/Users/dungng/FPT/Ki 9/SET490/ARROW-paper/ARROW/runs/sample_selection/distributed/shard-0/candidates/02461_35240600_35240600_47
2466,9499422,9499422_100.json,https://github.com/stratosphere/stratosphere,SpillingResettableIterator,stratosphere-runtime/src/main/java/eu/stratosphere/pact/runtime/resettable/SpillingResettableIterator.java,production,class,False,152,hasNext,35,@Override public,True,True,5,False,,9,ELIGIBLE,,maven,stratosphere-runtime,junit4,6,/Users/dungng/FPT/Ki 9/SET490/ARROW-paper/ARROW/Java-version/java-8/Contents/Home,using compatible JDK 8 from build.java_homes.java-8 for Java 6,,1,2,1,COMPILE_FAILED,,,eu.stratosphere.pact.runtime.resettable.SpillingResettableIterator,,,,,EXCLUDED,baseline,tests in error:,96.284,/Users/dungng/FPT/Ki 9/SET490/ARROW-paper/ARROW/runs/sample_selection/distributed/shard-0/candidates/02466_9499422_9499422_100
2471,210933087,210933087_22.json,https://github.com/open-telemetry/opentelemetry-auto-instr-java,PatchLogger,javaagent-bootstrap/src/main/java/io/opentelemetry/javaagent/bootstrap/PatchLogger.java,production,class,False,306,isLoggable,13,public,True,True,1,False,,9,ELIGIBLE,,gradle,javaagent-bootstrap,junit5,21,/Users/dungng/FPT/Ki 9/SET490/ARROW-paper/ARROW/Java-version/java-21/Contents/Home,matched build.java_homes.java-21,,1,2,1,BUILD_TIMEOUT,,,io.opentelemetry.javaagent.bootstrap.PatchLogger,,,,,EXCLUDED,baseline,build timeout,908.678,/Users/dungng/FPT/Ki 9/SET490/ARROW-paper/ARROW/runs/sample_selection/distributed/shard-0/candidates/02471_210933087_210933087_22
2476,103377081,103377081_25.json,https://github.com/CoEValencia/codingDojo,RockPaper,02-RockPaperScissorLizardSpock/java/group1/src/main/java/com/capgemini/coedevon/codingdojo/rockpaperscissorslizardspock/RockPaper.java,production,class,False,57,play,23,public final,True,True,0,False,,10,ELIGIBLE,,maven,02-RockPaperScissorLizardSpock/java/group1,junit4,8,/Users/dungng/FPT/Ki 9/SET490/ARROW-paper/ARROW/Java-version/java-8/Contents/Home,matched build.java_homes.java-8,1b10d0ab246da15c58c990a793d4c4e4377860ac,1,2,2,MODULE_TESTS_PASSED|MODULE_TESTS_PASSED,True,0,com.capgemini.coedevon.codingdojo.rockpaperscissorslizardspock.RockPaper,True,TARGET_TEST_PASSED,MODULE_TESTS_PASSED,MODULE_TESTS_PASSED,ELIGIBLE,,,19.385,/Users/dungng/FPT/Ki 9/SET490/ARROW-paper/ARROW/runs/sample_selection/distributed/shard-0/candidates/02476_103377081_103377081_25
2481,43254843,43254843_28.json,https://github.com/komamitsu/fluency,RetryableSender,fluency-fluentd/src/main/java/org/komamitsu/fluency/fluentd/ingester/sender/RetryableSender.java,production,,,,getBaseSender,4,public,False,True,,,,,EXCLUDED,trivial_focal_method,,,,,,,,,2,0,,,,,,,,,EXCLUDED,semantic_metadata,trivial_focal_method,0.001,/Users/dungng/FPT/Ki 9/SET490/ARROW-paper/ARROW/runs/sample_selection/distributed/shard-0/candidates/02481_43254843_43254843_28
2486,146510094,146510094_7.json,https://github.com/greenplum-db/pxf,BaseConfigurationFactory,server/pxf-api/src/main/java/org/greenplum/pxf/api/model/BaseConfigurationFactory.java,production,,,,initConfiguration,62,@Override public,True,True,,,,,ELIGIBLE,,,,,,,,,,2,0,,,,,,,,,EXCLUDED,setup,"RuntimeError: Repository setup failed after 3 attempts: CalledProcessError: Command '['git', '-c', 'core.longpaths=true', 'clone', '--depth', '1', 'https://github.com/greenplum-db/pxf', '/Users/dungng/FPT/Ki 9/SET490/ARROW-paper/ARROW/repos/146510094']' returned non-zero exit status 128.",8.515,/Users/dungng/FPT/Ki 9/SET490/ARROW-paper/ARROW/runs/sample_selection/distributed/shard-0/candidates/02486_146510094_146510094_7
2491,14792686,14792686_5.json,https://github.com/ampm/Douban-FM-sdk,ChannelActionGateway,modules/SDK/src/main/java/com/zzxhdzj/douban/api/channels/action/ChannelActionGateway.java,production,,,,favAChannel,3,public,False,False,,,,,EXCLUDED,no_observable_behavior,,,,,,,,,2,0,,,,,,,,,EXCLUDED,semantic_metadata,no_observable_behavior,0.001,/Users/dungng/FPT/Ki 9/SET490/ARROW-paper/ARROW/runs/sample_selection/distributed/shard-0/candidates/02491_14792686_14792686_5
2496,122467588,122467588_1.json,https://github.com/Monnoroch/android-testing,UserPresenter,example/src/main/java/com/example/user/UserPresenter.java,production,,,,getUserName,16,public,True,False,,,,,EXCLUDED,no_observable_behavior,,,,,,,,,2,0,,,,,,,,,EXCLUDED,semantic_metadata,no_observable_behavior,0.001,/Users/dungng/FPT/Ki 9/SET490/ARROW-paper/ARROW/runs/sample_selection/distributed/shard-0/candidates/02496_122467588_122467588_1
2501,97306203,97306203_4.json,https://github.com/modum-io/tokenapp-backend,Etherscan,services/rates/src/main/java/io/modum/tokenapp/rates/service/Etherscan.java,production,,,,get20Balances,3,public,False,True,,,,,ELIGIBLE,,,,,,,,,,2,0,,,,,,,,,EXCLUDED,setup,"RuntimeError: Repository setup failed after 3 attempts: CalledProcessError: Command '['git', '-c', 'core.longpaths=true', 'clone', '--depth', '1', 'https://github.com/modum-io/tokenapp-backend', '/Users/dungng/FPT/Ki 9/SET490/ARROW-paper/ARROW/repos/97306203']' returned non-zero exit status 128.",8.436,/Users/dungng/FPT/Ki 9/SET490/ARROW-paper/ARROW/runs/sample_selection/distributed/shard-0/candidates/02501_97306203_97306203_4
2506,50372538,50372538_5.json,https://github.com/GoogleCloudPlatform/community,CoapRequestBuilder,tutorials/cloud-iot-coap-proxy/coap-dtls-client/src/main/java/com/agosto/coap/dtls/client/CoapRequestBuilder.java,production,class,False,44,build,25,static,True,True,0,False,,10,ELIGIBLE,,maven,tutorials/cloud-iot-coap-proxy/coap-dtls-client,junit5,7,/Users/dungng/FPT/Ki 9/SET490/ARROW-paper/ARROW/Java-version/java-8/Contents/Home,using compatible JDK 8 from build.java_homes.java-8 for Java 7,651ceba3972a941fae34b82a769da028e06a1f8c,1,2,1,RUNTIME_FAILED,,,com.agosto.coap.dtls.client.CoapRequestBuilder,,,,,EXCLUDED,baseline,error:java.lang.runtimeexception:unable to retrieve the ec private key.,45.316,/Users/dungng/FPT/Ki 9/SET490/ARROW-paper/ARROW/runs/sample_selection/distributed/shard-0/candidates/02506_50372538_50372538_5
2511,15137397,15137397_1.json,https://github.com/vauvenal5/pieShare,PieExecutorService,pieUtilities/src/main/java/org/pieShare/pieTools/pieUtilities/service/pieExecutorService/PieExecutorService.java,production,,,,execute,12,@Override public,True,False,,,,,EXCLUDED,no_observable_behavior,,,,,,,,,2,0,,,,,,,,,EXCLUDED,semantic_metadata,no_observable_behavior,0.001,/Users/dungng/FPT/Ki 9/SET490/ARROW-paper/ARROW/runs/sample_selection/distributed/shard-0/candidates/02511_15137397_15137397_1
2516,107150826,107150826_9.json,https://github.com/AppStoreFoundation/asf-sdk,TransactionFactory,appcoins-core/src/main/java/com/asf/appcoins/sdk/core/factory/TransactionFactory.java,production,class,False,71,extractToFromEthTransaction,5,static,False,True,0,False,,8,ELIGIBLE,,gradle,appcoins-core,junit4,unknown,/Users/dungng/FPT/Ki 9/SET490/ARROW-paper/ARROW/Java-version/java-8/Contents/Home,Gradle 4.7 requires compatible JDK 8; matched build.java_homes.java-8,,1,2,1,ASSERTION_FAILED,,,com.asf.appcoins.sdk.core.factory.TransactionFactory,,,,,EXCLUDED,baseline,failure: build failed with an exception.,35.487,/Users/dungng/FPT/Ki 9/SET490/ARROW-paper/ARROW/runs/sample_selection/distributed/shard-0/candidates/02516_107150826_107150826_9
2521,19748926,19748926_1.json,https://github.com/kikoso/Swipeable-Cards,SimpleCardStackAdapter,AndTinder/src/main/java/com/andtinder/view/SimpleCardStackAdapter.java,production,class,False,26,getCardView,12,@Override public,True,True,1,False,,9,ELIGIBLE,,gradle,AndTinder,junit4,unknown,/Users/dungng/FPT/Ki 9/SET490/ARROW-paper/ARROW/Java-version/java-11/Contents/Home,Gradle 5.4.1 requires compatible JDK 11; matched build.java_homes.java-11,,1,2,1,ASSERTION_FAILED,,,com.andtinder.view.SimpleCardStackAdapter,,,,,EXCLUDED,baseline,failure: build failed with an exception.,7.751,/Users/dungng/FPT/Ki 9/SET490/ARROW-paper/ARROW/runs/sample_selection/distributed/shard-0/candidates/02521_19748926_19748926_1
2526,71127071,71127071_0.json,https://github.com/qaware/hitchhikers-guide-cloudnative,ZwitscherController,solution/zwitscher-service/src/main/java/de/qaware/oss/cloud/nativ/wjax2016/ZwitscherController.java,production,class,False,42,tweets,5,"@RequestMapping(method = RequestMethod.GET, produces = MediaType.APPLICATION_JSON_UTF8_VALUE) public",False,True,1,True,database,6,EXCLUDED,external_dependency_risk:database;testability_score_below_7,,,,,,,,1,2,0,,,,,,,,,EXCLUDED,semantic,external_dependency_risk:database;testability_score_below_7,14.784,/Users/dungng/FPT/Ki 9/SET490/ARROW-paper/ARROW/runs/sample_selection/distributed/shard-0/candidates/02526_71127071_71127071_0
2531,109754092,109754092_6.json,https://github.com/linkedin/dynamometer,AuditLogDirectParser,dynamometer-workload/src/main/java/com/linkedin/dynamometer/workloadgenerator/audit/AuditLogDirectParser.java,production,class,False,64,parse,21,@Override public,True,True,0,False,,9,ELIGIBLE,,gradle,dynamometer-workload,junit4,8,/Users/dungng/FPT/Ki 9/SET490/ARROW-paper/ARROW/Java-version/java-8/Contents/Home,matched build.java_homes.java-8,,1,2,1,ASSERTION_FAILED,,,com.linkedin.dynamometer.workloadgenerator.audit.AuditLogDirectParser,,,,,EXCLUDED,baseline,failure: build failed with an exception.,35.982,/Users/dungng/FPT/Ki 9/SET490/ARROW-paper/ARROW/runs/sample_selection/distributed/shard-0/candidates/02531_109754092_109754092_6
2536,13126412,13126412_11.json,https://github.com/52North/sos-importer,Step7ModelHandler,wizard/src/main/java/org/n52/sos/importer/model/xml/Step7ModelHandler.java,production,,,,handleModel,32,@Override public,True,False,,,,,EXCLUDED,no_observable_behavior,,,,,,,,,2,0,,,,,,,,,EXCLUDED,semantic_metadata,no_observable_behavior,0.001,/Users/dungng/FPT/Ki 9/SET490/ARROW-paper/ARROW/runs/sample_selection/distributed/shard-0/candidates/02536_13126412_13126412_11
2541,49564270,49564270_0.json,https://github.com/tangaiyun/Netty-Resteasy-Spring,HomeController,netty-resteasy-spring-sample/src/main/java/com/tay/rest/controller/HomeController.java,production,class,False,106,helloworld,16,"@RateLimiter(base = RateLimiter.Base.General, permits = 2, timeUnit = TimeUnit.MINUTES) @PermitAll @GET @Path(""/world/{id}"") @Produces(""application/json"") public",True,True,0,True,nondeterminism,8,EXCLUDED,external_dependency_risk:nondeterminism,,,,,,,,1,2,0,,,,,,,,,EXCLUDED,semantic,external_dependency_risk:nondeterminism,1.294,/Users/dungng/FPT/Ki 9/SET490/ARROW-paper/ARROW/runs/sample_selection/distributed/shard-0/candidates/02541_49564270_49564270_0
2546,74649126,74649126_9.json,https://github.com/cecid/hermes,HermesProtocolApiListener,corvus-api/src/main/java/hk/hku/cecid/hermes/api/listener/HermesProtocolApiListener.java,production,class,False,78,parseFromPathInfo,3,protected,False,True,0,False,,8,ELIGIBLE,,maven,corvus-api,junit4,8,/Users/dungng/FPT/Ki 9/SET490/ARROW-paper/ARROW/Java-version/java-8/Contents/Home,matched build.java_homes.java-8,,1,2,2,MODULE_TESTS_PASSED|MODULE_TESTS_PASSED,True,1,hk.hku.cecid.hermes.api.listener.HermesProtocolApiListener,True,TARGET_TEST_PASSED,MODULE_TESTS_PASSED,MODULE_TESTS_PASSED,ELIGIBLE,,,29.863,/Users/dungng/FPT/Ki 9/SET490/ARROW-paper/ARROW/runs/sample_selection/distributed/shard-0/candidates/02546_74649126_74649126_9
2551,25889832,25889832_4.json,https://github.com/GoogleCloudPlatform/appengine-java-vm-runtime,JsonFormatter,appengine-java-logging/src/main/java/com/google/apphosting/logging/JsonFormatter.java,production,class,False,113,formatMessage,25,@Override public synchronized,True,True,0,False,,9,ELIGIBLE,,maven,appengine-java-logging,junit4,8,/Users/dungng/FPT/Ki 9/SET490/ARROW-paper/ARROW/Java-version/java-8/Contents/Home,matched build.java_homes.java-8,,1,2,2,MODULE_TESTS_PASSED|MODULE_TESTS_PASSED,True,0,com.google.apphosting.logging.JsonFormatter,True,TARGET_TEST_PASSED,MODULE_TESTS_PASSED,MODULE_TESTS_PASSED,ELIGIBLE,,,9.613,/Users/dungng/FPT/Ki 9/SET490/ARROW-paper/ARROW/runs/sample_selection/distributed/shard-0/candidates/02551_25889832_25889832_4
2556,585380,585380_2.json,https://github.com/rkapsi/ardverk-dht,KUID,components/core/src/main/java/org/ardverk/dht/KUID.java,production,class,False,335,isBitSet,6,@Override public,False,True,1,False,,8,ELIGIBLE,,maven,components/core,junit4,7,/Users/dungng/FPT/Ki 9/SET490/ARROW-paper/ARROW/Java-version/java-8/Contents/Home,using compatible JDK 8 from build.java_homes.java-8 for Java 7,,1,2,1,COMPILE_FAILED,,,org.ardverk.dht.KUID,,,,,EXCLUDED,baseline,[warning] org.ardverk:ardverk-commons:<n>.2-snapshot/maven-metadata.xml failed to transfer from http://0.0.0.0/ during a previous attempt. this failure was cached in the local repository and resolution will not be reattempted until the update interval of maven-default-http-blocker has elapsed or upd,13.652,/Users/dungng/FPT/Ki 9/SET490/ARROW-paper/ARROW/runs/sample_selection/distributed/shard-0/candidates/02556_585380_585380_2
2561,7095532,7095532_4.json,https://github.com/barchart/barchart-udt,NioUdtByteAcceptorChannel,barchart-udt-netty4/src/main/java/io/netty/transport/udt/nio/NioUdtByteAcceptorChannel.java,production,class,False,50,metadata,4,@Override public,False,True,0,False,,8,ELIGIBLE,,maven,barchart-udt-netty4,junit4,unknown,/opt/homebrew/Cellar/openjdk@17/17.0.19/libexec/openjdk.jdk/Contents/Home,no project java version detected; using build.java_default,,1,2,1,ASSERTION_FAILED,,,io.netty.transport.udt.nio.NioUdtByteAcceptorChannel,,,,,EXCLUDED,baseline,[info] build failure,20.811,/Users/dungng/FPT/Ki 9/SET490/ARROW-paper/ARROW/runs/sample_selection/distributed/shard-0/candidates/02561_7095532_7095532_4
2566,28972188,28972188_8.json,https://github.com/apiman/apiman-plugins,KeycloakOauthPolicy,keycloak-oauth-policy/src/main/java/io/apiman/plugins/keycloak_oauth_policy/KeycloakOauthPolicy.java,production,,,,doApply,50,@Override protected,True,False,,,,,EXCLUDED,no_observable_behavior,,,,,,,,,2,0,,,,,,,,,EXCLUDED,semantic_metadata,no_observable_behavior,0.001,/Users/dungng/FPT/Ki 9/SET490/ARROW-paper/ARROW/runs/sample_selection/distributed/shard-0/candidates/02566_28972188_28972188_8
2571,124503196,124503196_0.json,https://github.com/JsonChao/Awesome-WanAndroid,MainPagerPresenter,app/src/main/java/json/chao/com/wanandroid/presenter/mainpager/MainPagerPresenter.java,production,,,,loadMainPagerData,32,@Override public,True,False,,,,,EXCLUDED,no_observable_behavior,,,,,,,,,2,0,,,,,,,,,EXCLUDED,semantic_metadata,no_observable_behavior,0.001,/Users/dungng/FPT/Ki 9/SET490/ARROW-paper/ARROW/runs/sample_selection/distributed/shard-0/candidates/02571_124503196_124503196_0
2576,91583905,91583905_232.json,https://github.com/alfasoftware/morf,SchemaHomology,morf-core/src/main/java/org/alfasoftware/morf/metadata/SchemaHomology.java,production,class,False,371,schemasMatch,52,public,True,True,0,False,,9,ELIGIBLE,,maven,morf-core,junit4,11,/Users/dungng/FPT/Ki 9/SET490/ARROW-paper/ARROW/Java-version/java-11/Contents/Home,matched build.java_homes.java-11,,1,2,2,MODULE_TESTS_PASSED|MODULE_TESTS_PASSED,True,0,org.alfasoftware.morf.metadata.SchemaHomology,True,TARGET_TEST_PASSED,MODULE_TESTS_PASSED,MODULE_TESTS_PASSED,ELIGIBLE,,,75.535,/Users/dungng/FPT/Ki 9/SET490/ARROW-paper/ARROW/runs/sample_selection/distributed/shard-0/candidates/02576_91583905_91583905_232
2581,33567291,33567291_60.json,https://github.com/ClearTK/cleartk,TypePathExtractor,cleartk-ml/src/main/java/org/cleartk/ml/feature/extractor/TypePathExtractor.java,production,class,False,383,isValidType,13,public static,True,True,2,False,,9,ELIGIBLE,,maven,cleartk-ml,junit4,8,/Users/dungng/FPT/Ki 9/SET490/ARROW-paper/ARROW/Java-version/java-8/Contents/Home,matched build.java_homes.java-8,,1,2,2,MODULE_TESTS_PASSED|MODULE_TESTS_PASSED,True,1,org.cleartk.ml.feature.extractor.TypePathExtractor,True,TARGET_TEST_PASSED,COMPILE_FAILED,,EXCLUDED,probe_module,java.lang.assertionerror: 1 source files with no license.,53.734,/Users/dungng/FPT/Ki 9/SET490/ARROW-paper/ARROW/runs/sample_selection/distributed/shard-0/candidates/02581_33567291_33567291_60
2586,102705073,102705073_0.json,https://github.com/tong12580/common,DateUtil,common-lib/src/main/java/com/jokers/common/date/DateUtil.java,production,,,,isDate,3,public static,False,True,,,,,EXCLUDED,trivial_focal_method,,,,,,,,,2,0,,,,,,,,,EXCLUDED,semantic_metadata,trivial_focal_method,0.001,/Users/dungng/FPT/Ki 9/SET490/ARROW-paper/ARROW/runs/sample_selection/distributed/shard-0/candidates/02586_102705073_102705073_0
2591,42776453,42776453_28.json,https://github.com/zsoltk/overpasser,OverpassQueryBuilderImpl,library/src/main/java/hu/supercluster/overpasser/library/query/OverpassQueryBuilderImpl.java,production,class,False,101,standaloneParam,4,@Override public,False,True,0,False,,8,ELIGIBLE,,gradle,library,junit4,7,/Users/dungng/FPT/Ki 9/SET490/ARROW-paper/ARROW/Java-version/java-8/Contents/Home,using compatible JDK 8 from build.java_homes.java-8 for Java 7,,1,2,1,ASSERTION_FAILED,,,hu.supercluster.overpasser.library.query.OverpassQueryBuilderImpl,,,,,EXCLUDED,baseline,"failed to notify projectevaluationlistener.afterevaluate(), but primary configuration failure takes precedence.",33.921,/Users/dungng/FPT/Ki 9/SET490/ARROW-paper/ARROW/runs/sample_selection/distributed/shard-0/candidates/02591_42776453_42776453_28
2596,52565845,52565845_1.json,https://github.com/sitoolkit/sit-ad-archetype-javaee7-web,SearchConditionDo,javaee7-web-tips/src/main/java/org/sitoolkit/ad/archetype/tips/infrastructure/search/SearchConditionDo.java,production,,,,setNewSortField,24,public,True,False,,,,,EXCLUDED,no_observable_behavior,,,,,,,,,2,0,,,,,,,,,EXCLUDED,semantic_metadata,no_observable_behavior,0.001,/Users/dungng/FPT/Ki 9/SET490/ARROW-paper/ARROW/runs/sample_selection/distributed/shard-0/candidates/02596_52565845_52565845_1
2601,1421692,1421692_14.json,https://github.com/velna/sothis,CollectionUtils,sothis-core/src/main/java/org/sothis/core/util/CollectionUtils.java,production,class,False,156,groupBy,16,public static,True,True,0,False,,9,ELIGIBLE,,maven,sothis-core,testng,7,/Users/dungng/FPT/Ki 9/SET490/ARROW-paper/ARROW/Java-version/java-8/Contents/Home,using compatible JDK 8 from build.java_homes.java-8 for Java 7,,1,2,1,COMPILE_FAILED,,,org.sothis.core.util.CollectionUtils,,,,,EXCLUDED,baseline,java.lang.assertionerror: null: lists don't have the same size expected [10] but found [0],71.509,/Users/dungng/FPT/Ki 9/SET490/ARROW-paper/ARROW/runs/sample_selection/distributed/shard-0/candidates/02601_1421692_1421692_14
2606,70948568,70948568_102.json,https://github.com/redfin/fuzzy,FuzzyUtil,fuzzy-core/src/main/java/com/redfin/fuzzy/FuzzyUtil.java,production,class,False,153,inspect,5,public static,False,True,0,False,,7,ELIGIBLE,,maven,fuzzy-core,junit4,8,/Users/dungng/FPT/Ki 9/SET490/ARROW-paper/ARROW/Java-version/java-8/Contents/Home,matched build.java_homes.java-8,,1,2,2,MODULE_TESTS_PASSED|MODULE_TESTS_PASSED,True,0,com.redfin.fuzzy.FuzzyUtil,True,TARGET_TEST_PASSED,MODULE_TESTS_PASSED,MODULE_TESTS_PASSED,ELIGIBLE,,,28.522,/Users/dungng/FPT/Ki 9/SET490/ARROW-paper/ARROW/runs/sample_selection/distributed/shard-0/candidates/02606_70948568_70948568_102
2611,156245499,156245499_13.json,https://github.com/ithuhui/hui-bigdata-spark,TransformationRDD,hui-bigdata-demo/src/main/java/com/bigdata/spark/rdd/TransformationRDD.java,production,,,,checkResult,5,private,True,False,,,,,EXCLUDED,focal_method_not_directly_testable;no_observable_behavior,,,,,,,,,2,0,,,,,,,,,EXCLUDED,semantic_metadata,focal_method_not_directly_testable;no_observable_behavior,0.001,/Users/dungng/FPT/Ki 9/SET490/ARROW-paper/ARROW/runs/sample_selection/distributed/shard-0/candidates/02611_156245499_156245499_13
2616,79203986,79203986_9.json,https://github.com/universum-studios/android_graphics,Colors,library-color-util/src/main/java/universum/studios/android/graphics/Colors.java,production,,,,brighter,16,@ColorInt public static,True,True,,,,,ELIGIBLE,,,,,,,,,,2,0,,,,,,,,,EXCLUDED,setup,"RuntimeError: Repository setup failed after 3 attempts: CalledProcessError: Command '['git', '-c', 'core.longpaths=true', 'clone', '--depth', '1', 'https://github.com/universum-studios/android_graphics', '/Users/dungng/FPT/Ki 9/SET490/ARROW-paper/ARROW/repos/79203986']' returned non-zero exit status 128.",8.389,/Users/dungng/FPT/Ki 9/SET490/ARROW-paper/ARROW/runs/sample_selection/distributed/shard-0/candidates/02616_79203986_79203986_9
2621,140631483,140631483_0.json,https://github.com/yahoo/Oak,InternalOakMap,core/src/main/java/com/yahoo/oak/InternalOakMap.java,production,class,False,1192,put,50,,True,True,8,False,,7,ELIGIBLE,,maven,core,junit4,8,/Users/dungng/FPT/Ki 9/SET490/ARROW-paper/ARROW/Java-version/java-8/Contents/Home,matched build.java_homes.java-8,,1,2,1,ASSERTION_FAILED,,,com.yahoo.oak.InternalOakMap,,,,,EXCLUDED,baseline,[info] oak root ........................................... failure [ 0.321 s],2.947,/Users/dungng/FPT/Ki 9/SET490/ARROW-paper/ARROW/runs/sample_selection/distributed/shard-0/candidates/02621_140631483_140631483_0
2626,89094025,89094025_10.json,https://github.com/moboa/berkeley-CS61B,Plip,lab15/creatures/Plip.java,nonstandard,,,,chooseAction,18,public,True,True,,,,,EXCLUDED,source_layout:nonstandard,,,,,,,,,2,0,,,,,,,,,EXCLUDED,semantic_metadata,source_layout:nonstandard,0.001,/Users/dungng/FPT/Ki 9/SET490/ARROW-paper/ARROW/runs/sample_selection/distributed/shard-0/candidates/02626_89094025_89094025_10
2631,198355705,198355705_28.json,https://github.com/iamazy/elasticsearch-sql,ElasticSql2DslParser,elasticsearch-sql-core/src/main/java/io/github/iamazy/elasticsearch/dsl/sql/ElasticSql2DslParser.java,production,class,False,58,parse,9,public,True,True,0,False,,10,ELIGIBLE,,maven,elasticsearch-sql-core,junit4,8,/Users/dungng/FPT/Ki 9/SET490/ARROW-paper/ARROW/Java-version/java-8/Contents/Home,matched build.java_homes.java-8,,1,2,2,MODULE_TESTS_PASSED|MODULE_TESTS_PASSED,True,0,io.github.iamazy.elasticsearch.dsl.sql.ElasticSql2DslParser,True,TARGET_TEST_PASSED,MODULE_TESTS_PASSED,MODULE_TESTS_PASSED,ELIGIBLE,,,23.048,/Users/dungng/FPT/Ki 9/SET490/ARROW-paper/ARROW/runs/sample_selection/distributed/shard-0/candidates/02631_198355705_198355705_28
2636,9020655,9020655_1.json,https://github.com/xiaotutiger/miyue-music-service,DozerUtils,miyue-music-service/src/main/java/com/miyue/util/DozerUtils.java,production,class,False,16,convertSourceObjToDesObj,3,public static,False,True,0,False,,6,EXCLUDED,testability_score_below_7,,,,,,,,1,2,0,,,,,,,,,EXCLUDED,semantic,testability_score_below_7,1.479,/Users/dungng/FPT/Ki 9/SET490/ARROW-paper/ARROW/runs/sample_selection/distributed/shard-0/candidates/02636_9020655_9020655_1
2641,74042107,74042107_72.json,https://github.com/ByteHamster/PSE,ClientSettingsWrapper,src/osip-core/src/main/java/edu/kit/pse/osip/core/io/files/ClientSettingsWrapper.java,production,class,False,297,getFillLevelDiagram,8,public final,True,True,1,True,filesystem,8,EXCLUDED,external_dependency_risk:filesystem,,,,,,,,1,2,0,,,,,,,,,EXCLUDED,semantic,external_dependency_risk:filesystem,2.239,/Users/dungng/FPT/Ki 9/SET490/ARROW-paper/ARROW/runs/sample_selection/distributed/shard-0/candidates/02641_74042107_74042107_72
2646,11362688,11362688_0.json,https://github.com/apache/commons-chain,ProfileCheck,apps/cookbook-examples/src/main/java/org/apache/commons/chain2/cookbook/profile/ProfileCheck.java,production,class,False,31,execute,7,public,True,True,0,False,,9,ELIGIBLE,,maven,apps/cookbook-examples,junit4,8,/Users/dungng/FPT/Ki 9/SET490/ARROW-paper/ARROW/Java-version/java-8/Contents/Home,matched build.java_homes.java-8,,1,2,1,COMPILE_FAILED,,,org.apache.commons.chain2.cookbook.profile.ProfileCheck,,,,,EXCLUDED,baseline,[error] failed to execute goal org.apache.maven.plugins:maven-compiler-plugin:<n>.8.1:compile (default-compile) on project commons-chain2-base: compilation failure,7.944,/Users/dungng/FPT/Ki 9/SET490/ARROW-paper/ARROW/runs/sample_selection/distributed/shard-0/candidates/02646_11362688_11362688_0
2651,37720965,37720965_78.json,https://github.com/gravitee-io/gravitee-management-rest-api,LdapUtils,gravitee-rest-api-idp/gravitee-rest-api-idp-ldap/src/main/java/io/gravitee/rest/api/idp/ldap/utils/LdapUtils.java,production,class,False,50,extractAttribute,14,public static,True,True,0,False,,10,ELIGIBLE,,maven,gravitee-rest-api-idp/gravitee-rest-api-idp-ldap,junit4,unknown,/opt/homebrew/Cellar/openjdk@17/17.0.19/libexec/openjdk.jdk/Contents/Home,no project java version detected; using build.java_default,,1,2,2,MODULE_TESTS_PASSED|MODULE_TESTS_PASSED,True,1,io.gravitee.rest.api.idp.ldap.utils.LdapUtils,True,ASSERTION_FAILED,,,EXCLUDED,probe_target,[info] gravitee.io rest apis - identity providers - ldap .. failure [ 0.014 s],14.095,/Users/dungng/FPT/Ki 9/SET490/ARROW-paper/ARROW/runs/sample_selection/distributed/shard-0/candidates/02651_37720965_37720965_78
2656,44133514,44133514_0.json,https://github.com/noties/ParcelGen,BundleUtils,sample/src/main/java/ru/noties/parcelable/BundleUtils.java,production,class,False,89,mutate,17,public static,True,True,0,False,,9,ELIGIBLE,,gradle,sample,junit4,unknown,/opt/homebrew/Cellar/openjdk@17/17.0.19/libexec/openjdk.jdk/Contents/Home,no project java version detected; using build.java_default,,1,2,1,ASSERTION_FAILED,,,ru.noties.parcelable.BundleUtils,,,,,EXCLUDED,baseline,failure: build failed with an exception.,1.967,/Users/dungng/FPT/Ki 9/SET490/ARROW-paper/ARROW/runs/sample_selection/distributed/shard-0/candidates/02656_44133514_44133514_0
2661,13139604,13139604_2.json,https://github.com/StephenCote/AccountManager,DataUtil,src/AccountManagerUtil/src/main/java/org/cote/accountmanager/util/DataUtil.java,production,class,False,252,setValue,58,public static,True,True,0,False,,9,ELIGIBLE,,maven,src/AccountManagerUtil,junit4,17,/opt/homebrew/Cellar/openjdk@17/17.0.19/libexec/openjdk.jdk/Contents/Home,matched build.java_homes.java-17,,1,2,1,ASSERTION_FAILED,,,org.cote.accountmanager.util.DataUtil,,,,,EXCLUDED,baseline,[info] build failure,10.213,/Users/dungng/FPT/Ki 9/SET490/ARROW-paper/ARROW/runs/sample_selection/distributed/shard-0/candidates/02661_13139604_13139604_2
2666,84382452,84382452_2.json,https://github.com/j5ik2o/java-ddd-example,BankAccountService,domain/src/main/java/com/github/j5ik2o/ddd_example/domain/BankAccountService.java,production,class,False,30,transfer,5,public static,False,True,0,False,,7,ELIGIBLE,,gradle,.,junit4,8,/Users/dungng/FPT/Ki 9/SET490/ARROW-paper/ARROW/Java-version/java-8/Contents/Home,matched build.java_homes.java-8,,1,2,1,COMPILE_FAILED,,,com.github.j5ik2o.ddd_example.domain.BankAccountService,,,,,EXCLUDED,baseline,error: could not find or load main class org.gradle.wrapper.gradlewrappermain,1.886,/Users/dungng/FPT/Ki 9/SET490/ARROW-paper/ARROW/runs/sample_selection/distributed/shard-0/candidates/02666_84382452_84382452_2
2671,64902062,64902062_0.json,https://github.com/sleepiejohn/wakatime-android-client,LogoutHandler,mobile/src/main/java/com/wakatime/android/dashboard/LogoutHandler.java,production,,,,clearData,3,public,False,False,,,,,EXCLUDED,no_observable_behavior,,,,,,,,,2,0,,,,,,,,,EXCLUDED,semantic_metadata,no_observable_behavior,0.001,/Users/dungng/FPT/Ki 9/SET490/ARROW-paper/ARROW/runs/sample_selection/distributed/shard-0/candidates/02671_64902062_64902062_0
2676,104025215,104025215_34.json,https://github.com/Rayduh/support,PagedList,paging/common/src/main/java/android/arch/util/paging/PagedList.java,production,class,False,277,initializeFrom,23,@WorkerThread public,True,True,4,True,database,7,EXCLUDED,external_dependency_risk:database,,,,,,,,1,2,0,,,,,,,,,EXCLUDED,semantic,external_dependency_risk:database,57.667,/Users/dungng/FPT/Ki 9/SET490/ARROW-paper/ARROW/runs/sample_selection/distributed/shard-0/candidates/02676_104025215_104025215_34
2681,51787752,51787752_10.json,https://github.com/mesosphere-backup/dcos-cassandra-service,S3StorageDriver,cassandra-executor/src/main/java/com/mesosphere/dcos/cassandra/executor/backup/S3StorageDriver.java,production,class,False,298,getEndpoint,14,,True,True,0,True,filesystem,8,EXCLUDED,external_dependency_risk:filesystem,,,,,,,,1,2,0,,,,,,,,,EXCLUDED,semantic,external_dependency_risk:filesystem,1.746,/Users/dungng/FPT/Ki 9/SET490/ARROW-paper/ARROW/runs/sample_selection/distributed/shard-0/candidates/02681_51787752_51787752_10
2686,177503596,177503596_28.json,https://github.com/chinathingsboard/China_thingsboard,JpaTenantDao,dao/src/main/java/org/thingsboard/server/dao/sql/tenant/JpaTenantDao.java,production,class,False,58,findTenantsByRegion,9,@Override public,True,True,0,True,database,8,EXCLUDED,external_dependency_risk:database,,,,,,,,1,2,0,,,,,,,,,EXCLUDED,semantic,external_dependency_risk:database,2.409,/Users/dungng/FPT/Ki 9/SET490/ARROW-paper/ARROW/runs/sample_selection/distributed/shard-0/candidates/02686_177503596_177503596_28
2691,6116698,6116698_0.json,https://github.com/mkotsur/restito,WikiClient,examples/popular-page/src/main/java/com/xebialabs/restito/examples/WikiClient.java,production,class,False,66,getMostRecentRevision,15,public,False,True,1,True,network,7,EXCLUDED,external_dependency_risk:network,,,,,,,,1,2,0,,,,,,,,,EXCLUDED,semantic,external_dependency_risk:network,1.532,/Users/dungng/FPT/Ki 9/SET490/ARROW-paper/ARROW/runs/sample_selection/distributed/shard-0/candidates/02691_6116698_6116698_0
2696,2046220,2046220_18.json,https://github.com/apache/empire-db,OptionEntry,empire-db/src/main/java/org/apache/empire/commons/OptionEntry.java,production,class,False,101,getValueString,11,public,True,True,2,False,,10,ELIGIBLE,,maven,empire-db,junit4,8,/Users/dungng/FPT/Ki 9/SET490/ARROW-paper/ARROW/Java-version/java-8/Contents/Home,matched build.java_homes.java-8,,1,2,2,MODULE_TESTS_PASSED|MODULE_TESTS_PASSED,True,0,org.apache.empire.commons.OptionEntry,True,TARGET_TEST_PASSED,MODULE_TESTS_PASSED,MODULE_TESTS_PASSED,ELIGIBLE,,,22.641,/Users/dungng/FPT/Ki 9/SET490/ARROW-paper/ARROW/runs/sample_selection/distributed/shard-0/candidates/02696_2046220_2046220_18
2701,28138459,28138459_10.json,https://github.com/seedstack/business,MergeSingleAggregateFromRepositoryImpl,core/src/main/java/org/seedstack/business/internal/assembler/dsl/MergeSingleAggregateFromRepositoryImpl.java,production,class,False,107,fromFactory,7,@Override public,False,True,3,False,,8,ELIGIBLE,,maven,core,junit4,unknown,/opt/homebrew/Cellar/openjdk@17/17.0.19/libexec/openjdk.jdk/Contents/Home,no project java version detected; using build.java_default,,1,2,2,MODULE_TESTS_PASSED|MODULE_TESTS_PASSED,True,1,org.seedstack.business.internal.assembler.dsl.MergeSingleAggregateFromRepositoryImpl,True,TARGET_TEST_PASSED,MODULE_TESTS_PASSED,MODULE_TESTS_PASSED,ELIGIBLE,,,39.358,/Users/dungng/FPT/Ki 9/SET490/ARROW-paper/ARROW/runs/sample_selection/distributed/shard-0/candidates/02701_28138459_28138459_10
2706,16362553,16362553_63.json,https://github.com/opendaylight/ovsdb,OvsdbPortUpdateCommand,southbound/southbound-impl/src/main/java/org/opendaylight/ovsdb/southbound/transactions/md/OvsdbPortUpdateCommand.java,production,,,,readNode,10,"@SuppressWarnings(""IllegalCatch"") private",True,True,,,,,EXCLUDED,focal_method_not_directly_testable,,,,,,,,,2,0,,,,,,,,,EXCLUDED,semantic_metadata,focal_method_not_directly_testable,0.001,/Users/dungng/FPT/Ki 9/SET490/ARROW-paper/ARROW/runs/sample_selection/distributed/shard-0/candidates/02706_16362553_16362553_63
2711,42751387,42751387_108.json,https://github.com/treasure-data/digdag,ConfigEvalEngine,digdag-core/src/main/java/io/digdag/core/agent/ConfigEvalEngine.java,production,class,False,367,eval,7,protected,False,True,0,False,,7,ELIGIBLE,,gradle,digdag-core,junit4,8,/Users/dungng/FPT/Ki 9/SET490/ARROW-paper/ARROW/Java-version/java-8/Contents/Home,matched build.java_homes.java-8,,1,2,2,MODULE_TESTS_PASSED|MODULE_TESTS_PASSED,True,0,io.digdag.core.agent.ConfigEvalEngine,True,TARGET_TEST_PASSED,MODULE_TESTS_PASSED,MODULE_TESTS_PASSED,ELIGIBLE,,,537.786,/Users/dungng/FPT/Ki 9/SET490/ARROW-paper/ARROW/runs/sample_selection/distributed/shard-0/candidates/02711_42751387_42751387_108
2716,54914992,54914992_3.json,https://github.com/drunlin/guokr-android,AbstractSignal,signals/src/main/java/com/github/drunlin/signals/AbstractSignal.java,production,class,True,57,add,4,@Override public,False,True,0,False,,7,EXCLUDED,non_concrete:class:abstract,,,,,,,,1,2,0,,,,,,,,,EXCLUDED,semantic,non_concrete:class:abstract,3.362,/Users/dungng/FPT/Ki 9/SET490/ARROW-paper/ARROW/runs/sample_selection/distributed/shard-0/candidates/02716_54914992_54914992_3
2721,80643997,80643997_102.json,https://github.com/b3er/RxFirebase2,RxFirebaseDatabase,firebase-database/src/main/java/com/github/b3er/rxfirebase/database/RxFirebaseDatabase.java,production,,,,setValue,4,@NonNull @CheckResult public static,False,True,,,,,EXCLUDED,trivial_focal_method,,,,,,,,,2,0,,,,,,,,,EXCLUDED,semantic_metadata,trivial_focal_method,0.001,/Users/dungng/FPT/Ki 9/SET490/ARROW-paper/ARROW/runs/sample_selection/distributed/shard-0/candidates/02721_80643997_80643997_102
2726,32199895,32199895_20.json,https://github.com/mvysny/aedict,EdictEntry,aedict-common/src/main/java/sk/baka/aedict/dict/EdictEntry.java,production,class,False,243,getSenses,25,public,True,True,3,False,,10,ELIGIBLE,,maven,aedict-common,junit4,5,/Users/dungng/FPT/Ki 9/SET490/ARROW-paper/ARROW/Java-version/java-8/Contents/Home,using compatible JDK 8 from build.java_homes.java-8 for Java 5,,1,2,1,RUNTIME_FAILED,,,sk.baka.aedict.dict.EdictEntry,,,,,EXCLUDED,baseline,[error] [error] some problems were encountered while processing the poms:,5.806,/Users/dungng/FPT/Ki 9/SET490/ARROW-paper/ARROW/runs/sample_selection/distributed/shard-0/candidates/02726_32199895_32199895_20
2731,142377858,142377858_12.json,https://github.com/nacos-group/nacos-spring-project,EventPublishingConfigService,nacos-spring-context/src/main/java/com/alibaba/nacos/spring/context/event/config/EventPublishingConfigService.java,production,class,False,159,publishConfig,8,@Override public,False,True,4,False,,7,ELIGIBLE,,maven,nacos-spring-context,junit4,8,/Users/dungng/FPT/Ki 9/SET490/ARROW-paper/ARROW/Java-version/java-8/Contents/Home,matched build.java_homes.java-8,,1,2,1,COMPILE_FAILED,,,com.alibaba.nacos.spring.context.event.config.EventPublishingConfigService,,,,,EXCLUDED,baseline,"05:<n>:<n>.741 [main] debug org.springframework.test.context.support.abstractdirtiescontexttestexecutionlistener - after test method: context [defaulttestcontext@606e4010 testclass = nacosbeandefinitionregistrartest, testinstance = com.alibaba.nacos.spring.context.annotation.nacosbeandefinitionregis",40.489,/Users/dungng/FPT/Ki 9/SET490/ARROW-paper/ARROW/runs/sample_selection/distributed/shard-0/candidates/02731_142377858_142377858_12
2736,61520679,61520679_5.json,https://github.com/PrisonTeam/Prison,Bounds,prison-core/src/main/java/tech/mcprison/prison/util/Bounds.java,production,class,False,496,within,3,public,False,True,2,False,,7,ELIGIBLE,,gradle,prison-core,junit4,8,/Users/dungng/FPT/Ki 9/SET490/ARROW-paper/ARROW/Java-version/java-8/Contents/Home,matched build.java_homes.java-8,,1,2,2,MODULE_TESTS_PASSED|MODULE_TESTS_PASSED,True,0,tech.mcprison.prison.util.Bounds,True,TARGET_TEST_PASSED,MODULE_TESTS_PASSED,MODULE_TESTS_PASSED,ELIGIBLE,,,46.342,/Users/dungng/FPT/Ki 9/SET490/ARROW-paper/ARROW/runs/sample_selection/distributed/shard-0/candidates/02736_61520679_61520679_5
2741,10455939,10455939_31.json,https://github.com/shilad/wikibrain,DatasetDao,wikibrain-sr/src/main/java/org/wikibrain/sr/dataset/DatasetDao.java,production,class,False,340,readInfos,7,public static,True,True,0,False,,10,ELIGIBLE,,maven,wikibrain-sr,junit4,6,/Users/dungng/FPT/Ki 9/SET490/ARROW-paper/ARROW/Java-version/java-8/Contents/Home,using compatible JDK 8 from build.java_homes.java-8 for Java 6,,1,2,1,ASSERTION_FAILED,,,org.wikibrain.sr.dataset.DatasetDao,,,,,EXCLUDED,baseline,[info] wikibrain-utils .................................... failure [ 0.666 s],4.699,/Users/dungng/FPT/Ki 9/SET490/ARROW-paper/ARROW/runs/sample_selection/distributed/shard-0/candidates/02741_10455939_10455939_31
2746,20647901,20647901_64.json,https://github.com/kwon37xi/hibernate4-memcached,NonstrictReadWriteEntityRegionAccessStrategy,hibernate4-memcached-core/src/main/java/kr/pe/kwonnam/hibernate4memcached/strategies/NonstrictReadWriteEntityRegionAccessStrategy.java,production,class,False,48,update,5,@Override public,False,True,1,False,,7,ELIGIBLE,,gradle,hibernate4-memcached-core,junit4,javaVersion,/opt/homebrew/Cellar/openjdk@17/17.0.19/libexec/openjdk.jdk/Contents/Home,JDK javaVersion not mapped; using build.java_default,,1,2,1,RUNTIME_FAILED,,,kr.pe.kwonnam.hibernate4memcached.strategies.NonstrictReadWriteEntityRegionAccessStrategy,,,,,EXCLUDED,baseline,"exception in thread ""main"" java.lang.runtimeexception: java.util.zip.zipexception: zip end header not found",1.815,/Users/dungng/FPT/Ki 9/SET490/ARROW-paper/ARROW/runs/sample_selection/distributed/shard-0/candidates/02746_20647901_20647901_64
2751,65194280,65194280_0.json,https://github.com/lincentma/Social-network-analysis-system,SequenceTempDirMgr,Socail Network/XRIME/src/org/sf/xrime/utils/SequenceTempDirMgr.java,nonstandard,,,,getTempDir,15,public synchronized,True,True,,,,,EXCLUDED,source_layout:nonstandard,,,,,,,,,2,0,,,,,,,,,EXCLUDED,semantic_metadata,source_layout:nonstandard,0.001,/Users/dungng/FPT/Ki 9/SET490/ARROW-paper/ARROW/runs/sample_selection/distributed/shard-0/candidates/02751_65194280_65194280_0
2756,174202612,174202612_13.json,https://github.com/bottomless-archive-project/library-of-alexandria,VaultDocumentStorage,loa-service/loa-vault-service/src/main/java/com/github/loa/vault/service/backend/service/VaultDocumentStorage.java,production,,,,persistDocument,4,public,False,False,,,,,EXCLUDED,no_observable_behavior,,,,,,,,,2,0,,,,,,,,,EXCLUDED,semantic_metadata,no_observable_behavior,0.001,/Users/dungng/FPT/Ki 9/SET490/ARROW-paper/ARROW/runs/sample_selection/distributed/shard-0/candidates/02756_174202612_174202612_13
2761,832676,832676_171.json,https://github.com/apache/karaf,EventSendCommand,event/src/main/java/org/apache/karaf/event/command/EventSendCommand.java,production,class,False,61,parse,16,static,True,True,0,False,,10,ELIGIBLE,,maven,event,junit4,8,/Users/dungng/FPT/Ki 9/SET490/ARROW-paper/ARROW/Java-version/java-8/Contents/Home,matched build.java_homes.java-8,,1,2,1,ASSERTION_FAILED,,,org.apache.karaf.event.command.EventSendCommand,,,,,EXCLUDED,baseline,[info] apache karaf ....................................... failure [ 0.120 s],8.190,/Users/dungng/FPT/Ki 9/SET490/ARROW-paper/ARROW/runs/sample_selection/distributed/shard-0/candidates/02761_832676_832676_171
2766,31789636,31789636_1.json,https://github.com/digitalpetri/ethernet-ip,ConnectedDataItemResponse,enip-core/src/main/java/com/digitalpetri/enip/cpf/ConnectedDataItemResponse.java,production,,,,getData,3,public,False,True,,,,,EXCLUDED,trivial_focal_method,,,,,,,,,2,0,,,,,,,,,EXCLUDED,semantic_metadata,trivial_focal_method,0.000,/Users/dungng/FPT/Ki 9/SET490/ARROW-paper/ARROW/runs/sample_selection/distributed/shard-0/candidates/02766_31789636_31789636_1
2771,81186751,81186751_12.json,https://github.com/openzipkin-attic/zipkin-sparkstreaming,FinagleAdjuster,adjuster/finagle/src/main/java/zipkin/sparkstreaming/adjuster/finagle/FinagleAdjuster.java,production,class,True,57,adjust,6,@Override protected,True,True,0,False,,9,EXCLUDED,non_concrete:class:abstract,,,,,,,,1,2,0,,,,,,,,,EXCLUDED,semantic,non_concrete:class:abstract,1.526,/Users/dungng/FPT/Ki 9/SET490/ARROW-paper/ARROW/runs/sample_selection/distributed/shard-0/candidates/02771_81186751_81186751_12
2776,154246246,154246246_31.json,https://github.com/consenlabs/token-core-android,MnemonicUtil,app/src/main/java/org/consenlabs/tokencore/foundation/utils/MnemonicUtil.java,production,class,False,30,validateMnemonics,11,public static,True,True,0,False,,10,ELIGIBLE,,gradle,app,junit4,1,/Users/dungng/FPT/Ki 9/SET490/ARROW-paper/ARROW/Java-version/java-8/Contents/Home,using compatible JDK 8 from build.java_homes.java-8 for Java 1,,1,2,1,ASSERTION_FAILED,,,org.consenlabs.tokencore.foundation.utils.MnemonicUtil,,,,,EXCLUDED,baseline,failure: build failed with an exception.,9.455,/Users/dungng/FPT/Ki 9/SET490/ARROW-paper/ARROW/runs/sample_selection/distributed/shard-0/candidates/02776_154246246_154246246_31
2781,121391917,121391917_12.json,https://github.com/bsideup/liiklus,JsonSchemaPreProcessor,plugins/schema/src/main/java/com/github/bsideup/liiklus/schema/JsonSchemaPreProcessor.java,production,class,False,133,preProcess,66,@Override public,True,True,3,False,,9,ELIGIBLE,,gradle,plugins/schema,junit5,targetCompatibility,/opt/homebrew/Cellar/openjdk@17/17.0.19/libexec/openjdk.jdk/Contents/Home,JDK targetCompatibility not mapped; using build.java_default,,1,2,1,ASSERTION_FAILED,,,com.github.bsideup.liiklus.schema.JsonSchemaPreProcessor,,,,,EXCLUDED,baseline,failure: build failed with an exception.,44.784,/Users/dungng/FPT/Ki 9/SET490/ARROW-paper/ARROW/runs/sample_selection/distributed/shard-0/candidates/02781_121391917_121391917_12
2786,206483,206483_95.json,https://github.com/apache/maven,DefaultToolchainsBuilder,maven-core/src/main/java/org/apache/maven/toolchain/building/DefaultToolchainsBuilder.java,production,class,False,162,build,16,@Override public,True,True,0,False,,9,ELIGIBLE,,maven,maven-core,junit4,unknown,/opt/homebrew/Cellar/openjdk@17/17.0.19/libexec/openjdk.jdk/Contents/Home,no project java version detected; using build.java_default,e9d570889ffce29c3f92494510499ae0e32a02cf,1,2,2,MODULE_TESTS_PASSED|MODULE_TESTS_PASSED,True,1,org.apache.maven.toolchain.building.DefaultToolchainsBuilder,True,ASSERTION_FAILED,,,EXCLUDED,probe_target,[info] maven core ......................................... failure [ 0.311 s],109.624,/Users/dungng/FPT/Ki 9/SET490/ARROW-paper/ARROW/runs/sample_selection/distributed/shard-0/candidates/02786_206483_206483_95
2791,6092163,6092163_80.json,https://github.com/teiid/teiid,GzipMessageRequest,olingo/src/main/java/org/teiid/olingo/web/gzip/GzipMessageRequest.java,production,class,False,114,getReader,12,@Override public,True,True,1,False,,10,ELIGIBLE,,maven,olingo,junit4,unknown,/opt/homebrew/Cellar/openjdk@17/17.0.19/libexec/openjdk.jdk/Contents/Home,no project java version detected; using build.java_default,,1,2,1,ASSERTION_FAILED,,,org.teiid.olingo.web.gzip.GzipMessageRequest,,,,,EXCLUDED,baseline,"[info] tests run: 4, failures: 0, errors: 0, skipped: 0, time elapsed: 0.029 s - in org.teiid.core.util.testreaderinputstream",16.411,/Users/dungng/FPT/Ki 9/SET490/ARROW-paper/ARROW/runs/sample_selection/distributed/shard-0/candidates/02791_6092163_6092163_80
2796,72728706,72728706_16.json,https://github.com/jklingsporn/vertx-jooq,JDBCCompletableFutureGenericQueryExecutor,vertx-jooq-completablefuture-jdbc/src/main/java/io/github/jklingsporn/vertx/jooq/completablefuture/jdbc/JDBCCompletableFutureGenericQueryExecutor.java,production,class,False,58,executeBlocking,5,,False,True,2,False,,7,ELIGIBLE,,maven,vertx-jooq-completablefuture-jdbc,junit4,8,/Users/dungng/FPT/Ki 9/SET490/ARROW-paper/ARROW/Java-version/java-8/Contents/Home,matched build.java_homes.java-8,de96d603e0763130aa59a452335507622f186b18,1,2,2,MODULE_TESTS_PASSED|MODULE_TESTS_PASSED,True,0,io.github.jklingsporn.vertx.jooq.completablefuture.jdbc.JDBCCompletableFutureGenericQueryExecutor,True,TARGET_TEST_PASSED,MODULE_TESTS_PASSED,MODULE_TESTS_PASSED,ELIGIBLE,,,20.241,/Users/dungng/FPT/Ki 9/SET490/ARROW-paper/ARROW/runs/sample_selection/distributed/shard-0/candidates/02796_72728706_72728706_16
2801,1644710,1644710_0.json,https://github.com/talios/restbuilder,RestBuilder,restbuilder-parser/src/main/java/com/theoryinpractise/restbuilder/parser/RestBuilder.java,production,class,False,47,buildModel,8,public,True,True,0,False,,10,ELIGIBLE,,maven,restbuilder-parser,testng,6,/Users/dungng/FPT/Ki 9/SET490/ARROW-paper/ARROW/Java-version/java-8/Contents/Home,using compatible JDK 8 from build.java_homes.java-8 for Java 6,,1,2,2,MODULE_TESTS_PASSED|MODULE_TESTS_PASSED,True,0,com.theoryinpractise.restbuilder.parser.RestBuilder,True,TARGET_TEST_PASSED,MODULE_TESTS_PASSED,MODULE_TESTS_PASSED,ELIGIBLE,,,12.339,/Users/dungng/FPT/Ki 9/SET490/ARROW-paper/ARROW/runs/sample_selection/distributed/shard-0/candidates/02801_1644710_1644710_0
2806,102047648,102047648_7.json,https://github.com/bertrandmartel/javacard-tutorial,PasswordEntry,jc101-password/src/main/java/fr/bmartel/passwords/PasswordEntry.java,production,,,,delete,9,static,True,False,,,,,EXCLUDED,no_observable_behavior,,,,,,,,,2,0,,,,,,,,,EXCLUDED,semantic_metadata,no_observable_behavior,0.001,/Users/dungng/FPT/Ki 9/SET490/ARROW-paper/ARROW/runs/sample_selection/distributed/shard-0/candidates/02806_102047648_102047648_7
2811,100470026,100470026_0.json,https://github.com/javaee/tutorial-examples,StandaloneBean,ejb/standalone/src/main/java/javaeetutorial/standalone/ejb/StandaloneBean.java,production,class,False,16,returnMessage,3,public,False,True,0,False,,7,ELIGIBLE,,maven,ejb/standalone,junit4,8,/Users/dungng/FPT/Ki 9/SET490/ARROW-paper/ARROW/Java-version/java-8/Contents/Home,matched build.java_homes.java-8,,1,2,2,MODULE_TESTS_PASSED|MODULE_TESTS_PASSED,True,0,javaeetutorial.standalone.ejb.StandaloneBean,True,TARGET_TEST_PASSED,MODULE_TESTS_PASSED,MODULE_TESTS_PASSED,ELIGIBLE,,,46.861,/Users/dungng/FPT/Ki 9/SET490/ARROW-paper/ARROW/runs/sample_selection/distributed/shard-0/candidates/02811_100470026_100470026_0
2816,168063420,168063420_0.json,https://github.com/pivotal-cf/java-cfenv,CfSpringCloudConfigClientProcessor,java-cfenv-boot-pivotal-scs/src/main/java/io/pivotal/cfenv/boot/scs/CfSpringCloudConfigClientProcessor.java,production,class,False,52,accept,4,@Override public,False,True,0,False,,7,ELIGIBLE,,maven,java-cfenv-boot-pivotal-scs,junit4,8,/Users/dungng/FPT/Ki 9/SET490/ARROW-paper/ARROW/Java-version/java-8/Contents/Home,matched build.java_homes.java-8,59a819b2fd070796ae8b3a8b302f5d85c0daae12,1,2,1,ASSERTION_FAILED,,,io.pivotal.cfenv.boot.scs.CfSpringCloudConfigClientProcessor,,,,,EXCLUDED,baseline,[[1;34minfo[m] java cf env parent ................................. [1;31mfailure[m [ 1.780 s],8.054,/Users/dungng/FPT/Ki 9/SET490/ARROW-paper/ARROW/runs/sample_selection/distributed/shard-0/candidates/02816_168063420_168063420_0
2821,92746837,92746837_339.json,https://github.com/leekoko/Java-Web,ProtocolBuilder,SourceCode/adaptive-loadbalance/dubbo-internal/dubbo-config/dubbo-config-api/src/main/java/org/apache/dubbo/config/builders/ProtocolBuilder.java,production,class,False,346,heartbeat,4,public,False,True,0,False,,8,ELIGIBLE,,maven,SourceCode/adaptive-loadbalance/dubbo-internal/dubbo-config/dubbo-config-api,junit5,unknown,/opt/homebrew/Cellar/openjdk@17/17.0.19/libexec/openjdk.jdk/Contents/Home,no project java version detected; using build.java_default,,1,2,1,RUNTIME_FAILED,,,org.apache.dubbo.config.builders.ProtocolBuilder,,,,,EXCLUDED,baseline,[error] [error] some problems were encountered while processing the poms:,22.513,/Users/dungng/FPT/Ki 9/SET490/ARROW-paper/ARROW/runs/sample_selection/distributed/shard-0/candidates/02821_92746837_92746837_339
2826,22734513,22734513_372.json,https://github.com/pentaho/pentaho-osgi-bundles,MetaInfRequireJson,pentaho-requirejs-osgi-manager/core/impl/src/main/java/org/pentaho/requirejs/impl/types/MetaInfRequireJson.java,production,,,,getShim,4,@Override public,True,True,,,,,EXCLUDED,trivial_focal_method,,,,,,,,,2,0,,,,,,,,,EXCLUDED,semantic_metadata,trivial_focal_method,0.001,/Users/dungng/FPT/Ki 9/SET490/ARROW-paper/ARROW/runs/sample_selection/distributed/shard-0/candidates/02826_22734513_22734513_372
2831,36551934,36551934_2.json,https://github.com/BSVogler/WurfelEngineSDK,WorkingDirectory,core/src/main/java/com/bombinggames/wurfelengine/core/WorkingDirectory.java,production,class,False,234,getPlatform,25,public static,True,True,0,True,filesystem,9,EXCLUDED,external_dependency_risk:filesystem,,,,,,,,1,2,0,,,,,,,,,EXCLUDED,semantic,external_dependency_risk:filesystem,4.036,/Users/dungng/FPT/Ki 9/SET490/ARROW-paper/ARROW/runs/sample_selection/distributed/shard-0/candidates/02831_36551934_36551934_2
2836,13910968,13910968_4.json,https://github.com/olle/serverside-todomvc,TodoController,examples-java-spring-boot-freemarker/src/main/java/com/studiomediatech/todomvc/web/TodoController.java,production,class,False,79,deleteTodo,5,"@DeleteMapping(""/todos/{id}"") public",False,True,1,False,,8,ELIGIBLE,,maven,examples-java-spring-boot-freemarker,junit4,8,/Users/dungng/FPT/Ki 9/SET490/ARROW-paper/ARROW/Java-version/java-8/Contents/Home,matched build.java_homes.java-8,,1,2,2,MODULE_TESTS_PASSED|MODULE_TESTS_PASSED,True,0,com.studiomediatech.todomvc.web.TodoController,True,TARGET_TEST_PASSED,MODULE_TESTS_PASSED,MODULE_TESTS_PASSED,ELIGIBLE,,,22.331,/Users/dungng/FPT/Ki 9/SET490/ARROW-paper/ARROW/runs/sample_selection/distributed/shard-0/candidates/02836_13910968_13910968_4
2841,193657959,193657959_4.json,https://github.com/binglind/alchemy,JWTFilter,alchemy-web/src/main/java/com/dfire/platform/alchemy/security/jwt/JWTFilter.java,production,class,False,45,doFilter,11,@Override public,True,True,1,False,,9,ELIGIBLE,,maven,alchemy-web,junit5,8,/Users/dungng/FPT/Ki 9/SET490/ARROW-paper/ARROW/Java-version/java-8/Contents/Home,matched build.java_homes.java-8,,1,2,1,ASSERTION_FAILED,,,com.dfire.platform.alchemy.security.jwt.JWTFilter,,,,,EXCLUDED,baseline,[[1;34minfo[m] alchemy-web 1.0.1-snapshot ......................... [1;31mfailure[m [ 26.269 s],90.827,/Users/dungng/FPT/Ki 9/SET490/ARROW-paper/ARROW/runs/sample_selection/distributed/shard-0/candidates/02841_193657959_193657959_4
2846,134973177,134973177_2.json,https://github.com/shibafu528/Yukari,Twimg,Yukari/src/main/java/shibafu/yukari/media2/impl/Twimg.java,production,class,False,36,resolveThumbnailUrl,10,@Override protected,True,True,1,False,,10,ELIGIBLE,,gradle,Yukari,junit4,11,/Users/dungng/FPT/Ki 9/SET490/ARROW-paper/ARROW/Java-version/java-11/Contents/Home,matched build.java_homes.java-11,,1,2,1,ASSERTION_FAILED,,,shibafu.yukari.media2.impl.Twimg,,,,,EXCLUDED,baseline,failure: build failed with an exception.,24.784,/Users/dungng/FPT/Ki 9/SET490/ARROW-paper/ARROW/runs/sample_selection/distributed/shard-0/candidates/02846_134973177_134973177_2
2851,4112450,4112450_15.json,https://github.com/geosolutions-it/geobatch,ScriptingAction,src/actions/scripting/src/main/java/it/geosolutions/geobatch/action/scripting/ScriptingAction.java,production,,,,execute,171,"@SuppressWarnings(""unchecked"") public",True,True,,,,,ELIGIBLE,,,,,,,,,,2,0,,,,,,,,,EXCLUDED,setup,"RuntimeError: Repository setup failed after 3 attempts: CalledProcessError: Command '['git', '-c', 'core.longpaths=true', 'clone', '--depth', '1', 'https://github.com/geosolutions-it/geobatch', '/Users/dungng/FPT/Ki 9/SET490/ARROW-paper/ARROW/repos/4112450']' returned non-zero exit status 128.",8.385,/Users/dungng/FPT/Ki 9/SET490/ARROW-paper/ARROW/runs/sample_selection/distributed/shard-0/candidates/02851_4112450_4112450_15
2856,181071001,181071001_18.json,https://github.com/hortonworks/efm,StandardFlowRetrievalService,efm/efm-c2-protocol/efm-c2-protocol-framework/src/main/java/com/cloudera/cem/efm/service/flow/retrieval/StandardFlowRetrievalService.java,production,,,,getVersions,18,@Override public,True,True,,,,,ELIGIBLE,,,,,,,,,,2,0,,,,,,,,,EXCLUDED,setup,"RuntimeError: Repository setup failed after 3 attempts: CalledProcessError: Command '['git', '-c', 'core.longpaths=true', 'clone', '--depth', '1', 'https://github.com/hortonworks/efm', '/Users/dungng/FPT/Ki 9/SET490/ARROW-paper/ARROW/repos/181071001']' returned non-zero exit status 128.",8.399,/Users/dungng/FPT/Ki 9/SET490/ARROW-paper/ARROW/runs/sample_selection/distributed/shard-0/candidates/02856_181071001_181071001_18
2861,36603494,36603494_0.json,https://github.com/tsuoanttila/GridExtensionPack,PagedDataProvider,GridExtensionPack/src/main/java/org/vaadin/teemusa/gridextensions/paging/PagedDataProvider.java,production,,,,getPagingControls,3,public,False,True,,,,,EXCLUDED,trivial_focal_method,,,,,,,,,2,0,,,,,,,,,EXCLUDED,semantic_metadata,trivial_focal_method,0.001,/Users/dungng/FPT/Ki 9/SET490/ARROW-paper/ARROW/runs/sample_selection/distributed/shard-0/candidates/02861_36603494_36603494_0
2866,39727052,39727052_1.json,https://github.com/jdmp/java-data-mining-package,StanfordTagger,jdmp-corenlp/src/main/java/org/jdmp/stanfordpos/StanfordTagger.java,production,class,False,195,tag,24,public,True,True,0,False,,10,ELIGIBLE,,maven,jdmp-corenlp,junit4,unknown,/opt/homebrew/Cellar/openjdk@17/17.0.19/libexec/openjdk.jdk/Contents/Home,no project java version detected; using build.java_default,,1,2,1,COMPILE_FAILED,,,org.jdmp.stanfordpos.StanfordTagger,,,,,EXCLUDED,baseline,[error] failed to execute goal org.apache.maven.plugins:maven-compiler-plugin:<n>.3:compile (default-compile) on project jdmp-corenlp: compilation failure: compilation failure:,23.635,/Users/dungng/FPT/Ki 9/SET490/ARROW-paper/ARROW/runs/sample_selection/distributed/shard-0/candidates/02866_39727052_39727052_1
2871,1184582,1184582_8.json,https://github.com/kiegroup/droolsjbpm-contributed-experiments,ConverterUtils,zenithr/zenithr/src/main/java/org/kiegroup/zenithr/drools/regex/ConverterUtils.java,production,class,False,147,parseOutput,3,public,False,True,1,False,,8,ELIGIBLE,,maven,zenithr/zenithr,junit5,8,/Users/dungng/FPT/Ki 9/SET490/ARROW-paper/ARROW/Java-version/java-8/Contents/Home,matched build.java_homes.java-8,,1,2,2,MODULE_TESTS_PASSED|MODULE_TESTS_PASSED,True,0,org.kiegroup.zenithr.drools.regex.ConverterUtils,True,TARGET_TEST_PASSED,MODULE_TESTS_PASSED,MODULE_TESTS_PASSED,ELIGIBLE,,,284.893,/Users/dungng/FPT/Ki 9/SET490/ARROW-paper/ARROW/runs/sample_selection/distributed/shard-0/candidates/02871_1184582_1184582_8
2876,27570630,27570630_0.json,https://github.com/To-da/spring-boot-examples,PoiExcelWriter,spring-boot-example-custom-autoconfig/spring-boot-example-autoconfig-poi/src/main/java/org/toda/boot/autoconfigure/poi/writer/PoiExcelWriter.java,production,,,,process,21,public,True,False,,,,,EXCLUDED,no_observable_behavior,,,,,,,,,2,0,,,,,,,,,EXCLUDED,semantic_metadata,no_observable_behavior,0.001,/Users/dungng/FPT/Ki 9/SET490/ARROW-paper/ARROW/runs/sample_selection/distributed/shard-0/candidates/02876_27570630_27570630_0
2881,106213935,106213935_0.json,https://github.com/dice-group/FactCheck,DependencyParseFeature,factcheck-core/src/main/java/org/dice/factcheck/ml/feature/fact/impl/DependencyParseFeature.java,production,,,,extractFeature,53,@Override public,True,False,,,,,EXCLUDED,no_observable_behavior,,,,,,,,,2,0,,,,,,,,,EXCLUDED,semantic_metadata,no_observable_behavior,0.001,/Users/dungng/FPT/Ki 9/SET490/ARROW-paper/ARROW/runs/sample_selection/distributed/shard-0/candidates/02881_106213935_106213935_0
2886,105104598,105104598_3.json,https://github.com/ICTD-Maroubra/PEMS,PressureNotification,pems-server/src/main/java/org/maroubra/pemsserver/monitoring/nordic/PressureNotification.java,production,,,,run,6,@Override public,False,False,,,,,EXCLUDED,no_observable_behavior,,,,,,,,,2,0,,,,,,,,,EXCLUDED,semantic_metadata,no_observable_behavior,0.001,/Users/dungng/FPT/Ki 9/SET490/ARROW-paper/ARROW/runs/sample_selection/distributed/shard-0/candidates/02886_105104598_105104598_3
2891,59325776,59325776_15.json,https://github.com/bytefish/ElasticUtils,LoggingBulkProcessorListener,ElasticUtils/elasticutils-elasticsearch2/src/main/java/de/bytefish/elasticutils/elasticsearch2/client/bulk/listener/LoggingBulkProcessorListener.java,production,,,,afterBulk,6,@Override public,True,False,,,,,EXCLUDED,no_observable_behavior,,,,,,,,,2,0,,,,,,,,,EXCLUDED,semantic_metadata,no_observable_behavior,0.000,/Users/dungng/FPT/Ki 9/SET490/ARROW-paper/ARROW/runs/sample_selection/distributed/shard-0/candidates/02891_59325776_59325776_15
2896,3649012,3649012_18.json,https://github.com/ffpojo/ffpojo,FFPojoAnnotationFieldManager,ffpojo/src/main/java/com/github/ffpojo/metadata/extra/FFPojoAnnotationFieldManager.java,production,class,False,114,getClassDecorator,10,public,True,True,0,False,,9,ELIGIBLE,,maven,ffpojo,junit4,5,/Users/dungng/FPT/Ki 9/SET490/ARROW-paper/ARROW/Java-version/java-8/Contents/Home,using compatible JDK 8 from build.java_homes.java-8 for Java 5,,1,2,1,COMPILE_FAILED,,,com.github.ffpojo.metadata.extra.FFPojoAnnotationFieldManager,,,,,EXCLUDED,baseline,[info] building ffpojo project 2.0.repackage [1/2],3.532,/Users/dungng/FPT/Ki 9/SET490/ARROW-paper/ARROW/runs/sample_selection/distributed/shard-0/candidates/02896_3649012_3649012_18
2901,6010090,6010090_2.json,https://github.com/otto-de/jsonhome,HttpJsonHomeClient,jsonhome-client/src/main/java/de/otto/jsonhome/client/HttpJsonHomeClient.java,production,class,False,148,get,45,@Override public,True,True,0,True,network,8,EXCLUDED,external_dependency_risk:network,,,,,,,,1,2,0,,,,,,,,,EXCLUDED,semantic,external_dependency_risk:network,1.637,/Users/dungng/FPT/Ki 9/SET490/ARROW-paper/ARROW/runs/sample_selection/distributed/shard-0/candidates/02901_6010090_6010090_2
2906,58279246,58279246_2.json,https://github.com/mwitkow/java-flagz,EtcdFlagFieldUpdater,flagz-etcd/src/main/java/org/flagz/EtcdFlagFieldUpdater.java,production,,,,init,3,public,False,False,,,,,EXCLUDED,no_observable_behavior,,,,,,,,,2,0,,,,,,,,,EXCLUDED,semantic_metadata,no_observable_behavior,0.001,/Users/dungng/FPT/Ki 9/SET490/ARROW-paper/ARROW/runs/sample_selection/distributed/shard-0/candidates/02906_58279246_58279246_2
2911,255469961,255469961_4.json,https://github.com/everest-engineering/lhotse,PendingRegistrationsEventHandler,pending-registrations/src/main/java/engineering/everest/lhotse/registrations/eventhandlers/PendingRegistrationsEventHandler.java,production,,,,on,7,@EventHandler,False,False,,,,,EXCLUDED,no_observable_behavior,,,,,,,,,2,0,,,,,,,,,EXCLUDED,semantic_metadata,no_observable_behavior,0.001,/Users/dungng/FPT/Ki 9/SET490/ARROW-paper/ARROW/runs/sample_selection/distributed/shard-0/candidates/02911_255469961_255469961_4
2916,118602757,118602757_0.json,https://github.com/burhanrashid52/PhotoEditor,TextStyleBuilder,photoeditor/src/main/java/ja/burhanrashid52/photoeditor/TextStyleBuilder.java,production,,,,applyStyle,43,,True,False,,,,,EXCLUDED,no_observable_behavior,,,,,,,,,2,0,,,,,,,,,EXCLUDED,semantic_metadata,no_observable_behavior,0.000,/Users/dungng/FPT/Ki 9/SET490/ARROW-paper/ARROW/runs/sample_selection/distributed/shard-0/candidates/02916_118602757_118602757_0
2921,2480222,2480222_2.json,https://github.com/fitzyyf/plum-sample,DefQaContentLink,nanjing12336/src/main/java/org/mumu/swoop/analysis/def/DefQaContentLink.java,production,class,False,52,getContent,19,@Override public,True,True,0,False,,10,ELIGIBLE,,maven,nanjing12336,junit4,6,/Users/dungng/FPT/Ki 9/SET490/ARROW-paper/ARROW/Java-version/java-8/Contents/Home,using compatible JDK 8 from build.java_homes.java-8 for Java 6,,1,2,2,MODULE_TESTS_PASSED|MODULE_TESTS_PASSED,True,0,org.mumu.swoop.analysis.def.DefQaContentLink,True,TARGET_TEST_PASSED,MODULE_TESTS_PASSED,MODULE_TESTS_PASSED,ELIGIBLE,,,8.717,/Users/dungng/FPT/Ki 9/SET490/ARROW-paper/ARROW/runs/sample_selection/distributed/shard-0/candidates/02921_2480222_2480222_2
2926,19873472,19873472_6.json,https://github.com/CyberSource/cybersource-sdk-java,Identity,java/src/main/java/com/cybersource/ws/client/Identity.java,production,,,,setUpMerchant,17,private,True,True,,,,,EXCLUDED,focal_method_not_directly_testable,,,,,,,,,2,0,,,,,,,,,EXCLUDED,semantic_metadata,focal_method_not_directly_testable,0.001,/Users/dungng/FPT/Ki 9/SET490/ARROW-paper/ARROW/runs/sample_selection/distributed/shard-0/candidates/02926_19873472_19873472_6
2931,14444698,14444698_18.json,https://github.com/lukas-krecan/smock,EndpointInterceptorClientAdapter,common/src/main/java/net/javacrumbs/smock/common/EndpointInterceptorClientAdapter.java,production,class,False,92,wrapEndpointInterceptors,16,public static,True,True,1,False,,9,ELIGIBLE,,maven,common,junit4,6,/Users/dungng/FPT/Ki 9/SET490/ARROW-paper/ARROW/Java-version/java-8/Contents/Home,using compatible JDK 8 from build.java_homes.java-8 for Java 6,,1,2,2,MODULE_TESTS_PASSED|MODULE_TESTS_PASSED,True,0,net.javacrumbs.smock.common.EndpointInterceptorClientAdapter,True,TARGET_TEST_PASSED,MODULE_TESTS_PASSED,MODULE_TESTS_PASSED,ELIGIBLE,,,14.672,/Users/dungng/FPT/Ki 9/SET490/ARROW-paper/ARROW/runs/sample_selection/distributed/shard-0/candidates/02931_14444698_14444698_18
2936,5093728,5093728_4.json,https://github.com/ankaubisch/fitchy,FeatureResolver,core/src/main/java/com/googlecode/fitchy/resolver/FeatureResolver.java,production,class,False,60,isFeatureAvailable,12,public,True,True,2,False,,9,ELIGIBLE,,maven,core,junit4,5,/Users/dungng/FPT/Ki 9/SET490/ARROW-paper/ARROW/Java-version/java-8/Contents/Home,using compatible JDK 8 from build.java_homes.java-8 for Java 5,,1,2,1,COMPILE_FAILED,,,com.googlecode.fitchy.resolver.FeatureResolver,,,,,EXCLUDED,baseline,[error] error: error reading <path> error in opening zip file,2.709,/Users/dungng/FPT/Ki 9/SET490/ARROW-paper/ARROW/runs/sample_selection/distributed/shard-0/candidates/02936_5093728_5093728_4
2941,14145875,14145875_6.json,https://github.com/HubSpot/Baragon,MergingConfigProvider,BaragonService/src/main/java/com/hubspot/baragon/service/config/MergingConfigProvider.java,production,class,False,64,open,15,@Override public,True,True,4,False,,9,ELIGIBLE,,maven,BaragonService,junit5,${project.basedir}/target/${baragon.jar.name.format}-shaded.jar,/opt/homebrew/Cellar/openjdk@17/17.0.19/libexec/openjdk.jdk/Contents/Home,JDK ${project.basedir}/target/${baragon.jar.name.format}-shaded.jar not mapped; using build.java_default,,1,2,1,COMPILE_FAILED,,,com.hubspot.baragon.service.config.MergingConfigProvider,,,,,EXCLUDED,baseline,com.google.common.util.concurrent.executionerror: java.lang.exceptionininitializererror,32.704,/Users/dungng/FPT/Ki 9/SET490/ARROW-paper/ARROW/runs/sample_selection/distributed/shard-0/candidates/02941_14145875_14145875_6
2946,24635052,24635052_3.json,https://github.com/matrix-org/matrix-android-sdk,EventMatchCondition,matrix-sdk/src/main/java/org/matrix/androidsdk/rest/model/bingrules/EventMatchCondition.java,production,class,False,92,isSatisfied,27,public,True,True,0,False,,9,ELIGIBLE,,gradle,matrix-sdk,junit4,1,/Users/dungng/FPT/Ki 9/SET490/ARROW-paper/ARROW/Java-version/java-8/Contents/Home,using compatible JDK 8 from build.java_homes.java-8 for Java 1,,1,2,1,ASSERTION_FAILED,,,org.matrix.androidsdk.rest.model.bingrules.EventMatchCondition,,,,,EXCLUDED,baseline,failure: build failed with an exception.,25.366,/Users/dungng/FPT/Ki 9/SET490/ARROW-paper/ARROW/runs/sample_selection/distributed/shard-0/candidates/02946_24635052_24635052_3
2951,11799031,11799031_10.json,https://github.com/USGS-CIDA/geo-data-portal,ShapeFileEPSGHelper,gdp-data-access/src/main/java/gov/usgs/cida/gdp/dataaccess/helper/ShapeFileEPSGHelper.java,production,,,,getDeclaredEPSGFromPrj,10,public static,True,True,,,,,ELIGIBLE,,,,,,,,,,2,0,,,,,,,,,EXCLUDED,setup,"RuntimeError: Repository setup failed after 3 attempts: CalledProcessError: Command '['git', '-c', 'core.longpaths=true', 'clone', '--depth', '1', 'https://github.com/USGS-CIDA/geo-data-portal', '/Users/dungng/FPT/Ki 9/SET490/ARROW-paper/ARROW/repos/11799031']' returned non-zero exit status 128.",8.419,/Users/dungng/FPT/Ki 9/SET490/ARROW-paper/ARROW/runs/sample_selection/distributed/shard-0/candidates/02951_11799031_11799031_10
2956,14969366,14969366_18.json,https://github.com/adamcin/httpsig-java,DefaultVerifier,api/src/main/java/net/adamcin/httpsig/api/DefaultVerifier.java,production,class,False,191,verify,3,public,False,True,1,False,,7,ELIGIBLE,,maven,api,junit4,6,/Users/dungng/FPT/Ki 9/SET490/ARROW-paper/ARROW/Java-version/java-8/Contents/Home,using compatible JDK 8 from build.java_homes.java-8 for Java 6,,1,2,2,MODULE_TESTS_PASSED|MODULE_TESTS_PASSED,True,0,net.adamcin.httpsig.api.DefaultVerifier,True,TARGET_TEST_PASSED,MODULE_TESTS_PASSED,MODULE_TESTS_PASSED,ELIGIBLE,,,18.088,/Users/dungng/FPT/Ki 9/SET490/ARROW-paper/ARROW/runs/sample_selection/distributed/shard-0/candidates/02956_14969366_14969366_18
2961,149235066,149235066_1.json,https://github.com/sanshengshui/netty-learning-example,ClubbedTroll,netty-design-patterns-decorator/src/main/java/cn/mushuwei/decorator/ClubbedTroll.java,production,class,False,27,ClubbedTroll,3,public,False,True,1,False,,7,ELIGIBLE,,maven,netty-design-patterns-decorator,junit5,8,/Users/dungng/FPT/Ki 9/SET490/ARROW-paper/ARROW/Java-version/java-8/Contents/Home,matched build.java_homes.java-8,,1,2,1,RUNTIME_FAILED,,,cn.mushuwei.decorator.ClubbedTroll,,,,,EXCLUDED,baseline,[error] [error] some problems were encountered while processing the poms:,2.739,/Users/dungng/FPT/Ki 9/SET490/ARROW-paper/ARROW/runs/sample_selection/distributed/shard-0/candidates/02961_149235066_149235066_1
2966,36658493,36658493_6.json,https://github.com/aioaneid/uzaygezen,RangeListFilter,uzaygezen-core/src/main/java/com/google/uzaygezen/core/RangeListFilter.java,production,class,False,143,combine,34,public,True,True,4,False,,8,ELIGIBLE,,maven,uzaygezen-core,junit4,7,/Users/dungng/FPT/Ki 9/SET490/ARROW-paper/ARROW/Java-version/java-8/Contents/Home,using compatible JDK 8 from build.java_homes.java-8 for Java 7,,1,2,2,MODULE_TESTS_PASSED|MODULE_TESTS_PASSED,True,0,com.google.uzaygezen.core.RangeListFilter,True,TARGET_TEST_PASSED,MODULE_TESTS_PASSED,MODULE_TESTS_PASSED,ELIGIBLE,,,22.917,/Users/dungng/FPT/Ki 9/SET490/ARROW-paper/ARROW/runs/sample_selection/distributed/shard-0/candidates/02966_36658493_36658493_6
2971,3641311,3641311_5.json,https://github.com/ArtificerRepo/artificer,XsdDocumentArtifactBuilder,integration/src/main/java/org/artificer/integration/artifactbuilder/XsdDocumentArtifactBuilder.java,production,class,False,223,derive,15,@Override protected,True,True,0,False,,10,ELIGIBLE,,maven,integration,junit4,7,/Users/dungng/FPT/Ki 9/SET490/ARROW-paper/ARROW/Java-version/java-8/Contents/Home,using compatible JDK 8 from build.java_homes.java-8 for Java 7,,1,2,1,ASSERTION_FAILED,,,org.artificer.integration.artifactbuilder.XsdDocumentArtifactBuilder,,,,,EXCLUDED,baseline,[info] artificer common ................................... failure [ 0.857 s],6.831,/Users/dungng/FPT/Ki 9/SET490/ARROW-paper/ARROW/runs/sample_selection/distributed/shard-0/candidates/02971_3641311_3641311_5
2976,154647700,154647700_24.json,https://github.com/vaadin/vaadin-connect,VaadinConnectController,vaadin-connect/src/main/java/com/vaadin/connect/VaadinConnectController.java,production,class,False,443,serveVaadinService,40,"@PostMapping(path = ""/{service}/{method}"", produces = MediaType.APPLICATION_JSON_UTF8_VALUE) public",True,True,4,True,framework_context,7,EXCLUDED,external_dependency_risk:framework_context,,,,,,,,1,2,0,,,,,,,,,EXCLUDED,semantic,external_dependency_risk:framework_context,1.898,/Users/dungng/FPT/Ki 9/SET490/ARROW-paper/ARROW/runs/sample_selection/distributed/shard-0/candidates/02976_154647700_154647700_24
2981,35126129,35126129_28.json,https://github.com/cloudera-labs/phoenix,JDBCUtil,phoenix-core/src/main/java/org/apache/phoenix/util/JDBCUtil.java,production,class,False,138,getAutoCommit,7,public static,True,True,0,True,database,8,EXCLUDED,external_dependency_risk:database,,,,,,,,1,2,0,,,,,,,,,EXCLUDED,semantic,external_dependency_risk:database,2.494,/Users/dungng/FPT/Ki 9/SET490/ARROW-paper/ARROW/runs/sample_selection/distributed/shard-0/candidates/02981_35126129_35126129_28
2986,80208107,80208107_3.json,https://github.com/Anadea/RxBus,AnnotatedSubscriber,rxbus/src/main/java/com/anadeainc/rxbus/AnnotatedSubscriber.java,production,,,,acceptEvent,4,@Override protected,False,False,,,,,EXCLUDED,no_observable_behavior,,,,,,,,,2,0,,,,,,,,,EXCLUDED,semantic_metadata,no_observable_behavior,0.001,/Users/dungng/FPT/Ki 9/SET490/ARROW-paper/ARROW/runs/sample_selection/distributed/shard-0/candidates/02986_80208107_80208107_3
2991,102026692,102026692_1.json,https://github.com/ScienJus/spring-cloud-etcd,EtcdServiceRegistry,spring-cloud-etcd-discovery/src/main/java/com/scienjus/spring/cloud/etcd/serviceregistry/EtcdServiceRegistry.java,production,class,False,76,deregister,12,@Override public,True,True,0,False,,9,ELIGIBLE,,maven,spring-cloud-etcd-discovery,junit5,8,/Users/dungng/FPT/Ki 9/SET490/ARROW-paper/ARROW/Java-version/java-8/Contents/Home,matched build.java_homes.java-8,,1,2,1,ASSERTION_FAILED,,,com.scienjus.spring.cloud.etcd.serviceregistry.EtcdServiceRegistry,,,,,EXCLUDED,baseline,"[error] tests run: 3, failures: 0, errors: 3, skipped: 0, time elapsed: 0.152 s <<< failure! - in com.scienjus.spring.cloud.etcd.etcdautoconfigurationtest",9.836,/Users/dungng/FPT/Ki 9/SET490/ARROW-paper/ARROW/runs/sample_selection/distributed/shard-0/candidates/02991_102026692_102026692_1
2996,97642523,97642523_24.json,https://github.com/ironfish/oreilly-reactive-architecture-student,CoffeeHouse,exercise_010_Lifecycle_monitoring/src/main/java/com/lightbend/training/coffeehouse/CoffeeHouse.java,production,class,False,129,props,3,public static,False,True,1,False,,8,ELIGIBLE,,unknown,.,junit4,unknown,/opt/homebrew/Cellar/openjdk@17/17.0.19/libexec/openjdk.jdk/Contents/Home,no project java version detected; using build.java_default,,1,2,1,TOOL_ERROR,,,com.lightbend.training.coffeehouse.CoffeeHouse,,,,,EXCLUDED,baseline,unsupported build tool,2.164,/Users/dungng/FPT/Ki 9/SET490/ARROW-paper/ARROW/runs/sample_selection/distributed/shard-0/candidates/02996_97642523_97642523_24
