candidate_rank,project_id,sample_file,repository_url,focal_class,focal_class_path,source_layout,class_kind,is_abstract,class_loc,focal_method_name,focal_method_loc,focal_method_modifiers,has_control_flow,has_observable_output,constructor_dependency_count,external_dependency_risk,external_risk_reasons,testability_score,semantic_status,semantic_exclusion_reason,build_tool,module_path,testing_framework,detected_java_version,selected_java_home,java_selection_reason,checkout_revision,clone_attempts,baseline_passes_required,baseline_passes_completed,baseline_states,classpath_resolved,classpath_exit_code,focal_class_fqcn,focal_bytecode_found,probe_target_state,probe_module_state,offline_baseline_state,eligibility_status,exclusion_stage,exclusion_reason,elapsed_seconds,artifact_dir
4,38882107,38882107_3.json,https://github.com/diqube/diqube,TicketSignatureService,diqube-ticket/src/main/java/org/diqube/ticket/TicketSignatureService.java,production,class,False,81,signTicket,16,public,True,True,0,False,,9,ELIGIBLE,,maven,diqube-ticket,testng,8,D:\Ky9\Sample\ARROW\Java-version\java-8,auto-discovered JDK 8,,1,2,1,RUNTIME_FAILED,,,org.diqube.ticket.TicketSignatureService,,,,,EXCLUDED,baseline,[error] [error] some problems were encountered while processing the poms:,2.884,D:\Ky9\Sample\ARROW\runs\sample_selection\distributed\shard-3\candidates\00004_38882107_38882107_3
9,60982325,60982325_0.json,https://github.com/mercari/siberi-android,SiberiSQLStorage,siberi-library/src/main/java/com/mercari/siberi/db/SiberiSQLStorage.java,production,,,,insert,10,@Override public,True,False,,,,,EXCLUDED,no_observable_behavior,,,,,,,,,2,0,,,,,,,,,EXCLUDED,semantic_metadata,no_observable_behavior,0.002,D:\Ky9\Sample\ARROW\runs\sample_selection\distributed\shard-3\candidates\00009_60982325_60982325_0
14,44512524,44512524_229.json,https://github.com/zqhxuyuan/bigdata,CountAction,real-time/foxtrot/foxtrot-core/src/main/java/com/flipkart/foxtrot/core/querystore/actions/CountAction.java,production,,,,execute,42,@Override public,True,True,,,,,ELIGIBLE,,,,,,,,,1,2,0,,,,,,,,,EXCLUDED,setup,"Error: [('D:\\Ky9\\Sample\\ARROW\\repos\\44512524\\storm\\storm-ml\\src\\main\\java\\com\\github\\lbhat1\\mlstorm\\batch\\classifier\\supervisedlearning\\generalizedlearningmodels\\LinearThresholdClassifierBase.java', 'D:\\Ky9\\Sample\\ARROW\\runs\\sample_selection\\distributed\\shard-3\\candidates\\00014_44512524_44512524_229\\workspace\\storm\\storm-ml\\src\\main\\java\\com\\github\\lbhat1\\mlstorm\\batch\\classifier\\supervisedlearning\\generalizedlearningmodels\\LinearThresholdClassifierBase.java', '[WinError 3] The system cannot find the path specified')]",0.932,D:\Ky9\Sample\ARROW\runs\sample_selection\distributed\shard-3\candidates\00014_44512524_44512524_229
19,69595482,69595482_76.json,https://github.com/Apicurio/apicurio-studio,GitHubSourceConnector,back-end/hub-api/src/main/java/io/apicurio/hub/api/github/GitHubSourceConnector.java,production,class,False,401,getOrganizations,28,@Override public,True,True,0,True,database,9,EXCLUDED,external_dependency_risk:database,,,,,,,,1,2,0,,,,,,,,,EXCLUDED,semantic,external_dependency_risk:database,0.998,D:\Ky9\Sample\ARROW\runs\sample_selection\distributed\shard-3\candidates\00019_69595482_69595482_76
24,1361792,1361792_2.json,https://github.com/git-commit-id/git-commit-id-maven-plugin,PropertiesReplacer,maven/src/main/java/pl/project13/maven/git/PropertiesReplacer.java,production,,,,performReplacement,12,public,True,False,,,,,EXCLUDED,no_observable_behavior,,,,,,,,,2,0,,,,,,,,,EXCLUDED,semantic_metadata,no_observable_behavior,0.002,D:\Ky9\Sample\ARROW\runs\sample_selection\distributed\shard-3\candidates\00024_1361792_1361792_2
29,38484146,38484146_30.json,https://github.com/dai0304/spar-wings,S3ObjectResource,spar-wings-spring-s3/src/main/java/jp/xet/sparwings/spring/s3/S3ObjectResource.java,production,class,False,383,getDescription,11,@Override public,False,True,3,True,filesystem,7,EXCLUDED,external_dependency_risk:filesystem,,,,,,,,1,2,0,,,,,,,,,EXCLUDED,semantic,external_dependency_risk:filesystem,0.443,D:\Ky9\Sample\ARROW\runs\sample_selection\distributed\shard-3\candidates\00029_38484146_38484146_30
34,47773974,47773974_1.json,https://github.com/dmilicic/android-clean-sample-app,DailyTotalCostConverter,app/src/main/java/com/kodelabs/mycosts/presentation/converter/DailyTotalCostConverter.java,production,class,False,52,convertCostsToDailyCosts,41,public static,True,True,0,False,,10,ELIGIBLE,,gradle,app,junit4,unknown,D:\Ky9\Sample\ARROW\Java-version\java-8,Gradle 2.8 requires compatible JDK 8; auto-discovered,,1,2,1,ASSERTION_FAILED,,,com.kodelabs.mycosts.presentation.converter.DailyTotalCostConverter,,,,,EXCLUDED,baseline,"failed to notify projectevaluationlistener.afterevaluate(), but primary configuration failure takes precedence.",5.425,D:\Ky9\Sample\ARROW\runs\sample_selection\distributed\shard-3\candidates\00034_47773974_47773974_1
39,18023059,18023059_19.json,https://github.com/rancher/cattle,SchemaFactoryImpl,code/framework/java-server/src/main/java/io/github/ibuildthecloud/gdapi/factory/impl/SchemaFactoryImpl.java,production,,,,parseSchema,29,@Override public,True,True,,,,,ELIGIBLE,,,,,,,,,1,2,0,,,,,,,,,EXCLUDED,setup,"Error: [('D:\\Ky9\\Sample\\ARROW\\repos\\18023059\\code\\iaas\\service-discovery\\server\\src\\main\\java\\io\\cattle\\platform\\servicediscovery\\deployment\\impl\\healthaction\\RecreateHealthCheckActionHandler.java', 'D:\\Ky9\\Sample\\ARROW\\runs\\sample_selection\\distributed\\shard-3\\candidates\\00039_18023059_18023059_19\\workspace\\code\\iaas\\service-discovery\\server\\src\\main\\java\\io\\cattle\\platform\\servicediscovery\\deployment\\impl\\healthaction\\RecreateHealthCheckActionHandler.java', '[WinError 3] The system cannot find the path specified'), ('D:\\Ky9\\Sample\\ARROW\\repos\\18023059\\code\\iaas\\service-discovery\\server\\src\\main\\java\\io\\cattle\\platform\\servicediscovery\\deployment\\impl\\healthaction\\RecreateOnQuorumHealthCheckActionHandler.java', 'D:\\Ky9\\Sample\\ARROW\\runs\\sample_selection\\distributed\\shard-3\\candidates\\00039_18023059_18023059_19\\workspace\\code\\iaas\\service-discovery\\server\\src\\main\\java\\io\\cattle\\platform\\servicediscovery\\deployment\\impl\\healthaction\\RecreateOnQuorumHealthCheckActionHandler.java', '[WinError 3] The system cannot find the path specified'), ('D:\\Ky9\\Sample\\ARROW\\repos\\18023059\\code\\implementation\\simulator\\agent-connection\\src\\main\\java\\io\\cattle\\platform\\agent\\connection\\simulator\\impl\\SimulatorInstanceInspectProcessor.java', 'D:\\Ky9\\Sample\\ARROW\\runs\\sample_selection\\distributed\\shard-3\\candidates\\00039_18023059_18023059_19\\workspace\\code\\implementation\\simulator\\agent-connection\\src\\main\\java\\io\\cattle\\platform\\agent\\connection\\simulator\\impl\\SimulatorInstanceInspectProcessor.java', '[WinError 3] The system cannot find the path specified')]",1.522,D:\Ky9\Sample\ARROW\runs\sample_selection\distributed\shard-3\candidates\00039_18023059_18023059_19
44,24155908,24155908_0.json,https://github.com/tomcashman/metrics-elasticsearch,ElasticsearchHttpReporter,http/src/main/java/com/viridiansoftware/metrics/elasticsearch/http/ElasticsearchHttpReporter.java,production,class,False,289,forRegistryAndIndexPrefix,4,public static,False,True,11,True,database|network,5,EXCLUDED,external_dependency_risk:database|network;testability_score_below_7,,,,,,,,1,2,0,,,,,,,,,EXCLUDED,semantic,external_dependency_risk:database|network;testability_score_below_7,1.608,D:\Ky9\Sample\ARROW\runs\sample_selection\distributed\shard-3\candidates\00044_24155908_24155908_0
49,35402802,35402802_4.json,https://github.com/sreejesh79/android-socket.io-demo,HasBinary,app/libs/socket.io-client.java-master/src/main/java/com/github/nkzawa/hasbinary/HasBinary.java,production,,,,HasBinary,1,private,False,False,,,,,EXCLUDED,focal_method_not_directly_testable;no_observable_behavior,,,,,,,,,2,0,,,,,,,,,EXCLUDED,semantic_metadata,focal_method_not_directly_testable;no_observable_behavior,0.002,D:\Ky9\Sample\ARROW\runs\sample_selection\distributed\shard-3\candidates\00049_35402802_35402802_4
54,21242302,21242302_0.json,https://github.com/R2RML-api/R2RML-api,TemplateImpl,r2rml-api-core/src/main/java/eu/optique/r2rml/api/model/impl/TemplateImpl.java,production,,,,getTemplateStringWithoutColumnNames,4,@Override public,False,True,,,,,EXCLUDED,trivial_focal_method,,,,,,,,,2,0,,,,,,,,,EXCLUDED,semantic_metadata,trivial_focal_method,0.002,D:\Ky9\Sample\ARROW\runs\sample_selection\distributed\shard-3\candidates\00054_21242302_21242302_0
59,74169960,74169960_59.json,https://github.com/blox/blox,EnvironmentRepositoryDDB,data-service/src/main/java/com/amazonaws/blox/dataservice/repository/EnvironmentRepositoryDDB.java,production,class,False,392,getEnvironmentRevision,25,@Override public,True,True,0,True,database,8,EXCLUDED,external_dependency_risk:database,,,,,,,,1,2,0,,,,,,,,,EXCLUDED,semantic,external_dependency_risk:database,3.455,D:\Ky9\Sample\ARROW\runs\sample_selection\distributed\shard-3\candidates\00059_74169960_74169960_59
64,13236207,13236207_0.json,https://github.com/sjtufighter/----Data---Storage--,InStream,src/HiveFOSF/fosf-handler/src/java/org/apache/hadoop/hive/FlexibleEncoding/orc/InStream.java,nonstandard,,,,create,10,public static,True,True,,,,,EXCLUDED,source_layout:nonstandard,,,,,,,,,2,0,,,,,,,,,EXCLUDED,semantic_metadata,source_layout:nonstandard,0.001,D:\Ky9\Sample\ARROW\runs\sample_selection\distributed\shard-3\candidates\00064_13236207_13236207_0
69,129259201,129259201_28.json,https://github.com/eclipse-ee4j/mojarra,UIInput,impl/src/main/java/javax/faces/component/UIInput.java,production,,,,restoreState,17,@Override public,True,True,,,,,ELIGIBLE,,,,,,,,,1,2,0,,,,,,,,,EXCLUDED,setup,"Error: [('D:\\Ky9\\Sample\\ARROW\\repos\\129259201\\test\\cluster\\javaee6web\\flow\\basic_faces_flow_call\\src\\test\\java\\com\\sun\\faces\\test\\cluster\\javaee6web\\flow\\basic_faces_flow_call\\FlowACallsFlowBIT.java', 'D:\\Ky9\\Sample\\ARROW\\runs\\sample_selection\\distributed\\shard-3\\candidates\\00069_129259201_129259201_28\\workspace\\test\\cluster\\javaee6web\\flow\\basic_faces_flow_call\\src\\test\\java\\com\\sun\\faces\\test\\cluster\\javaee6web\\flow\\basic_faces_flow_call\\FlowACallsFlowBIT.java', '[WinError 3] The system cannot find the path specified'), ('D:\\Ky9\\Sample\\ARROW\\repos\\129259201\\test\\cluster\\javaee6web\\noAggressiveSessionDirtying\\src\\test\\java\\com\\sun\\faces\\test\\cluster\\javaee6web\\noaggressivesessiondirtying\\NoAgressiveSessionDirtyingIT.java', 'D:\\Ky9\\Sample\\ARROW\\runs\\sample_selection\\distributed\\shard-3\\candidates\\00069_129259201_129259201_28\\workspace\\test\\cluster\\javaee6web\\noAggressiveSessionDirtying\\src\\test\\java\\com\\sun\\faces\\test\\cluster\\javaee6web\\noaggressivesessiondirtying\\NoAgressiveSessionDirtyingIT.java', '[WinError 3] The system cannot find the path specified'), ('D:\\Ky9\\Sample\\ARROW\\repos\\129259201\\test\\javaee6web\\flowTraversalCombinations\\src\\main\\java\\com\\sun\\faces\\test\\javaee6web\\flowtraversalcombinations\\ChildFlowMethodCallStartingBean.java', 'D:\\Ky9\\Sample\\ARROW\\runs\\sample_selection\\distributed\\shard-3\\candidates\\00069_129259201_129259201_28\\workspace\\test\\javaee6web\\flowTraversalCombinations\\src\\main\\java\\com\\sun\\faces\\test\\javaee6web\\flowtraversalcombinations\\ChildFlowMethodCallStartingBean.java', '[WinError 3] The system cannot find the path specified'), ('D:\\Ky9\\Sample\\ARROW\\repos\\129259201\\test\\javaee6web\\flowTraversalCombinations\\src\\main\\java\\com\\sun\\faces\\test\\javaee6web\\flowtraversalcombinations\\ChildFlowWithParaAndInitializerBean.java', 'D:\\Ky9\\Sample\\ARROW\\runs\\sample_selection\\distributed\\shard-",5.123,D:\Ky9\Sample\ARROW\runs\sample_selection\distributed\shard-3\candidates\00069_129259201_129259201_28
74,26628954,26628954_6.json,https://github.com/vert-x3/vertx-web,WebClientOptions,vertx-web-client/src/main/java/io/vertx/ext/web/client/WebClientOptions.java,production,class,False,401,toJson,5,public,False,True,0,False,,8,ELIGIBLE,,maven,vertx-web-client,junit4,unknown,,no project java version detected,,1,2,1,ASSERTION_FAILED,,,io.vertx.ext.web.client.WebClientOptions,,,,,EXCLUDED,baseline,[error] non-resolvable import pom: the following artifacts could not be resolved: io.vertx:vertx-dependencies:pom:<n>.0.0-snapshot (absent): io.vertx:vertx-dependencies:pom:<n>.0.0-snapshot was not found in https:/<path>/ during a previous attempt. this failure was cached in the local repository and,2.401,D:\Ky9\Sample\ARROW\runs\sample_selection\distributed\shard-3\candidates\00074_26628954_26628954_6
79,5279091,5279091_4.json,https://github.com/square/dagger,Keys,core/src/main/java/dagger/internal/Keys.java,production,class,False,253,getClassName,9,public static,True,True,0,False,,10,ELIGIBLE,,maven,core,junit4,6,D:\Ky9\Sample\ARROW\Java-version\java-8,auto-discovered compatible JDK 8 for Java 6,,1,2,2,MODULE_TESTS_PASSED|MODULE_TESTS_PASSED,True,0,dagger.internal.Keys,True,TARGET_TEST_PASSED,MODULE_TESTS_PASSED,MODULE_TESTS_PASSED,ELIGIBLE,,,37.985,D:\Ky9\Sample\ARROW\runs\sample_selection\distributed\shard-3\candidates\00079_5279091_5279091_4
84,89220387,89220387_0.json,https://github.com/jojozhai/spring-test,BookController,bookshop-admin/src/main/java/com/lesson/spring/web/controller/BookController.java,production,,,,delete,5,"@DeleteMapping(""/{id}"") public",False,False,,,,,EXCLUDED,no_observable_behavior,,,,,,,,,2,0,,,,,,,,,EXCLUDED,semantic_metadata,no_observable_behavior,0.002,D:\Ky9\Sample\ARROW\runs\sample_selection\distributed\shard-3\candidates\00084_89220387_89220387_0
89,1894664,1894664_6.json,https://github.com/magott/spring-social-yammer,GroupTemplate,spring-social-yammer/src/main/java/org/springframework/social/yammer/api/impl/GroupTemplate.java,production,,,,getGroup,3,public,False,True,,,,,EXCLUDED,trivial_focal_method,,,,,,,,,2,0,,,,,,,,,EXCLUDED,semantic_metadata,trivial_focal_method,0.001,D:\Ky9\Sample\ARROW\runs\sample_selection\distributed\shard-3\candidates\00089_1894664_1894664_6
94,13660977,13660977_48.json,https://github.com/wildfly-security/wildfly-elytron,UnmodifiableKeyStore,keystore/src/main/java/org/wildfly/security/keystore/UnmodifiableKeyStore.java,production,,,,UnmodifiableKeyStore,3,private,False,False,,,,,EXCLUDED,focal_method_not_directly_testable;no_observable_behavior,,,,,,,,,2,0,,,,,,,,,EXCLUDED,semantic_metadata,focal_method_not_directly_testable;no_observable_behavior,0.001,D:\Ky9\Sample\ARROW\runs\sample_selection\distributed\shard-3\candidates\00094_13660977_13660977_48
99,207567112,207567112_7.json,https://github.com/Apress/beginning-spring-5,MusicRepository,chapter8/src/main/java/com/bsg5/chapter8/MusicRepository.java,production,,,,getSong,4,@Transactional public,False,True,,,,,EXCLUDED,trivial_focal_method,,,,,,,,,2,0,,,,,,,,,EXCLUDED,semantic_metadata,trivial_focal_method,0.001,D:\Ky9\Sample\ARROW\runs\sample_selection\distributed\shard-3\candidates\00099_207567112_207567112_7
104,14106147,14106147_10.json,https://github.com/serso/android-messengerpp,ObjectRemovedUpdater,core/src/main/java/org/solovyev/common/collections/multimap/ObjectRemovedUpdater.java,production,class,False,40,update,13,@Nullable @Override public,True,True,1,False,,10,ELIGIBLE,,maven,core,junit4,unknown,,no project java version detected,,1,2,1,ASSERTION_FAILED,,,org.solovyev.common.collections.multimap.ObjectRemovedUpdater,,,,,EXCLUDED,baseline,[info] android messenger .................................. failure [ 0.065 s],8.642,D:\Ky9\Sample\ARROW\runs\sample_selection\distributed\shard-3\candidates\00104_14106147_14106147_10
109,23803268,23803268_11.json,https://github.com/alenca/zklogtool,TransactionLogFileReader,zklogtool/src/main/java/com/zklogtool/reader/TransactionLogFileReader.java,production,,,,reset,3,public,False,False,,,,,EXCLUDED,no_observable_behavior,,,,,,,,,2,0,,,,,,,,,EXCLUDED,semantic_metadata,no_observable_behavior,0.002,D:\Ky9\Sample\ARROW\runs\sample_selection\distributed\shard-3\candidates\00109_23803268_23803268_11
114,100716846,100716846_3.json,https://github.com/fnproject/fdk-java,RemoteFlowApiClient,flow-runtime/src/main/java/com/fnproject/fn/runtime/flow/RemoteFlowApiClient.java,production,,,,invokeFunction,25,@Override public,True,True,,,,,ELIGIBLE,,,,,,,,,1,2,0,,,,,,,,,EXCLUDED,setup,"Error: [('D:\\Ky9\\Sample\\ARROW\\repos\\100716846\\experimental-native-image-support\\src\\main\\resources\\META-INF\\native-image\\com.fnproject.fn\\nativeimagesupport\\oci-client-support\\reflect-config.json', 'D:\\Ky9\\Sample\\ARROW\\runs\\sample_selection\\distributed\\shard-3\\candidates\\00114_100716846_100716846_3\\workspace\\experimental-native-image-support\\src\\main\\resources\\META-INF\\native-image\\com.fnproject.fn\\nativeimagesupport\\oci-client-support\\reflect-config.json', '[WinError 3] The system cannot find the path specified'), ('D:\\Ky9\\Sample\\ARROW\\repos\\100716846\\experimental-native-image-support\\src\\main\\resources\\META-INF\\native-image\\com.fnproject.fn\\nativeimagesupport\\oci-client-support\\resource-config.json', 'D:\\Ky9\\Sample\\ARROW\\runs\\sample_selection\\distributed\\shard-3\\candidates\\00114_100716846_100716846_3\\workspace\\experimental-native-image-support\\src\\main\\resources\\META-INF\\native-image\\com.fnproject.fn\\nativeimagesupport\\oci-client-support\\resource-config.json', '[WinError 3] The system cannot find the path specified')]",2.374,D:\Ky9\Sample\ARROW\runs\sample_selection\distributed\shard-3\candidates\00114_100716846_100716846_3
119,115063846,115063846_91.json,https://github.com/onap/policy-engine,PDPRestInitializer,ONAP-PDP-REST/src/main/java/org/onap/policy/pdp/rest/config/PDPRestInitializer.java,production,,,,onStartup,13,@Override public,False,False,,,,,EXCLUDED,no_observable_behavior,,,,,,,,,2,0,,,,,,,,,EXCLUDED,semantic_metadata,no_observable_behavior,0.001,D:\Ky9\Sample\ARROW\runs\sample_selection\distributed\shard-3\candidates\00119_115063846_115063846_91
124,158088669,158088669_1.json,https://github.com/iusofts/blades,ConfigService,blades-monitor/src/main/java/com/iusofts/blades/monitor/service/ConfigService.java,production,class,False,68,saveApplicationConfig,20,@Override public,True,True,0,False,,10,ELIGIBLE,,maven,blades-monitor,junit4,8,D:\Ky9\Sample\ARROW\Java-version\java-8,auto-discovered JDK 8,,1,2,1,ASSERTION_FAILED,,,com.iusofts.blades.monitor.service.ConfigService,,,,,EXCLUDED,baseline,[info] blades-monitor ..................................... failure [ 1.116 s],24.295,D:\Ky9\Sample\ARROW\runs\sample_selection\distributed\shard-3\candidates\00124_158088669_158088669_1
129,105876502,105876502_6.json,https://github.com/ec4j/ec4j,PropertyType,core/src/main/java/org/ec4j/core/model/PropertyType.java,production,class,False,530,parse,3,public,False,True,4,False,,6,EXCLUDED,testability_score_below_7,,,,,,,,1,2,0,,,,,,,,,EXCLUDED,semantic,testability_score_below_7,1.884,D:\Ky9\Sample\ARROW\runs\sample_selection\distributed\shard-3\candidates\00129_105876502_105876502_6
134,46847195,46847195_17.json,https://github.com/nero520/mybatis,ClassLoaderWrapper,search-mybatis-mybatis/src/main/java/org/apache/ibatis/io/ClassLoaderWrapper.java,production,,,,getResourceAsStream,3,public,False,True,,,,,EXCLUDED,trivial_focal_method,,,,,,,,,2,0,,,,,,,,,EXCLUDED,semantic_metadata,trivial_focal_method,0.002,D:\Ky9\Sample\ARROW\runs\sample_selection\distributed\shard-3\candidates\00134_46847195_46847195_17
139,16641539,16641539_17.json,https://github.com/mtamme/signalr-client,URIBuilder,api/src/main/java/net/signalr/client/util/URIBuilder.java,production,class,False,471,addParameters,8,public,True,True,0,False,,9,ELIGIBLE,,maven,api,junit4,7,D:\Ky9\Sample\ARROW\Java-version\java-8,auto-discovered compatible JDK 8 for Java 7,,1,2,2,MODULE_TESTS_PASSED|MODULE_TESTS_PASSED,True,0,net.signalr.client.util.URIBuilder,True,TARGET_TEST_PASSED,MODULE_TESTS_PASSED,MODULE_TESTS_PASSED,ELIGIBLE,,,22.942,D:\Ky9\Sample\ARROW\runs\sample_selection\distributed\shard-3\candidates\00139_16641539_16641539_17
144,97638785,97638785_1.json,https://github.com/HIFILEO/MVVMReactive,NowPlayingViewModel,app/src/main/java/com/example/mvvmreactive/viewmodel/NowPlayingViewModel.java,production,,,,getFirstLoad,4,@NonNull public,False,True,,,,,EXCLUDED,trivial_focal_method,,,,,,,,,2,0,,,,,,,,,EXCLUDED,semantic_metadata,trivial_focal_method,0.001,D:\Ky9\Sample\ARROW\runs\sample_selection\distributed\shard-3\candidates\00144_97638785_97638785_1
149,142085119,142085119_20.json,https://github.com/VelocityPowered/Velocity,VelocityScheduler,proxy/src/main/java/com/velocitypowered/proxy/scheduler/VelocityScheduler.java,production,class,False,287,buildTask,7,@Override public,False,True,1,False,,7,ELIGIBLE,,gradle,proxy,junit5,unknown,,no project java version detected,,1,2,1,ASSERTION_FAILED,,,com.velocitypowered.proxy.scheduler.VelocityScheduler,,,,,EXCLUDED,baseline,failure: build failed with an exception.,162.823,D:\Ky9\Sample\ARROW\runs\sample_selection\distributed\shard-3\candidates\00149_142085119_142085119_20
154,205116498,205116498_4.json,https://github.com/tianheframe/dubbo-2.6.5,ConditionRouter,dubbo-cluster/src/main/java/com/alibaba/dubbo/rpc/cluster/router/condition/ConditionRouter.java,production,,,,route,31,@Override public,True,True,,,,,ELIGIBLE,,,,,,,,,,2,0,,,,,,,,,EXCLUDED,setup,"RuntimeError: Repository setup failed after 3 attempts: CalledProcessError: Command '['git', '-c', 'core.longpaths=true', 'clone', '--depth', '1', 'https://github.com/tianheframe/dubbo-2.6.5', 'D:\\Ky9\\Sample\\ARROW\\repos\\205116498']' returned non-zero exit status 128.",12.086,D:\Ky9\Sample\ARROW\runs\sample_selection\distributed\shard-3\candidates\00154_205116498_205116498_4
159,154520,154520_549.json,https://github.com/caelum/vraptor,LongConverter,vraptor-core/src/main/java/br/com/caelum/vraptor/converter/LongConverter.java,production,class,False,42,convert,10,public,True,True,0,False,,9,ELIGIBLE,,maven,vraptor-core,junit4,5,D:\Ky9\Sample\ARROW\Java-version\java-8,auto-discovered compatible JDK 8 for Java 5,,1,2,2,MODULE_TESTS_PASSED|MODULE_TESTS_PASSED,True,0,br.com.caelum.vraptor.converter.LongConverter,True,TARGET_TEST_PASSED,MODULE_TESTS_PASSED,MODULE_TESTS_PASSED,ELIGIBLE,,,106.968,D:\Ky9\Sample\ARROW\runs\sample_selection\distributed\shard-3\candidates\00159_154520_154520_549
164,101989943,101989943_20.json,https://github.com/VVEIRD/StreamDeckCore,IconHelper,StreamDeckCore/src/main/java/de/rcblum/stream/deck/util/IconHelper.java,production,class,False,1011,rotate180,19,public static,True,True,0,True,filesystem,7,EXCLUDED,external_dependency_risk:filesystem,,,,,,,,1,2,0,,,,,,,,,EXCLUDED,semantic,external_dependency_risk:filesystem,6.107,D:\Ky9\Sample\ARROW\runs\sample_selection\distributed\shard-3\candidates\00164_101989943_101989943_20
169,21187043,21187043_0.json,https://github.com/KeithYokoma/Fit,Helper,fit/src/main/java/jp/yokomark/fit/Helper.java,production,class,False,44,validate,10,public,True,True,1,False,,10,ELIGIBLE,,gradle,fit,junit4,1,D:\Ky9\Sample\ARROW\Java-version\java-8,auto-discovered compatible JDK 8 for Java 1,,1,2,1,ASSERTION_FAILED,,,jp.yokomark.fit.Helper,,,,,EXCLUDED,baseline,failure: build failed with an exception.,71.711,D:\Ky9\Sample\ARROW\runs\sample_selection\distributed\shard-3\candidates\00169_21187043_21187043_0
174,38710494,38710494_4.json,https://github.com/maxant/genericconnector,MicroserviceXAResource,connector/genericconnector-javase-common-api/src/main/java/ch/maxant/generic_jca_adapter/MicroserviceXAResource.java,production,,,,getUnderlyingConnection,4,@Override protected,False,True,,,,,EXCLUDED,trivial_focal_method,,,,,,,,,2,0,,,,,,,,,EXCLUDED,semantic_metadata,trivial_focal_method,0.001,D:\Ky9\Sample\ARROW\runs\sample_selection\distributed\shard-3\candidates\00174_38710494_38710494_4
179,3010630,3010630_0.json,https://github.com/jbosstm/narayana,WSBACoordinatorCompletionParticipant,txframework/src/main/java/org/jboss/narayana/txframework/impl/handlers/wsba/WSBACoordinatorCompletionParticipant.java,production,,,,complete,3,public,False,False,,,,,EXCLUDED,no_observable_behavior,,,,,,,,,2,0,,,,,,,,,EXCLUDED,semantic_metadata,no_observable_behavior,0.001,D:\Ky9\Sample\ARROW\runs\sample_selection\distributed\shard-3\candidates\00179_3010630_3010630_0
184,9165045,9165045_20.json,https://github.com/AKSW/RDFUnit,ShapePathReader,rdfunit-model/src/main/java/org/aksw/rdfunit/model/readers/shacl/ShapePathReader.java,production,class,False,66,read,8,@Override public,False,True,0,False,,7,ELIGIBLE,,maven,rdfunit-model,junit4,8,D:\Ky9\Sample\ARROW\Java-version\java-8,auto-discovered JDK 8,,1,2,2,MODULE_TESTS_PASSED|MODULE_TESTS_PASSED,True,1,org.aksw.rdfunit.model.readers.shacl.ShapePathReader,True,TARGET_TEST_PASSED,MODULE_TESTS_PASSED,MODULE_TESTS_PASSED,ELIGIBLE,,,223.387,D:\Ky9\Sample\ARROW\runs\sample_selection\distributed\shard-3\candidates\00184_9165045_9165045_20
189,17835696,17835696_0.json,https://github.com/feroult/yawp,JettyConfiguration,yawp-postgresql/src/main/java/io/yawp/driver/postgresql/configuration/JettyConfiguration.java,production,class,False,58,load,4,public static,False,True,1,False,,8,ELIGIBLE,,maven,yawp-postgresql,junit4,8,D:\Ky9\Sample\ARROW\Java-version\java-8,auto-discovered JDK 8,,1,2,2,MODULE_TESTS_PASSED|MODULE_TESTS_PASSED,True,1,io.yawp.driver.postgresql.configuration.JettyConfiguration,True,TARGET_TEST_PASSED,MODULE_TESTS_PASSED,MODULE_TESTS_PASSED,ELIGIBLE,,,50.118,D:\Ky9\Sample\ARROW\runs\sample_selection\distributed\shard-3\candidates\00189_17835696_17835696_0
194,62250821,62250821_8.json,https://github.com/US-CBP/GTAS,QueryBuilderService,gtas-parent/gtas-query-builder/src/main/java/gov/gtas/querybuilder/service/QueryBuilderService.java,production,,,,listQueryByUser,12,@PreAuthorize(PRIVILEGES_ADMIN_AND_MANAGE_QUERIES) public,True,True,,,,,ELIGIBLE,,,,,,,,,,2,0,,,,,,,,,EXCLUDED,setup,"RuntimeError: Repository setup failed after 3 attempts: CalledProcessError: Command '['git', '-c', 'core.longpaths=true', 'clone', '--depth', '1', 'https://github.com/US-CBP/GTAS', 'D:\\Ky9\\Sample\\ARROW\\repos\\62250821']' returned non-zero exit status 128.",10.756,D:\Ky9\Sample\ARROW\runs\sample_selection\distributed\shard-3\candidates\00194_62250821_62250821_8
199,4120901,4120901_4.json,https://github.com/spring-projects/spring-hadoop-admin,SpringHadoopAdminHistoryFileNameProvider,CLI/plugin-admin/src/main/java/org/springframework/data/hadoop/admin/cli/plugin/SpringHadoopAdminHistoryFileNameProvider.java,production,class,False,37,name,4,@Override public,False,True,0,False,,8,ELIGIBLE,,gradle,CLI\plugin-admin,junit4,unknown,,no project java version detected,,1,2,1,RUNTIME_FAILED,,,org.springframework.data.hadoop.admin.cli.plugin.SpringHadoopAdminHistoryFileNameProvider,,,,,EXCLUDED,baseline,"exception in thread ""main"" java.util.zip.zipexception: zip end header not found",5.353,D:\Ky9\Sample\ARROW\runs\sample_selection\distributed\shard-3\candidates\00199_4120901_4120901_4
204,51344857,51344857_11.json,https://github.com/deliciousblackink/Derpibooru,ImageInteractionsParserObject,app/src/main/java/derpibooru/derpy/server/parsers/objects/ImageInteractionsParserObject.java,production,class,False,53,getImageInteractionsForImage,7,@NonNull public,True,True,1,False,,10,ELIGIBLE,,gradle,app,junit4,unknown,D:\Ky9\Sample\ARROW\Java-version\java-8,Gradle 2.12 requires compatible JDK 8; auto-discovered,,1,2,1,ASSERTION_FAILED,,,derpibooru.derpy.server.parsers.objects.ImageInteractionsParserObject,,,,,EXCLUDED,baseline,"failed to notify projectevaluationlistener.afterevaluate(), but primary configuration failure takes precedence.",60.715,D:\Ky9\Sample\ARROW\runs\sample_selection\distributed\shard-3\candidates\00204_51344857_51344857_11
209,16511407,16511407_1.json,https://github.com/tynamo/tapestry-model,EmbeddedDescriptor,tapestry-model-core/src/main/java/org/tynamo/descriptor/EmbeddedDescriptor.java,production,,,,clone,5,@Override public,False,True,,,,,EXCLUDED,trivial_focal_method,,,,,,,,,2,0,,,,,,,,,EXCLUDED,semantic_metadata,trivial_focal_method,0.008,D:\Ky9\Sample\ARROW\runs\sample_selection\distributed\shard-3\candidates\00209_16511407_16511407_1
214,63881913,63881913_1.json,https://github.com/mrdear/JavaWEB,AlipayTrade,Pay-Demo/src/main/java/cn/mrdear/pay/alipay/AlipayTrade.java,production,class,False,73,tradeRefundRequest,10,public,True,True,0,False,,10,ELIGIBLE,,maven,Pay-Demo,junit4,7,D:\Ky9\Sample\ARROW\Java-version\java-8,auto-discovered compatible JDK 8 for Java 7,,1,2,1,COMPILE_FAILED,,,cn.mrdear.pay.alipay.AlipayTrade,,,,,EXCLUDED,baseline,"[error] /d:<path>:[line,col] package com.alipay.api does not exist",12.122,D:\Ky9\Sample\ARROW\runs\sample_selection\distributed\shard-3\candidates\00214_63881913_63881913_1
219,89129558,89129558_11.json,https://github.com/RooyeKhat-Media/iGap-Android,Token,websocket/src/main/java/com/neovisionaries/ws/client/Token.java,production,class,False,94,unquote,11,public static,True,True,0,False,,10,ELIGIBLE,,gradle,websocket,junit4,unknown,D:\Ky9\Sample\ARROW\Java-version\java-8,Gradle 4.4 requires compatible JDK 8; auto-discovered,,1,2,1,ASSERTION_FAILED,,,com.neovisionaries.ws.client.Token,,,,,EXCLUDED,baseline,failure: build failed with an exception.,52.093,D:\Ky9\Sample\ARROW\runs\sample_selection\distributed\shard-3\candidates\00219_89129558_89129558_11
224,9702026,9702026_6.json,https://github.com/windup/windup,PathUtil,utils/src/main/java/org/jboss/windup/util/PathUtil.java,production,class,False,242,getWindupUserDir,11,public static,True,True,0,True,filesystem,9,EXCLUDED,external_dependency_risk:filesystem,,,,,,,,1,2,0,,,,,,,,,EXCLUDED,semantic,external_dependency_risk:filesystem,19.555,D:\Ky9\Sample\ARROW\runs\sample_selection\distributed\shard-3\candidates\00224_9702026_9702026_6
229,11919447,11919447_1.json,https://github.com/porscheinformatik/cucumber-report-db,MimeTypeToExtensionsUtil,cucumber-formatter/src/main/java/at/porscheinformatik/cucumber/formatter/MimeTypeToExtensionsUtil.java,production,class,False,21,getExtension,8,public static,True,True,0,False,,10,ELIGIBLE,,maven,cucumber-formatter,junit4,7,D:\Ky9\Sample\ARROW\Java-version\java-8,auto-discovered compatible JDK 8 for Java 7,,1,2,2,MODULE_TESTS_PASSED|MODULE_TESTS_PASSED,True,0,at.porscheinformatik.cucumber.formatter.MimeTypeToExtensionsUtil,True,TARGET_TEST_PASSED,MODULE_TESTS_PASSED,MODULE_TESTS_PASSED,ELIGIBLE,,,35.857,D:\Ky9\Sample\ARROW\runs\sample_selection\distributed\shard-3\candidates\00229_11919447_11919447_1
234,225191103,225191103_0.json,https://github.com/prpatel/quarkus-workshop,GreetingResource,exercise3/src/main/java/org/example/exercise3/GreetingResource.java,production,class,False,31,getOne,14,"@GET @Path(""/{id}"") public",True,True,0,False,,9,ELIGIBLE,,maven,exercise3,junit5,8,D:\Ky9\Sample\ARROW\Java-version\java-8,auto-discovered JDK 8,,1,2,2,MODULE_TESTS_PASSED|MODULE_TESTS_PASSED,True,1,org.example.exercise3.GreetingResource,True,TARGET_TEST_PASSED,MODULE_TESTS_PASSED,MODULE_TESTS_PASSED,ELIGIBLE,,,139.670,D:\Ky9\Sample\ARROW\runs\sample_selection\distributed\shard-3\candidates\00234_225191103_225191103_0
239,2329961,2329961_18.json,https://github.com/Cloudname/cloudname,ServiceData,cn-service/src/main/java/org/cloudname/service/ServiceData.java,production,class,False,114,addEndpoint,12,public,True,True,0,False,,9,ELIGIBLE,,maven,cn-service,junit4,8,D:\Ky9\Sample\ARROW\Java-version\java-8,auto-discovered JDK 8,,1,2,2,MODULE_TESTS_PASSED|MODULE_TESTS_PASSED,True,1,org.cloudname.service.ServiceData,True,TARGET_TEST_PASSED,MODULE_TESTS_PASSED,MODULE_TESTS_PASSED,ELIGIBLE,,,69.328,D:\Ky9\Sample\ARROW\runs\sample_selection\distributed\shard-3\candidates\00239_2329961_2329961_18
244,117021824,117021824_48.json,https://github.com/microsoft/botbuilder-java,MessageActionsPayload,libraries/bot-schema/src/main/java/com/microsoft/bot/schema/teams/MessageActionsPayload.java,production,,,,getAttachments,3,public,False,True,,,,,EXCLUDED,trivial_focal_method,,,,,,,,,2,0,,,,,,,,,EXCLUDED,semantic_metadata,trivial_focal_method,0.002,D:\Ky9\Sample\ARROW\runs\sample_selection\distributed\shard-3\candidates\00244_117021824_117021824_48
249,2851858,2851858_6.json,https://github.com/jwcarman/Wicketopia,WicketopiaPropertyFacet,wicketopia/src/main/java/org/wicketopia/metadata/WicketopiaPropertyFacet.java,production,class,False,209,get,10,public static,True,True,1,False,,9,ELIGIBLE,,maven,wicketopia,testng,6,D:\Ky9\Sample\ARROW\Java-version\java-8,auto-discovered compatible JDK 8 for Java 6,,1,2,2,MODULE_TESTS_PASSED|MODULE_TESTS_PASSED,True,1,org.wicketopia.metadata.WicketopiaPropertyFacet,True,TARGET_TEST_PASSED,MODULE_TESTS_PASSED,MODULE_TESTS_PASSED,ELIGIBLE,,,63.272,D:\Ky9\Sample\ARROW\runs\sample_selection\distributed\shard-3\candidates\00249_2851858_2851858_6
254,35888585,35888585_1.json,https://github.com/gocd-contrib/gocd-oauth-login,GoogleProvider,google/src/main/java/com/tw/go/plugin/provider/google/GoogleProvider.java,production,class,False,102,authorize,22,@Override public,True,True,0,False,,9,ELIGIBLE,,gradle,google,junit4,7,D:\Ky9\Sample\ARROW\Java-version\java-8,auto-discovered compatible JDK 8 for Java 7,,1,2,2,MODULE_TESTS_PASSED|MODULE_TESTS_PASSED,True,1,com.tw.go.plugin.provider.google.GoogleProvider,True,TARGET_TEST_PASSED,MODULE_TESTS_PASSED,MODULE_TESTS_PASSED,ELIGIBLE,,,73.999,D:\Ky9\Sample\ARROW\runs\sample_selection\distributed\shard-3\candidates\00254_35888585_35888585_1
259,62711375,62711375_3.json,https://github.com/aalmiray/javatrove,GithubImpl,github-api-02/src/main/java/org/kordamp/javatrove/example02/impl/GithubImpl.java,production,class,False,81,repositories,37,@Override public,True,True,0,True,database,9,EXCLUDED,external_dependency_risk:database,,,,,,,,1,2,0,,,,,,,,,EXCLUDED,semantic,external_dependency_risk:database,2.740,D:\Ky9\Sample\ARROW\runs\sample_selection\distributed\shard-3\candidates\00259_62711375_62711375_3
264,1313372,1313372_22.json,https://github.com/Silverpeas/Silverpeas-Components,KmeliaValidation,kmelia/kmelia-library/src/main/java/org/silverpeas/components/kmelia/service/KmeliaValidation.java,production,,,,validate,5,,True,False,,,,,EXCLUDED,no_observable_behavior,,,,,,,,,2,0,,,,,,,,,EXCLUDED,semantic_metadata,no_observable_behavior,0.002,D:\Ky9\Sample\ARROW\runs\sample_selection\distributed\shard-3\candidates\00264_1313372_1313372_22
269,620505,620505_0.json,https://github.com/tomwhite/whirr,ZooKeeperService,services/zookeeper/src/main/java/org/apache/whirr/service/zookeeper/ZooKeeperService.java,production,,,,getHosts,11,private,False,True,,,,,EXCLUDED,focal_method_not_directly_testable,,,,,,,,,2,0,,,,,,,,,EXCLUDED,semantic_metadata,focal_method_not_directly_testable,0.010,D:\Ky9\Sample\ARROW\runs\sample_selection\distributed\shard-3\candidates\00269_620505_620505_0
274,12067623,12067623_1.json,https://github.com/JakeWharton/gradle-android-test-plugin,AdditionOperation,example/src/main/java/com/example/AdditionOperation.java,production,class,False,9,calculate,3,@Override public,False,True,0,False,,7,ELIGIBLE,,gradle,example,junit4,unknown,D:\Ky9\Sample\ARROW\Java-version\java-8,Gradle 1.6 requires compatible JDK 8; auto-discovered,,1,2,1,TOOL_ERROR,,,com.example.AdditionOperation,,,,,EXCLUDED,baseline,[WinError 2] The system cannot find the file specified,1.733,D:\Ky9\Sample\ARROW\runs\sample_selection\distributed\shard-3\candidates\00274_12067623_12067623_1
279,113425021,113425021_142.json,https://github.com/HPI-Information-Systems/metanome-algorithms,ResultSetRelation,HyMD/db/src/main/java/de/hpi/is/md/relational/jdbc/ResultSetRelation.java,production,class,False,57,open,4,@Override public,False,True,0,True,database,7,EXCLUDED,external_dependency_risk:database,,,,,,,,1,2,0,,,,,,,,,EXCLUDED,semantic,external_dependency_risk:database,6.898,D:\Ky9\Sample\ARROW\runs\sample_selection\distributed\shard-3\candidates\00279_113425021_113425021_142
284,95357887,95357887_50.json,https://github.com/androidstarters/androidstarters.com,TasksPresenter,templates/googlesamples-mvp-dagger/app/src/main/java/com/example/android/architecture/blueprints/todoapp/tasks/TasksPresenter.java,production,,,,completeTask,9,@Override public,True,False,,,,,EXCLUDED,no_observable_behavior,,,,,,,,,2,0,,,,,,,,,EXCLUDED,semantic_metadata,no_observable_behavior,0.014,D:\Ky9\Sample\ARROW\runs\sample_selection\distributed\shard-3\candidates\00284_95357887_95357887_50
289,131964676,131964676_7.json,https://github.com/pmikova/java-runtime-decompiler,FileSelectorArrayRow,runtime-decompiler/src/main/java/org/jrd/frontend/PluginMangerFrame/FileSelectorArrayRow.java,production,class,False,84,fallback,6,public static,True,True,2,True,filesystem,8,EXCLUDED,external_dependency_risk:filesystem,,,,,,,972d26e93c7a2f0c6fc47f2a4a442f0c8398c935,1,2,0,,,,,,,,,EXCLUDED,semantic,external_dependency_risk:filesystem,7.875,D:\Ky9\Sample\ARROW\runs\sample_selection\distributed\shard-3\candidates\00289_131964676_131964676_7
294,84976265,84976265_60.json,https://github.com/hristo-vrigazov/bromium,IncludeInvokeGenerator,bromium-common/src/main/java/com/hribol/bromium/common/generation/common/IncludeInvokeGenerator.java,production,,,,generate,6,@Override public,False,True,,,,,ELIGIBLE,,,,,,,,,,2,0,,,,,,,,,EXCLUDED,setup,"RuntimeError: Repository setup failed after 3 attempts: CalledProcessError: Command '['git', '-c', 'core.longpaths=true', 'clone', '--depth', '1', 'https://github.com/hristo-vrigazov/bromium', 'D:\\Ky9\\Sample\\ARROW\\repos\\84976265']' returned non-zero exit status 128.",9.485,D:\Ky9\Sample\ARROW\runs\sample_selection\distributed\shard-3\candidates\00294_84976265_84976265_60
299,25962820,25962820_2.json,https://github.com/pixnet/android-platform-tools-base,ProductFlavorCombo,build-system/gradle/src/main/groovy/com/android/build/gradle/internal/ProductFlavorCombo.java,nonstandard,,,,getName,17,@NonNull public,True,True,,,,,EXCLUDED,source_layout:nonstandard,,,,,,,,,2,0,,,,,,,,,EXCLUDED,semantic_metadata,source_layout:nonstandard,0.013,D:\Ky9\Sample\ARROW\runs\sample_selection\distributed\shard-3\candidates\00299_25962820_25962820_2
304,183916330,183916330_1.json,https://github.com/youkaichao/minidb,BPlusTree,src/org/minidb/bptree/BPlusTree.java,nonstandard,,,,insertPair,24,"@SuppressWarnings(""unused"") public",True,True,,,,,EXCLUDED,source_layout:nonstandard,,,,,,,,,2,0,,,,,,,,,EXCLUDED,semantic_metadata,source_layout:nonstandard,0.012,D:\Ky9\Sample\ARROW\runs\sample_selection\distributed\shard-3\candidates\00304_183916330_183916330_1
309,155893423,155893423_0.json,https://github.com/spring-tips/bootiful-reactive-tdd,ReservationClient,consumer/src/main/java/com/example/consumer/ReservationClient.java,production,,,,getAllReservations,7,public,False,True,,,,,EXCLUDED,trivial_focal_method,,,,,,,,,2,0,,,,,,,,,EXCLUDED,semantic_metadata,trivial_focal_method,0.001,D:\Ky9\Sample\ARROW\runs\sample_selection\distributed\shard-3\candidates\00309_155893423_155893423_0
314,47873486,47873486_8.json,https://github.com/vanniktech/OnActivityResult,IntentHelper,onactivityresult/src/main/java/onactivityresult/IntentHelper.java,production,,,,getIntentDataNullable,4,@Nullable public static,True,True,,,,,EXCLUDED,trivial_focal_method,,,,,,,,,2,0,,,,,,,,,EXCLUDED,semantic_metadata,trivial_focal_method,0.011,D:\Ky9\Sample\ARROW\runs\sample_selection\distributed\shard-3\candidates\00314_47873486_47873486_8
319,36419249,36419249_0.json,https://github.com/stanfy/enroscar-async,AsyncContext,async/src/main/java/com/stanfy/enroscar/async/internal/AsyncContext.java,production,,,,releaseData,6,"@SuppressWarnings(""unchecked"") protected",True,False,,,,,EXCLUDED,no_observable_behavior,,,,,,,,,2,0,,,,,,,,,EXCLUDED,semantic_metadata,no_observable_behavior,0.012,D:\Ky9\Sample\ARROW\runs\sample_selection\distributed\shard-3\candidates\00319_36419249_36419249_0
324,32505934,32505934_3.json,https://github.com/apache/commons-rdf,AbstractRDFParser,commons-rdf-simple/src/main/java/org/apache/commons/rdf/simple/experimental/AbstractRDFParser.java,production,class,True,562,guessRDFSyntax,3,protected static,False,True,0,False,,6,EXCLUDED,non_concrete:class:abstract;testability_score_below_7,,,,,,,,1,2,0,,,,,,,,,EXCLUDED,semantic,non_concrete:class:abstract;testability_score_below_7,2.146,D:\Ky9\Sample\ARROW\runs\sample_selection\distributed\shard-3\candidates\00324_32505934_32505934_3
329,137793178,137793178_2.json,https://github.com/adobe/toughday2,RunMapImpl,toughday/src/main/java/com/adobe/qe/toughday/internal/core/RunMapImpl.java,production,,,,newInstance,8,public,True,True,,,,,ELIGIBLE,,,,,,,,,1,2,0,,,,,,,,,EXCLUDED,setup,"Error: [('D:\\Ky9\\Sample\\ARROW\\repos\\137793178\\toughday_sample\\jcr_root\\conf\\toughday-templates\\settings\\wcm\\templates\\toughday-template\\thumbnail.png.dir\\_jcr_content\\_dam_thumbnails\\_dam_thumbnail_300.png', 'D:\\Ky9\\Sample\\ARROW\\runs\\sample_selection\\distributed\\shard-3\\candidates\\00329_137793178_137793178_2\\workspace\\toughday_sample\\jcr_root\\conf\\toughday-templates\\settings\\wcm\\templates\\toughday-template\\thumbnail.png.dir\\_jcr_content\\_dam_thumbnails\\_dam_thumbnail_300.png', '[WinError 3] The system cannot find the path specified'), ('D:\\Ky9\\Sample\\ARROW\\repos\\137793178\\toughday_sample\\jcr_root\\conf\\toughday-templates\\settings\\wcm\\templates\\toughday-template\\thumbnail.png.dir\\_jcr_content\\_dam_thumbnails\\_dam_thumbnail_319.png', 'D:\\Ky9\\Sample\\ARROW\\runs\\sample_selection\\distributed\\shard-3\\candidates\\00329_137793178_137793178_2\\workspace\\toughday_sample\\jcr_root\\conf\\toughday-templates\\settings\\wcm\\templates\\toughday-template\\thumbnail.png.dir\\_jcr_content\\_dam_thumbnails\\_dam_thumbnail_319.png', '[WinError 3] The system cannot find the path specified'), ('D:\\Ky9\\Sample\\ARROW\\repos\\137793178\\toughday_sample\\jcr_root\\conf\\toughday-templates\\settings\\wcm\\templates\\toughday-template\\thumbnail.png.dir\\_jcr_content\\_dam_thumbnails\\_dam_thumbnail_48.png', 'D:\\Ky9\\Sample\\ARROW\\runs\\sample_selection\\distributed\\shard-3\\candidates\\00329_137793178_137793178_2\\workspace\\toughday_sample\\jcr_root\\conf\\toughday-templates\\settings\\wcm\\templates\\toughday-template\\thumbnail.png.dir\\_jcr_content\\_dam_thumbnails\\_dam_thumbnail_48.png', '[WinError 3] The system cannot find the path specified')]",2.593,D:\Ky9\Sample\ARROW\runs\sample_selection\distributed\shard-3\candidates\00329_137793178_137793178_2
334,31202652,31202652_16.json,https://github.com/msdk/msdk,SimpleMsScan,msdk-datamodel/src/main/java/io/github/msdk/datamodel/SimpleMsScan.java,production,,,,getScanNumber,5,@Override @Nonnull public,False,True,,,,,EXCLUDED,trivial_focal_method,,,,,,,,,2,0,,,,,,,,,EXCLUDED,semantic_metadata,trivial_focal_method,0.011,D:\Ky9\Sample\ARROW\runs\sample_selection\distributed\shard-3\candidates\00334_31202652_31202652_16
339,48337544,48337544_2.json,https://github.com/jenkinsci/structs-plugin,DescribableModel,plugin/src/main/java/org/jenkinsci/plugins/structs/describable/DescribableModel.java,production,class,False,799,instantiate,4,@Deprecated public,True,True,1,False,,9,ELIGIBLE,,maven,.,junit5,unknown,,no project java version detected,,1,2,2,MODULE_TESTS_PASSED|MODULE_TESTS_PASSED,True,0,org.jenkinsci.plugins.structs.describable.DescribableModel,True,TARGET_TEST_PASSED,MODULE_TESTS_PASSED,MODULE_TESTS_PASSED,ELIGIBLE,,,703.938,D:\Ky9\Sample\ARROW\runs\sample_selection\distributed\shard-3\candidates\00339_48337544_48337544_2
344,48849114,48849114_2.json,https://github.com/tidalwave-it/jrawio-src,Source,modules/codec/src/main/java/it/tidalwave/imageio/raw/Source.java,production,class,True,279,getDefault,11,@Nonnull public static,True,True,0,False,,10,EXCLUDED,non_concrete:class:abstract,,,,,,,,1,2,0,,,,,,,,,EXCLUDED,semantic,non_concrete:class:abstract,2.666,D:\Ky9\Sample\ARROW\runs\sample_selection\distributed\shard-3\candidates\00344_48849114_48849114_2
349,129972128,129972128_72.json,https://github.com/button/button-merchant-android,EventReportingTask,button-merchant/src/main/java/com/usebutton/merchant/EventReportingTask.java,production,,,,execute,6,@Nullable @Override,True,False,,,,,EXCLUDED,no_observable_behavior,,,,,,,,,2,0,,,,,,,,,EXCLUDED,semantic_metadata,no_observable_behavior,0.021,D:\Ky9\Sample\ARROW\runs\sample_selection\distributed\shard-3\candidates\00349_129972128_129972128_72
354,32870652,32870652_2.json,https://github.com/Ifsttar/NoiseCapture,Window,sosfilter/src/main/java/org/orbisgis/sos/Window.java,production,,,,processSample,10,private,True,False,,,,,EXCLUDED,focal_method_not_directly_testable;no_observable_behavior,,,,,,,,,2,0,,,,,,,,,EXCLUDED,semantic_metadata,focal_method_not_directly_testable;no_observable_behavior,0.002,D:\Ky9\Sample\ARROW\runs\sample_selection\distributed\shard-3\candidates\00354_32870652_32870652_2
359,33854851,33854851_38.json,https://github.com/Wootric/WootricSDK-Android,WootricCustomMessage,androidsdk/src/main/java/com/wootric/androidsdk/objects/WootricCustomMessage.java,production,class,False,245,getPlaceholderForScore,12,public,True,True,0,False,,10,ELIGIBLE,,gradle,androidsdk,junit4,unknown,D:\Ky9\Sample\ARROW\Java-version\java-11,Gradle 6.7.1 requires compatible JDK 11; auto-discovered,,1,2,1,ASSERTION_FAILED,,,com.wootric.androidsdk.objects.WootricCustomMessage,,,,,EXCLUDED,baseline,failure: build failed with an exception.,67.617,D:\Ky9\Sample\ARROW\runs\sample_selection\distributed\shard-3\candidates\00359_33854851_33854851_38
364,63895649,63895649_14.json,https://github.com/emorynlp/nlp4j,DSUtils,api/src/main/java/edu/emory/mathcs/nlp/common/util/DSUtils.java,production,class,False,475,hasIntersection,15,static public,True,True,0,False,,10,ELIGIBLE,,maven,api,junit4,8,D:\Ky9\Sample\ARROW\Java-version\java-8,auto-discovered JDK 8,,1,2,1,ASSERTION_FAILED,,,edu.emory.mathcs.nlp.common.util.DSUtils,,,,,EXCLUDED,baseline,failure:org.junit.comparisonfailure:expected:<...real shot from guns.[] > but was:<...real shot from guns.[ ] >,82.116,D:\Ky9\Sample\ARROW\runs\sample_selection\distributed\shard-3\candidates\00364_63895649_63895649_14
369,41327255,41327255_17.json,https://github.com/chiuki/friendspell,AvailableLetters,app/src/main/java/com/sqisland/friendspell/storage/AvailableLetters.java,production,class,False,41,getFlatList,8,public,True,True,1,False,,10,ELIGIBLE,,gradle,app,junit4,unknown,D:\Ky9\Sample\ARROW\Java-version\java-8,Gradle 4.1 requires compatible JDK 8; auto-discovered,,1,2,1,ASSERTION_FAILED,,,com.sqisland.friendspell.storage.AvailableLetters,,,,,EXCLUDED,baseline,failure: build failed with an exception.,62.503,D:\Ky9\Sample\ARROW\runs\sample_selection\distributed\shard-3\candidates\00369_41327255_41327255_17
374,2737689,2737689_118.json,https://github.com/mapfish/mapfish-print,NorthArrowGraphic,core/src/main/java/org/mapfish/print/processor/map/NorthArrowGraphic.java,production,,,,create,18,public static,True,True,,,,,ELIGIBLE,,,,,,,,,1,2,0,,,,,,,,,EXCLUDED,setup,"Error: [('D:\\Ky9\\Sample\\ARROW\\repos\\2737689\\core\\src\\test\\resources\\org\\mapfish\\print\\processor\\map\\center_wms1_0_0_flexiblescale_area_of_interest\\output\\expectedSimpleImage-clip-svg-transparent.png', 'D:\\Ky9\\Sample\\ARROW\\runs\\sample_selection\\distributed\\shard-3\\candidates\\00374_2737689_2737689_118\\workspace\\core\\src\\test\\resources\\org\\mapfish\\print\\processor\\map\\center_wms1_0_0_flexiblescale_area_of_interest\\output\\expectedSimpleImage-clip-svg-transparent.png', '[WinError 3] The system cannot find the path specified'), ('D:\\Ky9\\Sample\\ARROW\\repos\\2737689\\core\\src\\test\\resources\\org\\mapfish\\print\\processor\\map\\center_wms1_0_0_flexiblescale_area_of_interest\\output\\expectedSimpleImage-default-transparent.png', 'D:\\Ky9\\Sample\\ARROW\\runs\\sample_selection\\distributed\\shard-3\\candidates\\00374_2737689_2737689_118\\workspace\\core\\src\\test\\resources\\org\\mapfish\\print\\processor\\map\\center_wms1_0_0_flexiblescale_area_of_interest\\output\\expectedSimpleImage-default-transparent.png', '[WinError 3] The system cannot find the path specified'), ('D:\\Ky9\\Sample\\ARROW\\repos\\2737689\\core\\src\\test\\resources\\org\\mapfish\\print\\processor\\map\\center_wms1_0_0_flexiblescale_area_of_interest\\output\\expectedSimpleImage-render-polygon-svg-transparent.png', 'D:\\Ky9\\Sample\\ARROW\\runs\\sample_selection\\distributed\\shard-3\\candidates\\00374_2737689_2737689_118\\workspace\\core\\src\\test\\resources\\org\\mapfish\\print\\processor\\map\\center_wms1_0_0_flexiblescale_area_of_interest\\output\\expectedSimpleImage-render-polygon-svg-transparent.png', '[WinError 3] The system cannot find the path specified'), ('D:\\Ky9\\Sample\\ARROW\\repos\\2737689\\core\\src\\test\\resources\\org\\mapfish\\print\\processor\\map\\center_wms1_0_0_flexiblescale_area_of_interest\\output\\expectedSimpleImage-render-polygon-svg.png', 'D:\\Ky9\\Sample\\ARROW\\runs\\sample_selection\\distributed\\shard-3\\candidates\\00374_273",20.386,D:\Ky9\Sample\ARROW\runs\sample_selection\distributed\shard-3\candidates\00374_2737689_2737689_118
379,37428038,37428038_0.json,https://github.com/bramp/unsafe,QuickSort,unsafe-benchmark/src/main/java/net/bramp/unsafe/sort/QuickSort.java,production,,,,quickSort,6,public static,True,False,,,,,EXCLUDED,no_observable_behavior,,,,,,,,,2,0,,,,,,,,,EXCLUDED,semantic_metadata,no_observable_behavior,0.011,D:\Ky9\Sample\ARROW\runs\sample_selection\distributed\shard-3\candidates\00379_37428038_37428038_0
384,7923123,7923123_14.json,https://github.com/square/android-times-square,CalendarPickerView,library/src/main/java/com/squareup/timessquare/CalendarPickerView.java,production,class,False,1006,init,67,public,True,True,2,False,,8,ELIGIBLE,,gradle,library,junit4,11,D:\Ky9\Sample\ARROW\Java-version\java-11,auto-discovered JDK 11,,1,2,1,ASSERTION_FAILED,,,com.squareup.timessquare.CalendarPickerView,,,,,EXCLUDED,baseline,failure: build failed with an exception.,116.489,D:\Ky9\Sample\ARROW\runs\sample_selection\distributed\shard-3\candidates\00384_7923123_7923123_14
389,110211147,110211147_1.json,https://github.com/xkcoding/spring-boot-demo,RedisUtil,spring-boot-demo-rbac-security/src/main/java/com/xkcoding/rbac/security/util/RedisUtil.java,production,,,,findKeysForPage,26,public,True,True,,,,,ELIGIBLE,,,,,,,,96093362051f685e4ef35731b0199ec27a6d8ec0,1,2,0,,,,,,,,,EXCLUDED,setup,"Error: [('D:\\Ky9\\Sample\\ARROW\\repos\\110211147\\spring-boot-demo-orm-mybatis-mapper-page\\src\\test\\java\\com\\xkcoding\\orm\\mybatis\\MapperAndPage\\SpringBootDemoOrmMybatisMapperPageApplicationTests.java', 'D:\\Ky9\\Sample\\ARROW\\runs\\sample_selection\\distributed\\shard-3\\candidates\\00389_110211147_110211147_1\\workspace\\spring-boot-demo-orm-mybatis-mapper-page\\src\\test\\java\\com\\xkcoding\\orm\\mybatis\\MapperAndPage\\SpringBootDemoOrmMybatisMapperPageApplicationTests.java', '[WinError 3] The system cannot find the path specified')]",15.491,D:\Ky9\Sample\ARROW\runs\sample_selection\distributed\shard-3\candidates\00389_110211147_110211147_1
394,144361208,144361208_24.json,https://github.com/iooifun/Spring,UserController,pet-sitter/10-ps-mvc-practice/src/main/java/com/ps/web/UserController.java,production,,,,show,9,"@RequestMapping(value = ""/{id:[\\d]*}"", method = RequestMethod.GET) public",True,True,,,,,ELIGIBLE,,,,,,,,,1,2,0,,,,,,,,,EXCLUDED,setup,"Error: [('D:\\Ky9\\Sample\\ARROW\\repos\\144361208\\DB\\SpringData\\Spring_Data_for_Java_Developers\\1_configurations\\Spring_Boot_Configuration\\src\\main\\java\\com\\oreilly\\sdata\\SpringDataBootApplication.java', 'D:\\Ky9\\Sample\\ARROW\\runs\\sample_selection\\distributed\\shard-3\\candidates\\00394_144361208_144361208_24\\workspace\\DB\\SpringData\\Spring_Data_for_Java_Developers\\1_configurations\\Spring_Boot_Configuration\\src\\main\\java\\com\\oreilly\\sdata\\SpringDataBootApplication.java', '[WinError 3] The system cannot find the path specified'), ('D:\\Ky9\\Sample\\ARROW\\repos\\144361208\\DB\\SpringData\\Spring_Data_for_Java_Developers\\9_spring_data_rest\\spring-data-rest\\src\\main\\java\\com\\oreilly\\sdata\\CustomRepositoryRestConfigurerAdapter.java', 'D:\\Ky9\\Sample\\ARROW\\runs\\sample_selection\\distributed\\shard-3\\candidates\\00394_144361208_144361208_24\\workspace\\DB\\SpringData\\Spring_Data_for_Java_Developers\\9_spring_data_rest\\spring-data-rest\\src\\main\\java\\com\\oreilly\\sdata\\CustomRepositoryRestConfigurerAdapter.java', '[WinError 3] The system cannot find the path specified'), ('D:\\Ky9\\Sample\\ARROW\\repos\\144361208\\SpringCloud\\BuildingMicroservicesWithSpring\\APIGatewayServiceWithZuul\\or-zuul-api-gateway\\src\\main\\java\\com.learning.linnyk\\ZuulAPIGatewayApplication.java', 'D:\\Ky9\\Sample\\ARROW\\runs\\sample_selection\\distributed\\shard-3\\candidates\\00394_144361208_144361208_24\\workspace\\SpringCloud\\BuildingMicroservicesWithSpring\\APIGatewayServiceWithZuul\\or-zuul-api-gateway\\src\\main\\java\\com.learning.linnyk\\ZuulAPIGatewayApplication.java', '[WinError 3] The system cannot find the path specified'), ('D:\\Ky9\\Sample\\ARROW\\repos\\144361208\\SpringCloud\\BuildingMicroservicesWithSpring\\APIGatewayServiceWithZuul\\or-zuul-simple-service\\src\\main\\java\\com.learning.linnyk\\ZuulSimpleServiceApplication.java', 'D:\\Ky9\\Sample\\ARROW\\runs\\sample_selection\\distributed\\shard-3\\candidates\\00394_1443612",26.632,D:\Ky9\Sample\ARROW\runs\sample_selection\distributed\shard-3\candidates\00394_144361208_144361208_24
399,117143344,117143344_38.json,https://github.com/IBM/cc-dbp,SparseVectors,com.ibm.research.ai.ki.util/src/main/java/com/ibm/research/ai/ki/util/SparseVectors.java,production,,,,toString,3,public static,False,True,,,,,EXCLUDED,trivial_focal_method,,,,,,,,,2,0,,,,,,,,,EXCLUDED,semantic_metadata,trivial_focal_method,0.014,D:\Ky9\Sample\ARROW\runs\sample_selection\distributed\shard-3\candidates\00399_117143344_117143344_38
404,129501565,129501565_10.json,https://github.com/manabreak/ratio,Level,editor/src/main/java/me/manabreak/ratio/plugins/level/Level.java,production,class,False,45,createLayer,5,public,False,True,0,False,,8,ELIGIBLE,,gradle,editor,junit4,8,D:\Ky9\Sample\ARROW\Java-version\java-8,auto-discovered JDK 8,,1,2,1,ASSERTION_FAILED,,,me.manabreak.ratio.plugins.level.Level,,,,,EXCLUDED,baseline,failure: build failed with an exception.,41.021,D:\Ky9\Sample\ARROW\runs\sample_selection\distributed\shard-3\candidates\00404_129501565_129501565_10
409,147324963,147324963_167.json,https://github.com/YYwishp/MyBitcoinWallet,ECKey,core/src/main/java/org/bitcoinj/core/ECKey.java,production,class,False,1203,fromPrivate,3,public static,False,True,0,True,nondeterminism,6,EXCLUDED,external_dependency_risk:nondeterminism;testability_score_below_7,,,,,,,,1,2,0,,,,,,,,,EXCLUDED,semantic,external_dependency_risk:nondeterminism;testability_score_below_7,39.756,D:\Ky9\Sample\ARROW\runs\sample_selection\distributed\shard-3\candidates\00409_147324963_147324963_167
414,39005675,39005675_36.json,https://github.com/antag99/retinazer,DoubleBag,retinazer/src/main/java/com/github/antag99/retinazer/util/DoubleBag.java,production,,,,copyPartFrom,12,@Override public,True,False,,,,,EXCLUDED,no_observable_behavior,,,,,,,,,2,0,,,,,,,,,EXCLUDED,semantic_metadata,no_observable_behavior,0.013,D:\Ky9\Sample\ARROW\runs\sample_selection\distributed\shard-3\candidates\00414_39005675_39005675_36
419,205815601,205815601_215.json,https://github.com/chenhaiyangs/rocketmq-read,RouteInfoManager,namesrv/src/main/java/org/apache/rocketmq/namesrv/routeinfo/RouteInfoManager.java,production,class,False,897,getSystemTopicList,29,public,True,True,0,True,nondeterminism,8,EXCLUDED,external_dependency_risk:nondeterminism,,,,,,,,1,2,0,,,,,,,,,EXCLUDED,semantic,external_dependency_risk:nondeterminism,3.095,D:\Ky9\Sample\ARROW\runs\sample_selection\distributed\shard-3\candidates\00419_205815601_205815601_215
424,198950692,198950692_148.json,https://github.com/jiangjie888/open-smartcloud,CommonLogService,jason-biz-support/modular-log/biz-support-log/src/main/java/com/central/biz/log/modular/service/CommonLogService.java,production,,,,getCommonLogList,8,public,True,True,,,,,ELIGIBLE,,,,,,,,,1,2,0,,,,,,,,,EXCLUDED,setup,"Error: [('D:\\Ky9\\Sample\\ARROW\\repos\\198950692\\jason-microservice-support\\sentinel-parent\\sentinel-adapter\\sentinel-apache-dubbo-adapter\\src\\main\\java\\com\\alibaba\\csp\\sentinel\\adapter', 'D:\\Ky9\\Sample\\ARROW\\runs\\sample_selection\\distributed\\shard-3\\candidates\\00424_198950692_198950692_148\\workspace\\jason-microservice-support\\sentinel-parent\\sentinel-adapter\\sentinel-apache-dubbo-adapter\\src\\main\\java\\com\\alibaba\\csp\\sentinel\\adapter', ""[WinError 206] The filename or extension is too long: 'D:\\\\Ky9\\\\Sample\\\\ARROW\\\\runs\\\\sample_selection\\\\distributed\\\\shard-3\\\\candidates\\\\00424_198950692_198950692_148\\\\workspace\\\\jason-microservice-support\\\\sentinel-parent\\\\sentinel-adapter\\\\sentinel-apache-dubbo-adapter\\\\src\\\\main\\\\java\\\\com\\\\alibaba\\\\csp\\\\sentinel\\\\adapter'""), ('D:\\Ky9\\Sample\\ARROW\\repos\\198950692\\jason-microservice-support\\sentinel-parent\\sentinel-adapter\\sentinel-apache-dubbo-adapter\\src\\main\\resources\\META-INF\\dubbo\\org.apache.dubbo.rpc.Filter', 'D:\\Ky9\\Sample\\ARROW\\runs\\sample_selection\\distributed\\shard-3\\candidates\\00424_198950692_198950692_148\\workspace\\jason-microservice-support\\sentinel-parent\\sentinel-adapter\\sentinel-apache-dubbo-adapter\\src\\main\\resources\\META-INF\\dubbo\\org.apache.dubbo.rpc.Filter', '[WinError 3] The system cannot find the path specified'), ('D:\\Ky9\\Sample\\ARROW\\repos\\198950692\\jason-microservice-support\\sentinel-parent\\sentinel-adapter\\sentinel-apache-dubbo-adapter\\src\\test\\java\\com\\alibaba\\csp\\sentinel\\adapter', 'D:\\Ky9\\Sample\\ARROW\\runs\\sample_selection\\distributed\\shard-3\\candidates\\00424_198950692_198950692_148\\workspace\\jason-microservice-support\\sentinel-parent\\sentinel-adapter\\sentinel-apache-dubbo-adapter\\src\\test\\java\\com\\alibaba\\csp\\sentinel\\adapter', ""[WinError 206] The filename or extension is too long: 'D:\\\\Ky9\\\\Sample\\\\ARROW\\\\runs\\\\sample_selection\\\\distribu",102.743,D:\Ky9\Sample\ARROW\runs\sample_selection\distributed\shard-3\candidates\00424_198950692_198950692_148
429,172157587,172157587_5.json,https://github.com/gdela/socomo,CodemapToLevel,socomo-core/src/main/java/pl/gdela/socomo/composition/CodemapToLevel.java,production,class,False,39,transform,18,public static,True,True,0,False,,9,ELIGIBLE,,maven,socomo-core,junit4,8,D:\Ky9\Sample\ARROW\Java-version\java-8,auto-discovered JDK 8,,1,2,1,ASSERTION_FAILED,,,pl.gdela.socomo.composition.CodemapToLevel,,,,,EXCLUDED,baseline,[info] socomo ............................................. failure [ 2.173 s],8.543,D:\Ky9\Sample\ARROW\runs\sample_selection\distributed\shard-3\candidates\00429_172157587_172157587_5
434,226089680,226089680_2.json,https://github.com/PacktPublishing/Full-Stack-Development-with-JHipster-Second-Edition,TokenProvider,e-commerce-app-istio/invoice/src/main/java/com/mycompany/store/security/jwt/TokenProvider.java,production,class,False,90,validateToken,10,public,True,True,1,False,,10,ELIGIBLE,,gradle,e-commerce-app-istio\invoice,junit5,8,D:\Ky9\Sample\ARROW\Java-version\java-8,auto-discovered JDK 8,,1,2,1,ASSERTION_FAILED,,,com.mycompany.store.security.jwt.TokenProvider,,,,,EXCLUDED,baseline,failure: build failed with an exception.,136.242,D:\Ky9\Sample\ARROW\runs\sample_selection\distributed\shard-3\candidates\00434_226089680_226089680_2
439,42250911,42250911_1.json,https://github.com/AdoptOpenJDK/jdk9-jigsaw,Utils,session-3-refactoring-migration/03_ServiceMonitor_migration_to_java_9/monitor.utils/src/main/java/monitor/utils/Utils.java,production,,,,firstPresent,7,@SafeVarargs public static,False,True,,,,,ELIGIBLE,,,,,,,,,1,2,0,,,,,,,,,EXCLUDED,setup,"Error: [('D:\\Ky9\\Sample\\ARROW\\repos\\42250911\\session-3-refactoring-migration\\03_ServiceMonitor_migration_to_java_9\\monitor.observer.alpha\\src\\main\\java\\monitor\\observer\\alpha\\AlphaServiceObserver.java', 'D:\\Ky9\\Sample\\ARROW\\runs\\sample_selection\\distributed\\shard-3\\candidates\\00439_42250911_42250911_1\\workspace\\session-3-refactoring-migration\\03_ServiceMonitor_migration_to_java_9\\monitor.observer.alpha\\src\\main\\java\\monitor\\observer\\alpha\\AlphaServiceObserver.java', '[WinError 3] The system cannot find the path specified'), ('D:\\Ky9\\Sample\\ARROW\\repos\\42250911\\session-3-refactoring-migration\\03_ServiceMonitor_migration_to_java_9\\monitor.observer.beta\\src\\main\\java\\monitor\\observer\\beta\\BetaServiceObserver.java', 'D:\\Ky9\\Sample\\ARROW\\runs\\sample_selection\\distributed\\shard-3\\candidates\\00439_42250911_42250911_1\\workspace\\session-3-refactoring-migration\\03_ServiceMonitor_migration_to_java_9\\monitor.observer.beta\\src\\main\\java\\monitor\\observer\\beta\\BetaServiceObserver.java', '[WinError 3] The system cannot find the path specified'), ('D:\\Ky9\\Sample\\ARROW\\repos\\42250911\\session-3-refactoring-migration\\04_ServiceMonitor_modularisation_to_java_9\\monitor.observer.alpha\\src\\main\\java\\monitor\\observer\\alpha\\AlphaServiceObserver.java', 'D:\\Ky9\\Sample\\ARROW\\runs\\sample_selection\\distributed\\shard-3\\candidates\\00439_42250911_42250911_1\\workspace\\session-3-refactoring-migration\\04_ServiceMonitor_modularisation_to_java_9\\monitor.observer.alpha\\src\\main\\java\\monitor\\observer\\alpha\\AlphaServiceObserver.java', '[WinError 3] The system cannot find the path specified'), ('D:\\Ky9\\Sample\\ARROW\\repos\\42250911\\session-3-refactoring-migration\\04_ServiceMonitor_modularisation_to_java_9\\monitor.observer.beta\\src\\main\\java\\monitor\\observer\\beta\\BetaServiceObserver.java', 'D:\\Ky9\\Sample\\ARROW\\runs\\sample_selection\\distributed\\shard-3\\candidates\\00439_42250911_4225091",5.256,D:\Ky9\Sample\ARROW\runs\sample_selection\distributed\shard-3\candidates\00439_42250911_42250911_1
444,39175817,39175817_1.json,https://github.com/ashald/EnvFile,DotEnvFileParser,modules/core/src/main/java/net/ashald/envfile/providers/dotenv/DotEnvFileParser.java,production,class,False,70,getEnvVars,20,@NotNull @Override protected,True,True,1,False,,10,ELIGIBLE,,gradle,modules\core,junit4,21,D:\Ky9\Sample\ARROW\Java-version\java-21,auto-discovered JDK 21,,1,2,2,MODULE_TESTS_PASSED|MODULE_TESTS_PASSED,True,1,net.ashald.envfile.providers.dotenv.DotEnvFileParser,True,TARGET_TEST_PASSED,MODULE_TESTS_PASSED,MODULE_TESTS_PASSED,ELIGIBLE,,,184.538,D:\Ky9\Sample\ARROW\runs\sample_selection\distributed\shard-3\candidates\00444_39175817_39175817_1
449,64193956,64193956_72.json,https://github.com/androidstarters/generator-android-architecture,TaskDetailPresenter,generators/app/templates/todo-mvp/app/src/main/java/com/example/android/architecture/blueprints/todoapp/taskdetail/TaskDetailPresenter.java,production,,,,editTask,8,@Override public,True,False,,,,,EXCLUDED,no_observable_behavior,,,,,,,,,2,0,,,,,,,,,EXCLUDED,semantic_metadata,no_observable_behavior,0.012,D:\Ky9\Sample\ARROW\runs\sample_selection\distributed\shard-3\candidates\00449_64193956_64193956_72
454,92283185,92283185_0.json,https://github.com/kokorin/Jaffree,ImageConversion,benchmark/src/main/java/com/github/kokorin/jaffree/benchmark/ImageConversion.java,production,class,False,119,RGB_to_3ByteBGR,9,@Benchmark public,False,True,0,False,,8,ELIGIBLE,,maven,benchmark,junit4,8,D:\Ky9\Sample\ARROW\Java-version\java-8,auto-discovered JDK 8,3df8f99f720271c80eeeb3f0d366baa31bfc313b,1,2,1,COMPILE_FAILED,,,com.github.kokorin.jaffree.benchmark.ImageConversion,,,,,EXCLUDED,baseline,"[error] /d:<path>:[line,col] cannot find symbol",14.973,D:\Ky9\Sample\ARROW\runs\sample_selection\distributed\shard-3\candidates\00454_92283185_92283185_0
459,91663814,91663814_3.json,https://github.com/hanzhifengyun/Mvp_RxJava_Retrofit_Dagger,LoginPresenter,app/src/main/java/com/hanzhifengyun/mvp_rxjava_retrofit_dagger/login/LoginPresenter.java,production,,,,onEdtUserNameChanged,8,@Override public,True,False,,,,,EXCLUDED,no_observable_behavior,,,,,,,,,2,0,,,,,,,,,EXCLUDED,semantic_metadata,no_observable_behavior,0.023,D:\Ky9\Sample\ARROW\runs\sample_selection\distributed\shard-3\candidates\00459_91663814_91663814_3
464,6051489,6051489_126.json,https://github.com/almex/Raildelays,LogSkippedItemListener,batch/src/main/java/be/raildelays/batch/listener/LogSkippedItemListener.java,production,,,,onProcessError,4,@Override public,False,False,,,,,EXCLUDED,no_observable_behavior,,,,,,,,,2,0,,,,,,,,,EXCLUDED,semantic_metadata,no_observable_behavior,0.011,D:\Ky9\Sample\ARROW\runs\sample_selection\distributed\shard-3\candidates\00464_6051489_6051489_126
469,26318789,26318789_0.json,https://github.com/TheOpenCloudEngine/beluga,HAProxyAPI,master/src/main/java/org/opencloudengine/garuda/beluga/proxy/HAProxyAPI.java,production,,,,notifyServiceChanged,4,public,False,False,,,,,EXCLUDED,no_observable_behavior,,,,,,,,,2,0,,,,,,,,,EXCLUDED,semantic_metadata,no_observable_behavior,0.017,D:\Ky9\Sample\ARROW\runs\sample_selection\distributed\shard-3\candidates\00469_26318789_26318789_0
474,28821307,28821307_3.json,https://github.com/OlivierCroisier/LP4J,LaunchpadListenerAdapter,lp4j-api/src/main/java/net/thecodersbreakfast/lp4j/api/LaunchpadListenerAdapter.java,production,,,,onButtonReleased,3,@Override public,False,False,,,,,EXCLUDED,no_observable_behavior,,,,,,,,,2,0,,,,,,,,,EXCLUDED,semantic_metadata,no_observable_behavior,0.009,D:\Ky9\Sample\ARROW\runs\sample_selection\distributed\shard-3\candidates\00474_28821307_28821307_3
479,28546353,28546353_6.json,https://github.com/aleksandr-m/struts2-pdfstream,PdfStreamResult,struts2-pdfstream-plugin/src/main/java/com/amashchenko/struts2/pdfstream/PdfStreamResult.java,production,class,False,258,stringToSet,16,,True,True,0,True,framework_context,9,EXCLUDED,external_dependency_risk:framework_context,,,,,,,,1,2,0,,,,,,,,,EXCLUDED,semantic,external_dependency_risk:framework_context,1.910,D:\Ky9\Sample\ARROW\runs\sample_selection\distributed\shard-3\candidates\00479_28546353_28546353_6
484,8920316,8920316_8.json,https://github.com/timboudreau/adhoc-projects,AdhocProject,adhoc-project/src/main/java/com/timboudreau/adhoc/project/AdhocProject.java,production,class,False,545,findPath,9,@Override public,True,True,2,True,filesystem,7,EXCLUDED,external_dependency_risk:filesystem,,,,,,,,1,2,0,,,,,,,,,EXCLUDED,semantic,external_dependency_risk:filesystem,1.599,D:\Ky9\Sample\ARROW\runs\sample_selection\distributed\shard-3\candidates\00484_8920316_8920316_8
489,70738287,70738287_0.json,https://github.com/renatoathaydes/javanna,JavannaGson,javanna-gson/src/main/java/com/athaydes/javanna/gson/JavannaGson.java,production,class,False,103,parse,4,public,True,True,0,True,filesystem,8,EXCLUDED,external_dependency_risk:filesystem,,,,,,,,1,2,0,,,,,,,,,EXCLUDED,semantic,external_dependency_risk:filesystem,1.650,D:\Ky9\Sample\ARROW\runs\sample_selection\distributed\shard-3\candidates\00489_70738287_70738287_0
494,176135637,176135637_78.json,https://github.com/Rune-Status/zeruth-OSRS-PS,SlayerPlugin,runelite/runelite-client/src/main/java/net/runelite/client/plugins/slayer/SlayerPlugin.java,production,,,,onChatMessage,96,@Subscribe public,True,False,,,,,EXCLUDED,no_observable_behavior,,,,,,,,,2,0,,,,,,,,,EXCLUDED,semantic_metadata,no_observable_behavior,0.016,D:\Ky9\Sample\ARROW\runs\sample_selection\distributed\shard-3\candidates\00494_176135637_176135637_78
499,84311940,84311940_48.json,https://github.com/gocd/gocd-filebased-authentication-plugin,AlgorithmIdentifier,gocd-filebased-authentication-plugin/src/main/java/cd/go/authentication/passwordfile/AlgorithmIdentifier.java,production,class,False,49,identify,18,public,True,True,0,False,,10,ELIGIBLE,,gradle,gocd-filebased-authentication-plugin,junit5,21,D:\Ky9\Sample\ARROW\Java-version\java-21,auto-discovered JDK 21,,1,2,1,TOOL_ERROR,,,cd.go.authentication.passwordfile.AlgorithmIdentifier,,,,,EXCLUDED,baseline,[Errno 2] No such file or directory: 'D:\\Ky9\\Sample\\ARROW\\runs\\sample_selection\\distributed\\shard-3\\candidates\\00499_84311940_84311940_48\\workspace\\gocd-filebased-authentication-plugin\\build\\test-results\\test\\TEST-cd.go.authentication.passwordfile.executor.AuthConfigValidateRequestExecutorTest.xml',80.601,D:\Ky9\Sample\ARROW\runs\sample_selection\distributed\shard-3\candidates\00499_84311940_84311940_48
504,46251204,46251204_496.json,https://github.com/line/armeria,AbstractBindingBuilder,core/src/main/java/com/linecorp/armeria/server/AbstractBindingBuilder.java,production,,,,methods,3,public,False,True,,,,,ELIGIBLE,,,,,,,,,1,2,0,,,,,,,,,EXCLUDED,setup,"Error: [('D:\\Ky9\\Sample\\ARROW\\repos\\46251204\\core\\src\\test\\resources\\com.linecorp.armeria.docstrings.annotated.com.linecorp.armeria.internal.server.annotation.AnnotatedDocServicePluginTest$AnnotationPrecedenceClass.properties', 'D:\\Ky9\\Sample\\ARROW\\runs\\sample_selection\\distributed\\shard-3\\candidates\\00504_46251204_46251204_496\\workspace\\core\\src\\test\\resources\\com.linecorp.armeria.docstrings.annotated.com.linecorp.armeria.internal.server.annotation.AnnotatedDocServicePluginTest$AnnotationPrecedenceClass.properties', '[WinError 3] The system cannot find the path specified'), ('D:\\Ky9\\Sample\\ARROW\\repos\\46251204\\core\\src\\test\\resources\\com.linecorp.armeria.docstrings.annotated.com.linecorp.armeria.internal.server.annotation.AnnotatedDocServicePluginTest$JavadocDescriptionClass.properties', 'D:\\Ky9\\Sample\\ARROW\\runs\\sample_selection\\distributed\\shard-3\\candidates\\00504_46251204_46251204_496\\workspace\\core\\src\\test\\resources\\com.linecorp.armeria.docstrings.annotated.com.linecorp.armeria.internal.server.annotation.AnnotatedDocServicePluginTest$JavadocDescriptionClass.properties', '[WinError 3] The system cannot find the path specified')]",76.152,D:\Ky9\Sample\ARROW\runs\sample_selection\distributed\shard-3\candidates\00504_46251204_46251204_496
509,160304314,160304314_6.json,https://github.com/naver/cover-checker,ObjectFactory,cover-checker-console/src/main/java/com/naver/nid/cover/util/ObjectFactory.java,production,class,False,74,getCoverageReportParser,7,public,True,True,1,False,,10,ELIGIBLE,,gradle,cover-checker-console,junit5,8,D:\Ky9\Sample\ARROW\Java-version\java-8,auto-discovered JDK 8,,1,2,2,MODULE_TESTS_PASSED|MODULE_TESTS_PASSED,True,0,com.naver.nid.cover.util.ObjectFactory,True,TARGET_TEST_PASSED,MODULE_TESTS_PASSED,MODULE_TESTS_PASSED,ELIGIBLE,,,128.018,D:\Ky9\Sample\ARROW\runs\sample_selection\distributed\shard-3\candidates\00509_160304314_160304314_6
514,130510170,130510170_0.json,https://github.com/zidoshare/Elise,HtmlUtils,Elise-core/src/main/java/site/zido/elise/utils/HtmlUtils.java,production,class,False,117,getHtmlCharset,4,public static,False,True,0,False,,8,ELIGIBLE,,gradle,Elise-core,junit4,1,D:\Ky9\Sample\ARROW\Java-version\java-8,auto-discovered compatible JDK 8 for Java 1,,1,2,1,TOOL_ERROR,,,site.zido.elise.utils.HtmlUtils,,,,,EXCLUDED,baseline,[WinError 2] The system cannot find the file specified,29.383,D:\Ky9\Sample\ARROW\runs\sample_selection\distributed\shard-3\candidates\00514_130510170_130510170_0
519,109154869,109154869_201.json,https://github.com/cmu-able/rainbow,EventFilterChain,libs/eseblib/src/main/java/edu/cmu/cs/able/eseb/filter/EventFilterChain.java,production,class,False,112,chain_sink,3,public synchronized,False,True,1,False,,8,ELIGIBLE,,maven,libs\eseblib,junit4,7,D:\Ky9\Sample\ARROW\Java-version\java-8,auto-discovered compatible JDK 8 for Java 7,,1,2,1,ASSERTION_FAILED,,,edu.cmu.cs.able.eseb.filter.EventFilterChain,,,,,EXCLUDED,baseline,[info] incubator 1.4.1 .................................... failure [ 4.075 s],41.370,D:\Ky9\Sample\ARROW\runs\sample_selection\distributed\shard-3\candidates\00519_109154869_109154869_201
524,25706873,25706873_20.json,https://github.com/nayuki/Nayuki-web-published-code,CompactHashMap,compact-hash-map-java/CompactHashMap.java,nonstandard,,,,put,22,public,True,True,,,,,EXCLUDED,source_layout:nonstandard,,,,,,,,,2,0,,,,,,,,,EXCLUDED,semantic_metadata,source_layout:nonstandard,0.020,D:\Ky9\Sample\ARROW\runs\sample_selection\distributed\shard-3\candidates\00524_25706873_25706873_20
529,231329990,231329990_2.json,https://github.com/jetlinks/jetlinks-community,MqttClientProvider,jetlinks-components/network-component/mqtt-component/src/main/java/org/jetlinks/community/network/mqtt/client/MqttClientProvider.java,production,,,,createNetwork,7,@Nonnull @Override public,False,True,,,,,ELIGIBLE,,,,,,,,c1ee8618aeade8782b314d1c9c7e6af9639a32b8,1,2,0,,,,,,,,,EXCLUDED,setup,"Error: [('D:\\Ky9\\Sample\\ARROW\\repos\\231329990\\jetlinks-components\\elasticsearch-component\\src\\main\\java\\org\\jetlinks\\community\\elastic\\search\\index\\strategies\\AbstractElasticSearchIndexStrategy.java', 'D:\\Ky9\\Sample\\ARROW\\runs\\sample_selection\\distributed\\shard-3\\candidates\\00529_231329990_231329990_2\\workspace\\jetlinks-components\\elasticsearch-component\\src\\main\\java\\org\\jetlinks\\community\\elastic\\search\\index\\strategies\\AbstractElasticSearchIndexStrategy.java', '[WinError 3] The system cannot find the path specified'), ('D:\\Ky9\\Sample\\ARROW\\repos\\231329990\\jetlinks-components\\elasticsearch-component\\src\\main\\java\\org\\jetlinks\\community\\elastic\\search\\index\\strategies\\DirectElasticSearchIndexStrategy.java', 'D:\\Ky9\\Sample\\ARROW\\runs\\sample_selection\\distributed\\shard-3\\candidates\\00529_231329990_231329990_2\\workspace\\jetlinks-components\\elasticsearch-component\\src\\main\\java\\org\\jetlinks\\community\\elastic\\search\\index\\strategies\\DirectElasticSearchIndexStrategy.java', '[WinError 3] The system cannot find the path specified'), ('D:\\Ky9\\Sample\\ARROW\\repos\\231329990\\jetlinks-components\\elasticsearch-component\\src\\main\\java\\org\\jetlinks\\community\\elastic\\search\\index\\strategies\\TemplateElasticSearchIndexStrategy.java', 'D:\\Ky9\\Sample\\ARROW\\runs\\sample_selection\\distributed\\shard-3\\candidates\\00529_231329990_231329990_2\\workspace\\jetlinks-components\\elasticsearch-component\\src\\main\\java\\org\\jetlinks\\community\\elastic\\search\\index\\strategies\\TemplateElasticSearchIndexStrategy.java', '[WinError 3] The system cannot find the path specified'), ('D:\\Ky9\\Sample\\ARROW\\repos\\231329990\\jetlinks-components\\elasticsearch-component\\src\\main\\java\\org\\jetlinks\\community\\elastic\\search\\index\\strategies\\TimeByMonthElasticSearchIndexStrategy.java', 'D:\\Ky9\\Sample\\ARROW\\runs\\sample_selection\\distributed\\shard-3\\candidates\\00529_231329990_231",30.949,D:\Ky9\Sample\ARROW\runs\sample_selection\distributed\shard-3\candidates\00529_231329990_231329990_2
534,32310721,32310721_70.json,https://github.com/sventonsvn/sventon,FileExtensionFilter,sventon-webapp/base/src/main/java/org/sventon/util/FileExtensionFilter.java,production,class,False,55,filter,10,public,True,True,1,False,,10,ELIGIBLE,,maven,sventon-webapp\base,junit4,6,D:\Ky9\Sample\ARROW\Java-version\java-8,auto-discovered compatible JDK 8 for Java 6,,1,2,1,ASSERTION_FAILED,,,org.sventon.util.FileExtensionFilter,,,,,EXCLUDED,baseline,[info] sventon-core ....................................... failure [ 9.504 s],16.269,D:\Ky9\Sample\ARROW\runs\sample_selection\distributed\shard-3\candidates\00534_32310721_32310721_70
539,38044291,38044291_1.json,https://github.com/NemProject/NEMAndroidApp,HexEncoder,app/src/main/java/org/nem/core/utils/HexEncoder.java,production,,,,getBytes,7,public static,True,True,,,,,ELIGIBLE,,,,,,,,,,2,0,,,,,,,,,EXCLUDED,setup,"RuntimeError: Repository setup failed after 3 attempts: CalledProcessError: Command '['git', '-c', 'core.longpaths=true', 'clone', '--depth', '1', 'https://github.com/NemProject/NEMAndroidApp', 'D:\\Ky9\\Sample\\ARROW\\repos\\38044291']' returned non-zero exit status 128.",10.920,D:\Ky9\Sample\ARROW\runs\sample_selection\distributed\shard-3\candidates\00539_38044291_38044291_1
544,32823958,32823958_15.json,https://github.com/mesos/elasticsearch,ZKAddressParser,commons/src/main/java/org/apache/mesos/elasticsearch/common/zookeeper/parser/ZKAddressParser.java,production,class,False,45,validateZkUrl,21,public,True,True,0,False,,10,ELIGIBLE,,gradle,commons,junit4,8,D:\Ky9\Sample\ARROW\Java-version\java-8,auto-discovered JDK 8,,1,2,1,ASSERTION_FAILED,,,org.apache.mesos.elasticsearch.common.zookeeper.parser.ZKAddressParser,,,,,EXCLUDED,baseline,failure: build failed with an exception.,51.697,D:\Ky9\Sample\ARROW\runs\sample_selection\distributed\shard-3\candidates\00544_32823958_32823958_15
549,49250409,49250409_1.json,https://github.com/gnosygnu/xowa_android,State,app/src/main/java/org/wikipedia/media/State.java,production,,,,setInit,3,public,False,False,,,,,EXCLUDED,trivial_focal_method;no_observable_behavior,,,,,,,,,2,0,,,,,,,,,EXCLUDED,semantic_metadata,trivial_focal_method;no_observable_behavior,0.014,D:\Ky9\Sample\ARROW\runs\sample_selection\distributed\shard-3\candidates\00549_49250409_49250409_1
554,152877991,152877991_1.json,https://github.com/dengzii/V2EX,NodeService,app/src/main/java/cn/denua/v2ex/service/NodeService.java,production,,,,getNodeInfo,8,public static,False,False,,,,,EXCLUDED,trivial_focal_method;no_observable_behavior,,,,,,,,,2,0,,,,,,,,,EXCLUDED,semantic_metadata,trivial_focal_method;no_observable_behavior,0.014,D:\Ky9\Sample\ARROW\runs\sample_selection\distributed\shard-3\candidates\00554_152877991_152877991_1
559,1068402,1068402_9.json,https://github.com/dreedyman/Rio,SettingsUtil,rio-resolver/resolver-aether/src/main/java/org/rioproject/resolver/aether/util/SettingsUtil.java,production,class,False,74,getSettings,11,public static,False,True,0,True,filesystem,7,EXCLUDED,external_dependency_risk:filesystem,,,,,,,,1,2,0,,,,,,,,,EXCLUDED,semantic,external_dependency_risk:filesystem,7.318,D:\Ky9\Sample\ARROW\runs\sample_selection\distributed\shard-3\candidates\00559_1068402_1068402_9
564,42774632,42774632_2.json,https://github.com/vineey/archelix-rsql,SortTokenParserAdapter,rsql-api-parent/rsql-api-sort/src/main/java/com/github/vineey/rql/sort/parser/ast/SortTokenParserAdapter.java,production,class,False,44,parse,7,public,True,True,0,False,,10,ELIGIBLE,,gradle,rsql-api-parent\rsql-api-sort,junit4,8,D:\Ky9\Sample\ARROW\Java-version\java-8,auto-discovered JDK 8,,1,2,1,ASSERTION_FAILED,,,com.github.vineey.rql.sort.parser.ast.SortTokenParserAdapter,,,,,EXCLUDED,baseline,failure: build failed with an exception.,38.341,D:\Ky9\Sample\ARROW\runs\sample_selection\distributed\shard-3\candidates\00564_42774632_42774632_2
569,45615254,45615254_2.json,https://github.com/jkorab/ameliant-tools,KeyAllocationStrategy,kafka/kafka-perf-tool/src/main/java/com/ameliant/tools/kafka/perftool/drivers/partitioning/KeyAllocationStrategy.java,production,,,,getKey,3,public,False,True,,,,,EXCLUDED,trivial_focal_method,,,,,,,,,2,0,,,,,,,,,EXCLUDED,semantic_metadata,trivial_focal_method,0.015,D:\Ky9\Sample\ARROW\runs\sample_selection\distributed\shard-3\candidates\00569_45615254_45615254_2
574,30957532,30957532_1.json,https://github.com/diennea/majordodo,CodePoolUtils,majordodo-client/src/main/java/majordodo/client/CodePoolUtils.java,production,class,False,215,createCodePoolDataFromClass,36,public static,True,True,0,True,filesystem|nondeterminism,8,EXCLUDED,external_dependency_risk:filesystem|nondeterminism,,,,,,,,1,2,0,,,,,,,,,EXCLUDED,semantic,external_dependency_risk:filesystem|nondeterminism,3.473,D:\Ky9\Sample\ARROW\runs\sample_selection\distributed\shard-3\candidates\00574_30957532_30957532_1
579,2478263,2478263_137.json,https://github.com/globalbioticinteractions/globalbioticinteractions,DatasetImporterForDwCA,eol-globi-data-sources/src/main/java/org/eol/globi/data/DatasetImporterForDwCA.java,production,,,,parseAssociatedTaxa,28,static,True,True,,,,,ELIGIBLE,,,,,,,,,1,2,0,,,,,,,,,EXCLUDED,setup,"Error: [('D:\\Ky9\\Sample\\ARROW\\repos\\2478263\\eol-globi-cache\\src\\test\\resources\\test-cache\\globalbioticinteractions\\template-dataset\\631d3777cf83e1abea848b59a6589c470cf0c7d0fd99682c4c104481ad9a543f', 'D:\\Ky9\\Sample\\ARROW\\runs\\sample_selection\\distributed\\shard-3\\candidates\\00579_2478263_2478263_137\\workspace\\eol-globi-cache\\src\\test\\resources\\test-cache\\globalbioticinteractions\\template-dataset\\631d3777cf83e1abea848b59a6589c470cf0c7d0fd99682c4c104481ad9a543f', '[WinError 3] The system cannot find the path specified'), ('D:\\Ky9\\Sample\\ARROW\\repos\\2478263\\eol-globi-cache\\src\\test\\resources\\test-cache\\globalbioticinteractions\\template-dataset\\6bfc17b8717e6e8e478552f12404bc8887d691a155ffd9cd9bfc80cb6747c5d2', 'D:\\Ky9\\Sample\\ARROW\\runs\\sample_selection\\distributed\\shard-3\\candidates\\00579_2478263_2478263_137\\workspace\\eol-globi-cache\\src\\test\\resources\\test-cache\\globalbioticinteractions\\template-dataset\\6bfc17b8717e6e8e478552f12404bc8887d691a155ffd9cd9bfc80cb6747c5d2', '[WinError 3] The system cannot find the path specified'), ('D:\\Ky9\\Sample\\ARROW\\repos\\2478263\\eol-globi-cache\\src\\test\\resources\\test-cache\\urn\\lsid\\checklistbank.org\\dataset\\265709\\97670d577cb84bd8c7688cf16f28e316e5035831fc07e23d7b89d7dd9b2fdabb', 'D:\\Ky9\\Sample\\ARROW\\runs\\sample_selection\\distributed\\shard-3\\candidates\\00579_2478263_2478263_137\\workspace\\eol-globi-cache\\src\\test\\resources\\test-cache\\urn\\lsid\\checklistbank.org\\dataset\\265709\\97670d577cb84bd8c7688cf16f28e316e5035831fc07e23d7b89d7dd9b2fdabb', '[WinError 3] The system cannot find the path specified'), ('D:\\Ky9\\Sample\\ARROW\\repos\\2478263\\eol-globi-cache\\src\\test\\resources\\test-cache\\urn\\lsid\\checklistbank.org\\dataset\\265709\\a2936ae2cea31fcad3454d9c0e682fec9d237cca68fee7dc207f04a514deadd2', 'D:\\Ky9\\Sample\\ARROW\\runs\\sample_selection\\distributed\\shard-3\\candidates\\00579_2478263_2478263_137\\workspace\\eol-globi-cache\\src",16.821,D:\Ky9\Sample\ARROW\runs\sample_selection\distributed\shard-3\candidates\00579_2478263_2478263_137
584,161246688,161246688_24.json,https://github.com/tmobile/codeless,NumberGenerator,codeless_core/src/main/java/com/tmobile/ct/codeless/functions/NumberGenerator.java,production,class,False,66,generate,14,public,True,True,0,True,nondeterminism,9,EXCLUDED,external_dependency_risk:nondeterminism,,,,,,,,1,2,0,,,,,,,,,EXCLUDED,semantic,external_dependency_risk:nondeterminism,67.127,D:\Ky9\Sample\ARROW\runs\sample_selection\distributed\shard-3\candidates\00584_161246688_161246688_24
589,101179084,101179084_1.json,https://github.com/oussaki/RxDownloader,RxDownloader,rxfilesdownloader/src/main/java/com/oussaki/rxfilesdownloader/RxDownloader.java,production,class,False,466,asList,14,public,True,True,1,True,network|filesystem,9,EXCLUDED,external_dependency_risk:network|filesystem,,,,,,,,1,2,0,,,,,,,,,EXCLUDED,semantic,external_dependency_risk:network|filesystem,1.804,D:\Ky9\Sample\ARROW\runs\sample_selection\distributed\shard-3\candidates\00589_101179084_101179084_1
594,3016145,3016145_10.json,https://github.com/knowitall/reverb,LayeredTokenPattern,core/src/main/java/edu/washington/cs/knowitall/sequence/LayeredTokenPattern.java,production,class,False,265,matcher,6,public,False,True,1,False,,7,ELIGIBLE,,maven,core,junit4,unknown,,no project java version detected,,1,2,1,COMPILE_FAILED,,,edu.washington.cs.knowitall.sequence.LayeredTokenPattern,,,,,EXCLUDED,baseline,[error] error: source option 6 is no longer supported. use 7 or later.,22.475,D:\Ky9\Sample\ARROW\runs\sample_selection\distributed\shard-3\candidates\00594_3016145_3016145_10
599,73185566,73185566_1.json,https://github.com/elder-oss/sourcerer,EventStoreEsjcEventRepository,sourcerer-esjc/src/main/java/org/elder/sourcerer/esjc/EventStoreEsjcEventRepository.java,production,class,False,512,read,4,@Override public,False,True,5,False,,6,EXCLUDED,testability_score_below_7,,,,,,,,1,2,0,,,,,,,,,EXCLUDED,semantic,testability_score_below_7,4.237,D:\Ky9\Sample\ARROW\runs\sample_selection\distributed\shard-3\candidates\00599_73185566_73185566_1
604,176137170,176137170_0.json,https://github.com/daggerok/spring-data-jdbc-examples,UserRef,refs/src/main/java/com/example/springdatajdbcmanyref/MessagingApp.java,production,class,False,71,of,5,public static,False,True,0,True,database,6,EXCLUDED,external_dependency_risk:database;testability_score_below_7,,,,,,,,1,2,0,,,,,,,,,EXCLUDED,semantic,external_dependency_risk:database;testability_score_below_7,1.783,D:\Ky9\Sample\ARROW\runs\sample_selection\distributed\shard-3\candidates\00604_176137170_176137170_0
609,60270542,60270542_0.json,https://github.com/gdgand/android-rxjava,ImgurMvpPresenter,2016-06-15_hot_and_cold/app/src/main/java/com/gdgand/rxjava/rxjavasample/hotandcold/presentation/mvp/imgur/ImgurMvpPresenter.java,production,,,,refreshTopics,13,public,False,False,,,,,EXCLUDED,no_observable_behavior,,,,,,,,,2,0,,,,,,,,,EXCLUDED,semantic_metadata,no_observable_behavior,0.021,D:\Ky9\Sample\ARROW\runs\sample_selection\distributed\shard-3\candidates\00609_60270542_60270542_0
614,6035195,6035195_6.json,https://github.com/axemblr/axemblr-provisionr,ImageTable,providers/amazon/src/main/java/com/axemblr/provisionr/amazon/core/ImageTable.java,production,class,False,122,zip,10,static,False,True,1,False,,8,ELIGIBLE,,maven,providers\amazon,junit4,unknown,,no project java version detected,,1,2,1,COMPILE_FAILED,,,com.axemblr.provisionr.amazon.core.ImageTable,,,,,EXCLUDED,baseline,[error] failed to execute goal org.apache.maven.plugins:maven-compiler-plugin:<n>.0:compile (default-compile) on project provisionr-api: compilation failure: compilation failure:,12.403,D:\Ky9\Sample\ARROW\runs\sample_selection\distributed\shard-3\candidates\00614_6035195_6035195_6
619,2177364,2177364_7.json,https://github.com/bmatthews68/ldap-maven-plugin,LoadMojo,ldap-maven-plugin/src/main/java/com/btmatthews/maven/plugins/ldap/mojo/LoadMojo.java,production,class,False,115,execute,39,public,True,True,0,True,database,9,EXCLUDED,external_dependency_risk:database,,,,,,,,1,2,0,,,,,,,,,EXCLUDED,semantic,external_dependency_risk:database,2.519,D:\Ky9\Sample\ARROW\runs\sample_selection\distributed\shard-3\candidates\00619_2177364_2177364_7
624,42854263,42854263_15.json,https://github.com/evant/retain-state,RxLoader,loader-rx/src/main/java/me/tatarka/loader/RxLoader.java,production,class,False,59,create,8,public static,False,True,1,False,,7,ELIGIBLE,,gradle,loader-rx,junit4,unknown,D:\Ky9\Sample\ARROW\Java-version\java-8,Gradle 2.13 requires compatible JDK 8; auto-discovered,,1,2,1,ASSERTION_FAILED,,,me.tatarka.loader.RxLoader,,,,,EXCLUDED,baseline,failure: build failed with an exception.,36.665,D:\Ky9\Sample\ARROW\runs\sample_selection\distributed\shard-3\candidates\00624_42854263_42854263_15
629,50887250,50887250_35.json,https://github.com/KeepSafe/Cashier,GooglePlayBillingSecurity,cashier-google-play-billing/src/main/java/com/getkeepsafe/cashier/billing/GooglePlayBillingSecurity.java,production,class,False,96,verifySignature,7,public static,True,True,0,False,,10,ELIGIBLE,,gradle,cashier-google-play-billing,junit4,unknown,D:\Ky9\Sample\ARROW\Java-version\java-11,Gradle 6.5 requires compatible JDK 11; auto-discovered,,1,2,1,ASSERTION_FAILED,,,com.getkeepsafe.cashier.billing.GooglePlayBillingSecurity,,,,,EXCLUDED,baseline,failure: build completed with 2 failures.,71.058,D:\Ky9\Sample\ARROW\runs\sample_selection\distributed\shard-3\candidates\00629_50887250_50887250_35
634,149347972,149347972_4.json,https://github.com/crescentflare/DynamicAppConfig,AppConfigBaseModel,DynamicAppConfigAndroid/DynamicAppConfigLib/src/main/java/com/crescentflare/dynamicappconfig/model/AppConfigBaseModel.java,production,,,,globalValueList,4,public,False,True,,,,,ELIGIBLE,,,,,,,,,1,2,0,,,,,,,,,EXCLUDED,setup,"Error: [('D:\\Ky9\\Sample\\ARROW\\repos\\149347972\\DynamicAppConfigAndroid\\DynamicAppConfigExample\\src\\main\\java\\com\\crescentflare\\dynamicappconfigexample\\appconfig\\plugins\\ExampleAppConfigLogPlugin.java', 'D:\\Ky9\\Sample\\ARROW\\runs\\sample_selection\\distributed\\shard-3\\candidates\\00634_149347972_149347972_4\\workspace\\DynamicAppConfigAndroid\\DynamicAppConfigExample\\src\\main\\java\\com\\crescentflare\\dynamicappconfigexample\\appconfig\\plugins\\ExampleAppConfigLogPlugin.java', '[WinError 3] The system cannot find the path specified')]",2.270,D:\Ky9\Sample\ARROW\runs\sample_selection\distributed\shard-3\candidates\00634_149347972_149347972_4
639,19147361,19147361_52.json,https://github.com/XiaoMi/themis,Column,themis-coprocessor/src/main/java/org/apache/hadoop/hbase/themis/columns/Column.java,production,class,False,69,compareTo,7,public,True,True,0,False,,9,ELIGIBLE,,maven,themis-coprocessor,junit4,unknown,,no project java version detected,,1,2,1,ASSERTION_FAILED,,,org.apache.hadoop.hbase.themis.columns.Column,,,,,EXCLUDED,baseline,[info] themis-coprocessor ................................. failure [ 25.873 s],29.188,D:\Ky9\Sample\ARROW\runs\sample_selection\distributed\shard-3\candidates\00639_19147361_19147361_52
644,151822173,151822173_0.json,https://github.com/luern0313/WristBilibili,DataProcessUtil,app/src/main/java/cn/luern0313/wristbilibili/util/DataProcessUtil.java,production,class,False,174,getPositionInList,6,public static,True,True,0,False,,9,ELIGIBLE,,gradle,app,junit4,1,D:\Ky9\Sample\ARROW\Java-version\java-8,auto-discovered compatible JDK 8 for Java 1,,1,2,1,ASSERTION_FAILED,,,cn.luern0313.wristbilibili.util.DataProcessUtil,,,,,EXCLUDED,baseline,failure: build failed with an exception.,70.500,D:\Ky9\Sample\ARROW\runs\sample_selection\distributed\shard-3\candidates\00644_151822173_151822173_0
649,17169550,17169550_71.json,https://github.com/headissue/Sahi,NashornScriptRunner,sahi-core/src/main/java/net/sf/sahi/nashorn/NashornScriptRunner.java,production,,,,getDomainFromStep,3,protected,False,True,,,,,EXCLUDED,trivial_focal_method,,,,,,,,,2,0,,,,,,,,,EXCLUDED,semantic_metadata,trivial_focal_method,0.011,D:\Ky9\Sample\ARROW\runs\sample_selection\distributed\shard-3\candidates\00649_17169550_17169550_71
654,1118699,1118699_29.json,https://github.com/vvakame/JsonPullParser,JsonSliceUtil,jsonpullparser-core/src/main/java/net/vvakame/util/jsonpullparser/util/JsonSliceUtil.java,production,class,False,218,slicesToString,26,public static,True,True,0,False,,10,ELIGIBLE,,maven,jsonpullparser-core,junit4,unknown,,no project java version detected,,1,2,1,COMPILE_FAILED,,,net.vvakame.util.jsonpullparser.util.JsonSliceUtil,,,,,EXCLUDED,baseline,[error] error: source option 6 is no longer supported. use 7 or later.,6.576,D:\Ky9\Sample\ARROW\runs\sample_selection\distributed\shard-3\candidates\00654_1118699_1118699_29
659,31415856,31415856_9.json,https://github.com/stevensouza/automon,Jamon,automon/src/main/java/org/automon/implementations/Jamon.java,production,,,,exception,7,@Override public,False,False,,,,,EXCLUDED,no_observable_behavior,,,,,,,,,2,0,,,,,,,,,EXCLUDED,semantic_metadata,no_observable_behavior,0.015,D:\Ky9\Sample\ARROW\runs\sample_selection\distributed\shard-3\candidates\00659_31415856_31415856_9
664,20499820,20499820_2.json,https://github.com/0xnm/BTC-e-client-for-Android,Api,BTCeClient/src/main/java/com/QuarkLabs/BTCeClient/api/Api.java,production,class,False,330,getPairInfo,23,@WorkerThread @NonNull public,True,True,4,True,nondeterminism,8,EXCLUDED,external_dependency_risk:nondeterminism,,,,,,,,1,2,0,,,,,,,,,EXCLUDED,semantic,external_dependency_risk:nondeterminism,26.317,D:\Ky9\Sample\ARROW\runs\sample_selection\distributed\shard-3\candidates\00664_20499820_20499820_2
669,23556341,23556341_9.json,https://github.com/GluuFederation/oxd,RpSyncService,oxd-server/src/main/java/org/gluu/oxd/server/service/RpSyncService.java,production,class,False,70,shouldSync,9,public static,True,True,2,False,,9,ELIGIBLE,,maven,oxd-server,testng,8,D:\Ky9\Sample\ARROW\Java-version\java-8,auto-discovered JDK 8,,1,2,1,RUNTIME_FAILED,,,org.gluu.oxd.server.service.RpSyncService,,,,,EXCLUDED,baseline,[error] [error] some problems were encountered while processing the poms:,7.089,D:\Ky9\Sample\ARROW\runs\sample_selection\distributed\shard-3\candidates\00669_23556341_23556341_9
674,11194069,11194069_1.json,https://github.com/AdamBien/e2ftp,Hook,ftpservice/src/main/java/org/eftp/ftpserver/business/hooks/entity/Hook.java,production,class,False,74,isValid,8,,True,True,0,False,,10,ELIGIBLE,,maven,ftpservice,junit4,7,D:\Ky9\Sample\ARROW\Java-version\java-8,auto-discovered compatible JDK 8 for Java 7,,1,2,2,MODULE_TESTS_PASSED|MODULE_TESTS_PASSED,True,1,org.eftp.ftpserver.business.hooks.entity.Hook,True,TARGET_TEST_PASSED,MODULE_TESTS_PASSED,MODULE_TESTS_PASSED,ELIGIBLE,,,35.708,D:\Ky9\Sample\ARROW\runs\sample_selection\distributed\shard-3\candidates\00674_11194069_11194069_1
679,4726303,4726303_95.json,https://github.com/stratosphere-eu/stratosphere-OLD-REPO,NaiveSchemaFactory,sopremo/sopremo-common/src/main/java/eu/stratosphere/sopremo/serialization/NaiveSchemaFactory.java,production,class,False,78,create,28,@Override public,True,True,0,False,,10,ELIGIBLE,,maven,sopremo\sopremo-common,junit4,6,D:\Ky9\Sample\ARROW\Java-version\java-8,auto-discovered compatible JDK 8 for Java 6,,1,2,1,COMPILE_FAILED,,,eu.stratosphere.sopremo.serialization.NaiveSchemaFactory,,,,,EXCLUDED,baseline,tests in error:,38.517,D:\Ky9\Sample\ARROW\runs\sample_selection\distributed\shard-3\candidates\00679_4726303_4726303_95
684,80898327,80898327_29.json,https://github.com/stevespringett/Alpine,OidcAuthenticationService,alpine/src/main/java/alpine/auth/OidcAuthenticationService.java,production,,,,isSpecified,4,@Override public,True,True,,,,,EXCLUDED,trivial_focal_method,,,,,,,,,2,0,,,,,,,,,EXCLUDED,semantic_metadata,trivial_focal_method,0.010,D:\Ky9\Sample\ARROW\runs\sample_selection\distributed\shard-3\candidates\00684_80898327_80898327_29
689,60737153,60737153_13.json,https://github.com/symphonyoss/symphony-java-client,AuthenticationClient,symphony-client/src/main/java/org/symphonyoss/symphony/clients/AuthenticationClient.java,production,,,,isLoggedIn,3,public,False,True,,,,,EXCLUDED,trivial_focal_method,,,,,,,,,2,0,,,,,,,,,EXCLUDED,semantic_metadata,trivial_focal_method,0.012,D:\Ky9\Sample\ARROW\runs\sample_selection\distributed\shard-3\candidates\00689_60737153_60737153_13
694,49071798,49071798_12.json,https://github.com/CMSgov/bluebutton-data-server,SamhsaMatcher,bluebutton-server-app/src/main/java/gov/hhs/cms/bluebutton/server/app/stu3/providers/SamhsaMatcher.java,production,class,False,495,test,22,@Override public,True,True,0,False,,9,ELIGIBLE,,maven,bluebutton-server-app,junit4,unknown,,no project java version detected,,1,2,1,RUNTIME_FAILED,,,gov.hhs.cms.bluebutton.server.app.stu3.providers.SamhsaMatcher,,,,,EXCLUDED,baseline,[error] [error] some problems were encountered while processing the poms:,11.904,D:\Ky9\Sample\ARROW\runs\sample_selection\distributed\shard-3\candidates\00694_49071798_49071798_12
699,36174393,36174393_48.json,https://github.com/kejunxia/AndroidMvc,Controller,library/android-mvc-core/src/main/java/com/shipdream/lib/android/mvc/Controller.java,production,,,,postEvent2C,3,protected,False,False,,,,,EXCLUDED,no_observable_behavior,,,,,,,,,2,0,,,,,,,,,EXCLUDED,semantic_metadata,no_observable_behavior,0.015,D:\Ky9\Sample\ARROW\runs\sample_selection\distributed\shard-3\candidates\00699_36174393_36174393_48
704,181840596,181840596_0.json,https://github.com/tigase/stork,SDP,app/src/main/java/org/tigase/messenger/phone/pro/video/SDP.java,production,class,False,419,fromSDP,42,public,True,True,0,False,,10,ELIGIBLE,,gradle,app,junit4,1,D:\Ky9\Sample\ARROW\Java-version\java-8,auto-discovered compatible JDK 8 for Java 1,,1,2,1,COMPILE_FAILED,,,org.tigase.messenger.phone.pro.video.SDP,,,,,EXCLUDED,baseline,error: could not create the java virtual machine.,46.533,D:\Ky9\Sample\ARROW\runs\sample_selection\distributed\shard-3\candidates\00704_181840596_181840596_0
709,53054065,53054065_0.json,https://github.com/mapr-demos/telco-anomaly-detection-spark,Antenna,universe/src/main/java/com/mapr/cell/Antenna.java,production,,,,omni,3,public static,False,True,,,,,ELIGIBLE,,,,,,,,,,2,0,,,,,,,,,EXCLUDED,setup,"RuntimeError: Repository setup failed after 3 attempts: CalledProcessError: Command '['git', '-c', 'core.longpaths=true', 'clone', '--depth', '1', 'https://github.com/mapr-demos/telco-anomaly-detection-spark', 'D:\\Ky9\\Sample\\ARROW\\repos\\53054065']' returned non-zero exit status 128.",9.499,D:\Ky9\Sample\ARROW\runs\sample_selection\distributed\shard-3\candidates\00709_53054065_53054065_0
714,224764811,224764811_28.json,https://github.com/open-osrs/plugins,WoodcuttingPlugin,woodcutting/src/main/java/net/runelite/client/plugins/woodcutting/WoodcuttingPlugin.java,production,,,,onChatMessage,22,@Subscribe,True,False,,,,,EXCLUDED,no_observable_behavior,,,,,,,,,2,0,,,,,,,,,EXCLUDED,semantic_metadata,no_observable_behavior,0.013,D:\Ky9\Sample\ARROW\runs\sample_selection\distributed\shard-3\candidates\00714_224764811_224764811_28
719,170565218,170565218_7.json,https://github.com/ianspryn/Magis,Password,src/com/magis/app/login/Password.java,nonstandard,,,,containsLowerCase,6,public static,True,True,,,,,EXCLUDED,source_layout:nonstandard,,,,,,,,,2,0,,,,,,,,,EXCLUDED,semantic_metadata,source_layout:nonstandard,0.011,D:\Ky9\Sample\ARROW\runs\sample_selection\distributed\shard-3\candidates\00719_170565218_170565218_7
724,36572602,36572602_39.json,https://github.com/Workday/autoparse-json,MapValueGetter,core/src/main/java/com/workday/autoparse/json/updater/MapValueGetter.java,production,class,False,181,getAsShort,13,public static,True,True,0,False,,10,ELIGIBLE,,gradle,core,junit4,1,D:\Ky9\Sample\ARROW\Java-version\java-8,auto-discovered compatible JDK 8 for Java 1,,1,2,1,ASSERTION_FAILED,,,com.workday.autoparse.json.updater.MapValueGetter,,,,,EXCLUDED,baseline,failure: build failed with an exception.,64.734,D:\Ky9\Sample\ARROW\runs\sample_selection\distributed\shard-3\candidates\00724_36572602_36572602_39
729,42201162,42201162_55.json,https://github.com/EvoSuite/evosuite,SeedingSchedule,master/src/main/java/org/evosuite/continuous/job/schedule/SeedingSchedule.java,production,class,False,234,getSortedToSatisfyDependencies,51,protected static,True,True,1,False,,10,ELIGIBLE,,maven,master,junit4,8,D:\Ky9\Sample\ARROW\Java-version\java-8,auto-discovered JDK 8,,1,2,1,ASSERTION_FAILED,,,org.evosuite.continuous.job.schedule.SeedingSchedule,,,,,EXCLUDED,baseline,"[info] tests run: 5, failures: 0, errors: 0, skipped: 0, time elapsed: 0.046 s - in org.evosuite.packageinfotest",76.189,D:\Ky9\Sample\ARROW\runs\sample_selection\distributed\shard-3\candidates\00729_42201162_42201162_55
734,8369425,8369425_2.json,https://github.com/gillius/jfxutils,StableTicksAxis,jfxutils/src/main/java/org/gillius/jfxutils/chart/StableTicksAxis.java,production,class,False,307,calculateTickSpacing,46,public static,True,True,0,False,,10,ELIGIBLE,,maven,jfxutils,junit4,11,D:\Ky9\Sample\ARROW\Java-version\java-11,auto-discovered JDK 11,,1,2,2,MODULE_TESTS_PASSED|MODULE_TESTS_PASSED,True,0,org.gillius.jfxutils.chart.StableTicksAxis,True,TARGET_TEST_PASSED,MODULE_TESTS_PASSED,MODULE_TESTS_PASSED,ELIGIBLE,,,27.369,D:\Ky9\Sample\ARROW\runs\sample_selection\distributed\shard-3\candidates\00734_8369425_8369425_2
739,59199640,59199640_0.json,https://github.com/adblockplus/libadblockplus-android,HeadersContentTypeDetector,adblock-android-webview/src/main/java/org/adblockplus/libadblockplus/android/webview/content_type/HeadersContentTypeDetector.java,production,class,False,59,detect,21,@Override public,True,True,0,True,network,8,EXCLUDED,external_dependency_risk:network,,,,,,,,1,2,0,,,,,,,,,EXCLUDED,semantic,external_dependency_risk:network,4.728,D:\Ky9\Sample\ARROW\runs\sample_selection\distributed\shard-3\candidates\00739_59199640_59199640_0
744,64510591,64510591_20.json,https://github.com/VictorAlbertos/ReactiveCache,ActionsList,reactive_cache/src/main/java/io/reactivecache2/ActionsList.java,production,class,False,351,evictLast,3,public,False,True,2,False,,8,ELIGIBLE,,gradle,reactive_cache,junit4,8,D:\Ky9\Sample\ARROW\Java-version\java-8,auto-discovered JDK 8,,1,2,1,ASSERTION_FAILED,,,io.reactivecache2.ActionsList,,,,,EXCLUDED,baseline,failure: build failed with an exception.,83.090,D:\Ky9\Sample\ARROW\runs\sample_selection\distributed\shard-3\candidates\00744_64510591_64510591_20
749,81052983,81052983_25.json,https://github.com/deliveredtechnologies/rulebook,RuleAdapter,rulebook-core/src/main/java/com/deliveredtechnologies/rulebook/model/runner/RuleAdapter.java,production,,,,getCondition,31,"@Override @SuppressWarnings(""unchecked"") public",True,True,,,,,ELIGIBLE,,,,,,,,,1,2,0,,,,,,,,,EXCLUDED,setup,"Error: [('D:\\Ky9\\Sample\\ARROW\\repos\\81052983\\rulebook-core\\src\\test\\java\\com\\deliveredtechnologies\\rulebook\\model\\pojotestrules\\failsandsucceeds\\RuleWhereWhenIsSuccessAnThenHasABreakStopOnFailure.java', 'D:\\Ky9\\Sample\\ARROW\\runs\\sample_selection\\distributed\\shard-3\\candidates\\00749_81052983_81052983_25\\workspace\\rulebook-core\\src\\test\\java\\com\\deliveredtechnologies\\rulebook\\model\\pojotestrules\\failsandsucceeds\\RuleWhereWhenIsSuccessAnThenHasABreakStopOnFailure.java', '[WinError 3] The system cannot find the path specified')]",3.051,D:\Ky9\Sample\ARROW\runs\sample_selection\distributed\shard-3\candidates\00749_81052983_81052983_25
754,23487016,23487016_11.json,https://github.com/ufoscout/jporm,MethodHandlerAccessorFactory,jpo-commons-persistor/src/main/java/com/jporm/persistor/accessor/methodhandler/MethodHandlerAccessorFactory.java,production,class,False,44,buildGetter,4,@Override public,False,True,0,False,,7,ELIGIBLE,,maven,jpo-commons-persistor,junit4,8,D:\Ky9\Sample\ARROW\Java-version\java-8,auto-discovered JDK 8,,1,2,1,ASSERTION_FAILED,,,com.jporm.persistor.accessor.methodhandler.MethodHandlerAccessorFactory,,,,,EXCLUDED,baseline,"03:<n>:<n>.790 [main] info org.springframework.boot.test.context.springboottestcontextbootstrapper - loaded default testexecutionlistener class names from location [meta-inf/spring.factories]: [org.springframework.boot.test.mock.mockito.mockitotestexecutionlistener, org.springframework.boot.test.moc",27.520,D:\Ky9\Sample\ARROW\runs\sample_selection\distributed\shard-3\candidates\00754_23487016_23487016_11
759,22970701,22970701_2.json,https://github.com/indeedeng/proctor-pipet,Extractor,proctor-pipet-core/src/main/java/com/indeed/proctor/pipet/core/var/Extractor.java,production,class,False,146,extract,11,public,False,True,2,False,,7,ELIGIBLE,,maven,proctor-pipet-core,junit4,unknown,,no project java version detected,,1,2,2,MODULE_TESTS_PASSED|MODULE_TESTS_PASSED,True,0,com.indeed.proctor.pipet.core.var.Extractor,True,TARGET_TEST_PASSED,MODULE_TESTS_PASSED,MODULE_TESTS_PASSED,ELIGIBLE,,,35.003,D:\Ky9\Sample\ARROW\runs\sample_selection\distributed\shard-3\candidates\00759_22970701_22970701_2
764,202839292,202839292_120.json,https://github.com/linkedin/iceberg,SchemaUpdate,core/src/main/java/org/apache/iceberg/SchemaUpdate.java,production,class,False,723,renameColumn,17,@Override public,True,True,1,False,,9,ELIGIBLE,,gradle,.,junit4,8,D:\Ky9\Sample\ARROW\Java-version\java-8,auto-discovered JDK 8,,1,2,1,TOOL_ERROR,,,org.apache.iceberg.SchemaUpdate,,,,,EXCLUDED,baseline,[WinError 2] The system cannot find the file specified,25.229,D:\Ky9\Sample\ARROW\runs\sample_selection\distributed\shard-3\candidates\00764_202839292_202839292_120
769,28714528,28714528_0.json,https://github.com/Thomas-Bergmann/Tournament,Price,de.hatoka.common/src/main/java/de/hatoka/common/capi/business/Price.java,production,class,False,98,divide,4,public,False,True,2,False,,8,ELIGIBLE,,gradle,.,junit4,8,D:\Ky9\Sample\ARROW\Java-version\java-8,auto-discovered JDK 8,fa7ebcae56c6f4be773ffd3b826d4f10eaa2ed0b,1,2,1,TOOL_ERROR,,,de.hatoka.common.capi.business.Price,,,,,EXCLUDED,baseline,[WinError 2] The system cannot find the file specified,6.827,D:\Ky9\Sample\ARROW\runs\sample_selection\distributed\shard-3\candidates\00769_28714528_28714528_0
774,3590026,3590026_0.json,https://github.com/itstamen/rop,JacksonJsonRopMarshaller,rop/src/main/java/com/rop/marshaller/JacksonJsonRopMarshaller.java,production,class,False,50,marshaller,8,public,True,True,0,False,,9,ELIGIBLE,,maven,rop,testng,5,D:\Ky9\Sample\ARROW\Java-version\java-8,auto-discovered compatible JDK 8 for Java 5,,1,2,1,ASSERTION_FAILED,,,com.rop.marshaller.JacksonJsonRopMarshaller,,,,,EXCLUDED,baseline,[info] build failure,18.078,D:\Ky9\Sample\ARROW\runs\sample_selection\distributed\shard-3\candidates\00774_3590026_3590026_0
779,854559,854559_4.json,https://github.com/AxonFramework/Axon-trader,PortfolioView,query/src/main/java/org/axonframework/samples/trader/query/portfolio/PortfolioView.java,production,class,False,169,obtainAmountOfAvailableItemsFor,5,public,False,True,0,False,,8,ELIGIBLE,,maven,query,junit4,8,D:\Ky9\Sample\ARROW\Java-version\java-8,auto-discovered JDK 8,,1,2,2,MODULE_TESTS_PASSED|MODULE_TESTS_PASSED,True,1,org.axonframework.samples.trader.query.portfolio.PortfolioView,True,TARGET_TEST_PASSED,MODULE_TESTS_PASSED,MODULE_TESTS_PASSED,ELIGIBLE,,,106.915,D:\Ky9\Sample\ARROW\runs\sample_selection\distributed\shard-3\candidates\00779_854559_854559_4
784,48581176,48581176_3.json,https://github.com/Keeplingshi/MachineLearning,TriggerLarger,eclipse/SSH-SVM1.1/src/com/feng/fresh/sampleword/TriggerLarger.java,nonstandard,,,,getWord2typeMap,3,public static,False,True,,,,,EXCLUDED,source_layout:nonstandard;trivial_focal_method,,,,,,,,,2,0,,,,,,,,,EXCLUDED,semantic_metadata,source_layout:nonstandard;trivial_focal_method,0.014,D:\Ky9\Sample\ARROW\runs\sample_selection\distributed\shard-3\candidates\00784_48581176_48581176_3
789,16977479,16977479_930.json,https://github.com/apache/cxf,ColocOutInterceptor,rt/bindings/coloc/src/main/java/org/apache/cxf/binding/coloc/ColocOutInterceptor.java,production,,,,handleMessage,47,public,True,True,,,,,ELIGIBLE,,,,,,,,,1,2,0,,,,,,,,,EXCLUDED,setup,"Error: [('D:\\Ky9\\Sample\\ARROW\\repos\\16977479\\distribution\\src\\main\\release\\samples\\jaxws_graalvm\\src\\main\\resources\\META-INF\\native-image\\org.apache.cxf.samples\\jaxws_graalvm\\native-image.properties', 'D:\\Ky9\\Sample\\ARROW\\runs\\sample_selection\\distributed\\shard-3\\candidates\\00789_16977479_16977479_930\\workspace\\distribution\\src\\main\\release\\samples\\jaxws_graalvm\\src\\main\\resources\\META-INF\\native-image\\org.apache.cxf.samples\\jaxws_graalvm\\native-image.properties', '[WinError 3] The system cannot find the path specified'), ('D:\\Ky9\\Sample\\ARROW\\repos\\16977479\\distribution\\src\\main\\release\\samples\\jaxws_graalvm_dynamic\\client\\src\\main\\resources\\META-INF\\native-image\\org.apache.cxf.samples\\jaxws_graalvm_dynamic_client', 'D:\\Ky9\\Sample\\ARROW\\runs\\sample_selection\\distributed\\shard-3\\candidates\\00789_16977479_16977479_930\\workspace\\distribution\\src\\main\\release\\samples\\jaxws_graalvm_dynamic\\client\\src\\main\\resources\\META-INF\\native-image\\org.apache.cxf.samples\\jaxws_graalvm_dynamic_client', ""[WinError 3] The system cannot find the path specified: 'D:\\\\Ky9\\\\Sample\\\\ARROW\\\\runs\\\\sample_selection\\\\distributed\\\\shard-3\\\\candidates\\\\00789_16977479_16977479_930\\\\workspace\\\\distribution\\\\src\\\\main\\\\release\\\\samples\\\\jaxws_graalvm_dynamic\\\\client\\\\src\\\\main\\\\resources\\\\META-INF\\\\native-image\\\\org.apache.cxf.samples\\\\jaxws_graalvm_dynamic_client'""), ('D:\\Ky9\\Sample\\ARROW\\repos\\16977479\\distribution\\src\\main\\release\\samples\\jaxws_graalvm_dynamic\\server\\src\\main\\resources\\META-INF\\native-image\\org.apache.cxf.samples\\jaxws_graalvm_dynamic_server', 'D:\\Ky9\\Sample\\ARROW\\runs\\sample_selection\\distributed\\shard-3\\candidates\\00789_16977479_16977479_930\\workspace\\distribution\\src\\main\\release\\samples\\jaxws_graalvm_dynamic\\server\\src\\main\\resources\\META-INF\\native-image\\org.apache.cxf.samples\\jaxws_graalvm_dynamic_s",20.373,D:\Ky9\Sample\ARROW\runs\sample_selection\distributed\shard-3\candidates\00789_16977479_16977479_930
794,46981783,46981783_13.json,https://github.com/JetBrains/teamcity-runas-plugin,WindowsFileAccessService,runAs-agent/src/main/java/jetbrains/buildServer/runAs/agent/WindowsFileAccessService.java,production,class,False,107,setAccess,8,public,False,True,1,False,,7,ELIGIBLE,,maven,runAs-agent,testng,8,D:\Ky9\Sample\ARROW\Java-version\java-8,auto-discovered JDK 8,,1,2,1,RUNTIME_FAILED,,,jetbrains.buildServer.runAs.agent.WindowsFileAccessService,,,,,EXCLUDED,baseline,[error] [error] some problems were encountered while processing the poms:,4.689,D:\Ky9\Sample\ARROW\runs\sample_selection\distributed\shard-3\candidates\00794_46981783_46981783_13
799,156706507,156706507_0.json,https://github.com/servirtium/servirtium-java,MarkdownReplayer,core/src/main/java/com/paulhammant/servirtium/MarkdownReplayer.java,production,class,False,495,setPlaybackConversation,26,public,True,True,0,True,filesystem,9,EXCLUDED,external_dependency_risk:filesystem,,,,,,,,1,2,0,,,,,,,,,EXCLUDED,semantic,external_dependency_risk:filesystem,1.895,D:\Ky9\Sample\ARROW\runs\sample_selection\distributed\shard-3\candidates\00799_156706507_156706507_0
804,84616200,84616200_110.json,https://github.com/learningtcc/dubbox,KetamaNodeLocator,dubbo-transactiontree/src/main/java/com/alibaba/dubbo/util/KetamaNodeLocator.java,production,,,,getPrimary,5,public,True,True,,,,,ELIGIBLE,,,,,,,,,1,2,0,,,,,,,,,EXCLUDED,setup,"Error: [('D:\\Ky9\\Sample\\ARROW\\repos\\84616200\\dubbo-monitor\\dubbo-monitor-handuyishe\\src\\main\\webapp\\resources\\plugins\\datatables\\extensions\\Responsive\\examples\\child-rows\\disable-child-rows.html', 'D:\\Ky9\\Sample\\ARROW\\runs\\sample_selection\\distributed\\shard-3\\candidates\\00804_84616200_84616200_110\\workspace\\dubbo-monitor\\dubbo-monitor-handuyishe\\src\\main\\webapp\\resources\\plugins\\datatables\\extensions\\Responsive\\examples\\child-rows\\disable-child-rows.html', '[WinError 3] The system cannot find the path specified'), ('D:\\Ky9\\Sample\\ARROW\\repos\\84616200\\dubbo-monitor\\dubbo-monitor-handuyishe\\src\\main\\webapp\\resources\\plugins\\datatables\\extensions\\Responsive\\examples\\display-control\\complexHeader.html', 'D:\\Ky9\\Sample\\ARROW\\runs\\sample_selection\\distributed\\shard-3\\candidates\\00804_84616200_84616200_110\\workspace\\dubbo-monitor\\dubbo-monitor-handuyishe\\src\\main\\webapp\\resources\\plugins\\datatables\\extensions\\Responsive\\examples\\display-control\\complexHeader.html', '[WinError 3] The system cannot find the path specified'), ('D:\\Ky9\\Sample\\ARROW\\repos\\84616200\\dubbo-tool\\dubbo-demo-lite-archetype\\src\\main\\resources\\archetype-resources\\__rootArtifactId__-api\\src\\main\\java\\extension\\CustomExceptionMapper.java', 'D:\\Ky9\\Sample\\ARROW\\runs\\sample_selection\\distributed\\shard-3\\candidates\\00804_84616200_84616200_110\\workspace\\dubbo-tool\\dubbo-demo-lite-archetype\\src\\main\\resources\\archetype-resources\\__rootArtifactId__-api\\src\\main\\java\\extension\\CustomExceptionMapper.java', '[WinError 3] The system cannot find the path specified'), ('D:\\Ky9\\Sample\\ARROW\\repos\\84616200\\dubbo-tool\\dubbo-demo-lite-archetype\\src\\main\\resources\\archetype-resources\\__rootArtifactId__-api\\src\\main\\java\\extension\\DynamicTraceInterceptor.java', 'D:\\Ky9\\Sample\\ARROW\\runs\\sample_selection\\distributed\\shard-3\\candidates\\00804_84616200_84616200_110\\workspace\\dubb",7.240,D:\Ky9\Sample\ARROW\runs\sample_selection\distributed\shard-3\candidates\00804_84616200_84616200_110
809,54830123,54830123_2.json,https://github.com/xetys/jhipster-ribbon-hystrix,SwaggerBasePathRewritingFilter,gateway/src/main/java/de/stytex/foobar/gateway/responserewriting/SwaggerBasePathRewritingFilter.java,production,class,False,58,shouldFilter,4,@Override public,False,True,0,False,,8,ELIGIBLE,,gradle,gateway,junit4,8,D:\Ky9\Sample\ARROW\Java-version\java-8,auto-discovered JDK 8,,1,2,1,ASSERTION_FAILED,,,de.stytex.foobar.gateway.responserewriting.SwaggerBasePathRewritingFilter,,,,,EXCLUDED,baseline,failure: build failed with an exception.,73.574,D:\Ky9\Sample\ARROW\runs\sample_selection\distributed\shard-3\candidates\00809_54830123_54830123_2
814,26461674,26461674_12.json,https://github.com/abbaspour/urmia,JobGetRequest,source/lib-metadata/src/main/java/io/urmia/md/model/job/JobGetRequest.java,production,,,,fromJobGetHttpRequest,8,public static,True,True,,,,,ELIGIBLE,,,,,,,,,,2,0,,,,,,,,,EXCLUDED,setup,"RuntimeError: Repository setup failed after 3 attempts: CalledProcessError: Command '['git', '-c', 'core.longpaths=true', 'clone', '--depth', '1', 'https://github.com/abbaspour/urmia', 'D:\\Ky9\\Sample\\ARROW\\repos\\26461674']' returned non-zero exit status 128.",9.459,D:\Ky9\Sample\ARROW\runs\sample_selection\distributed\shard-3\candidates\00814_26461674_26461674_12
819,119123174,119123174_38.json,https://github.com/aafwu00/netflix-evcache-spring,EVCacheImpl,evcache-client-spring/src/main/java/com/github/aafwu00/evcache/client/spring/EVCacheImpl.java,production,,,,evict,4,@Override public,False,False,,,,,EXCLUDED,no_observable_behavior,,,,,,,,,2,0,,,,,,,,,EXCLUDED,semantic_metadata,no_observable_behavior,0.012,D:\Ky9\Sample\ARROW\runs\sample_selection\distributed\shard-3\candidates\00819_119123174_119123174_38
824,4738719,4738719_0.json,https://github.com/JacORB/JacORB,Time,core/src/main/java/org/jacorb/util/Time.java,production,,,,waitFor,21,public static,True,False,,,,,EXCLUDED,no_observable_behavior,,,,,,,,,2,0,,,,,,,,,EXCLUDED,semantic_metadata,no_observable_behavior,0.012,D:\Ky9\Sample\ARROW\runs\sample_selection\distributed\shard-3\candidates\00824_4738719_4738719_0
829,212625733,212625733_4.json,https://github.com/inversion-api/inversion-engine,CsvAction,inversion-api/src/main/java/io/inversion/action/misc/CsvAction.java,production,,,,run,23,@Override public,True,False,,,,,EXCLUDED,no_observable_behavior,,,,,,,,,2,0,,,,,,,,,EXCLUDED,semantic_metadata,no_observable_behavior,0.017,D:\Ky9\Sample\ARROW\runs\sample_selection\distributed\shard-3\candidates\00829_212625733_212625733_4
834,77496717,77496717_1.json,https://github.com/borfast/arrispwgen-android,Data,app/src/main/java/com/grounduphq/arrispwgen/Data.java,production,class,False,68,list2,7,static,True,True,0,False,,10,ELIGIBLE,,gradle,app,junit4,11,D:\Ky9\Sample\ARROW\Java-version\java-11,auto-discovered JDK 11,,1,2,1,ASSERTION_FAILED,,,com.grounduphq.arrispwgen.Data,,,,,EXCLUDED,baseline,failure: build failed with an exception.,56.818,D:\Ky9\Sample\ARROW\runs\sample_selection\distributed\shard-3\candidates\00834_77496717_77496717_1
839,32954678,32954678_5.json,https://github.com/overture-stack/score,MD5s,score-core/src/main/java/bio/overture/score/core/util/MD5s.java,production,class,False,55,toBase64,4,public static,False,True,0,False,,8,ELIGIBLE,,maven,score-core,junit4,11,D:\Ky9\Sample\ARROW\Java-version\java-11,auto-discovered JDK 11,,1,2,2,MODULE_TESTS_PASSED|MODULE_TESTS_PASSED,True,1,bio.overture.score.core.util.MD5s,True,TARGET_TEST_PASSED,MODULE_TESTS_PASSED,MODULE_TESTS_PASSED,ELIGIBLE,,,152.738,D:\Ky9\Sample\ARROW\runs\sample_selection\distributed\shard-3\candidates\00839_32954678_32954678_5
844,7735632,7735632_1.json,https://github.com/comtel2000/fx-experience,XmlHelper,fx-onscreen-keyboard/src/main/java/org/comtel2000/keyboard/xml/XmlHelper.java,production,class,False,95,readIntAttribute,9,public static,True,True,0,False,,9,ELIGIBLE,,maven,fx-onscreen-keyboard,junit5,17,D:\Ky9\Sample\ARROW\Java-version\java-17,auto-discovered JDK 17,,1,2,2,MODULE_TESTS_PASSED|MODULE_TESTS_PASSED,True,0,org.comtel2000.keyboard.xml.XmlHelper,True,TARGET_TEST_PASSED,MODULE_TESTS_PASSED,MODULE_TESTS_PASSED,ELIGIBLE,,,38.970,D:\Ky9\Sample\ARROW\runs\sample_selection\distributed\shard-3\candidates\00844_7735632_7735632_1
849,83753680,83753680_1.json,https://github.com/XiaoMi/ECFileCache,DataUtil,ECFileCache/src/main/java/com/xiaomi/filecache/ec/utils/DataUtil.java,production,class,False,127,concatArray2D,12,public static,True,True,0,False,,9,ELIGIBLE,,maven,ECFileCache,junit4,6,D:\Ky9\Sample\ARROW\Java-version\java-8,auto-discovered compatible JDK 8 for Java 6,,1,2,1,ASSERTION_FAILED,,,com.xiaomi.filecache.ec.utils.DataUtil,,,,,EXCLUDED,baseline,[info] ecfilecache ........................................ failure [ 1.135 s],5.097,D:\Ky9\Sample\ARROW\runs\sample_selection\distributed\shard-3\candidates\00849_83753680_83753680_1
854,150470825,150470825_2.json,https://github.com/dmalysiak/OOP-WS18,DatabaseConnection,exercise/src/main/java/solutions/exercise4/DatabaseConnection.java,production,,,,saveContainer,7,public,True,True,,,,,ELIGIBLE,,,,,,,,,,2,0,,,,,,,,,EXCLUDED,setup,"RuntimeError: Repository setup failed after 3 attempts: CalledProcessError: Command '['git', '-c', 'core.longpaths=true', 'clone', '--depth', '1', 'https://github.com/dmalysiak/OOP-WS18', 'D:\\Ky9\\Sample\\ARROW\\repos\\150470825']' returned non-zero exit status 128.",9.278,D:\Ky9\Sample\ARROW\runs\sample_selection\distributed\shard-3\candidates\00854_150470825_150470825_2
859,14538599,14538599_88.json,https://github.com/savoirtech/hecate,NativeConverter,pojo/src/main/java/com/savoirtech/hecate/pojo/convert/NativeConverter.java,production,,,,getDataType,4,@Override public,False,True,,,,,EXCLUDED,trivial_focal_method,,,,,,,,,2,0,,,,,,,,,EXCLUDED,semantic_metadata,trivial_focal_method,0.015,D:\Ky9\Sample\ARROW\runs\sample_selection\distributed\shard-3\candidates\00859_14538599_14538599_88
864,29350019,29350019_26.json,https://github.com/cortical-io/java-client-sdk,ExpressionsRetinaApiImpl,retina-service-java-api-client/src/main/java/io/cortical/services/ExpressionsRetinaApiImpl.java,production,,,,getContextsBulk,6,@Override public,False,True,,,,,ELIGIBLE,,,,,,,,,,2,0,,,,,,,,,EXCLUDED,setup,"RuntimeError: Repository setup failed after 3 attempts: CalledProcessError: Command '['git', '-c', 'core.longpaths=true', 'clone', '--depth', '1', 'https://github.com/cortical-io/java-client-sdk', 'D:\\Ky9\\Sample\\ARROW\\repos\\29350019']' returned non-zero exit status 128.",9.224,D:\Ky9\Sample\ARROW\runs\sample_selection\distributed\shard-3\candidates\00864_29350019_29350019_26
869,70711909,70711909_6.json,https://github.com/heremaps/here-aaa-java-sdk,ApacheHttpClientProvider,here-oauth-client/src/main/java/com/here/account/http/apache/ApacheHttpClientProvider.java,production,class,False,405,getRequest,15,@Override public,False,True,2,True,network,4,EXCLUDED,external_dependency_risk:network;testability_score_below_7,,,,,,,,1,2,0,,,,,,,,,EXCLUDED,semantic,external_dependency_risk:network;testability_score_below_7,1.902,D:\Ky9\Sample\ARROW\runs\sample_selection\distributed\shard-3\candidates\00869_70711909_70711909_6
874,104892792,104892792_0.json,https://github.com/bertrandmartel/sim-password-wallet,PasswordEntry,applet/src/main/java/fr/bmartel/smartcard/passwordwallet/PasswordEntry.java,production,,,,delete,9,static,True,False,,,,,EXCLUDED,no_observable_behavior,,,,,,,,,2,0,,,,,,,,,EXCLUDED,semantic_metadata,no_observable_behavior,0.011,D:\Ky9\Sample\ARROW\runs\sample_selection\distributed\shard-3\candidates\00874_104892792_104892792_0
879,3375991,3375991_0.json,https://github.com/onexus/onexus,QueryParser,org.onexus.collection.query.parser/src/main/java/org/onexus/collection/query/parser/internal/QueryParser.java,production,class,False,93,parseQuery,13,@Override public,True,True,0,False,,10,ELIGIBLE,,maven,org.onexus.collection.query.parser,junit4,3,D:\Ky9\Sample\ARROW\Java-version\java-8,auto-discovered compatible JDK 8 for Java 3,,1,2,1,ASSERTION_FAILED,,,org.onexus.collection.query.parser.internal.QueryParser,,,,,EXCLUDED,baseline,[info] org.onexus.collection.api .......................... failure [ 0.452 s],18.338,D:\Ky9\Sample\ARROW\runs\sample_selection\distributed\shard-3\candidates\00879_3375991_3375991_0
884,4802269,4802269_3.json,https://github.com/dnanexus/dx-toolkit,DXDataObject,src/java/src/main/java/com/dnanexus/DXDataObject.java,production,,,,getInstance,3,public static,False,True,,,,,EXCLUDED,trivial_focal_method,,,,,,,,,2,0,,,,,,,,,EXCLUDED,semantic_metadata,trivial_focal_method,0.012,D:\Ky9\Sample\ARROW\runs\sample_selection\distributed\shard-3\candidates\00884_4802269_4802269_3
889,6441969,6441969_0.json,https://github.com/odrotbohm/spring-restbucks,MonetaryAmountAttributeConverter,server/src/main/java/org/springsource/restbucks/core/MonetaryAmountAttributeConverter.java,production,class,False,55,convertToDatabaseColumn,4,@Override public,True,True,0,True,database,8,EXCLUDED,external_dependency_risk:database,,,,,,,22fd6f37cc185d685e0eae92673359f63f83bdbc,1,2,0,,,,,,,,,EXCLUDED,semantic,external_dependency_risk:database,7.730,D:\Ky9\Sample\ARROW\runs\sample_selection\distributed\shard-3\candidates\00889_6441969_6441969_0
894,16381579,16381579_0.json,https://github.com/MyCollab/mycollab,Version,mycollab-core/src/main/java/com/mycollab/core/Version.java,production,,,,isEditionNewer,3,public static,False,True,,,,,EXCLUDED,trivial_focal_method,,,,,,,,,2,0,,,,,,,,,EXCLUDED,semantic_metadata,trivial_focal_method,0.012,D:\Ky9\Sample\ARROW\runs\sample_selection\distributed\shard-3\candidates\00894_16381579_16381579_0
899,43682339,43682339_16.json,https://github.com/sterodium/selenium-grid-extensions,FileDownloadRequest,extension-clients/file-extension-client/src/main/java/io/sterodium/extensions/client/download/FileDownloadRequest.java,production,class,False,79,download,24,public,True,True,3,True,network|filesystem,9,EXCLUDED,external_dependency_risk:network|filesystem,,,,,,,,1,2,0,,,,,,,,,EXCLUDED,semantic,external_dependency_risk:network|filesystem,2.008,D:\Ky9\Sample\ARROW\runs\sample_selection\distributed\shard-3\candidates\00899_43682339_43682339_16
904,15994370,15994370_1.json,https://github.com/robertp1984/softwarecave,PeriodicTableAccessWS,periodictable/src/main/java/com/example/periodictable/ws/access/PeriodicTableAccessWS.java,production,class,False,66,getElementByAtomicNumber,20,"@Override @WebMethod(action = ""http://www.example.org/periodictableaccess/getElementByAtomicNumber"") @WebResult(name = ""element"", targetNamespace = """") @RequestWrapper(localName = ""getElementByAtomicNumber"", targetNamespace = ""http://www.example.org/periodictableaccess/"", className = ""com.example.periodictable.ws.access.GetElementByAtomicNumber"") @ResponseWrapper(localName = ""getElementByAtomicNumberResponse"", targetNamespace = ""http://www.example.org/periodictableaccess/"", className = ""com.example.periodictable.ws.access.GetElementByAtomicNumberResponse"") public",True,True,0,False,,9,ELIGIBLE,,maven,periodictable,junit4,7,D:\Ky9\Sample\ARROW\Java-version\java-8,auto-discovered compatible JDK 8 for Java 7,,1,2,2,MODULE_TESTS_PASSED|MODULE_TESTS_PASSED,True,0,com.example.periodictable.ws.access.PeriodicTableAccessWS,True,TARGET_TEST_PASSED,MODULE_TESTS_PASSED,MODULE_TESTS_PASSED,ELIGIBLE,,,55.137,D:\Ky9\Sample\ARROW\runs\sample_selection\distributed\shard-3\candidates\00904_15994370_15994370_1
909,21788064,21788064_1.json,https://github.com/sannies/mp4parser-smooth-streaming,AbstractManifestWriter,smooth-streaming-fragmenter/src/main/java/com/googlecode/mp4parser/authoring/adaptivestreaming/AbstractManifestWriter.java,production,class,True,91,getBitrate,9,public,True,True,1,False,,9,EXCLUDED,non_concrete:class:abstract,,,,,,,,1,2,0,,,,,,,,,EXCLUDED,semantic,non_concrete:class:abstract,6.545,D:\Ky9\Sample\ARROW\runs\sample_selection\distributed\shard-3\candidates\00909_21788064_21788064_1
914,104141049,104141049_0.json,https://github.com/networknt/light-session-4j,JdbcSessionRepository,jdbc-manager/src/main/java/com/networknt/session/jdbc/JdbcSessionRepository.java,production,,,,save,78,@Override public,True,False,,,,,EXCLUDED,no_observable_behavior,,,,,,,,,2,0,,,,,,,,,EXCLUDED,semantic_metadata,no_observable_behavior,0.011,D:\Ky9\Sample\ARROW\runs\sample_selection\distributed\shard-3\candidates\00914_104141049_104141049_0
919,75164823,75164823_212.json,https://github.com/apache/rocketmq,MessageClientIDSetter,common/src/main/java/org/apache/rocketmq/common/message/MessageClientIDSetter.java,production,class,False,139,getPidFromID,6,public static,False,True,0,True,nondeterminism,7,EXCLUDED,external_dependency_risk:nondeterminism,,,,,,,,1,2,0,,,,,,,,,EXCLUDED,semantic,external_dependency_risk:nondeterminism,6.928,D:\Ky9\Sample\ARROW\runs\sample_selection\distributed\shard-3\candidates\00919_75164823_75164823_212
924,16947368,16947368_1.json,https://github.com/wso2/product-as,WebappClassLoaderContext,modules/webapp-loader/src/main/java/org/wso2/appserver/webapp/loader/WebappClassLoaderContext.java,production,class,False,123,getProvidedRepositories,8,,False,True,1,True,filesystem,7,EXCLUDED,external_dependency_risk:filesystem,,,,,,,,1,2,0,,,,,,,,,EXCLUDED,semantic,external_dependency_risk:filesystem,3.079,D:\Ky9\Sample\ARROW\runs\sample_selection\distributed\shard-3\candidates\00924_16947368_16947368_1
929,1529695,1529695_10.json,https://github.com/arquillian/arquillian-extension-drone,StringUtils,drone-webdriver/src/main/java/org/jboss/arquillian/drone/webdriver/utils/StringUtils.java,production,,,,tokenize,15,public static,True,True,,,,,ELIGIBLE,,,,,,,,,1,2,0,,,,,,,,,EXCLUDED,setup,"Error: [('D:\\Ky9\\Sample\\ARROW\\repos\\1529695\\extension\\arquillian-drone-browserstack-extension\\src\\test\\java\\org\\arquillian\\drone\\browserstack\\extension\\webdriver\\BrowserStackWebDriverTestCase.java', 'D:\\Ky9\\Sample\\ARROW\\runs\\sample_selection\\distributed\\shard-3\\candidates\\00929_1529695_1529695_10\\workspace\\extension\\arquillian-drone-browserstack-extension\\src\\test\\java\\org\\arquillian\\drone\\browserstack\\extension\\webdriver\\BrowserStackWebDriverTestCase.java', '[WinError 3] The system cannot find the path specified')]",2.244,D:\Ky9\Sample\ARROW\runs\sample_selection\distributed\shard-3\candidates\00929_1529695_1529695_10
934,116761172,116761172_98.json,https://github.com/tmobile/t-vault,ServiceAccountsService,tvaultapi/src/main/java/com/tmobile/cso/vault/api/service/ServiceAccountsService.java,production,,,,removeGroupFromServiceAccount,160,public,True,True,,,,,ELIGIBLE,,,,,,,,,,2,0,,,,,,,,,EXCLUDED,setup,"RuntimeError: Repository setup failed after 3 attempts: CalledProcessError: Command '['git', '-c', 'core.longpaths=true', 'clone', '--depth', '1', 'https://github.com/tmobile/t-vault', 'D:\\Ky9\\Sample\\ARROW\\repos\\116761172']' returned non-zero exit status 128.",9.376,D:\Ky9\Sample\ARROW\runs\sample_selection\distributed\shard-3\candidates\00934_116761172_116761172_98
939,134827539,134827539_5.json,https://github.com/alt236/bluetoothdebug,AsciiUnprintableToUnicodeSymbolMapper,library/src/main/java/uk/co/alt236/bluetoothdebug/byteformat/AsciiUnprintableToUnicodeSymbolMapper.java,production,class,False,24,getChar,4,public,False,True,0,False,,8,ELIGIBLE,,gradle,library,junit4,unknown,D:\Ky9\Sample\ARROW\Java-version\java-8,Gradle 4.4 requires compatible JDK 8; auto-discovered,,1,2,1,ASSERTION_FAILED,,,uk.co.alt236.bluetoothdebug.byteformat.AsciiUnprintableToUnicodeSymbolMapper,,,,,EXCLUDED,baseline,failure: build failed with an exception.,27.764,D:\Ky9\Sample\ARROW\runs\sample_selection\distributed\shard-3\candidates\00939_134827539_134827539_5
944,145957544,145957544_19.json,https://github.com/hupfdule/kilt,FileMatcher,kilt-core/src/main/java/de/poiu/kilt/util/FileMatcher.java,production,class,False,191,matches,19,public,True,True,2,True,filesystem,8,EXCLUDED,external_dependency_risk:filesystem,,,,,,,,1,2,0,,,,,,,,,EXCLUDED,semantic,external_dependency_risk:filesystem,16.701,D:\Ky9\Sample\ARROW\runs\sample_selection\distributed\shard-3\candidates\00944_145957544_145957544_19
949,82968973,82968973_3.json,https://github.com/willowtreeapps/spruce-android,ContinuousWeightedSort,lib/src/main/java/com/willowtreeapps/spruce/sort/ContinuousWeightedSort.java,production,,,,getViewListWithTimeOffsets,33,@Override public,True,True,,,,,ELIGIBLE,,,,,,,,,,2,0,,,,,,,,,EXCLUDED,setup,"RuntimeError: Repository setup failed after 3 attempts: CalledProcessError: Command '['git', '-c', 'core.longpaths=true', 'clone', '--depth', '1', 'https://github.com/willowtreeapps/spruce-android', 'D:\\Ky9\\Sample\\ARROW\\repos\\82968973']' returned non-zero exit status 128.",9.255,D:\Ky9\Sample\ARROW\runs\sample_selection\distributed\shard-3\candidates\00949_82968973_82968973_3
954,4182801,4182801_33.json,https://github.com/derari/cthul,JavaSignatureComparator,objects/src/main/java/org/cthul/objects/reflection/JavaSignatureComparator.java,production,class,False,166,applicability,35,public,True,True,1,False,,9,ELIGIBLE,,maven,objects,junit4,target/generated-sources/freemarker,,JDK target/generated-sources/freemarker not mapped; using system default Java,,1,2,2,MODULE_TESTS_PASSED|MODULE_TESTS_PASSED,True,0,org.cthul.objects.reflection.JavaSignatureComparator,True,TARGET_TEST_PASSED,MODULE_TESTS_PASSED,MODULE_TESTS_PASSED,ELIGIBLE,,,40.254,D:\Ky9\Sample\ARROW\runs\sample_selection\distributed\shard-3\candidates\00954_4182801_4182801_33
959,60432093,60432093_6.json,https://github.com/ybayk/rxjava-recipes,RxGuava,rxjava-recipes-guava/src/main/java/ybayk/rxjava/recipes/guava/RxGuava.java,production,class,False,317,fromScalar,3,public static,False,True,0,False,,7,ELIGIBLE,,gradle,rxjava-recipes-guava,junit4,6,D:\Ky9\Sample\ARROW\Java-version\java-8,auto-discovered compatible JDK 8 for Java 6,,1,2,1,TOOL_ERROR,,,ybayk.rxjava.recipes.guava.RxGuava,,,,,EXCLUDED,baseline,[WinError 2] The system cannot find the file specified,2.030,D:\Ky9\Sample\ARROW\runs\sample_selection\distributed\shard-3\candidates\00959_60432093_60432093_6
964,48366700,48366700_19.json,https://github.com/dpreussler/mockitoid,AndroidMocks,lib/src/main/java/de/jodamob/mockitoid/AndroidMocks.java,production,class,False,264,mockActivity,5,public static,False,True,0,True,framework_context,6,EXCLUDED,external_dependency_risk:framework_context;testability_score_below_7,,,,,,,,1,2,0,,,,,,,,,EXCLUDED,semantic,external_dependency_risk:framework_context;testability_score_below_7,3.602,D:\Ky9\Sample\ARROW\runs\sample_selection\distributed\shard-3\candidates\00964_48366700_48366700_19
969,13292939,13292939_8.json,https://github.com/EKT/Biblio-Transformation-Engine,XPathRecord,bte-core/src/main/java/gr/ekt/bte/record/XPathRecord.java,production,class,False,112,getValues,22,@Override public,True,True,2,False,,10,ELIGIBLE,,maven,bte-core,junit4,7,D:\Ky9\Sample\ARROW\Java-version\java-8,auto-discovered compatible JDK 8 for Java 7,,1,2,2,MODULE_TESTS_PASSED|MODULE_TESTS_PASSED,True,0,gr.ekt.bte.record.XPathRecord,True,TARGET_TEST_PASSED,MODULE_TESTS_PASSED,MODULE_TESTS_PASSED,ELIGIBLE,,,25.993,D:\Ky9\Sample\ARROW\runs\sample_selection\distributed\shard-3\candidates\00969_13292939_13292939_8
974,111789186,111789186_23.json,https://github.com/SonarSource/sonarjs-cli,Main,mini-scanner/src/main/java/org/sonarsource/mini/scanner/Main.java,production,class,False,80,run,11,,True,True,4,True,filesystem,8,EXCLUDED,external_dependency_risk:filesystem,,,,,,,,1,2,0,,,,,,,,,EXCLUDED,semantic,external_dependency_risk:filesystem,2.734,D:\Ky9\Sample\ARROW\runs\sample_selection\distributed\shard-3\candidates\00974_111789186_111789186_23
979,43156715,43156715_0.json,https://github.com/pwittchen/ReactiveBeacons,Filter,library/src/main/java/com/github/pwittchen/reactivebeacons/library/rx2/Filter.java,production,class,False,153,proximityIsEqualTo,13,public static,True,True,0,False,,9,ELIGIBLE,,gradle,library,junit4,unknown,D:\Ky9\Sample\ARROW\Java-version\java-11,Gradle 6.2.1 requires compatible JDK 11; auto-discovered,,1,2,1,ASSERTION_FAILED,,,com.github.pwittchen.reactivebeacons.library.rx2.Filter,,,,,EXCLUDED,baseline,failure: build failed with an exception.,106.171,D:\Ky9\Sample\ARROW\runs\sample_selection\distributed\shard-3\candidates\00979_43156715_43156715_0
984,124862112,124862112_12.json,https://github.com/sofastack/sofa-ark,FileUtils,sofa-ark-parent/core/common/src/main/java/com/alipay/sofa/ark/common/util/FileUtils.java,production,,,,getCompatiblePath,6,public static,True,True,,,,,ELIGIBLE,,,,,,,,,1,2,0,,,,,,,,,EXCLUDED,setup,"Error: [('D:\\Ky9\\Sample\\ARROW\\repos\\124862112\\sofa-ark-parent\\support\\ark-springboot-integration\\ark-common-springboot\\src\\main\\java\\com\\alipay\\sofa\\ark\\springboot\\condition\\ConditionalOnArkEnabled.java', 'D:\\Ky9\\Sample\\ARROW\\runs\\sample_selection\\distributed\\shard-3\\candidates\\00984_124862112_124862112_12\\workspace\\sofa-ark-parent\\support\\ark-springboot-integration\\ark-common-springboot\\src\\main\\java\\com\\alipay\\sofa\\ark\\springboot\\condition\\ConditionalOnArkEnabled.java', '[WinError 3] The system cannot find the path specified'), ('D:\\Ky9\\Sample\\ARROW\\repos\\124862112\\sofa-ark-parent\\support\\ark-springboot-integration\\ark-common-springboot\\src\\main\\java\\com\\alipay\\sofa\\ark\\springboot\\condition\\ConditionalOnSpringBootVersion.java', 'D:\\Ky9\\Sample\\ARROW\\runs\\sample_selection\\distributed\\shard-3\\candidates\\00984_124862112_124862112_12\\workspace\\sofa-ark-parent\\support\\ark-springboot-integration\\ark-common-springboot\\src\\main\\java\\com\\alipay\\sofa\\ark\\springboot\\condition\\ConditionalOnSpringBootVersion.java', '[WinError 3] The system cannot find the path specified'), ('D:\\Ky9\\Sample\\ARROW\\repos\\124862112\\sofa-ark-parent\\support\\ark-springboot-integration\\ark-common-springboot\\src\\main\\java\\com\\alipay\\sofa\\ark\\springboot\\condition\\OnSpringBootVersion.java', 'D:\\Ky9\\Sample\\ARROW\\runs\\sample_selection\\distributed\\shard-3\\candidates\\00984_124862112_124862112_12\\workspace\\sofa-ark-parent\\support\\ark-springboot-integration\\ark-common-springboot\\src\\main\\java\\com\\alipay\\sofa\\ark\\springboot\\condition\\OnSpringBootVersion.java', '[WinError 3] The system cannot find the path specified'), ('D:\\Ky9\\Sample\\ARROW\\repos\\124862112\\sofa-ark-parent\\support\\ark-springboot-integration\\ark-compatible-springboot1\\src\\main\\java\\com\\alipay\\sofa\\ark\\springboot1\\CompatibleSpringBoot1AutoConfiguration.java', 'D:\\Ky9\\Sample\\ARROW\\runs\\sample_selection",22.440,D:\Ky9\Sample\ARROW\runs\sample_selection\distributed\shard-3\candidates\00984_124862112_124862112_12
989,208556644,208556644_4.json,https://github.com/JohT/showcase-quarkus-eventsourcing,NicknameChangedEvent,showcase-quarkus-eventsourcing/src/main/java/io/github/joht/showcase/quarkuseventsourcing/message/event/account/NicknameChangedEvent.java,production,,,,getAccountId,3,public,False,True,,,,,EXCLUDED,trivial_focal_method,,,,,,,,,2,0,,,,,,,,,EXCLUDED,semantic_metadata,trivial_focal_method,0.016,D:\Ky9\Sample\ARROW\runs\sample_selection\distributed\shard-3\candidates\00989_208556644_208556644_4
994,4599064,4599064_47.json,https://github.com/pentaho/pentaho-platform-plugin-reporting,ParameterXmlContentHandler,core/src/main/java/org/pentaho/reporting/platform/plugin/ParameterXmlContentHandler.java,production,,,,appendParametersList,30,protected,True,False,,,,,EXCLUDED,no_observable_behavior,,,,,,,,,2,0,,,,,,,,,EXCLUDED,semantic_metadata,no_observable_behavior,0.012,D:\Ky9\Sample\ARROW\runs\sample_selection\distributed\shard-3\candidates\00994_4599064_4599064_47
999,2548552,2548552_0.json,https://github.com/mariusneo/algorithmics,QuickSort,sorting/src/main/java/org/mg/sort/QuickSort.java,production,class,False,52,sort,9,public,True,True,0,False,,10,ELIGIBLE,,maven,sorting,junit4,8,D:\Ky9\Sample\ARROW\Java-version\java-8,auto-discovered JDK 8,,1,2,2,MODULE_TESTS_PASSED|MODULE_TESTS_PASSED,True,0,org.mg.sort.QuickSort,True,TARGET_TEST_PASSED,MODULE_TESTS_PASSED,MODULE_TESTS_PASSED,ELIGIBLE,,,19.656,D:\Ky9\Sample\ARROW\runs\sample_selection\distributed\shard-3\candidates\00999_2548552_2548552_0
1004,60178690,60178690_1.json,https://github.com/blackducksoftware/bdio,BlackDuckIoReader,bdio-tinkerpop/src/main/java/com/blackducksoftware/bdio2/tinkerpop/BlackDuckIoReader.java,production,class,False,193,readGraph,30,"@SuppressWarnings(""CheckReturnValue"") public",True,True,1,True,database,6,EXCLUDED,external_dependency_risk:database;testability_score_below_7,,,,,,,,1,2,0,,,,,,,,,EXCLUDED,semantic,external_dependency_risk:database;testability_score_below_7,2.196,D:\Ky9\Sample\ARROW\runs\sample_selection\distributed\shard-3\candidates\01004_60178690_60178690_1
1009,65776167,65776167_4.json,https://github.com/uber-archive/cherami-client-java,CheramiClientImpl,lib/src/main/java/com/uber/cherami/client/CheramiClientImpl.java,production,class,False,714,deleteConsumerGroup,32,@Override public,True,True,2,False,,8,ELIGIBLE,,maven,lib,junit4,src/main/gen-java,,JDK src/main/gen-java not mapped; using system default Java,,1,2,1,ASSERTION_FAILED,,,com.uber.cherami.client.CheramiClientImpl,,,,,EXCLUDED,baseline,[info] cherami ............................................ failure [ 4.197 s],8.016,D:\Ky9\Sample\ARROW\runs\sample_selection\distributed\shard-3\candidates\01009_65776167_65776167_4
1014,118326890,118326890_1.json,https://github.com/sigmaol/Tutorials,IdGenerator,id-generator/src/main/java/org/ko/id/generator/snowflake/IdGenerator.java,production,,,,simpleUUID,3,public,False,True,,,,,ELIGIBLE,,,,,,,,,1,2,0,,,,,,,,,EXCLUDED,setup,"Error: [('D:\\Ky9\\Sample\\ARROW\\repos\\118326890\\mybatis\\mybatis-plus-samples\\mybatis-plus-sample-optimistic-locker\\src\\main\\java\\com\\baomidou\\mybatisplus\\samples\\optlocker\\config\\MybatisPlusOptLockerConfig.java', 'D:\\Ky9\\Sample\\ARROW\\runs\\sample_selection\\distributed\\shard-3\\candidates\\01014_118326890_118326890_1\\workspace\\mybatis\\mybatis-plus-samples\\mybatis-plus-sample-optimistic-locker\\src\\main\\java\\com\\baomidou\\mybatisplus\\samples\\optlocker\\config\\MybatisPlusOptLockerConfig.java', '[WinError 3] The system cannot find the path specified'), ('D:\\Ky9\\Sample\\ARROW\\repos\\118326890\\mybatis\\mybatis-plus-samples\\mybatis-plus-sample-optimistic-locker\\src\\main\\java\\com\\baomidou\\mybatisplus\\samples\\optlocker\\OptlockerApplication.java', 'D:\\Ky9\\Sample\\ARROW\\runs\\sample_selection\\distributed\\shard-3\\candidates\\01014_118326890_118326890_1\\workspace\\mybatis\\mybatis-plus-samples\\mybatis-plus-sample-optimistic-locker\\src\\main\\java\\com\\baomidou\\mybatisplus\\samples\\optlocker\\OptlockerApplication.java', '[WinError 3] The system cannot find the path specified'), ('D:\\Ky9\\Sample\\ARROW\\repos\\118326890\\mybatis\\mybatis-plus-samples\\mybatis-plus-sample-quickstart-springmvc\\src\\main\\java\\com\\baomidou\\mybatisplus\\samples\\quickstart\\springmvc', 'D:\\Ky9\\Sample\\ARROW\\runs\\sample_selection\\distributed\\shard-3\\candidates\\01014_118326890_118326890_1\\workspace\\mybatis\\mybatis-plus-samples\\mybatis-plus-sample-quickstart-springmvc\\src\\main\\java\\com\\baomidou\\mybatisplus\\samples\\quickstart\\springmvc', ""[WinError 206] The filename or extension is too long: 'D:\\\\Ky9\\\\Sample\\\\ARROW\\\\runs\\\\sample_selection\\\\distributed\\\\shard-3\\\\candidates\\\\01014_118326890_118326890_1\\\\workspace\\\\mybatis\\\\mybatis-plus-samples\\\\mybatis-plus-sample-quickstart-springmvc\\\\src\\\\main\\\\java\\\\com\\\\baomidou\\\\mybatisplus\\\\samples\\\\quickstart\\\\springmvc'""), ('D:\\Ky9\\Sampl",38.930,D:\Ky9\Sample\ARROW\runs\sample_selection\distributed\shard-3\candidates\01014_118326890_118326890_1
1019,45489191,45489191_11.json,https://github.com/KostyaSha/yet-another-docker-plugin,DockerJavaUtils,yet-another-docker-plugin/src/main/java/com/github/kostyasha/yad/utils/DockerJavaUtils.java,production,class,False,19,getAuthConfig,6,@CheckForNull public static,False,True,0,False,,6,EXCLUDED,testability_score_below_7,,,,,,,,1,2,0,,,,,,,,,EXCLUDED,semantic,testability_score_below_7,2.000,D:\Ky9\Sample\ARROW\runs\sample_selection\distributed\shard-3\candidates\01019_45489191_45489191_11
1024,31696454,31696454_50.json,https://github.com/oci-pronghorn/Pronghorn,Pipe,pronghorn-pipes/src/main/java/com/ociweb/pronghorn/pipe/Pipe.java,production,,,,addASCII,3,public static,True,False,,,,,EXCLUDED,no_observable_behavior,,,,,,,,,2,0,,,,,,,,,EXCLUDED,semantic_metadata,no_observable_behavior,0.020,D:\Ky9\Sample\ARROW\runs\sample_selection\distributed\shard-3\candidates\01024_31696454_31696454_50
1029,146856200,146856200_0.json,https://github.com/chatopera/cosin,CronTools,contact-center/app/src/main/java/com/chatopera/cc/util/CronTools.java,production,class,False,39,getFinalFireTime,4,public static,True,True,0,False,,9,ELIGIBLE,,maven,contact-center\app,junit4,8,D:\Ky9\Sample\ARROW\Java-version\java-8,auto-discovered JDK 8,43cc20db691c16f7296736489ffd3abdfc580371,1,2,1,BUILD_TIMEOUT,,,com.chatopera.cc.util.CronTools,,,,,EXCLUDED,baseline,build timeout,925.655,D:\Ky9\Sample\ARROW\runs\sample_selection\distributed\shard-3\candidates\01029_146856200_146856200_0
1034,32403249,32403249_11.json,https://github.com/wildfly-swarm-archive/ARCHIVE-wildfly-swarm,MavenArtifactDescriptor,bootstrap/src/main/java/org/wildfly/swarm/bootstrap/util/MavenArtifactDescriptor.java,production,class,False,169,fromMscGav,10,public static,True,True,3,True,filesystem,9,EXCLUDED,external_dependency_risk:filesystem,,,,,,,,1,2,0,,,,,,,,,EXCLUDED,semantic,external_dependency_risk:filesystem,4.492,D:\Ky9\Sample\ARROW\runs\sample_selection\distributed\shard-3\candidates\01034_32403249_32403249_11
1039,41371218,41371218_1.json,https://github.com/Hi4Joker/Design_More_R,RefWatcher,leakcanary-watcher/src/main/java/com/squareup/leakcanary/RefWatcher.java,production,,,,watch,3,public,False,False,,,,,EXCLUDED,no_observable_behavior,,,,,,,,,2,0,,,,,,,,,EXCLUDED,semantic_metadata,no_observable_behavior,0.019,D:\Ky9\Sample\ARROW\runs\sample_selection\distributed\shard-3\candidates\01039_41371218_41371218_1
1044,16695331,16695331_1.json,https://github.com/chanedi/QuickProject,CodeGenerator,QuickProject-Generator/src/main/java/chanedi/generator/CodeGenerator.java,production,class,False,74,generateDaoGetMethod,35,public static,True,True,0,False,,10,ELIGIBLE,,maven,QuickProject-Generator,junit4,6,D:\Ky9\Sample\ARROW\Java-version\java-8,auto-discovered compatible JDK 8 for Java 6,,1,2,1,RUNTIME_FAILED,,,chanedi.generator.CodeGenerator,,,,,EXCLUDED,baseline,error:java.lang.illegalstateexception:no match found,19.951,D:\Ky9\Sample\ARROW\runs\sample_selection\distributed\shard-3\candidates\01044_16695331_16695331_1
1049,133151090,133151090_2.json,https://github.com/PhilippHeuer/events4j,EventManager,core/src/main/java/com/github/philippheuer/events4j/core/EventManager.java,production,class,False,243,hasEventHandler,4,public,False,True,0,False,,7,ELIGIBLE,,gradle,core,junit5,1,D:\Ky9\Sample\ARROW\Java-version\java-8,auto-discovered compatible JDK 8 for Java 1,,1,2,1,ASSERTION_FAILED,,,com.github.philippheuer.events4j.core.EventManager,,,,,EXCLUDED,baseline,failure: build failed with an exception.,38.318,D:\Ky9\Sample\ARROW\runs\sample_selection\distributed\shard-3\candidates\01049_133151090_133151090_2
1054,120970441,120970441_4.json,https://github.com/GoogleCloudPlatform/DataflowTemplates,CsvToElasticsearch,v2/csv-to-elasticsearch/src/main/java/com/google/cloud/teleport/v2/templates/CsvToElasticsearch.java,production,,,,run,85,private static,True,True,,,,,EXCLUDED,focal_method_not_directly_testable,,,,,,,,,2,0,,,,,,,,,EXCLUDED,semantic_metadata,focal_method_not_directly_testable,0.011,D:\Ky9\Sample\ARROW\runs\sample_selection\distributed\shard-3\candidates\01054_120970441_120970441_4
1059,125707710,125707710_0.json,https://github.com/GeXyu/quick-cli-java,FastDFSRepository,quick-common/src/main/java/cn/xiuyu/core/fastdfs/FastDFSRepository.java,production,class,False,151,uploadFile,22,public,True,True,0,True,filesystem,8,EXCLUDED,external_dependency_risk:filesystem,,,,,,,,1,2,0,,,,,,,,,EXCLUDED,semantic,external_dependency_risk:filesystem,1.948,D:\Ky9\Sample\ARROW\runs\sample_selection\distributed\shard-3\candidates\01059_125707710_125707710_0
1064,47790264,47790264_0.json,https://github.com/paypal/resteasy-spring-boot,ResteasyEmbeddedServletInitializer,resteasy-spring-boot-starter/src/main/java/com/paypal/springboot/resteasy/ResteasyEmbeddedServletInitializer.java,production,,,,postProcessBeanFactory,25,public,True,False,,,,,EXCLUDED,no_observable_behavior,,,,,,,,,2,0,,,,,,,,,EXCLUDED,semantic_metadata,no_observable_behavior,0.017,D:\Ky9\Sample\ARROW\runs\sample_selection\distributed\shard-3\candidates\01064_47790264_47790264_0
1069,22794824,22794824_95.json,https://github.com/fyodor-org-uk/fyodor,DefaultRandomValues,fyodor-core/src/main/java/uk/org/fyodor/random/DefaultRandomValues.java,production,class,False,98,randomInteger,16,@Override public,True,True,1,False,,10,ELIGIBLE,,maven,fyodor-core,junit4,8,D:\Ky9\Sample\ARROW\Java-version\java-8,auto-discovered JDK 8,,1,2,1,COMPILE_FAILED,,,uk.org.fyodor.random.DefaultRandomValues,,,,,EXCLUDED,baseline,tests in error:,27.254,D:\Ky9\Sample\ARROW\runs\sample_selection\distributed\shard-3\candidates\01069_22794824_22794824_95
1074,23813195,23813195_6.json,https://github.com/square/burst,BurstableConstructor,burst/src/main/java/com/squareup/burst/BurstableConstructor.java,production,class,False,86,findSingle,13,public static,True,True,0,False,,9,ELIGIBLE,,maven,burst,junit4,7,D:\Ky9\Sample\ARROW\Java-version\java-8,auto-discovered compatible JDK 8 for Java 7,,1,2,2,MODULE_TESTS_PASSED|MODULE_TESTS_PASSED,True,0,com.squareup.burst.BurstableConstructor,True,TARGET_TEST_PASSED,MODULE_TESTS_PASSED,MODULE_TESTS_PASSED,ELIGIBLE,,,20.896,D:\Ky9\Sample\ARROW\runs\sample_selection\distributed\shard-3\candidates\01074_23813195_23813195_6
1079,9922054,9922054_0.json,https://github.com/google/gwtmockito,MyWidget,gwtmockito-sample/src/main/java/sample/MyWidget.java,production,,,,setName,3,public,False,False,,,,,EXCLUDED,trivial_focal_method;no_observable_behavior,,,,,,,,,2,0,,,,,,,,,EXCLUDED,semantic_metadata,trivial_focal_method;no_observable_behavior,0.012,D:\Ky9\Sample\ARROW\runs\sample_selection\distributed\shard-3\candidates\01079_9922054_9922054_0
1084,56590318,56590318_0.json,https://github.com/52North/eventing-rest-api,ConfigurationTemplatesDao,core/src/main/java/org/n52/eventing/rest/templates/ConfigurationTemplatesDao.java,production,class,False,147,loadTemplate,5,protected,False,True,1,True,filesystem,6,EXCLUDED,external_dependency_risk:filesystem;testability_score_below_7,,,,,,,,1,2,0,,,,,,,,,EXCLUDED,semantic,external_dependency_risk:filesystem;testability_score_below_7,1.832,D:\Ky9\Sample\ARROW\runs\sample_selection\distributed\shard-3\candidates\01084_56590318_56590318_0
1089,48500629,48500629_89.json,https://github.com/ScaCap/spring-auto-restdocs,ConstraintAndGroupDescriptionResolver,spring-auto-restdocs-core/src/main/java/capital/scalable/restdocs/constraints/ConstraintAndGroupDescriptionResolver.java,production,class,False,85,getGroups,11,@Override public,True,True,2,False,,9,ELIGIBLE,,maven,spring-auto-restdocs-core,junit4,8,D:\Ky9\Sample\ARROW\Java-version\java-8,auto-discovered JDK 8,,1,2,1,ASSERTION_FAILED,,,capital.scalable.restdocs.constraints.ConstraintAndGroupDescriptionResolver,,,,,EXCLUDED,baseline,[info] spring auto rest docs core ......................... failure [ 12.493 s],30.037,D:\Ky9\Sample\ARROW\runs\sample_selection\distributed\shard-3\candidates\01089_48500629_48500629_89
1094,55516736,55516736_4.json,https://github.com/OpenChatAlytics/OpenChatAlytics,YamlUtils,core/src/main/java/com/chatalytics/core/util/YamlUtils.java,production,class,False,67,readChatAlyticsConfig,3,public static,False,True,0,False,,8,ELIGIBLE,,maven,core,junit4,8,D:\Ky9\Sample\ARROW\Java-version\java-8,auto-discovered JDK 8,,1,2,2,MODULE_TESTS_PASSED|MODULE_TESTS_PASSED,True,0,com.chatalytics.core.util.YamlUtils,True,TARGET_TEST_PASSED,MODULE_TESTS_PASSED,MODULE_TESTS_PASSED,ELIGIBLE,,,46.103,D:\Ky9\Sample\ARROW\runs\sample_selection\distributed\shard-3\candidates\01094_55516736_55516736_4
1099,41115262,41115262_0.json,https://github.com/evernote/android-job,JobExecutor,library/src/main/java/com/evernote/android/job/JobExecutor.java,production,,,,cleanUpRoutine,10,"@VisibleForTesting @SuppressLint(""UseSparseArrays"")",True,False,,,,,EXCLUDED,no_observable_behavior,,,,,,,,,2,0,,,,,,,,,EXCLUDED,semantic_metadata,no_observable_behavior,0.024,D:\Ky9\Sample\ARROW\runs\sample_selection\distributed\shard-3\candidates\01099_41115262_41115262_0
1104,189841989,189841989_2.json,https://github.com/Paul2708/simple-commands,Combinator,core/src/main/java/de/paul2708/commands/core/math/Combinator.java,production,class,False,57,combinations,24,public static,True,True,0,False,,10,ELIGIBLE,,maven,core,junit5,14,,JDK 14 not mapped; using system default Java,,1,2,2,MODULE_TESTS_PASSED|MODULE_TESTS_PASSED,True,1,de.paul2708.commands.core.math.Combinator,True,TARGET_TEST_PASSED,MODULE_TESTS_PASSED,MODULE_TESTS_PASSED,ELIGIBLE,,,75.234,D:\Ky9\Sample\ARROW\runs\sample_selection\distributed\shard-3\candidates\01104_189841989_189841989_2
1109,936063,936063_4.json,https://github.com/stephenc/java-iso-tools,CreateISO,iso9660-writer/src/main/java/com/github/stephenc/javaisotools/iso9660/impl/CreateISO.java,production,,,,process,39,public,True,True,,,,,ELIGIBLE,,,,,,,,,1,2,0,,,,,,,,,EXCLUDED,setup,"Error: [('D:\\Ky9\\Sample\\ARROW\\repos\\936063\\iso9660-maven-plugin\\src\\it\\truncate\\src\\main\\resources\\012345678901234567890123456789012345678901234567890123456789012345678901234567890123456789012345.txt', 'D:\\Ky9\\Sample\\ARROW\\runs\\sample_selection\\distributed\\shard-3\\candidates\\01109_936063_936063_4\\workspace\\iso9660-maven-plugin\\src\\it\\truncate\\src\\main\\resources\\012345678901234567890123456789012345678901234567890123456789012345678901234567890123456789012345.txt', '[WinError 3] The system cannot find the path specified')]",2.029,D:\Ky9\Sample\ARROW\runs\sample_selection\distributed\shard-3\candidates\01109_936063_936063_4
1114,66157799,66157799_1.json,https://github.com/drinkjava2/jSqlBox,TeamService,demo/jsqlbox-jbooox/src/main/java/com/jsqlboxdemo/service/TeamService.java,production,class,False,29,listEqual,4,@TX public,False,True,0,False,,8,ELIGIBLE,,maven,demo\jsqlbox-jbooox,junit4,src/main/resources,,JDK src/main/resources not mapped; using system default Java,,1,2,1,COMPILE_FAILED,,,com.jsqlboxdemo.service.TeamService,,,,,EXCLUDED,baseline,java.lang.noclassdeffounderror: could not initialize class com.github.drinkjava2.cglib.proxy.enhancer,12.122,D:\Ky9\Sample\ARROW\runs\sample_selection\distributed\shard-3\candidates\01114_66157799_66157799_1
1119,33185377,33185377_50.json,https://github.com/hawkular/hawkular-agent,ConfigManager,hawkular-javaagent/src/main/java/org/hawkular/agent/javaagent/config/ConfigManager.java,production,,,,updateConfiguration,13,public,True,True,,,,,ELIGIBLE,,,,,,,,,1,2,0,,,,,,,,,EXCLUDED,setup,"Error: [('D:\\Ky9\\Sample\\ARROW\\repos\\33185377\\eap6-support\\hawkular-javaagent-wildfly-feature-pack-eap6\\src\\main\\resources\\featurepack\\content\\standalone\\configuration\\hawkular-javaagent-config.yaml', 'D:\\Ky9\\Sample\\ARROW\\runs\\sample_selection\\distributed\\shard-3\\candidates\\01119_33185377_33185377_50\\workspace\\eap6-support\\hawkular-javaagent-wildfly-feature-pack-eap6\\src\\main\\resources\\featurepack\\content\\standalone\\configuration\\hawkular-javaagent-config.yaml', '[WinError 3] The system cannot find the path specified'), ('D:\\Ky9\\Sample\\ARROW\\repos\\33185377\\hawkular-javaagent-itest-parent\\hawkular-javaagent-all-itests\\hawkular-javaagent-cmdgw-itest\\src\\test\\java\\org\\hawkular\\agent\\ws\\test\\AbstractCommandITest.java', 'D:\\Ky9\\Sample\\ARROW\\runs\\sample_selection\\distributed\\shard-3\\candidates\\01119_33185377_33185377_50\\workspace\\hawkular-javaagent-itest-parent\\hawkular-javaagent-all-itests\\hawkular-javaagent-cmdgw-itest\\src\\test\\java\\org\\hawkular\\agent\\ws\\test\\AbstractCommandITest.java', '[WinError 3] The system cannot find the path specified'), ('D:\\Ky9\\Sample\\ARROW\\repos\\33185377\\hawkular-javaagent-itest-parent\\hawkular-javaagent-all-itests\\hawkular-javaagent-cmdgw-itest\\src\\test\\java\\org\\hawkular\\agent\\ws\\test\\DatasourceCommandITest.java', 'D:\\Ky9\\Sample\\ARROW\\runs\\sample_selection\\distributed\\shard-3\\candidates\\01119_33185377_33185377_50\\workspace\\hawkular-javaagent-itest-parent\\hawkular-javaagent-all-itests\\hawkular-javaagent-cmdgw-itest\\src\\test\\java\\org\\hawkular\\agent\\ws\\test\\DatasourceCommandITest.java', '[WinError 3] The system cannot find the path specified'), ('D:\\Ky9\\Sample\\ARROW\\repos\\33185377\\hawkular-javaagent-itest-parent\\hawkular-javaagent-all-itests\\hawkular-javaagent-cmdgw-itest\\src\\test\\java\\org\\hawkular\\agent\\ws\\test\\ExecuteOperationCommandITest.java', 'D:\\Ky9\\Sample\\ARROW\\runs\\sample_selection\\distributed\\shard-3\\c",2.184,D:\Ky9\Sample\ARROW\runs\sample_selection\distributed\shard-3\candidates\01119_33185377_33185377_50
1124,36518071,36518071_18.json,https://github.com/skarpushin/summerb,UserServiceImpl,summerb-users/src/main/java/org/summerb/users/impl/UserServiceImpl.java,production,class,False,230,findUsersByDisplayNamePartial,11,@Override public,True,True,0,False,,9,ELIGIBLE,,maven,summerb-users,junit5,unknown,,no project java version detected,,1,2,1,ASSERTION_FAILED,,,org.summerb.users.impl.UserServiceImpl,,,,,EXCLUDED,baseline,"[info] tests run: 2, failures: 0, errors: 0, skipped: 0, time elapsed: 0.079 s -- in org.summerb.utils.easycrud.api.dto.tools.entitychangedeventadaptertest",47.220,D:\Ky9\Sample\ARROW\runs\sample_selection\distributed\shard-3\candidates\01124_36518071_36518071_18
1129,46116537,46116537_62.json,https://github.com/Hrabovszki1023/OKW,OKW_Helper,core/src/main/java/okw/OKW_Helper.java,production,class,False,660,String2Boolean,39,public static,True,True,0,False,,9,ELIGIBLE,,maven,core,unknown,8,D:\Ky9\Sample\ARROW\Java-version\java-8,auto-discovered JDK 8,,1,2,1,ASSERTION_FAILED,,,okw.OKW_Helper,,,,,EXCLUDED,baseline,[info] okw - openkeyword .................................. failure [ 0.646 s],14.475,D:\Ky9\Sample\ARROW\runs\sample_selection\distributed\shard-3\candidates\01129_46116537_46116537_62
1134,206452,206452_0.json,https://github.com/apache/roller,PropertyExpander,app/src/main/java/org/apache/roller/util/PropertyExpander.java,production,class,False,81,expandProperties,20,public static,True,True,0,False,,10,ELIGIBLE,,maven,app,junit5,11,D:\Ky9\Sample\ARROW\Java-version\java-11,auto-discovered JDK 11,,1,2,2,MODULE_TESTS_PASSED|MODULE_TESTS_PASSED,True,0,org.apache.roller.util.PropertyExpander,True,TARGET_TEST_PASSED,MODULE_TESTS_PASSED,MODULE_TESTS_PASSED,ELIGIBLE,,,329.475,D:\Ky9\Sample\ARROW\runs\sample_selection\distributed\shard-3\candidates\01134_206452_206452_0
1139,21217047,21217047_133.json,https://github.com/mattunderscorechampion/tree-root,FixedUncheckedSimpleCollection,simple-collections/src/main/java/com/mattunderscore/simple/collections/FixedUncheckedSimpleCollection.java,production,class,False,96,structuralIterator,4,@Override public,False,True,1,False,,8,ELIGIBLE,,maven,simple-collections,junit4,8,D:\Ky9\Sample\ARROW\Java-version\java-8,auto-discovered JDK 8,,1,2,2,MODULE_TESTS_PASSED|MODULE_TESTS_PASSED,True,1,com.mattunderscore.simple.collections.FixedUncheckedSimpleCollection,True,TARGET_TEST_PASSED,MODULE_TESTS_PASSED,MODULE_TESTS_PASSED,ELIGIBLE,,,36.396,D:\Ky9\Sample\ARROW\runs\sample_selection\distributed\shard-3\candidates\01139_21217047_21217047_133
1144,66303306,66303306_19.json,https://github.com/bazaarvoice/emodb,RowKeyUtils,table/src/main/java/com/bazaarvoice/emodb/table/db/astyanax/RowKeyUtils.java,production,class,False,189,computeShardsLog2,5,static,True,True,0,False,,10,ELIGIBLE,,maven,table,testng,64,,JDK 64 not mapped; using system default Java,,1,2,1,ASSERTION_FAILED,,,com.bazaarvoice.emodb.table.db.astyanax.RowKeyUtils,,,,,EXCLUDED,baseline,"[info] tests run: 9, failures: 0, errors: 0, skipped: 0, time elapsed: 0.701 s - in testsuite",128.801,D:\Ky9\Sample\ARROW\runs\sample_selection\distributed\shard-3\candidates\01144_66303306_66303306_19
1149,45755430,45755430_16.json,https://github.com/Discord4J/Discord4J,ChannelService,rest/src/main/java/discord4j/rest/service/ChannelService.java,production,class,False,288,deleteReaction,5,public,False,True,1,False,,8,ELIGIBLE,,gradle,rest,junit5,1,D:\Ky9\Sample\ARROW\Java-version\java-8,auto-discovered compatible JDK 8 for Java 1,,1,2,1,ASSERTION_FAILED,,,discord4j.rest.service.ChannelService,,,,,EXCLUDED,baseline,failure: build failed with an exception.,70.372,D:\Ky9\Sample\ARROW\runs\sample_selection\distributed\shard-3\candidates\01149_45755430_45755430_16
1154,44169642,44169642_188.json,https://github.com/boweite/StreamCQL,RelationExpression,streaming/src/main/java/com/huawei/streaming/expression/RelationExpression.java,production,class,False,210,evaluate,11,@Override public,True,True,3,False,,9,ELIGIBLE,,maven,streaming,junit4,7,D:\Ky9\Sample\ARROW\Java-version\java-8,auto-discovered compatible JDK 8 for Java 7,,1,2,1,ASSERTION_FAILED,,,com.huawei.streaming.expression.RelationExpression,,,,,EXCLUDED,baseline,failure:org.junit.comparisonfailure:expected:<[openjdk] runtime environment> but was:<[java(tm) se] runtime environment>,25.099,D:\Ky9\Sample\ARROW\runs\sample_selection\distributed\shard-3\candidates\01154_44169642_44169642_188
1159,91956337,91956337_0.json,https://github.com/worgent/weixin-membercard,WXBizMsgCrypt,src/main/java/com/qq/weixin/mp/aes/WXBizMsgCrypt.java,production,class,False,253,encrypt,34,,True,True,3,True,nondeterminism,9,EXCLUDED,external_dependency_risk:nondeterminism,,,,,,,,1,2,0,,,,,,,,,EXCLUDED,semantic,external_dependency_risk:nondeterminism,5.423,D:\Ky9\Sample\ARROW\runs\sample_selection\distributed\shard-3\candidates\01159_91956337_91956337_0
1164,80869640,80869640_0.json,https://github.com/ipcjs/ScreenshotTile,Utils,app/src/main/java/com/github/ipcjs/screenshottile/Utils.java,production,,,,p,4,public static,True,False,,,,,EXCLUDED,no_observable_behavior,,,,,,,,,2,0,,,,,,,,,EXCLUDED,semantic_metadata,no_observable_behavior,0.010,D:\Ky9\Sample\ARROW\runs\sample_selection\distributed\shard-3\candidates\01164_80869640_80869640_0
1169,17960746,17960746_137.json,https://github.com/jMonkeyEngine/jmonkeyengine,Material,jme3-core/src/main/java/com/jme3/material/Material.java,production,,,,setTexture,25,public,True,True,,,,,ELIGIBLE,,,,,,,,,1,2,0,,,,,,,,,EXCLUDED,setup,"Error: [('D:\\Ky9\\Sample\\ARROW\\repos\\17960746\\jme3-screenshot-tests\\jme3-screenshot-tests-android\\src\\androidTest\\java\\org\\jmonkeyengine\\screenshottests\\android\\android\\ExtentReportExtensionJunit4.java', 'D:\\Ky9\\Sample\\ARROW\\runs\\sample_selection\\distributed\\shard-3\\candidates\\01169_17960746_17960746_137\\workspace\\jme3-screenshot-tests\\jme3-screenshot-tests-android\\src\\androidTest\\java\\org\\jmonkeyengine\\screenshottests\\android\\android\\ExtentReportExtensionJunit4.java', '[WinError 3] The system cannot find the path specified'), ('D:\\Ky9\\Sample\\ARROW\\repos\\17960746\\jme3-screenshot-tests\\jme3-screenshot-tests-android\\src\\androidTest\\java\\org\\jmonkeyengine\\screenshottests\\android\\android\\ScreenshotTestAndroidBase.java', 'D:\\Ky9\\Sample\\ARROW\\runs\\sample_selection\\distributed\\shard-3\\candidates\\01169_17960746_17960746_137\\workspace\\jme3-screenshot-tests\\jme3-screenshot-tests-android\\src\\androidTest\\java\\org\\jmonkeyengine\\screenshottests\\android\\android\\ScreenshotTestAndroidBase.java', '[WinError 3] The system cannot find the path specified'), ('D:\\Ky9\\Sample\\ARROW\\repos\\17960746\\jme3-screenshot-tests\\jme3-screenshot-tests-android\\src\\androidTest\\java\\org\\jmonkeyengine\\screenshottests\\android\\scene\\instancing\\TestInstanceNodeWithPbr.java', 'D:\\Ky9\\Sample\\ARROW\\runs\\sample_selection\\distributed\\shard-3\\candidates\\01169_17960746_17960746_137\\workspace\\jme3-screenshot-tests\\jme3-screenshot-tests-android\\src\\androidTest\\java\\org\\jmonkeyengine\\screenshottests\\android\\scene\\instancing\\TestInstanceNodeWithPbr.java', '[WinError 3] The system cannot find the path specified'), ('D:\\Ky9\\Sample\\ARROW\\repos\\17960746\\jme3-screenshot-tests\\jme3-screenshot-tests-android\\src\\main\\resources\\org.jmonkeyengine.screenshottests.android.animation.TestIssue2076.testIssue2076_f1.png', 'D:\\Ky9\\Sample\\ARROW\\runs\\sample_selection\\distributed\\shard-3\\candidates\\01169_1796",173.656,D:\Ky9\Sample\ARROW\runs\sample_selection\distributed\shard-3\candidates\01169_17960746_17960746_137
1174,21357013,21357013_18.json,https://github.com/marat-gainullin/platypus-js,ExelTemplate,platypus-js-reports/src/main/java/com/eas/client/reports/ExelTemplate.java,production,,,,generateDataNamedMap,9,protected,True,False,,,,,EXCLUDED,no_observable_behavior,,,,,,,,,2,0,,,,,,,,,EXCLUDED,semantic_metadata,no_observable_behavior,0.014,D:\Ky9\Sample\ARROW\runs\sample_selection\distributed\shard-3\candidates\01174_21357013_21357013_18
1179,56729247,56729247_5.json,https://github.com/TestingResearchIllinois/NonDex,CleanSurefireExecution,nondex-maven-plugin/src/main/java/edu/illinois/nondex/plugin/CleanSurefireExecution.java,production,,,,sanitizeAndRemoveEnvironmentVars,10,protected static,True,True,,,,,ELIGIBLE,,,,,,,,,1,2,0,,,,,,,,,EXCLUDED,setup,"Error: [('D:\\Ky9\\Sample\\ARROW\\repos\\56729247\\nondex-gradle-plugin\\plugin\\src\\functionalTest\\resources\\clean-it with-whitespace-in-path\\src\\test\\java\\edu\\illinois\\nondex\\functionalTest\\AppTest.java', 'D:\\Ky9\\Sample\\ARROW\\runs\\sample_selection\\distributed\\shard-3\\candidates\\01179_56729247_56729247_5\\workspace\\nondex-gradle-plugin\\plugin\\src\\functionalTest\\resources\\clean-it with-whitespace-in-path\\src\\test\\java\\edu\\illinois\\nondex\\functionalTest\\AppTest.java', '[WinError 3] The system cannot find the path specified'), ('D:\\Ky9\\Sample\\ARROW\\repos\\56729247\\nondex-gradle-plugin\\plugin\\src\\functionalTest\\resources\\comprehensive-it\\src\\test\\java\\edu\\illinois\\nondex\\functionalTest\\DecimalFormatSymbolsTest.java', 'D:\\Ky9\\Sample\\ARROW\\runs\\sample_selection\\distributed\\shard-3\\candidates\\01179_56729247_56729247_5\\workspace\\nondex-gradle-plugin\\plugin\\src\\functionalTest\\resources\\comprehensive-it\\src\\test\\java\\edu\\illinois\\nondex\\functionalTest\\DecimalFormatSymbolsTest.java', '[WinError 3] The system cannot find the path specified'), ('D:\\Ky9\\Sample\\ARROW\\repos\\56729247\\nondex-gradle-plugin\\plugin\\src\\functionalTest\\resources\\simple-multimodule-it\\module1\\src\\test\\java\\edu\\illinois\\nondex\\functionalTest\\SimpleTest.java', 'D:\\Ky9\\Sample\\ARROW\\runs\\sample_selection\\distributed\\shard-3\\candidates\\01179_56729247_56729247_5\\workspace\\nondex-gradle-plugin\\plugin\\src\\functionalTest\\resources\\simple-multimodule-it\\module1\\src\\test\\java\\edu\\illinois\\nondex\\functionalTest\\SimpleTest.java', '[WinError 3] The system cannot find the path specified'), ('D:\\Ky9\\Sample\\ARROW\\repos\\56729247\\nondex-gradle-plugin\\plugin\\src\\functionalTest\\resources\\simple-multimodule-it\\module2\\src\\test\\java\\edu\\illinois\\nondex\\functionalTest\\SimpleTest.java', 'D:\\Ky9\\Sample\\ARROW\\runs\\sample_selection\\distributed\\shard-3\\candidates\\01179_56729247_56729247",2.397,D:\Ky9\Sample\ARROW\runs\sample_selection\distributed\shard-3\candidates\01179_56729247_56729247_5
1184,47419635,47419635_54.json,https://github.com/shred/acme4j,JoseUtils,acme4j-client/src/main/java/org/shredzone/acme4j/toolbox/JoseUtils.java,production,class,False,225,macKeyAlgorithm,16,public static,True,True,0,False,,9,ELIGIBLE,,maven,acme4j-client,junit5,17,D:\Ky9\Sample\ARROW\Java-version\java-17,auto-discovered JDK 17,,1,2,1,COMPILE_FAILED,,,org.shredzone.acme4j.toolbox.JoseUtils,,,,,EXCLUDED,baseline,org.opentest4j.assertionfailederror:,40.622,D:\Ky9\Sample\ARROW\runs\sample_selection\distributed\shard-3\candidates\01184_47419635_47419635_54
1189,90798624,90798624_1.json,https://github.com/googlecodelabs/android-network-security-config,MainPresenter,SecureConfig/app/src/main/java/com/example/networksecurity/MainPresenter.java,production,,,,loadPosts,33,@Override public,True,False,,,,,EXCLUDED,no_observable_behavior,,,,,,,,,2,0,,,,,,,,,EXCLUDED,semantic_metadata,no_observable_behavior,0.012,D:\Ky9\Sample\ARROW\runs\sample_selection\distributed\shard-3\candidates\01189_90798624_90798624_1
1194,123712995,123712995_1.json,https://github.com/making/hajiboot2-samples,TweeterApplicationRunner,06/hajiboot2-tweeter-jdbc-transactional/src/main/java/hajiboot/TweeterApplicationRunner.java,production,class,False,27,run,12,@Override @Transactional public,False,True,1,False,,7,ELIGIBLE,,maven,06\hajiboot2-tweeter-jdbc-transactional,junit5,11,D:\Ky9\Sample\ARROW\Java-version\java-11,auto-discovered JDK 11,,1,2,2,MODULE_TESTS_PASSED|MODULE_TESTS_PASSED,True,0,hajiboot.TweeterApplicationRunner,True,TARGET_TEST_PASSED,MODULE_TESTS_PASSED,MODULE_TESTS_PASSED,ELIGIBLE,,,49.612,D:\Ky9\Sample\ARROW\runs\sample_selection\distributed\shard-3\candidates\01194_123712995_123712995_1
1199,159544942,159544942_2.json,https://github.com/stephengold/Minie,NativeSoftBodyUtil,MinieLibrary/src/main/java/com/jme3/bullet/util/NativeSoftBodyUtil.java,production,class,False,461,mapVertexData,25,public static,True,True,0,False,,9,ELIGIBLE,,gradle,MinieLibrary,junit4,unknown,,no project java version detected,,1,2,2,MODULE_TESTS_PASSED|MODULE_TESTS_PASSED,True,0,com.jme3.bullet.util.NativeSoftBodyUtil,True,TARGET_TEST_PASSED,MODULE_TESTS_PASSED,MODULE_TESTS_PASSED,ELIGIBLE,,,175.802,D:\Ky9\Sample\ARROW\runs\sample_selection\distributed\shard-3\candidates\01199_159544942_159544942_2
1204,48430544,48430544_7.json,https://github.com/intappx/vertx-guice,GuiceVerticleFactory,vertx-guice/src/main/java/com/intapp/vertx/guice/GuiceVerticleFactory.java,production,class,False,37,createVerticle,13,@Override public,True,True,1,False,,9,ELIGIBLE,,gradle,vertx-guice,junit4,8,D:\Ky9\Sample\ARROW\Java-version\java-8,auto-discovered JDK 8,,1,2,2,MODULE_TESTS_PASSED|MODULE_TESTS_PASSED,False,1,com.intapp.vertx.guice.GuiceVerticleFactory,False,,,,EXCLUDED,classpath,Không resolve được project classpath,58.742,D:\Ky9\Sample\ARROW\runs\sample_selection\distributed\shard-3\candidates\01204_48430544_48430544_7
1209,78622784,78622784_23.json,https://github.com/open-android/WilliamChart,AxisRenderer,williamchart/src/main/java/com/db/chart/renderer/AxisRenderer.java,production,class,True,450,findBorders,16,,True,True,0,False,,9,EXCLUDED,non_concrete:class:abstract,,,,,,,,1,2,0,,,,,,,,,EXCLUDED,semantic,non_concrete:class:abstract,2.475,D:\Ky9\Sample\ARROW\runs\sample_selection\distributed\shard-3\candidates\01209_78622784_78622784_23
1214,59703501,59703501_5.json,https://github.com/USCDataScience/sparkler,HtmlUnitFetcher,sparkler-core/sparkler-plugins/fetcher-htmlunit/src/main/java/edu/usc/irds/sparkler/plugin/HtmlUnitFetcher.java,production,class,False,151,fetch,52,@Override public,True,True,0,True,network,8,EXCLUDED,external_dependency_risk:network,,,,,,,,1,2,0,,,,,,,,,EXCLUDED,semantic,external_dependency_risk:network,3.658,D:\Ky9\Sample\ARROW\runs\sample_selection\distributed\shard-3\candidates\01214_59703501_59703501_5
1219,34382546,34382546_0.json,https://github.com/hawkular/hawkular-datamining,InMemorySubscriptionManager,hawkular-datamining-api/src/main/java/org/hawkular/datamining/api/base/InMemorySubscriptionManager.java,production,,,,unsubscribe,4,@Override public,False,False,,,,,EXCLUDED,no_observable_behavior,,,,,,,,,2,0,,,,,,,,,EXCLUDED,semantic_metadata,no_observable_behavior,0.012,D:\Ky9\Sample\ARROW\runs\sample_selection\distributed\shard-3\candidates\01219_34382546_34382546_0
1224,78477907,78477907_20.json,https://github.com/salesforce/pixel-captcha-project,RandomPointFactory,pixel-captcha/src/main/java/com/salesforce/pixelcaptcha/utils/RandomPointFactory.java,production,class,False,286,getRandomPointWithDistance,30,public static,True,True,0,True,nondeterminism,8,EXCLUDED,external_dependency_risk:nondeterminism,,,,,,,,1,2,0,,,,,,,,,EXCLUDED,semantic,external_dependency_risk:nondeterminism,1.860,D:\Ky9\Sample\ARROW\runs\sample_selection\distributed\shard-3\candidates\01224_78477907_78477907_20
1229,148473211,148473211_0.json,https://github.com/devonfw/devon4j,RestServiceExceptionFacade,modules/rest/src/main/java/com/devonfw/module/rest/service/impl/RestServiceExceptionFacade.java,production,,,,setExposeInternalErrorDetails,10,public,True,True,,,,,ELIGIBLE,,,,,,,,,1,2,0,,,,,,,,,EXCLUDED,setup,"Error: [('D:\\Ky9\\Sample\\ARROW\\repos\\148473211\\templates\\server\\src\\main\\resources\\archetype-resources\\src\\main\\java\\__packageInPathFormat__\\general\\common\\beanmapping\\AbstractBeanMapperSupport.java', 'D:\\Ky9\\Sample\\ARROW\\runs\\sample_selection\\distributed\\shard-3\\candidates\\01229_148473211_148473211_0\\workspace\\templates\\server\\src\\main\\resources\\archetype-resources\\src\\main\\java\\__packageInPathFormat__\\general\\common\\beanmapping\\AbstractBeanMapperSupport.java', '[WinError 3] The system cannot find the path specified'), ('D:\\Ky9\\Sample\\ARROW\\repos\\148473211\\templates\\server\\src\\main\\resources\\archetype-resources\\src\\main\\java\\__packageInPathFormat__\\general\\common\\exception\\ApplicationBusinessException.java', 'D:\\Ky9\\Sample\\ARROW\\runs\\sample_selection\\distributed\\shard-3\\candidates\\01229_148473211_148473211_0\\workspace\\templates\\server\\src\\main\\resources\\archetype-resources\\src\\main\\java\\__packageInPathFormat__\\general\\common\\exception\\ApplicationBusinessException.java', '[WinError 3] The system cannot find the path specified'), ('D:\\Ky9\\Sample\\ARROW\\repos\\148473211\\templates\\server\\src\\main\\resources\\archetype-resources\\src\\main\\java\\__packageInPathFormat__\\general\\common\\exception\\TechnicalErrorUserException.java', 'D:\\Ky9\\Sample\\ARROW\\runs\\sample_selection\\distributed\\shard-3\\candidates\\01229_148473211_148473211_0\\workspace\\templates\\server\\src\\main\\resources\\archetype-resources\\src\\main\\java\\__packageInPathFormat__\\general\\common\\exception\\TechnicalErrorUserException.java', '[WinError 3] The system cannot find the path specified'), ('D:\\Ky9\\Sample\\ARROW\\repos\\148473211\\templates\\server\\src\\main\\resources\\archetype-resources\\src\\main\\java\\__packageInPathFormat__\\general\\common\\exception\\ValidationBusinessException.java', 'D:\\Ky9\\Sample\\ARROW\\runs\\sample_selection\\distributed\\shard-3\\candidates\\01229_148473211_",3.972,D:\Ky9\Sample\ARROW\runs\sample_selection\distributed\shard-3\candidates\01229_148473211_148473211_0
1234,65701037,65701037_12.json,https://github.com/boredream/DesignResCollection,RegisterPresenter,DesignResCollection_MVP-Dagger2/app/src/main/java/com/boredream/designrescollection/ui/register/RegisterPresenter.java,production,,,,register,38,@Override public,True,False,,,,,EXCLUDED,no_observable_behavior,,,,,,,,,2,0,,,,,,,,,EXCLUDED,semantic_metadata,no_observable_behavior,0.016,D:\Ky9\Sample\ARROW\runs\sample_selection\distributed\shard-3\candidates\01234_65701037_65701037_12
1239,200044570,200044570_0.json,https://github.com/alexvoronov/gcdc-asn1,UperEncoder,asn1-uper/src/main/java/net/gcdc/asn1/uper/UperEncoder.java,production,class,False,531,bytesFromHexString,13,public static,True,True,0,False,,9,ELIGIBLE,,maven,asn1-uper,junit4,8,D:\Ky9\Sample\ARROW\Java-version\java-8,auto-discovered JDK 8,,1,2,1,ASSERTION_FAILED,,,net.gcdc.asn1.uper.UperEncoder,,,,,EXCLUDED,baseline,[info] build failure,7.261,D:\Ky9\Sample\ARROW\runs\sample_selection\distributed\shard-3\candidates\01239_200044570_200044570_0
1244,74192763,74192763_1.json,https://github.com/vovkasm/react-native-web-image,RequestListener,android/src/main/java/org/vovkasm/WebImage/RequestListener.java,production,,,,onLoadFailed,24,@Override public,True,True,,,,,ELIGIBLE,,,,,,,,,1,2,0,,,,,,,,,EXCLUDED,setup,"Error: [('D:\\Ky9\\Sample\\ARROW\\repos\\74192763\\WebImage\\Vendor\\SDWebImage\\Examples\\SDWebImage TV Demo\\Assets.xcassets\\App Icon & Top Shelf Image.brandassets\\App Icon - Large.imagestack\\Back.imagestacklayer', 'D:\\Ky9\\Sample\\ARROW\\runs\\sample_selection\\distributed\\shard-3\\candidates\\01244_74192763_74192763_1\\workspace\\WebImage\\Vendor\\SDWebImage\\Examples\\SDWebImage TV Demo\\Assets.xcassets\\App Icon & Top Shelf Image.brandassets\\App Icon - Large.imagestack\\Back.imagestacklayer', ""[WinError 3] The system cannot find the path specified: 'D:\\\\Ky9\\\\Sample\\\\ARROW\\\\runs\\\\sample_selection\\\\distributed\\\\shard-3\\\\candidates\\\\01244_74192763_74192763_1\\\\workspace\\\\WebImage\\\\Vendor\\\\SDWebImage\\\\Examples\\\\SDWebImage TV Demo\\\\Assets.xcassets\\\\App Icon & Top Shelf Image.brandassets\\\\App Icon - Large.imagestack\\\\Back.imagestacklayer'""), ('D:\\Ky9\\Sample\\ARROW\\repos\\74192763\\WebImage\\Vendor\\SDWebImage\\Examples\\SDWebImage TV Demo\\Assets.xcassets\\App Icon & Top Shelf Image.brandassets\\App Icon - Large.imagestack\\Contents.json', 'D:\\Ky9\\Sample\\ARROW\\runs\\sample_selection\\distributed\\shard-3\\candidates\\01244_74192763_74192763_1\\workspace\\WebImage\\Vendor\\SDWebImage\\Examples\\SDWebImage TV Demo\\Assets.xcassets\\App Icon & Top Shelf Image.brandassets\\App Icon - Large.imagestack\\Contents.json', '[WinError 3] The system cannot find the path specified'), ('D:\\Ky9\\Sample\\ARROW\\repos\\74192763\\WebImage\\Vendor\\SDWebImage\\Examples\\SDWebImage TV Demo\\Assets.xcassets\\App Icon & Top Shelf Image.brandassets\\App Icon - Large.imagestack\\Front.imagestacklayer', 'D:\\Ky9\\Sample\\ARROW\\runs\\sample_selection\\distributed\\shard-3\\candidates\\01244_74192763_74192763_1\\workspace\\WebImage\\Vendor\\SDWebImage\\Examples\\SDWebImage TV Demo\\Assets.xcassets\\App Icon & Top Shelf Image.brandassets\\App Icon - Large.imagestack\\Front.imagestacklayer', ""[WinError 3] The system cannot find the path specif",39.154,D:\Ky9\Sample\ARROW\runs\sample_selection\distributed\shard-3\candidates\01244_74192763_74192763_1
1249,135418301,135418301_0.json,https://github.com/Waikato/weka-trunk,Parse,packages/external/GPAttributeGeneration/src/main/java/weka/filters/supervised/attribute/gpattributegeneration/Parse.java,production,class,False,97,parseJ48,28,public static,True,True,0,False,,10,ELIGIBLE,,maven,packages\external\GPAttributeGeneration,junit4,6,D:\Ky9\Sample\ARROW\Java-version\java-8,auto-discovered compatible JDK 8 for Java 6,,1,2,2,MODULE_TESTS_PASSED|MODULE_TESTS_PASSED,True,0,weka.filters.supervised.attribute.gpattributegeneration.Parse,False,,,,EXCLUDED,bytecode,Không tìm thấy bytecode focal class weka.filters.supervised.attribute.gpattributegeneration.Parse,115.195,D:\Ky9\Sample\ARROW\runs\sample_selection\distributed\shard-3\candidates\01249_135418301_135418301_0
1254,160731309,160731309_175.json,https://github.com/neow3j/neow3j,Request,core/src/main/java/io/neow3j/protocol/core/Request.java,production,class,False,124,send,3,public,False,True,0,False,,8,ELIGIBLE,,gradle,core,junit5,8,D:\Ky9\Sample\ARROW\Java-version\java-8,auto-discovered JDK 8,,1,2,2,MODULE_TESTS_PASSED|MODULE_TESTS_PASSED,True,0,io.neow3j.protocol.core.Request,True,TARGET_TEST_PASSED,MODULE_TESTS_PASSED,MODULE_TESTS_PASSED,ELIGIBLE,,,531.824,D:\Ky9\Sample\ARROW\runs\sample_selection\distributed\shard-3\candidates\01254_160731309_160731309_175
1259,12299794,12299794_16.json,https://github.com/mwaylabs/relution-jenkins-plugin,RequestFactory,relution-publisher/src/main/java/org/jenkinsci/plugins/relution_publisher/net/RequestFactory.java,production,class,False,257,createLoginRequest,12,public,False,True,0,True,filesystem,6,EXCLUDED,external_dependency_risk:filesystem;testability_score_below_7,,,,,,,,1,2,0,,,,,,,,,EXCLUDED,semantic,external_dependency_risk:filesystem;testability_score_below_7,1.958,D:\Ky9\Sample\ARROW\runs\sample_selection\distributed\shard-3\candidates\01259_12299794_12299794_16
1264,9882334,9882334_1.json,https://github.com/timboudreau/netty-http-client,HttpClient,netty-http-client/src/main/java/com/mastfrog/netty/http/client/HttpClient.java,production,class,False,705,get,3,public,False,True,0,True,network,6,EXCLUDED,external_dependency_risk:network;testability_score_below_7,,,,,,,,1,2,0,,,,,,,,,EXCLUDED,semantic,external_dependency_risk:network;testability_score_below_7,1.742,D:\Ky9\Sample\ARROW\runs\sample_selection\distributed\shard-3\candidates\01264_9882334_9882334_1
1269,93364077,93364077_1.json,https://github.com/SrChip15/tour-guide-app,AttractionCollection,app/src/main/java/com/example/android/tourfc/model/AttractionCollection.java,production,,,,getAttractions,3,public,False,True,,,,,EXCLUDED,trivial_focal_method,,,,,,,,,2,0,,,,,,,,,EXCLUDED,semantic_metadata,trivial_focal_method,0.012,D:\Ky9\Sample\ARROW\runs\sample_selection\distributed\shard-3\candidates\01269_93364077_93364077_1
1274,11159652,11159652_26.json,https://github.com/geopublishing/atlasframework,AVSwingUtil,gpcore/src/main/java/org/geopublishing/atlasViewer/swing/AVSwingUtil.java,production,,,,createLocalCopyFromURL,43,public static,True,True,,,,,ELIGIBLE,,,,,,,,,,2,0,,,,,,,,,EXCLUDED,setup,"RuntimeError: Repository setup failed after 3 attempts: CalledProcessError: Command '['git', '-c', 'core.longpaths=true', 'clone', '--depth', '1', 'https://github.com/geopublishing/atlasframework', 'D:\\Ky9\\Sample\\ARROW\\repos\\11159652']' returned non-zero exit status 128.",34.398,D:\Ky9\Sample\ARROW\runs\sample_selection\distributed\shard-3\candidates\01274_11159652_11159652_26
1279,15554335,15554335_24.json,https://github.com/jivesoftware/tasmo,JsonEventConventions,code/com/jivesoftware/os/tasmo/tasmo-event-api/src/main/java/com/jivesoftware/os/tasmo/event/api/JsonEventConventions.java,production,,,,validate,51,public,True,True,,,,,ELIGIBLE,,,,,,,,,1,2,0,,,,,,,,,EXCLUDED,setup,"Error: [('D:\\Ky9\\Sample\\ARROW\\repos\\15554335\\code\\com\\jivesoftware\\os\\tasmo\\tasmo-reference-lib\\src\\test\\java\\com\\jivesoftware\\os\\tasmo\\reference\\lib\\traverser\\BatchingReferenceTraverserTest.java', 'D:\\Ky9\\Sample\\ARROW\\runs\\sample_selection\\distributed\\shard-3\\candidates\\01279_15554335_15554335_24\\workspace\\code\\com\\jivesoftware\\os\\tasmo\\tasmo-reference-lib\\src\\test\\java\\com\\jivesoftware\\os\\tasmo\\reference\\lib\\traverser\\BatchingReferenceTraverserTest.java', '[WinError 3] The system cannot find the path specified'), ('D:\\Ky9\\Sample\\ARROW\\repos\\15554335\\code\\com\\jivesoftware\\os\\tasmo\\tasmo-view-notification-api\\src\\main\\java\\com\\jivesoftware\\os\\tasmo\\view\\notification\\api\\NoOpViewNotificationListener.java', 'D:\\Ky9\\Sample\\ARROW\\runs\\sample_selection\\distributed\\shard-3\\candidates\\01279_15554335_15554335_24\\workspace\\code\\com\\jivesoftware\\os\\tasmo\\tasmo-view-notification-api\\src\\main\\java\\com\\jivesoftware\\os\\tasmo\\view\\notification\\api\\NoOpViewNotificationListener.java', '[WinError 3] The system cannot find the path specified'), ('D:\\Ky9\\Sample\\ARROW\\repos\\15554335\\code\\com\\jivesoftware\\os\\tasmo\\tasmo-view-notification-api\\src\\main\\java\\com\\jivesoftware\\os\\tasmo\\view\\notification\\api\\ViewChangeNotificationConfig.java', 'D:\\Ky9\\Sample\\ARROW\\runs\\sample_selection\\distributed\\shard-3\\candidates\\01279_15554335_15554335_24\\workspace\\code\\com\\jivesoftware\\os\\tasmo\\tasmo-view-notification-api\\src\\main\\java\\com\\jivesoftware\\os\\tasmo\\view\\notification\\api\\ViewChangeNotificationConfig.java', '[WinError 3] The system cannot find the path specified'), ('D:\\Ky9\\Sample\\ARROW\\repos\\15554335\\code\\com\\jivesoftware\\os\\tasmo\\tasmo-view-notification-api\\src\\main\\java\\com\\jivesoftware\\os\\tasmo\\view\\notification\\api\\ViewNotificationListener.java', 'D:\\Ky9\\Sample\\ARROW\\runs\\sample_selection\\distributed\\shard-3\\candida",2.299,D:\Ky9\Sample\ARROW\runs\sample_selection\distributed\shard-3\candidates\01279_15554335_15554335_24
1284,123788136,123788136_4.json,https://github.com/utsavoza/rope,Util,rope/src/main/java/com/github/utsavoza/rope/Util.java,production,class,False,70,countOccurrence,8,static,True,True,0,False,,10,ELIGIBLE,,gradle,rope,junit4,unknown,D:\Ky9\Sample\ARROW\Java-version\java-8,Gradle 4.10.2 requires compatible JDK 8; auto-discovered,,1,2,1,COMPILE_FAILED,,,com.github.utsavoza.rope.Util,,,,,EXCLUDED,baseline,<path>:<n>: error: unmappable character for encoding cp1252,45.119,D:\Ky9\Sample\ARROW\runs\sample_selection\distributed\shard-3\candidates\01284_123788136_123788136_4
1289,6090885,6090885_0.json,https://github.com/wires/degraphmalizer,RequestHandlerUtil,degraphmalizer-core/src/main/java/dgm/streaming/requestmapper/RequestHandlerUtil.java,production,class,False,22,getGroups,10,public static,True,True,0,False,,10,ELIGIBLE,,maven,degraphmalizer-core,junit4,6,D:\Ky9\Sample\ARROW\Java-version\java-8,auto-discovered compatible JDK 8 for Java 6,,1,2,1,ASSERTION_FAILED,,,dgm.streaming.requestmapper.RequestHandlerUtil,,,,,EXCLUDED,baseline,"[info] tests run: 26, failures: 0, errors: 0, skipped: 0, time elapsed: 14.72 s -- in testsuite",62.452,D:\Ky9\Sample\ARROW\runs\sample_selection\distributed\shard-3\candidates\01289_6090885_6090885_0
1294,194907949,194907949_2.json,https://github.com/DerFrZocker/Ore-Control,OreSettingsYamlImpl,impl/yaml/src/main/java/de/derfrzocker/ore/control/impl/OreSettingsYamlImpl.java,production,class,False,164,getValue,6,@NotNull @Override public,False,True,1,False,,7,ELIGIBLE,,maven,impl\yaml,junit4,8,D:\Ky9\Sample\ARROW\Java-version\java-8,auto-discovered JDK 8,d5823d7513ffb54c003edf2ae131c19e505249f2,1,2,2,MODULE_TESTS_PASSED|MODULE_TESTS_PASSED,True,0,de.derfrzocker.ore.control.impl.OreSettingsYamlImpl,True,TARGET_TEST_PASSED,MODULE_TESTS_PASSED,MODULE_TESTS_PASSED,ELIGIBLE,,,318.878,D:\Ky9\Sample\ARROW\runs\sample_selection\distributed\shard-3\candidates\01294_194907949_194907949_2
1299,25573672,25573672_0.json,https://github.com/JakeWharton/Telecine,RecordingSession,telecine/src/main/java/com/jakewharton/telecine/RecordingSession.java,production,class,False,379,calculateRecordingInfo,24,static,True,True,7,True,filesystem|nondeterminism,8,EXCLUDED,external_dependency_risk:filesystem|nondeterminism,,,,,,,,1,2,0,,,,,,,,,EXCLUDED,semantic,external_dependency_risk:filesystem|nondeterminism,66.335,D:\Ky9\Sample\ARROW\runs\sample_selection\distributed\shard-3\candidates\01299_25573672_25573672_0
1304,10984947,10984947_0.json,https://github.com/wuman/android-oauth-client,OAuthDialogFragment,library/src/main/java/com/wuman/android/auth/OAuthDialogFragment.java,production,class,False,410,isRedirectUriFound,45,static,True,True,4,True,framework_context,8,EXCLUDED,external_dependency_risk:framework_context,,,,,,,,1,2,0,,,,,,,,,EXCLUDED,semantic,external_dependency_risk:framework_context,1.983,D:\Ky9\Sample\ARROW\runs\sample_selection\distributed\shard-3\candidates\01304_10984947_10984947_0
1309,87363270,87363270_4.json,https://github.com/gardncl/elements-of-programming-interviews,InsertionAndDeletionBST,binarysearchtrees/src/main/java/InsertionAndDeletionBST.java,production,class,False,14,insert,3,public,False,True,1,False,,7,ELIGIBLE,,maven,binarysearchtrees,junit4,8,D:\Ky9\Sample\ARROW\Java-version\java-8,auto-discovered JDK 8,,1,2,2,MODULE_TESTS_PASSED|MODULE_TESTS_PASSED,False,1,InsertionAndDeletionBST,False,,,,EXCLUDED,classpath,Không resolve được project classpath,12.931,D:\Ky9\Sample\ARROW\runs\sample_selection\distributed\shard-3\candidates\01309_87363270_87363270_4
1314,20530820,20530820_56.json,https://github.com/Stratio/ingestion,CassandraUtils,stratio-sinks/stratio-cassandra-sink/src/main/java/com/stratio/ingestion/sink/cassandra/CassandraUtils.java,production,,,,executeCqlScript,16,public static,True,False,,,,,EXCLUDED,no_observable_behavior,,,,,,,,,2,0,,,,,,,,,EXCLUDED,semantic_metadata,no_observable_behavior,0.027,D:\Ky9\Sample\ARROW\runs\sample_selection\distributed\shard-3\candidates\01314_20530820_20530820_56
1319,15106163,15106163_14.json,https://github.com/Codeforces/codeforces-commons,StringUtil,code/src/main/java/com/codeforces/commons/text/StringUtil.java,production,class,False,1782,trimLeft,13,"@Contract(value = ""null -> null; !null -> !null"", pure = true) @Nullable public static",True,True,0,True,filesystem,8,EXCLUDED,external_dependency_risk:filesystem,,,,,,,,1,2,0,,,,,,,,,EXCLUDED,semantic,external_dependency_risk:filesystem,4.989,D:\Ky9\Sample\ARROW\runs\sample_selection\distributed\shard-3\candidates\01319_15106163_15106163_14
1324,26284658,26284658_0.json,https://github.com/HiveKa/HiveKa,BaseProducer,src/main/java/org/apache/hadoop/hive/kafka/demoproducer/BaseProducer.java,production,class,False,58,serializeAvro,9,public static,False,True,1,False,,7,ELIGIBLE,,maven,.,junit4,7,D:\Ky9\Sample\ARROW\Java-version\java-8,auto-discovered compatible JDK 8 for Java 7,,1,2,1,ASSERTION_FAILED,,,org.apache.hadoop.hive.kafka.demoproducer.BaseProducer,,,,,EXCLUDED,baseline,[info] build failure,32.824,D:\Ky9\Sample\ARROW\runs\sample_selection\distributed\shard-3\candidates\01324_26284658_26284658_0
1329,69468148,69468148_2.json,https://github.com/gres-ufpr/irace,HypervolumeIndicator,java/src/main/java/br/ufpr/inf/gres/irace/evaluation/indicator/HypervolumeIndicator.java,production,,,,run,41,@Override public,True,False,,,,,EXCLUDED,no_observable_behavior,,,,,,,,,2,0,,,,,,,,,EXCLUDED,semantic_metadata,no_observable_behavior,0.024,D:\Ky9\Sample\ARROW\runs\sample_selection\distributed\shard-3\candidates\01329_69468148_69468148_2
1334,50185885,50185885_14.json,https://github.com/hijamoya/RxLogin,FacebookSubscriber,library/src/main/java/com/hijamoya/rxlogin/subscriber/FacebookSubscriber.java,production,,,,subscribe,21,@Override public,True,False,,,,,EXCLUDED,no_observable_behavior,,,,,,,,,2,0,,,,,,,,,EXCLUDED,semantic_metadata,no_observable_behavior,0.011,D:\Ky9\Sample\ARROW\runs\sample_selection\distributed\shard-3\candidates\01334_50185885_50185885_14
1339,189010032,189010032_1.json,https://github.com/ehaut/syhthems-platform,UserServiceImpl,syhthems-db/src/main/java/top/sunriseydy/syhthems/db/service/impl/UserServiceImpl.java,production,class,False,131,selectByUsername,8,@Override public,False,True,0,False,,8,ELIGIBLE,,maven,syhthems-db,junit4,${java.version},,JDK ${java.version} not mapped; using system default Java,,1,2,1,COMPILE_FAILED,,,top.sunriseydy.syhthems.db.service.impl.UserServiceImpl,,,,,EXCLUDED,baseline,[error] failed to execute goal org.apache.maven.plugins:maven-compiler-plugin:<n>.8.0:compile (default-compile) on project syhthems-common: fatal error compiling: java.lang.exceptionininitializererror: unable to make field private com.sun.tools.javac.processing.javacprocessingenvironment$discoveredp,25.240,D:\Ky9\Sample\ARROW\runs\sample_selection\distributed\shard-3\candidates\01339_189010032_189010032_1
1344,76238742,76238742_8.json,https://github.com/yandextaxitech/binaryprefs,BinaryPreferences,library/src/main/java/com/ironz/binaryprefs/BinaryPreferences.java,production,,,,getInt,4,@Override public,False,True,,,,,EXCLUDED,trivial_focal_method,,,,,,,,,2,0,,,,,,,,,EXCLUDED,semantic_metadata,trivial_focal_method,0.012,D:\Ky9\Sample\ARROW\runs\sample_selection\distributed\shard-3\candidates\01344_76238742_76238742_8
1349,5839179,5839179_17.json,https://github.com/drallgood/jpasskit,CertUtils,jpasskit/src/main/java/de/brendamour/jpasskit/util/CertUtils.java,production,class,False,185,toInputStream,12,public static,True,True,0,True,filesystem,9,EXCLUDED,external_dependency_risk:filesystem,,,,,,,,1,2,0,,,,,,,,,EXCLUDED,semantic,external_dependency_risk:filesystem,3.424,D:\Ky9\Sample\ARROW\runs\sample_selection\distributed\shard-3\candidates\01349_5839179_5839179_17
1354,206873260,206873260_2.json,https://github.com/android/user-interface-samples,Parser,TextStyling/app/src/main/java/com/android/example/text/styling/parser/Parser.java,production,class,False,153,parse,29,@NonNull public,True,True,0,False,,10,ELIGIBLE,,gradle,TextStyling\app,junit4,unknown,,no project java version detected,f764bb072abbd255f49d4ba315975dc2f7f44373,1,2,1,ASSERTION_FAILED,,,com.android.example.text.styling.parser.Parser,,,,,EXCLUDED,baseline,failure: build failed with an exception.,53.256,D:\Ky9\Sample\ARROW\runs\sample_selection\distributed\shard-3\candidates\01354_206873260_206873260_2
1359,14279760,14279760_40.json,https://github.com/android10/Inside_Android_Testing,AuthenticationGateway,RobolectricSample/src/main/java/com/pivotallabs/tracker/AuthenticationGateway.java,production,,,,signIn,5,public,False,False,,,,,EXCLUDED,no_observable_behavior,,,,,,,,,2,0,,,,,,,,,EXCLUDED,semantic_metadata,no_observable_behavior,0.015,D:\Ky9\Sample\ARROW\runs\sample_selection\distributed\shard-3\candidates\01359_14279760_14279760_40
1364,120578437,120578437_0.json,https://github.com/herowzz/springfuse,BookController,demo/springfuse-example/src/main/java/com/github/herowzz/springfuse/example/controller/BookController.java,production,class,False,89,list,13,"@PostMapping(value = ""/list"") @Log(name = ""图书管理"", value = ""查询图书"") @ApiOperation(value = ""查看图书列表"", notes = ""可以通过查询条件查询图书列表,包括分页信息"") @ApiPageable public",False,True,0,False,,7,ELIGIBLE,,maven,demo\springfuse-example,junit4,8,D:\Ky9\Sample\ARROW\Java-version\java-8,auto-discovered JDK 8,,1,2,1,RUNTIME_FAILED,,,com.github.herowzz.springfuse.example.controller.BookController,,,,,EXCLUDED,baseline,error:java.lang.illegalstateexception:failed to load applicationcontext,50.458,D:\Ky9\Sample\ARROW\runs\sample_selection\distributed\shard-3\candidates\01364_120578437_120578437_0
1369,73314646,73314646_1.json,https://github.com/ragdroid/rxify,MagicalRemoteDataSource,app/src/main/java/com/ragdroid/rxify/logic/data/remote/MagicalRemoteDataSource.java,production,,,,getFluxWeedFlowable,5,@Override public,False,True,,,,,EXCLUDED,trivial_focal_method,,,,,,,,,2,0,,,,,,,,,EXCLUDED,semantic_metadata,trivial_focal_method,0.016,D:\Ky9\Sample\ARROW\runs\sample_selection\distributed\shard-3\candidates\01369_73314646_73314646_1
1374,101228354,101228354_11.json,https://github.com/ldtteam/BlockOut,DependencyObjectInjector,api/src/main/java/com/ldtteam/blockout/binding/dependency/injection/DependencyObjectInjector.java,production,,,,inject,71,"@SuppressWarnings(""static"") public static",True,False,,,,,EXCLUDED,no_observable_behavior,,,,,,,,,2,0,,,,,,,,,EXCLUDED,semantic_metadata,no_observable_behavior,0.017,D:\Ky9\Sample\ARROW\runs\sample_selection\distributed\shard-3\candidates\01374_101228354_101228354_11
1379,67053037,67053037_56.json,https://github.com/BlackPepperSoftware/bowman,NoSuchLinkException,client/src/main/java/uk/co/blackpepper/bowman/NoSuchLinkException.java,production,,,,getLinkName,3,public,False,True,,,,,EXCLUDED,trivial_focal_method,,,,,,,,,2,0,,,,,,,,,EXCLUDED,semantic_metadata,trivial_focal_method,0.011,D:\Ky9\Sample\ARROW\runs\sample_selection\distributed\shard-3\candidates\01379_67053037_67053037_56
1384,657157,657157_2.json,https://github.com/synhershko/HebMorph,Tokenizer,java/src/main/java/com/code972/hebmorph/Tokenizer.java,production,class,False,325,addSpecialCase,8,public,True,True,2,False,,10,ELIGIBLE,,gradle,java,junit4,8,D:\Ky9\Sample\ARROW\Java-version\java-8,auto-discovered JDK 8,,1,2,1,ASSERTION_FAILED,,,com.code972.hebmorph.Tokenizer,,,,,EXCLUDED,baseline,failure: build failed with an exception.,48.409,D:\Ky9\Sample\ARROW\runs\sample_selection\distributed\shard-3\candidates\01384_657157_657157_2
1389,89676913,89676913_0.json,https://github.com/obsidiandynamics/indigo,PropertyUtils,commons/src/main/java/com/obsidiandynamics/indigo/util/PropertyUtils.java,production,class,False,52,get,3,public static,False,True,0,False,,7,ELIGIBLE,,gradle,commons,junit4,8,D:\Ky9\Sample\ARROW\Java-version\java-8,auto-discovered JDK 8,,1,2,1,COMPILE_FAILED,,,com.obsidiandynamics.indigo.util.PropertyUtils,,,,,EXCLUDED,baseline,error: could not create the java virtual machine.,33.331,D:\Ky9\Sample\ARROW\runs\sample_selection\distributed\shard-3\candidates\01389_89676913_89676913_0
1394,147968892,147968892_0.json,https://github.com/coti-io/coti-trustscore-node,BucketNotFulfilmentEventsService,trustscore/src/main/java/io/coti/trustscore/services/BucketNotFulfilmentEventsService.java,production,,,,addEventToCalculations,12,@Override public,False,True,,,,,ELIGIBLE,,,,,,,,,,2,0,,,,,,,,,EXCLUDED,setup,"RuntimeError: Repository setup failed after 3 attempts: CalledProcessError: Command '['git', '-c', 'core.longpaths=true', 'clone', '--depth', '1', 'https://github.com/coti-io/coti-trustscore-node', 'D:\\Ky9\\Sample\\ARROW\\repos\\147968892']' returned non-zero exit status 128.",16.077,D:\Ky9\Sample\ARROW\runs\sample_selection\distributed\shard-3\candidates\01394_147968892_147968892_0
1399,859468,859468_16.json,https://github.com/dwursteisen/gp-parser,GP4Parser,gp-parser-core/src/main/java/net/sourceforge/musicsvg/io/gp/GP4Parser.java,production,class,False,586,openFile,16,public,True,True,0,True,filesystem,7,EXCLUDED,external_dependency_risk:filesystem,,,,,,,,1,2,0,,,,,,,,,EXCLUDED,semantic,external_dependency_risk:filesystem,1.667,D:\Ky9\Sample\ARROW\runs\sample_selection\distributed\shard-3\candidates\01399_859468_859468_16
1404,47405371,47405371_7.json,https://github.com/orhanobut/tracklytics,TracklyticsAspect,tracklytics-runtime/src/main/java/com/orhanobut/tracklytics/TracklyticsAspect.java,production,class,False,256,weaveJoinPointTrackEvent,16,"@Around(""methodAnnotatedWithTrackEvent() || constructorAnnotatedTrackEvent()"") public",False,True,0,False,,7,ELIGIBLE,,gradle,tracklytics-runtime,junit4,1,D:\Ky9\Sample\ARROW\Java-version\java-8,auto-discovered compatible JDK 8 for Java 1,,1,2,1,ASSERTION_FAILED,,,com.orhanobut.tracklytics.TracklyticsAspect,,,,,EXCLUDED,baseline,failure: build failed with an exception.,159.682,D:\Ky9\Sample\ARROW\runs\sample_selection\distributed\shard-3\candidates\01404_47405371_47405371_7
1409,11738699,11738699_24.json,https://github.com/asterics/AsTeRICS,ResourceRegistry,ARE/middleware/src/main/java/eu/asterics/mw/services/ResourceRegistry.java,production,,,,toStringSet,7,public,True,True,,,,,ELIGIBLE,,,,,,,,,1,2,0,,,,,,,,,EXCLUDED,setup,"Error: [('D:\\Ky9\\Sample\\ARROW\\repos\\11738699\\ARE\\components\\actuator.crosshaircursorcontrol\\src\\main\\java\\eu\\asterics\\component\\actuator\\crosshaircursorcontrol\\CrosshairCursorControlInstance.java', 'D:\\Ky9\\Sample\\ARROW\\runs\\sample_selection\\distributed\\shard-3\\candidates\\01409_11738699_11738699_24\\workspace\\ARE\\components\\actuator.crosshaircursorcontrol\\src\\main\\java\\eu\\asterics\\component\\actuator\\crosshaircursorcontrol\\CrosshairCursorControlInstance.java', '[WinError 3] The system cannot find the path specified'), ('D:\\Ky9\\Sample\\ARROW\\repos\\11738699\\ARE\\components\\actuator.flickeringlightstimulator\\src\\main\\java\\com\\starlab\\component\\actuator\\flickeringlightstimulator\\FlickeringLightStimulatorInstance.java', 'D:\\Ky9\\Sample\\ARROW\\runs\\sample_selection\\distributed\\shard-3\\candidates\\01409_11738699_11738699_24\\workspace\\ARE\\components\\actuator.flickeringlightstimulator\\src\\main\\java\\com\\starlab\\component\\actuator\\flickeringlightstimulator\\FlickeringLightStimulatorInstance.java', '[WinError 3] The system cannot find the path specified'), ('D:\\Ky9\\Sample\\ARROW\\repos\\11738699\\ARE\\components\\processor.ecmascriptinterpreter\\src\\main\\java\\org\\whitesoft\\asterics\\component\\processor\\ecmascriptinterpreter\\ECMAScriptInterpreterInstance.java', 'D:\\Ky9\\Sample\\ARROW\\runs\\sample_selection\\distributed\\shard-3\\candidates\\01409_11738699_11738699_24\\workspace\\ARE\\components\\processor.ecmascriptinterpreter\\src\\main\\java\\org\\whitesoft\\asterics\\component\\processor\\ecmascriptinterpreter\\ECMAScriptInterpreterInstance.java', '[WinError 3] The system cannot find the path specified'), ('D:\\Ky9\\Sample\\ARROW\\repos\\11738699\\ARE\\components\\processor.fs20commandinterpreter\\src\\main\\java\\eu\\asterics\\component\\processor\\fs20commandinterpreter\\FS20CommandInterpreterInstance.java', 'D:\\Ky9\\Sample\\ARROW\\runs\\sample_selection\\distributed\\shard-3\\candidates\\0140",118.409,D:\Ky9\Sample\ARROW\runs\sample_selection\distributed\shard-3\candidates\01409_11738699_11738699_24
1414,108649340,108649340_1.json,https://github.com/mmdsyl/BLOG-Microservice,CategoryServiceImpl,blog-main/blog-main-service/src/main/java/cn/syl/blogmain/service/impl/CategoryServiceImpl.java,production,,,,insertCategories,4,@Override public,False,False,,,,,EXCLUDED,no_observable_behavior,,,,,,,,,2,0,,,,,,,,,EXCLUDED,semantic_metadata,no_observable_behavior,0.012,D:\Ky9\Sample\ARROW\runs\sample_selection\distributed\shard-3\candidates\01414_108649340_108649340_1
1419,92974732,92974732_0.json,https://github.com/dbrant/ModelViewer3D,ObjModel,app/src/main/java/com/dmitrybrant/modelviewer/obj/ObjModel.java,production,,,,parseInts,29,protected static,True,False,,,,,EXCLUDED,no_observable_behavior,,,,,,,,,2,0,,,,,,,,,EXCLUDED,semantic_metadata,no_observable_behavior,0.014,D:\Ky9\Sample\ARROW\runs\sample_selection\distributed\shard-3\candidates\01419_92974732_92974732_0
1424,215394390,215394390_213.json,https://github.com/awslabs/aws-athena-query-federation,SchemaUtils,athena-docdb/src/main/java/com/amazonaws/athena/connectors/docdb/SchemaUtils.java,production,class,False,249,inferSchema,48,public static,True,True,0,False,,9,ELIGIBLE,,maven,athena-docdb,junit4,11,D:\Ky9\Sample\ARROW\Java-version\java-11,auto-discovered JDK 11,,1,2,1,ASSERTION_FAILED,,,com.amazonaws.athena.connectors.docdb.SchemaUtils,,,,,EXCLUDED,baseline,downloading from central: https:/<path>,86.316,D:\Ky9\Sample\ARROW\runs\sample_selection\distributed\shard-3\candidates\01424_215394390_215394390_213
1429,1469749,1469749_151.json,https://github.com/DSpace/DSpace-SVN-Deprecated,SupervisedItem,dspace-api/src/main/java/org/dspace/content/SupervisedItem.java,production,class,False,206,getAll,35,public static,True,True,2,True,database,8,EXCLUDED,external_dependency_risk:database,,,,,,,,1,2,0,,,,,,,,,EXCLUDED,semantic,external_dependency_risk:database,8.642,D:\Ky9\Sample\ARROW\runs\sample_selection\distributed\shard-3\candidates\01429_1469749_1469749_151
1434,139299365,139299365_1.json,https://github.com/careerbuilder/statistical-phrase-identifier,Utility,spi/src/main/java/com/careerbuilder/search/semantic/Utility.java,production,class,False,54,getArgMax,13,public static,True,True,0,False,,10,ELIGIBLE,,maven,spi,junit4,8,D:\Ky9\Sample\ARROW\Java-version\java-8,auto-discovered JDK 8,,1,2,1,ASSERTION_FAILED,,,com.careerbuilder.search.semantic.Utility,,,,,EXCLUDED,baseline,[info] build failure,34.596,D:\Ky9\Sample\ARROW\runs\sample_selection\distributed\shard-3\candidates\01434_139299365_139299365_1
1439,92944959,92944959_4.json,https://github.com/zlikun-learning/zlikun-jee-design-pattern,Singleton5,zlikun-jee-design-pattern-singleton/src/main/java/com/zlikun/jee/Singleton5.java,production,,,,getInstance,17,public static final,True,True,,,,,ELIGIBLE,,,,,,,,,,2,0,,,,,,,,,EXCLUDED,setup,"RuntimeError: Repository setup failed after 3 attempts: CalledProcessError: Command '['git', '-c', 'core.longpaths=true', 'clone', '--depth', '1', 'https://github.com/zlikun-learning/zlikun-jee-design-pattern', 'D:\\Ky9\\Sample\\ARROW\\repos\\92944959']' returned non-zero exit status 128.",9.446,D:\Ky9\Sample\ARROW\runs\sample_selection\distributed\shard-3\candidates\01439_92944959_92944959_4
1444,84065080,84065080_16.json,https://github.com/MatteoJoliveau/PlugFace,DefaultPluginManager,plugface-core/src/main/java/org/plugface/core/impl/DefaultPluginManager.java,production,class,False,152,loadPlugins,22,@Override public,True,True,3,False,,9,ELIGIBLE,,maven,plugface-core,junit4,${java.version},,JDK ${java.version} not mapped; using system default Java,,1,2,1,COMPILE_FAILED,,,org.plugface.core.impl.DefaultPluginManager,,,,,EXCLUDED,baseline,error: java_home not found in your environment.,2.538,D:\Ky9\Sample\ARROW\runs\sample_selection\distributed\shard-3\candidates\01444_84065080_84065080_16
1449,166323982,166323982_169.json,https://github.com/PlatONnetwork/client-sdk-android,Request,core/src/main/java/org/web3j/protocol/core/Request.java,production,class,False,67,send,3,public,False,True,0,False,,8,ELIGIBLE,,gradle,core,junit4,8,D:\Ky9\Sample\ARROW\Java-version\java-8,auto-discovered JDK 8,,1,2,1,ASSERTION_FAILED,,,org.web3j.protocol.core.Request,,,,,EXCLUDED,baseline,failure: build failed with an exception.,46.341,D:\Ky9\Sample\ARROW\runs\sample_selection\distributed\shard-3\candidates\01449_166323982_166323982_169
1454,291570,291570_9.json,https://github.com/apache/shiro,RegExPatternMatcher,core/src/main/java/org/apache/shiro/util/RegExPatternMatcher.java,production,,,,matches,8,public,True,True,,,,,ELIGIBLE,,,,,,,,,1,2,0,,,,,,,,,EXCLUDED,setup,"Error: [('D:\\Ky9\\Sample\\ARROW\\repos\\291570\\support\\spring-boot\\spring-boot-starter\\src\\test\\java\\org\\apache\\shiro\\spring\\boot\\autoconfigure\\web\\application\\ShiroWebAutoConfigurationTestApplication.java', 'D:\\Ky9\\Sample\\ARROW\\runs\\sample_selection\\distributed\\shard-3\\candidates\\01454_291570_291570_9\\workspace\\support\\spring-boot\\spring-boot-starter\\src\\test\\java\\org\\apache\\shiro\\spring\\boot\\autoconfigure\\web\\application\\ShiroWebAutoConfigurationTestApplication.java', '[WinError 3] The system cannot find the path specified')]",3.773,D:\Ky9\Sample\ARROW\runs\sample_selection\distributed\shard-3\candidates\01454_291570_291570_9
1459,85168745,85168745_31.json,https://github.com/thomas-young-2013/Wherehows-eXtension,GitMetadataEtl,metadata-etl/src/main/java/metadata/etl/git/GitMetadataEtl.java,production,,,,load,8,@Override public,False,False,,,,,EXCLUDED,no_observable_behavior,,,,,,,,,2,0,,,,,,,,,EXCLUDED,semantic_metadata,no_observable_behavior,0.010,D:\Ky9\Sample\ARROW\runs\sample_selection\distributed\shard-3\candidates\01459_85168745_85168745_31
1464,5973732,5973732_195.json,https://github.com/perfectsense/dari,DateUtils,util/src/main/java/com/psddev/dari/util/DateUtils.java,production,,,,toSimpleElapsedTime,17,public static,True,True,,,,,ELIGIBLE,,,,,,,,,,2,0,,,,,,,,,EXCLUDED,setup,"RuntimeError: Repository setup failed after 3 attempts: CalledProcessError: Command '['git', '-c', 'core.longpaths=true', 'clone', '--depth', '1', 'https://github.com/perfectsense/dari', 'D:\\Ky9\\Sample\\ARROW\\repos\\5973732']' returned non-zero exit status 128.",9.471,D:\Ky9\Sample\ARROW\runs\sample_selection\distributed\shard-3\candidates\01464_5973732_5973732_195
1469,59216067,59216067_0.json,https://github.com/yongjhih/mocker,Mocker,mocker/src/main/java/mocker/Mocker.java,production,class,False,290,mock,3,public,False,True,1,False,,8,ELIGIBLE,,gradle,mocker,junit4,1,D:\Ky9\Sample\ARROW\Java-version\java-8,auto-discovered compatible JDK 8 for Java 1,,1,2,1,ASSERTION_FAILED,,,mocker.Mocker,,,,,EXCLUDED,baseline,failure: build failed with an exception.,45.807,D:\Ky9\Sample\ARROW\runs\sample_selection\distributed\shard-3\candidates\01469_59216067_59216067_0
1474,77034155,77034155_2.json,https://github.com/AmadeusITGroup/docu.me,ResponseModelData,docuDemo/src/main/java/com/docume/util/ResponseModelData.java,production,,,,createModelList,9,public,True,True,,,,,ELIGIBLE,,,,,,,,,,2,0,,,,,,,,,EXCLUDED,setup,"RuntimeError: Repository setup failed after 3 attempts: CalledProcessError: Command '['git', '-c', 'core.longpaths=true', 'clone', '--depth', '1', 'https://github.com/AmadeusITGroup/docu.me', 'D:\\Ky9\\Sample\\ARROW\\repos\\77034155']' returned non-zero exit status 128.",9.324,D:\Ky9\Sample\ARROW\runs\sample_selection\distributed\shard-3\candidates\01474_77034155_77034155_2
1479,52228869,52228869_0.json,https://github.com/mindmill/ladon-s3-server,AuthKeyGen,ladon-s3-server/src/main/java/de/mc/ladon/s3server/auth/AuthKeyGen.java,production,class,False,44,generateKeypair,15,public static,True,True,0,False,,10,ELIGIBLE,,maven,ladon-s3-server,junit4,21,D:\Ky9\Sample\ARROW\Java-version\java-21,auto-discovered JDK 21,,1,2,2,MODULE_TESTS_PASSED|MODULE_TESTS_PASSED,True,0,de.mc.ladon.s3server.auth.AuthKeyGen,True,TARGET_TEST_PASSED,MODULE_TESTS_PASSED,MODULE_TESTS_PASSED,ELIGIBLE,,,47.483,D:\Ky9\Sample\ARROW\runs\sample_selection\distributed\shard-3\candidates\01479_52228869_52228869_0
1484,10522120,10522120_5207.json,https://github.com/kiegroup/kie-wb-common,RootProcessConverter,kie-wb-common-stunner/kie-wb-common-stunner-sets/kie-wb-common-stunner-bpmn/kie-wb-common-stunner-bpmn-marshalling/src/main/java/org/kie/workbench/common/stunner/bpmn/client/marshall/converters/tostunner/processes/RootProcessConverter.java,production,,,,createNode,4,@Override protected,False,True,,,,,ELIGIBLE,,,,,,,,,2,2,0,,,,,,,,,EXCLUDED,setup,"Error: [('D:\\Ky9\\Sample\\ARROW\\repos\\10522120\\kie-wb-common-ala\\kie-wb-common-ala-openshift\\kie-wb-common-ala-openshift-ui\\kie-wb-common-ala-openshift-ui-client\\src\\main\\resources\\org', 'D:\\Ky9\\Sample\\ARROW\\runs\\sample_selection\\distributed\\shard-3\\candidates\\01484_10522120_10522120_5207\\workspace\\kie-wb-common-ala\\kie-wb-common-ala-openshift\\kie-wb-common-ala-openshift-ui\\kie-wb-common-ala-openshift-ui-client\\src\\main\\resources\\org', ""[WinError 206] The filename or extension is too long: 'D:\\\\Ky9\\\\Sample\\\\ARROW\\\\runs\\\\sample_selection\\\\distributed\\\\shard-3\\\\candidates\\\\01484_10522120_10522120_5207\\\\workspace\\\\kie-wb-common-ala\\\\kie-wb-common-ala-openshift\\\\kie-wb-common-ala-openshift-ui\\\\kie-wb-common-ala-openshift-ui-client\\\\src\\\\main\\\\resources\\\\org'""), ('D:\\Ky9\\Sample\\ARROW\\repos\\10522120\\kie-wb-common-ala\\kie-wb-common-ala-openshift\\kie-wb-common-ala-openshift-ui\\kie-wb-common-ala-openshift-ui-client\\src\\test\\java\\org\\guvnor', 'D:\\Ky9\\Sample\\ARROW\\runs\\sample_selection\\distributed\\shard-3\\candidates\\01484_10522120_10522120_5207\\workspace\\kie-wb-common-ala\\kie-wb-common-ala-openshift\\kie-wb-common-ala-openshift-ui\\kie-wb-common-ala-openshift-ui-client\\src\\test\\java\\org\\guvnor', ""[WinError 206] The filename or extension is too long: 'D:\\\\Ky9\\\\Sample\\\\ARROW\\\\runs\\\\sample_selection\\\\distributed\\\\shard-3\\\\candidates\\\\01484_10522120_10522120_5207\\\\workspace\\\\kie-wb-common-ala\\\\kie-wb-common-ala-openshift\\\\kie-wb-common-ala-openshift-ui\\\\kie-wb-common-ala-openshift-ui-client\\\\src\\\\test\\\\java\\\\org\\\\guvnor'""), ('D:\\Ky9\\Sample\\ARROW\\repos\\10522120\\kie-wb-common-forms\\kie-wb-common-dynamic-forms\\kie-wb-common-dynamic-forms-backend\\src\\main\\java\\org\\kie\\workbench\\common\\forms\\dynamic', 'D:\\Ky9\\Sample\\ARROW\\runs\\sample_selection\\distributed\\shard-3\\candidates\\01484_10522120_10522120_5207\\workspace\\kie-wb-common-",1404.405,D:\Ky9\Sample\ARROW\runs\sample_selection\distributed\shard-3\candidates\01484_10522120_10522120_5207
1489,60702089,60702089_5.json,https://github.com/SergeyZhernovoy/Java-education,IteratorSimpleNumber,PartV/lesson1/src/main/java/ru/szhernovoy/simplenumber/IteratorSimpleNumber.java,production,class,False,87,hasNext,14,@Override public,True,True,1,False,,10,ELIGIBLE,,maven,PartV\lesson1,junit4,8,D:\Ky9\Sample\ARROW\Java-version\java-8,auto-discovered JDK 8,,1,2,2,MODULE_TESTS_PASSED|MODULE_TESTS_PASSED,True,0,ru.szhernovoy.simplenumber.IteratorSimpleNumber,True,TARGET_TEST_PASSED,MODULE_TESTS_PASSED,MODULE_TESTS_PASSED,ELIGIBLE,,,33.129,D:\Ky9\Sample\ARROW\runs\sample_selection\distributed\shard-3\candidates\01489_60702089_60702089_5
1494,130720730,130720730_0.json,https://github.com/xiaolyuh/layering-cache,CacheController,demo/layering-cache-start-demo/src/main/java/com/github/xiaolyuh/demo/controller/CacheController.java,production,class,False,31,put,5,"@RequestMapping(""/put"") public",False,True,0,False,,7,ELIGIBLE,,maven,demo\layering-cache-start-demo,junit4,8,D:\Ky9\Sample\ARROW\Java-version\java-8,auto-discovered JDK 8,,1,2,2,MODULE_TESTS_PASSED|MODULE_TESTS_PASSED,True,1,com.github.xiaolyuh.demo.controller.CacheController,True,TEST_DISCOVERY_FAILED,,,EXCLUDED,probe_target,generated target test was not discovered,43.551,D:\Ky9\Sample\ARROW\runs\sample_selection\distributed\shard-3\candidates\01494_130720730_130720730_0
1499,34881325,34881325_2.json,https://github.com/germnix/acacia,Acacia,acacia/src/main/java/com/gmr/acacia/Acacia.java,production,class,False,100,createService,4,public static,False,True,0,False,,7,ELIGIBLE,,gradle,acacia,junit4,7,D:\Ky9\Sample\ARROW\Java-version\java-8,auto-discovered compatible JDK 8 for Java 7,,1,2,1,ASSERTION_FAILED,,,com.gmr.acacia.Acacia,,,,,EXCLUDED,baseline,failure: build failed with an exception.,52.276,D:\Ky9\Sample\ARROW\runs\sample_selection\distributed\shard-3\candidates\01499_34881325_34881325_2
1504,62104898,62104898_2.json,https://github.com/pRivAte12/Project-KoAnalyzer,Result,Client/src/main/java/web/searcher/Result.java,production,class,False,23,next,7,@Override public,True,True,1,False,,10,ELIGIBLE,,maven,Client,junit4,8,D:\Ky9\Sample\ARROW\Java-version\java-8,auto-discovered JDK 8,,1,2,1,ASSERTION_FAILED,,,web.searcher.Result,,,,,EXCLUDED,baseline,error:java.lang.nullpointerexception:java.lang.nullpointerexception at web.searcher.googlesearcher.search(googlesearcher.java:<n>) at web.searcher.cachedsearcher.search(cachedsearcher.java:<n>) at web.searcher.cachedsearcher.search(cachedsearcher.java:<n>) at web.searcher.cachedsearchertest.setup(ca,14.977,D:\Ky9\Sample\ARROW\runs\sample_selection\distributed\shard-3\candidates\01504_62104898_62104898_2
1509,7010395,7010395_12.json,https://github.com/vincentx/i0,Launcher,i0-core/src/main/java/com/thoughtworks/i0/core/Launcher.java,production,class,False,114,launch,4,public static,False,True,0,True,filesystem,6,EXCLUDED,external_dependency_risk:filesystem;testability_score_below_7,,,,,,,,1,2,0,,,,,,,,,EXCLUDED,semantic,external_dependency_risk:filesystem;testability_score_below_7,17.576,D:\Ky9\Sample\ARROW\runs\sample_selection\distributed\shard-3\candidates\01509_7010395_7010395_12
1514,132033525,132033525_0.json,https://github.com/Valou3433/blade-player,LoginActivity,app/libs/android-auth-1.0/auth-lib/src/main/java/com/spotify/sdk/android/authentication/LoginActivity.java,production,,,,onClientComplete,11,@Override public,False,False,,,,,EXCLUDED,no_observable_behavior,,,,,,,,,2,0,,,,,,,,,EXCLUDED,semantic_metadata,no_observable_behavior,0.015,D:\Ky9\Sample\ARROW\runs\sample_selection\distributed\shard-3\candidates\01514_132033525_132033525_0
1519,32001142,32001142_10.json,https://github.com/promeG/XLog,XLogUtils,xlog-base/src/main/java/com/promegu/xlog/base/XLogUtils.java,production,class,False,157,getClassNameSection,14,static,True,True,0,False,,10,ELIGIBLE,,gradle,xlog-base,junit4,unknown,D:\Ky9\Sample\ARROW\Java-version\java-8,Gradle 2.2.1 requires compatible JDK 8; auto-discovered,,1,2,1,ASSERTION_FAILED,,,com.promegu.xlog.base.XLogUtils,,,,,EXCLUDED,baseline,failure: build failed with an exception.,14.826,D:\Ky9\Sample\ARROW\runs\sample_selection\distributed\shard-3\candidates\01519_32001142_32001142_10
1524,179549243,179549243_119.json,https://github.com/lsds/sgx-spark,JobHistoryEventHandler,hadoop-2.6.5-src/hadoop-mapreduce-project/hadoop-mapreduce-client/hadoop-mapreduce-client-app/src/main/java/org/apache/hadoop/mapreduce/jobhistory/JobHistoryEventHandler.java,production,,,,handleEvent,108,@Private public,True,True,,,,,ELIGIBLE,,,,,,,,,1,2,0,,,,,,,,,EXCLUDED,setup,"Error: [('D:\\Ky9\\Sample\\ARROW\\repos\\179549243\\hadoop-2.6.5-src\\hadoop-common-project\\hadoop-annotations\\src\\main\\java\\org\\apache\\hadoop\\classification\\tools\\ExcludePrivateAnnotationsJDiffDoclet.java', 'D:\\Ky9\\Sample\\ARROW\\runs\\sample_selection\\distributed\\shard-3\\candidates\\01524_179549243_179549243_119\\workspace\\hadoop-2.6.5-src\\hadoop-common-project\\hadoop-annotations\\src\\main\\java\\org\\apache\\hadoop\\classification\\tools\\ExcludePrivateAnnotationsJDiffDoclet.java', '[WinError 3] The system cannot find the path specified'), ('D:\\Ky9\\Sample\\ARROW\\repos\\179549243\\hadoop-2.6.5-src\\hadoop-common-project\\hadoop-annotations\\src\\main\\java\\org\\apache\\hadoop\\classification\\tools\\ExcludePrivateAnnotationsStandardDoclet.java', 'D:\\Ky9\\Sample\\ARROW\\runs\\sample_selection\\distributed\\shard-3\\candidates\\01524_179549243_179549243_119\\workspace\\hadoop-2.6.5-src\\hadoop-common-project\\hadoop-annotations\\src\\main\\java\\org\\apache\\hadoop\\classification\\tools\\ExcludePrivateAnnotationsStandardDoclet.java', '[WinError 3] The system cannot find the path specified'), ('D:\\Ky9\\Sample\\ARROW\\repos\\179549243\\hadoop-2.6.5-src\\hadoop-common-project\\hadoop-annotations\\src\\main\\java\\org\\apache\\hadoop\\classification\\tools\\IncludePublicAnnotationsStandardDoclet.java', 'D:\\Ky9\\Sample\\ARROW\\runs\\sample_selection\\distributed\\shard-3\\candidates\\01524_179549243_179549243_119\\workspace\\hadoop-2.6.5-src\\hadoop-common-project\\hadoop-annotations\\src\\main\\java\\org\\apache\\hadoop\\classification\\tools\\IncludePublicAnnotationsStandardDoclet.java', '[WinError 3] The system cannot find the path specified'), ('D:\\Ky9\\Sample\\ARROW\\repos\\179549243\\hadoop-2.6.5-src\\hadoop-common-project\\hadoop-auth\\src\\main\\java\\org\\apache\\hadoop\\security\\authentication\\server\\AltKerberosAuthenticationHandler.java', 'D:\\Ky9\\Sample\\ARROW\\runs\\sample_selection\\distributed\\shard-3\\candidates\\01524_179",196.244,D:\Ky9\Sample\ARROW\runs\sample_selection\distributed\shard-3\candidates\01524_179549243_179549243_119
1529,55224431,55224431_2.json,https://github.com/javahongxi/whatsmars,ZkclientZookeeperClient,whatsmars-zk/src/main/java/org/hongxi/whatsmars/zk/remoting/zkclient/ZkclientZookeeperClient.java,production,,,,getChildren,8,@Override public,True,True,,,,,ELIGIBLE,,,,,,,,7649a8be0c12c8daf71880f0e290fcafc97bd49d,1,2,0,,,,,,,,,EXCLUDED,setup,"Error: [('D:\\Ky9\\Sample\\ARROW\\repos\\55224431\\whatsmars-dubbo\\dubbo-spring-boot-starter\\src\\main\\java\\org\\apache\\dubbo\\spring\\starter\\beans\\factory\\config\\DubboConfigBeanDefinitionConflictProcessor.java', 'D:\\Ky9\\Sample\\ARROW\\runs\\sample_selection\\distributed\\shard-3\\candidates\\01529_55224431_55224431_2\\workspace\\whatsmars-dubbo\\dubbo-spring-boot-starter\\src\\main\\java\\org\\apache\\dubbo\\spring\\starter\\beans\\factory\\config\\DubboConfigBeanDefinitionConflictProcessor.java', '[WinError 3] The system cannot find the path specified')]",27.739,D:\Ky9\Sample\ARROW\runs\sample_selection\distributed\shard-3\candidates\01529_55224431_55224431_2
1534,48887503,48887503_15.json,https://github.com/yfiton/yfiton,IntegerValidator,yfiton-api/src/main/java/com/yfiton/api/parameter/validators/IntegerValidator.java,production,class,False,41,validate,7,@Override public,True,True,0,False,,10,ELIGIBLE,,gradle,yfiton-api,junit4,13,,JDK 13 not mapped; using system default Java,,1,2,1,COMPILE_FAILED,,,com.yfiton.api.parameter.validators.IntegerValidator,,,,,EXCLUDED,baseline,java.lang.noclassdeffounderror: could not initialize class org.codehaus.groovy.vmplugin.v7.java7,591.132,D:\Ky9\Sample\ARROW\runs\sample_selection\distributed\shard-3\candidates\01534_48887503_48887503_15
1539,102597994,102597994_6.json,https://github.com/tolpp/memguard,RandomXorEncoderFactory,memguard/src/main/java/com/tolpp/memguard/encoder/RandomXorEncoderFactory.java,production,class,False,16,create,3,public static,False,True,0,False,,7,ELIGIBLE,,gradle,memguard,junit4,8,D:\Ky9\Sample\ARROW\Java-version\java-8,auto-discovered JDK 8,,1,2,2,MODULE_TESTS_PASSED|MODULE_TESTS_PASSED,False,1,com.tolpp.memguard.encoder.RandomXorEncoderFactory,False,,,,EXCLUDED,classpath,Không resolve được project classpath,595.575,D:\Ky9\Sample\ARROW\runs\sample_selection\distributed\shard-3\candidates\01539_102597994_102597994_6
1544,3657930,3657930_76.json,https://github.com/apache/jackrabbit-oak,MongoUtils,oak-store-document/src/main/java/org/apache/jackrabbit/oak/plugins/document/mongo/MongoUtils.java,production,,,,createPartialIndex,12,static,True,False,,,,,EXCLUDED,no_observable_behavior,,,,,,,,,2,0,,,,,,,,,EXCLUDED,semantic_metadata,no_observable_behavior,0.015,D:\Ky9\Sample\ARROW\runs\sample_selection\distributed\shard-3\candidates\01544_3657930_3657930_76
1549,165674292,165674292_152.json,https://github.com/liuxinyea/IWeex,WXUtils,platforms/android/sdk/src/main/java/com/taobao/weex/utils/WXUtils.java,production,,,,getFloat,3,public static,False,True,,,,,EXCLUDED,trivial_focal_method,,,,,,,,,2,0,,,,,,,,,EXCLUDED,semantic_metadata,trivial_focal_method,0.013,D:\Ky9\Sample\ARROW\runs\sample_selection\distributed\shard-3\candidates\01549_165674292_165674292_152
1554,51700398,51700398_52.json,https://github.com/ymanvieu/trading,RateService,trading-common/src/main/java/fr/ymanvieu/trading/common/rate/RateService.java,production,class,False,132,getNewestRateDate,4,public,True,True,0,True,database,9,EXCLUDED,external_dependency_risk:database,,,,,,,,1,2,0,,,,,,,,,EXCLUDED,semantic,external_dependency_risk:database,7.174,D:\Ky9\Sample\ARROW\runs\sample_selection\distributed\shard-3\candidates\01554_51700398_51700398_52
1559,108538904,108538904_0.json,https://github.com/sebastian-hofstaetter/ir-generalized-translation-models,SimilarityParser,Extensions/src/main/java/at/ac/tuwien/ifs/parser/SimilarityParser.java,production,class,False,160,parse,54,public,True,True,4,False,,9,ELIGIBLE,,maven,Extensions,junit4,8,D:\Ky9\Sample\ARROW\Java-version\java-8,auto-discovered JDK 8,,1,2,1,ASSERTION_FAILED,,,at.ac.tuwien.ifs.parser.SimilarityParser,,,,,EXCLUDED,baseline,[info] extensions ......................................... failure [ 12.112 s],18.788,D:\Ky9\Sample\ARROW\runs\sample_selection\distributed\shard-3\candidates\01559_108538904_108538904_0
1564,2282376,2282376_5.json,https://github.com/apache/giraph,IfBlock,giraph-block-app/src/main/java/org/apache/giraph/block_app/framework/block/IfBlock.java,production,class,False,69,getPieceCount,7,@Override public,True,True,2,False,,10,ELIGIBLE,,maven,giraph-block-app,junit4,8,D:\Ky9\Sample\ARROW\Java-version\java-8,auto-discovered JDK 8,,1,2,1,COMPILE_FAILED,,,org.apache.giraph.block_app.framework.block.IfBlock,,,,,EXCLUDED,baseline,tests in error:,801.410,D:\Ky9\Sample\ARROW\runs\sample_selection\distributed\shard-3\candidates\01564_2282376_2282376_5
1569,18907185,18907185_18.json,https://github.com/various-databases/redis-guides,ManagerPersistHash,redis-client/src/main/java/zx/soft/redis/client/hash/ManagerPersistHash.java,production,,,,delFields,16,@Override public,True,False,,,,,EXCLUDED,no_observable_behavior,,,,,,,,,2,0,,,,,,,,,EXCLUDED,semantic_metadata,no_observable_behavior,0.014,D:\Ky9\Sample\ARROW\runs\sample_selection\distributed\shard-3\candidates\01569_18907185_18907185_18
1574,26177368,26177368_20.json,https://github.com/greenrobot/essentials,PrimitiveArrayUtils,java-essentials/src/main/java/org/greenrobot/essentials/PrimitiveArrayUtils.java,production,,,,getLongLE,1,public abstract,False,True,,,,,EXCLUDED,focal_method_not_directly_testable;trivial_focal_method,,,,,,,,,2,0,,,,,,,,,EXCLUDED,semantic_metadata,focal_method_not_directly_testable;trivial_focal_method,0.014,D:\Ky9\Sample\ARROW\runs\sample_selection\distributed\shard-3\candidates\01574_26177368_26177368_20
1579,47133978,47133978_33.json,https://github.com/Asqatasun/Contrast-Finder,ColorConverter,engine/utils/src/main/java/org/asqatasun/utils/colorconvertor/ColorConverter.java,production,,,,formatColorStr,27,public static,True,True,,,,,ELIGIBLE,,,,,,,,,,2,0,,,,,,,,,EXCLUDED,setup,"RuntimeError: Repository setup failed after 3 attempts: CalledProcessError: Command '['git', '-c', 'core.longpaths=true', 'clone', '--depth', '1', 'https://github.com/Asqatasun/Contrast-Finder', 'D:\\Ky9\\Sample\\ARROW\\repos\\47133978']' returned non-zero exit status 128.",19.016,D:\Ky9\Sample\ARROW\runs\sample_selection\distributed\shard-3\candidates\01579_47133978_47133978_33
1584,89435838,89435838_1.json,https://github.com/javaee/grizzly,CompositeBuffer,modules/grizzly/src/main/java/org/glassfish/grizzly/memory/CompositeBuffer.java,production,class,True,147,newBuffer,3,public static,False,True,0,False,,8,EXCLUDED,non_concrete:class:abstract,,,,,,,,1,2,0,,,,,,,,,EXCLUDED,semantic,non_concrete:class:abstract,4.567,D:\Ky9\Sample\ARROW\runs\sample_selection\distributed\shard-3\candidates\01584_89435838_89435838_1
1589,57338026,57338026_217.json,https://github.com/bbilger/jrestless,AwsSecurityContextFilter,aws/gateway/jrestless-aws-gateway-handler/src/main/java/com/jrestless/aws/gateway/security/AwsSecurityContextFilter.java,production,,,,filter,4,@Override public,False,False,,,,,EXCLUDED,no_observable_behavior,,,,,,,,,2,0,,,,,,,,,EXCLUDED,semantic_metadata,no_observable_behavior,0.012,D:\Ky9\Sample\ARROW\runs\sample_selection\distributed\shard-3\candidates\01589_57338026_57338026_217
1594,52139656,52139656_2.json,https://github.com/Malinskiy/Sheldon,SharedPreferencesGatewayBuilder,gateway-sharedpreferences/src/main/java/com/malinskiy/sheldon2/provider/SharedPreferencesGatewayBuilder.java,production,class,False,24,mode,4,public,False,True,1,False,,8,ELIGIBLE,,gradle,gateway-sharedpreferences,junit4,1,D:\Ky9\Sample\ARROW\Java-version\java-8,auto-discovered compatible JDK 8 for Java 1,,1,2,1,ASSERTION_FAILED,,,com.malinskiy.sheldon2.provider.SharedPreferencesGatewayBuilder,,,,,EXCLUDED,baseline,failure: build failed with an exception.,10.218,D:\Ky9\Sample\ARROW\runs\sample_selection\distributed\shard-3\candidates\01594_52139656_52139656_2
1599,7455819,7455819_30.json,https://github.com/dandelion/dandelion,ETagPostHandler,dandelion-core/src/main/java/com/github/dandelion/core/web/handler/impl/ETagPostHandler.java,production,class,False,70,handle,12,@Override public,True,True,0,False,,9,ELIGIBLE,,maven,dandelion-core,junit4,6,D:\Ky9\Sample\ARROW\Java-version\java-8,auto-discovered compatible JDK 8 for Java 6,,1,2,1,COMPILE_FAILED,,,com.github.dandelion.core.web.handler.impl.ETagPostHandler,,,,,EXCLUDED,baseline,tests in error:,26.947,D:\Ky9\Sample\ARROW\runs\sample_selection\distributed\shard-3\candidates\01599_7455819_7455819_30
1604,16389681,16389681_4.json,https://github.com/google/j2objc,RealBufferedSink,jre_emul/android/platform/external/okhttp/okio/okio/src/main/java/okio/RealBufferedSink.java,production,,,,writeUtf8,5,@Override public,True,True,,,,,ELIGIBLE,,,,,,,,,1,2,0,,,,,,,,,EXCLUDED,setup,"Error: [('D:\\Ky9\\Sample\\ARROW\\repos\\16389681\\jre_emul\\android\\platform\\libcore\\harmony-tests\\src\\test\\java\\org\\apache\\harmony\\annotation\\tests\\java\\lang\\annotation\\AnnotationTypeMismatchExceptionTest.java', 'D:\\Ky9\\Sample\\ARROW\\runs\\sample_selection\\distributed\\shard-3\\candidates\\01604_16389681_16389681_4\\workspace\\jre_emul\\android\\platform\\libcore\\harmony-tests\\src\\test\\java\\org\\apache\\harmony\\annotation\\tests\\java\\lang\\annotation\\AnnotationTypeMismatchExceptionTest.java', '[WinError 3] The system cannot find the path specified'), ('D:\\Ky9\\Sample\\ARROW\\repos\\16389681\\jre_emul\\android\\platform\\libcore\\harmony-tests\\src\\test\\java\\org\\apache\\harmony\\annotation\\tests\\java\\lang\\annotation\\IncompleteAnnotationExceptionTest.java', 'D:\\Ky9\\Sample\\ARROW\\runs\\sample_selection\\distributed\\shard-3\\candidates\\01604_16389681_16389681_4\\workspace\\jre_emul\\android\\platform\\libcore\\harmony-tests\\src\\test\\java\\org\\apache\\harmony\\annotation\\tests\\java\\lang\\annotation\\IncompleteAnnotationExceptionTest.java', '[WinError 3] The system cannot find the path specified'), ('D:\\Ky9\\Sample\\ARROW\\repos\\16389681\\jre_emul\\android\\platform\\libcore\\harmony-tests\\src\\test\\java\\org\\apache\\harmony\\tests\\javax\\security\\auth\\callback\\UnsupportedCallbackExceptionTest.java', 'D:\\Ky9\\Sample\\ARROW\\runs\\sample_selection\\distributed\\shard-3\\candidates\\01604_16389681_16389681_4\\workspace\\jre_emul\\android\\platform\\libcore\\harmony-tests\\src\\test\\java\\org\\apache\\harmony\\tests\\javax\\security\\auth\\callback\\UnsupportedCallbackExceptionTest.java', '[WinError 3] The system cannot find the path specified'), ('D:\\Ky9\\Sample\\ARROW\\repos\\16389681\\jre_emul\\android\\platform\\libcore\\harmony-tests\\src\\test\\resources\\serialization\\org\\apache\\harmony\\tests\\java\\lang\\IllegalArgumentExceptionTest.golden.ser', 'D:\\Ky9\\Sample\\ARROW\\runs\\sample_selection\\distri",100.232,D:\Ky9\Sample\ARROW\runs\sample_selection\distributed\shard-3\candidates\01604_16389681_16389681_4
1609,45692123,45692123_0.json,https://github.com/zhegexiaohuozi/SeimiCrawler,StrFormatUtil,seimicrawler/src/main/java/cn/wanghaomiao/seimi/utils/StrFormatUtil.java,production,class,False,53,parseCharset,7,public static,True,True,0,False,,10,ELIGIBLE,,maven,seimicrawler,junit4,8,D:\Ky9\Sample\ARROW\Java-version\java-8,auto-discovered JDK 8,,1,2,2,MODULE_TESTS_PASSED|MODULE_TESTS_PASSED,True,0,cn.wanghaomiao.seimi.utils.StrFormatUtil,True,TARGET_TEST_PASSED,MODULE_TESTS_PASSED,MODULE_TESTS_PASSED,ELIGIBLE,,,40.600,D:\Ky9\Sample\ARROW\runs\sample_selection\distributed\shard-3\candidates\01609_45692123_45692123_0
1614,34336359,34336359_48.json,https://github.com/jboss-switchyard/switchyard,RouteFactory,components/camel/component/src/main/java/org/switchyard/component/camel/RouteFactory.java,production,,,,createRoute,3,public static,False,True,,,,,ELIGIBLE,,,,,,,,,1,2,0,,,,,,,,,EXCLUDED,setup,"Error: [('D:\\Ky9\\Sample\\ARROW\\repos\\34336359\\quickstarts\\demos\\policy-security-wss-signencrypt\\src\\main\\java\\org\\switchyard\\quickstarts\\demo\\policy\\security\\wss\\signencrypt\\WorkServiceCallbackHandler.java', 'D:\\Ky9\\Sample\\ARROW\\runs\\sample_selection\\distributed\\shard-3\\candidates\\01614_34336359_34336359_48\\workspace\\quickstarts\\demos\\policy-security-wss-signencrypt\\src\\main\\java\\org\\switchyard\\quickstarts\\demo\\policy\\security\\wss\\signencrypt\\WorkServiceCallbackHandler.java', '[WinError 3] The system cannot find the path specified'), ('D:\\Ky9\\Sample\\ARROW\\repos\\34336359\\quickstarts\\demos\\security-propagation-jms\\src\\main\\java\\org\\switchyard\\quickstarts\\demo\\security\\propagation\\jms\\security\\SecurityCamelJMSBindingData.java', 'D:\\Ky9\\Sample\\ARROW\\runs\\sample_selection\\distributed\\shard-3\\candidates\\01614_34336359_34336359_48\\workspace\\quickstarts\\demos\\security-propagation-jms\\src\\main\\java\\org\\switchyard\\quickstarts\\demo\\security\\propagation\\jms\\security\\SecurityCamelJMSBindingData.java', '[WinError 3] The system cannot find the path specified'), ('D:\\Ky9\\Sample\\ARROW\\repos\\34336359\\quickstarts\\demos\\security-propagation-jms\\src\\main\\java\\org\\switchyard\\quickstarts\\demo\\security\\propagation\\jms\\security\\SecurityCamelJMSBindingDataCreator.java', 'D:\\Ky9\\Sample\\ARROW\\runs\\sample_selection\\distributed\\shard-3\\candidates\\01614_34336359_34336359_48\\workspace\\quickstarts\\demos\\security-propagation-jms\\src\\main\\java\\org\\switchyard\\quickstarts\\demo\\security\\propagation\\jms\\security\\SecurityCamelJMSBindingDataCreator.java', '[WinError 3] The system cannot find the path specified'), ('D:\\Ky9\\Sample\\ARROW\\repos\\34336359\\quickstarts\\demos\\security-propagation-jms\\src\\main\\java\\org\\switchyard\\quickstarts\\demo\\security\\propagation\\jms\\security\\SecurityCamelJMSMessageComposer.java', 'D:\\Ky9\\Sample\\ARROW\\runs\\sample_selection",11.116,D:\Ky9\Sample\ARROW\runs\sample_selection\distributed\shard-3\candidates\01614_34336359_34336359_48
1619,5455483,5455483_0.json,https://github.com/RestComm/ussdgateway,SipUssdMessage,core/xml/src/main/java/org/mobicents/ussdgateway/SipUssdMessage.java,production,,,,getUssdString,3,public,False,True,,,,,EXCLUDED,trivial_focal_method,,,,,,,,,2,0,,,,,,,,,EXCLUDED,semantic_metadata,trivial_focal_method,0.011,D:\Ky9\Sample\ARROW\runs\sample_selection\distributed\shard-3\candidates\01619_5455483_5455483_0
1624,94637589,94637589_9.json,https://github.com/TestingResearchIllinois/starts,YasglHelper,starts-core/src/main/java/edu/illinois/starts/helpers/YasglHelper.java,production,class,False,96,addEdgeToGraph,7,public static,True,True,0,True,filesystem,8,EXCLUDED,external_dependency_risk:filesystem,,,,,,,,1,2,0,,,,,,,,,EXCLUDED,semantic,external_dependency_risk:filesystem,2.224,D:\Ky9\Sample\ARROW\runs\sample_selection\distributed\shard-3\candidates\01624_94637589_94637589_9
1629,133799133,133799133_7.json,https://github.com/Governikus/eidas-middleware,HttpCrlFetcher,poseidas/src/main/java/de/governikus/eumw/poseidas/eidserver/crl/HttpCrlFetcher.java,production,class,False,99,download,29,protected,True,True,1,True,network,9,EXCLUDED,external_dependency_risk:network,,,,,,,,1,2,0,,,,,,,,,EXCLUDED,semantic,external_dependency_risk:network,6.295,D:\Ky9\Sample\ARROW\runs\sample_selection\distributed\shard-3\candidates\01629_133799133_133799133_7
1634,55814679,55814679_2.json,https://github.com/notsojug/jug-material,SomeDelayedClient,javaee-more-concepts/src/main/java/jug/decorator/SomeDelayedClient.java,production,class,True,28,getValueFromTheInternet,5,@Override public,False,True,0,True,nondeterminism,7,EXCLUDED,non_concrete:class:abstract;external_dependency_risk:nondeterminism,,,,,,,,1,2,0,,,,,,,,,EXCLUDED,semantic,non_concrete:class:abstract;external_dependency_risk:nondeterminism,2.766,D:\Ky9\Sample\ARROW\runs\sample_selection\distributed\shard-3\candidates\01634_55814679_55814679_2
1639,2497245,2497245_48.json,https://github.com/nifty-gui/nifty-gui,SpecialValuesReplace,nifty-core/src/main/java/de/lessvoid/xml/tools/SpecialValuesReplace.java,production,class,False,191,replace,41,@Nonnull public static,True,True,0,False,,9,ELIGIBLE,,maven,nifty-core,junit4,6,D:\Ky9\Sample\ARROW\Java-version\java-8,auto-discovered compatible JDK 8 for Java 6,,1,2,1,ASSERTION_FAILED,,,de.lessvoid.xml.tools.SpecialValuesReplace,,,,,EXCLUDED,baseline,[info] nifty core ......................................... failure [ 3.720 s],118.733,D:\Ky9\Sample\ARROW\runs\sample_selection\distributed\shard-3\candidates\01639_2497245_2497245_48
1644,23054806,23054806_0.json,https://github.com/home-climate-control/dz,GCalScheduleUpdater,dz3-master/dz3-scheduler-gcal-v3/src/main/java/net/sf/dz3/scheduler/gcal/GCalScheduleUpdater.java,production,class,False,304,update,48,@Override public,True,True,1,True,filesystem,9,EXCLUDED,external_dependency_risk:filesystem,,,,,,,23601d500baec7bc37125994b81c14fd31676b7d,1,2,0,,,,,,,,,EXCLUDED,semantic,external_dependency_risk:filesystem,38.545,D:\Ky9\Sample\ARROW\runs\sample_selection\distributed\shard-3\candidates\01644_23054806_23054806_0
1649,121230866,121230866_1.json,https://github.com/dddjava/jig,MyBatisSqlReader,jig-core/src/main/java/org/dddjava/jig/infrastructure/mybatis/MyBatisSqlReader.java,production,class,False,121,readFrom,10,@Override public,True,True,0,False,,9,ELIGIBLE,,gradle,jig-core,junit5,unknown,D:\Ky9\Sample\ARROW\Java-version\java-17,Gradle 7.6.4 requires compatible JDK 17; auto-discovered,0505ba729372a9983a69250c129d539a03e811ef,1,2,1,RUNTIME_FAILED,,,org.dddjava.jig.infrastructure.mybatis.MyBatisSqlReader,,,,,EXCLUDED,baseline,"exception in thread ""main"" java.io.ioexception: there is not enough space on the disk",339.192,D:\Ky9\Sample\ARROW\runs\sample_selection\distributed\shard-3\candidates\01649_121230866_121230866_1
1654,37421395,37421395_42.json,https://github.com/tkirill/tc-bisect,BisectRepository,bisectPlugin/bisectPlugin-server/src/main/java/org/tkirill/teamcity/bisectPlugin/BisectRepository.java,production,class,False,54,exists,4,public,False,True,1,False,,8,ELIGIBLE,,maven,bisectPlugin\bisectPlugin-server,testng,unknown,,no project java version detected,,1,2,1,ASSERTION_FAILED,,,org.tkirill.teamcity.bisectPlugin.BisectRepository,,,,,EXCLUDED,baseline,[info] build failure,5.588,D:\Ky9\Sample\ARROW\runs\sample_selection\distributed\shard-3\candidates\01654_37421395_37421395_42
1659,7728562,7728562_0.json,https://github.com/apache/oodt,PGETaskInstance,pge/src/main/java/org/apache/oodt/cas/pge/PGETaskInstance.java,production,class,False,540,loadPropertyAdder,4,protected,False,True,0,True,filesystem|nondeterminism,6,EXCLUDED,external_dependency_risk:filesystem|nondeterminism;testability_score_below_7,,,,,,,,1,2,0,,,,,,,,,EXCLUDED,semantic,external_dependency_risk:filesystem|nondeterminism;testability_score_below_7,11.177,D:\Ky9\Sample\ARROW\runs\sample_selection\distributed\shard-3\candidates\01659_7728562_7728562_0
1664,11281607,11281607_20.json,https://github.com/tyrus-project/tyrus,TyrusSession,core/src/main/java/org/glassfish/tyrus/core/TyrusSession.java,production,,,,addMessageHandler,7,@Override public,False,False,,,,,EXCLUDED,no_observable_behavior,,,,,,,,,2,0,,,,,,,,,EXCLUDED,semantic_metadata,no_observable_behavior,0.023,D:\Ky9\Sample\ARROW\runs\sample_selection\distributed\shard-3\candidates\01664_11281607_11281607_20
1669,41414120,41414120_5.json,https://github.com/caocf/distribute_framework,RowKeyUtil,apple-data-master/apple-data-hbase96/src/main/java/com/appleframework/data/hbase/client/rowkey/RowKeyUtil.java,production,,,,getEndRowKeyOfPrefix,18,public static,True,True,,,,,ELIGIBLE,,,,,,,,,1,2,0,,,,,,,,,EXCLUDED,setup,"Error: [('D:\\Ky9\\Sample\\ARROW\\repos\\41414120\\apple-data-master\\apple-data-hbase96\\src\\test\\java\\com\\appleframework\\data\\hbase\\client\\service\\hbaseMultipleVersionService\\TestDeleteObjectListMV.java', 'D:\\Ky9\\Sample\\ARROW\\runs\\sample_selection\\distributed\\shard-3\\candidates\\01669_41414120_41414120_5\\workspace\\apple-data-master\\apple-data-hbase96\\src\\test\\java\\com\\appleframework\\data\\hbase\\client\\service\\hbaseMultipleVersionService\\TestDeleteObjectListMV.java', '[WinError 3] The system cannot find the path specified'), ('D:\\Ky9\\Sample\\ARROW\\repos\\41414120\\apple-data-master\\apple-data-hbase98\\src\\test\\java\\com\\appleframework\\data\\hbase\\client\\service\\hbaseMultipleVersionService\\TestDeleteObjectListMV.java', 'D:\\Ky9\\Sample\\ARROW\\runs\\sample_selection\\distributed\\shard-3\\candidates\\01669_41414120_41414120_5\\workspace\\apple-data-master\\apple-data-hbase98\\src\\test\\java\\com\\appleframework\\data\\hbase\\client\\service\\hbaseMultipleVersionService\\TestDeleteObjectListMV.java', '[WinError 3] The system cannot find the path specified'), ('D:\\Ky9\\Sample\\ARROW\\repos\\41414120\\apple-qos-master\\apple-qos-server\\apple-qos-server-statistics\\src\\main\\java\\com\\appleframework\\qos\\server\\statistics\\service\\impl\\AppInfoServiceImpl.java', 'D:\\Ky9\\Sample\\ARROW\\runs\\sample_selection\\distributed\\shard-3\\candidates\\01669_41414120_41414120_5\\workspace\\apple-qos-master\\apple-qos-server\\apple-qos-server-statistics\\src\\main\\java\\com\\appleframework\\qos\\server\\statistics\\service\\impl\\AppInfoServiceImpl.java', '[WinError 3] The system cannot find the path specified'), ('D:\\Ky9\\Sample\\ARROW\\repos\\41414120\\apple-qos-master\\apple-qos-server\\apple-qos-server-statistics\\src\\main\\java\\com\\appleframework\\qos\\server\\statistics\\service\\impl\\DayStatAppServiceImpl.java', 'D:\\Ky9\\Sample\\ARROW\\runs\\sample_selection\\distributed\\shard-3\\candidates\\01669_41414120_41414120",12.521,D:\Ky9\Sample\ARROW\runs\sample_selection\distributed\shard-3\candidates\01669_41414120_41414120_5
1674,4256066,4256066_0.json,https://github.com/NessComputing/components-ness-httpclient,StreamedJsonContentConverter,client/src/main/java/com/nesscomputing/httpclient/response/StreamedJsonContentConverter.java,production,class,False,124,convert,49,@Override public,True,True,3,True,network,8,EXCLUDED,external_dependency_risk:network,,,,,,,,1,2,0,,,,,,,,,EXCLUDED,semantic,external_dependency_risk:network,2.299,D:\Ky9\Sample\ARROW\runs\sample_selection\distributed\shard-3\candidates\01674_4256066_4256066_0
1679,60773713,60773713_1.json,https://github.com/redhat-italy/hacep,ConsecutiveDaysAccumulateFunction,hacep-examples/hacep-rules/src/main/java/it/redhat/hacep/playground/rules/reward/catalog/ConsecutiveDaysAccumulateFunction.java,production,,,,init,5,@Override public,False,False,,,,,EXCLUDED,no_observable_behavior,,,,,,,,,2,0,,,,,,,,,EXCLUDED,semantic_metadata,no_observable_behavior,0.016,D:\Ky9\Sample\ARROW\runs\sample_selection\distributed\shard-3\candidates\01679_60773713_60773713_1
1684,28064538,28064538_2.json,https://github.com/linkedin/MTBT,WorkerThread,perf-tool-core/src/main/java/com/linkedin/multitenant/main/WorkerThread.java,production,,,,run,25,public,True,False,,,,,EXCLUDED,no_observable_behavior,,,,,,,,,2,0,,,,,,,,,EXCLUDED,semantic_metadata,no_observable_behavior,0.015,D:\Ky9\Sample\ARROW\runs\sample_selection\distributed\shard-3\candidates\01684_28064538_28064538_2
1689,20356428,20356428_0.json,https://github.com/CodeCrafter47/BungeeTabListPlus,BitSet,bungee/src/main/java/codecrafter47/bungeetablistplus/util/BitSet.java,production,class,False,137,nextSetBit,15,public,True,True,1,False,,10,ELIGIBLE,,gradle,bungee,junit4,unknown,D:\Ky9\Sample\ARROW\Java-version\java-17,Gradle 7.4 requires compatible JDK 17; auto-discovered,,1,2,1,ASSERTION_FAILED,,,codecrafter47.bungeetablistplus.util.BitSet,,,,,EXCLUDED,baseline,failure: build failed with an exception.,52.174,D:\Ky9\Sample\ARROW\runs\sample_selection\distributed\shard-3\candidates\01689_20356428_20356428_0
1694,104974693,104974693_155.json,https://github.com/telstra/open-kilda,Gate,src-java/server42/server42-control/src/main/java/org/openkilda/server42/control/kafka/Gate.java,production,,,,listen,25,@KafkaHandler,True,False,,,,,EXCLUDED,no_observable_behavior,,,,,,,,,2,0,,,,,,,,,EXCLUDED,semantic_metadata,no_observable_behavior,0.012,D:\Ky9\Sample\ARROW\runs\sample_selection\distributed\shard-3\candidates\01694_104974693_104974693_155
1699,14082560,14082560_4.json,https://github.com/citiususc/composit,WSCXMLServiceProvider,composit-wsc/src/main/java/es/usc/citius/composit/wsc08/data/WSCXMLServiceProvider.java,production,class,False,204,getOperationsWithInput,15,@Override public,False,True,1,True,filesystem,7,EXCLUDED,external_dependency_risk:filesystem,,,,,,,,1,2,0,,,,,,,,,EXCLUDED,semantic,external_dependency_risk:filesystem,3.509,D:\Ky9\Sample\ARROW\runs\sample_selection\distributed\shard-3\candidates\01699_14082560_14082560_4
1704,56735986,56735986_6.json,https://github.com/ailohq/tiny-rxjava-jdbc,TransactionContextExecutor,tiny-rxjava-jdbc-core/src/main/java/com/trunk/rx/jdbc/TransactionContextExecutor.java,production,class,False,174,withAutoCommit,3,public,False,True,3,True,database,7,EXCLUDED,external_dependency_risk:database,,,,,,,,1,2,0,,,,,,,,,EXCLUDED,semantic,external_dependency_risk:database,2.094,D:\Ky9\Sample\ARROW\runs\sample_selection\distributed\shard-3\candidates\01704_56735986_56735986_6
1709,209630794,209630794_3.json,https://github.com/coincoinche/coincoinche,MoveBidding,server/src/main/java/com/coincoinche/engine/MoveBidding.java,production,class,False,173,compareTo,22,@Override public,True,True,2,False,,9,ELIGIBLE,,maven,server,junit4,11,D:\Ky9\Sample\ARROW\Java-version\java-11,auto-discovered JDK 11,,1,2,1,RUNTIME_FAILED,,,com.coincoinche.engine.MoveBidding,,,,,EXCLUDED,baseline,error:java.lang.illegalstateexception:failed to load applicationcontext,52.700,D:\Ky9\Sample\ARROW\runs\sample_selection\distributed\shard-3\candidates\01709_209630794_209630794_3
1714,22460817,22460817_0.json,https://github.com/vsl1978/mybatis-generator-pluginsplus,Str,mybatis-generator-pluginsplus/src/main/java/xyz/vsl/mybatis/generator/pluginsplus/Str.java,production,class,False,48,trim,6,public static,True,True,0,False,,10,ELIGIBLE,,maven,mybatis-generator-pluginsplus,junit4,6,D:\Ky9\Sample\ARROW\Java-version\java-8,auto-discovered compatible JDK 8 for Java 6,,1,2,2,MODULE_TESTS_PASSED|MODULE_TESTS_PASSED,True,0,xyz.vsl.mybatis.generator.pluginsplus.Str,True,TARGET_TEST_PASSED,MODULE_TESTS_PASSED,MODULE_TESTS_PASSED,ELIGIBLE,,,31.726,D:\Ky9\Sample\ARROW\runs\sample_selection\distributed\shard-3\candidates\01714_22460817_22460817_0
1719,190209753,190209753_5.json,https://github.com/ocadaruma/pfutil,HllhdrV4,core/src/main/java/com/mayreh/pfutil/v4/HllhdrV4.java,production,class,False,135,hllCount,28,,True,True,0,False,,10,ELIGIBLE,,gradle,core,junit4,unknown,D:\Ky9\Sample\ARROW\Java-version\java-8,Gradle 4.10.3 requires compatible JDK 8; auto-discovered,,1,2,1,RUNTIME_FAILED,,,com.mayreh.pfutil.v4.HllhdrV4,,,,,EXCLUDED,baseline,"exception in thread ""main"" java.io.ioexception: there is not enough space on the disk",85.977,D:\Ky9\Sample\ARROW\runs\sample_selection\distributed\shard-3\candidates\01719_190209753_190209753_5
1724,122494549,122494549_12.json,https://github.com/TimoCloud/TimoCloud,PluginManager,TimoCloud-Universal/src/main/java/cloud/timo/TimoCloud/core/plugins/PluginManager.java,production,,,,loadPlugins,15,public,True,False,,,,,EXCLUDED,no_observable_behavior,,,,,,,,,2,0,,,,,,,,,EXCLUDED,semantic_metadata,no_observable_behavior,0.015,D:\Ky9\Sample\ARROW\runs\sample_selection\distributed\shard-3\candidates\01724_122494549_122494549_12
1729,50502309,50502309_1.json,https://github.com/larusba/neo4j-couchbase-connector,RemoteNeo4jTransformer,neo4j-couchbase-connector-resync-graph/src/main/java/it/larusba/integration/couchbase/document/transformer/RemoteNeo4jTransformer.java,production,,,,transform,11,@Override public,True,True,,,,,ELIGIBLE,,,,,,,,,1,2,0,,,,,,,,,EXCLUDED,setup,"Error: [('D:\\Ky9\\Sample\\ARROW\\repos\\50502309\\neo4j-couchbase-connector-examples\\spotify\\src\\main\\java\\it\\larusba\\integration\\neo4jcouchbaseconnector\\examples\\spotify\\service\\impl\\SpotifyLoaderServiceImpl.java', 'D:\\Ky9\\Sample\\ARROW\\runs\\sample_selection\\distributed\\shard-3\\candidates\\01729_50502309_50502309_1\\workspace\\neo4j-couchbase-connector-examples\\spotify\\src\\main\\java\\it\\larusba\\integration\\neo4jcouchbaseconnector\\examples\\spotify\\service\\impl\\SpotifyLoaderServiceImpl.java', '[WinError 3] The system cannot find the path specified'), ('D:\\Ky9\\Sample\\ARROW\\repos\\50502309\\neo4j-couchbase-connector-examples\\spotify\\src\\main\\java\\it\\larusba\\integration\\neo4jcouchbaseconnector\\examples\\spotify\\service\\SpotifyLoaderService.java', 'D:\\Ky9\\Sample\\ARROW\\runs\\sample_selection\\distributed\\shard-3\\candidates\\01729_50502309_50502309_1\\workspace\\neo4j-couchbase-connector-examples\\spotify\\src\\main\\java\\it\\larusba\\integration\\neo4jcouchbaseconnector\\examples\\spotify\\service\\SpotifyLoaderService.java', '[WinError 3] The system cannot find the path specified'), ('D:\\Ky9\\Sample\\ARROW\\repos\\50502309\\neo4j-couchbase-connector-examples\\spotify\\src\\test\\java\\it\\larusba\\integration\\neo4jcouchbaseconnector\\examples\\spotify\\SpotifyCouchbaseLoaderTest.java', 'D:\\Ky9\\Sample\\ARROW\\runs\\sample_selection\\distributed\\shard-3\\candidates\\01729_50502309_50502309_1\\workspace\\neo4j-couchbase-connector-examples\\spotify\\src\\test\\java\\it\\larusba\\integration\\neo4jcouchbaseconnector\\examples\\spotify\\SpotifyCouchbaseLoaderTest.java', '[WinError 3] The system cannot find the path specified'), ('D:\\Ky9\\Sample\\ARROW\\repos\\50502309\\neo4j-couchbase-connector-examples\\spotify\\src\\test\\java\\it\\larusba\\integration\\neo4jcouchbaseconnector\\examples\\spotify\\SpotifyRecursiveLoaderTest.java', 'D:\\Ky9\\Sample\\ARROW\\runs\\sample_selection\\distributed\\shard-3\\candidates\\017",1.834,D:\Ky9\Sample\ARROW\runs\sample_selection\distributed\shard-3\candidates\01729_50502309_50502309_1
1734,643499,643499_13.json,https://github.com/unclebob/Welc,Amazing,CodeSmells/src/amazing/Amazing.java,nonstandard,,,,doit,608,public static,True,False,,,,,EXCLUDED,source_layout:nonstandard;no_observable_behavior,,,,,,,,,2,0,,,,,,,,,EXCLUDED,semantic_metadata,source_layout:nonstandard;no_observable_behavior,0.016,D:\Ky9\Sample\ARROW\runs\sample_selection\distributed\shard-3\candidates\01734_643499_643499_13
1739,44838366,44838366_3.json,https://github.com/ZacSweers/RxPalette,RxPalette,rxpalette/src/main/java/io/sweers/rxpalette/RxPalette.java,production,class,False,36,generate,9,@CheckResult @NonNull public static,False,True,0,False,,7,ELIGIBLE,,gradle,rxpalette,junit4,1,D:\Ky9\Sample\ARROW\Java-version\java-8,auto-discovered compatible JDK 8 for Java 1,,1,2,1,RUNTIME_FAILED,,,io.sweers.rxpalette.RxPalette,,,,,EXCLUDED,baseline,"exception in thread ""main"" java.io.ioexception: there is not enough space on the disk",3.712,D:\Ky9\Sample\ARROW\runs\sample_selection\distributed\shard-3\candidates\01739_44838366_44838366_3
1744,30956938,30956938_13.json,https://github.com/apache/incubator-taverna-common-activities,URISignatureHandler,taverna-rest-activity/src/main/java/org/apache/taverna/activities/rest/URISignatureHandler.java,production,class,False,395,isValid,10,public static,True,True,0,False,,10,ELIGIBLE,,maven,taverna-rest-activity,junit4,unknown,,no project java version detected,,1,2,1,COMPILE_FAILED,,,org.apache.taverna.activities.rest.URISignatureHandler,,,,,EXCLUDED,baseline,[error] internal error: java.io.uncheckedioexception: java.nio.file.filesystemexception: <path>: there is not enough space on the disk -> [help 1],4.891,D:\Ky9\Sample\ARROW\runs\sample_selection\distributed\shard-3\candidates\01744_30956938_30956938_13
1749,96480746,96480746_200.json,https://github.com/de-jcup/eclipse-bash-editor,SimpleStringUtils,basheditor-plugin/src/main/java/de/jcup/basheditor/SimpleStringUtils.java,production,class,False,122,nextReducedVariableWord,3,public static,False,True,0,False,,8,ELIGIBLE,,gradle,basheditor-plugin,junit4,1,D:\Ky9\Sample\ARROW\Java-version\java-8,auto-discovered compatible JDK 8 for Java 1,,1,2,1,RUNTIME_FAILED,,,de.jcup.basheditor.SimpleStringUtils,,,,,EXCLUDED,baseline,"exception in thread ""main"" java.io.ioexception: there is not enough space on the disk",5.455,D:\Ky9\Sample\ARROW\runs\sample_selection\distributed\shard-3\candidates\01749_96480746_96480746_200
1754,66266995,66266995_15.json,https://github.com/yandex-qatools/android-wifitool,NetworkManager,wifitool/src/main/java/ru/yandex/qatools/wifitool/NetworkManager.java,production,class,False,75,createNetwork,21,,True,True,1,False,,9,ELIGIBLE,,gradle,wifitool,junit4,1,D:\Ky9\Sample\ARROW\Java-version\java-8,auto-discovered compatible JDK 8 for Java 1,,1,2,1,RUNTIME_FAILED,,,ru.yandex.qatools.wifitool.NetworkManager,,,,,EXCLUDED,baseline,"exception in thread ""main"" java.io.ioexception: there is not enough space on the disk",3.262,D:\Ky9\Sample\ARROW\runs\sample_selection\distributed\shard-3\candidates\01754_66266995_66266995_15
1759,80451996,80451996_45.json,https://github.com/Comcast/redirector,SimpleDAO,core/common/src/main/java/com/comcast/redirector/dataaccess/dao/SimpleDAO.java,production,,,,save,8,@Override public,True,True,,,,,ELIGIBLE,,,,,,,,,1,2,0,,,,,,,,,EXCLUDED,setup,"Error: [('D:\\Ky9\\Sample\\ARROW\\repos\\80451996\\service\\webService\\src\\test\\java\\com\\comcast\\redirector\\api\\redirector\\offlineserivces\\PendingChangesOfflineControllerDefaultServerIntegrationTest.java', 'D:\\Ky9\\Sample\\ARROW\\runs\\sample_selection\\distributed\\shard-3\\candidates\\01759_80451996_80451996_45\\workspace\\service\\webService\\src\\test\\java\\com\\comcast\\redirector\\api\\redirector\\offlineserivces\\PendingChangesOfflineControllerDefaultServerIntegrationTest.java', '[WinError 3] The system cannot find the path specified'), ('D:\\Ky9\\Sample\\ARROW\\repos\\80451996\\service\\webService\\src\\test\\java\\com\\comcast\\redirector\\api\\redirector\\offlineserivces\\PendingChangesOfflineControllerDistributionIntegrationTest.java', 'D:\\Ky9\\Sample\\ARROW\\runs\\sample_selection\\distributed\\shard-3\\candidates\\01759_80451996_80451996_45\\workspace\\service\\webService\\src\\test\\java\\com\\comcast\\redirector\\api\\redirector\\offlineserivces\\PendingChangesOfflineControllerDistributionIntegrationTest.java', '[WinError 3] The system cannot find the path specified')]",15.138,D:\Ky9\Sample\ARROW\runs\sample_selection\distributed\shard-3\candidates\01759_80451996_80451996_45
1764,1337797,1337797_1.json,https://github.com/arquillian/arquillian-rusheye,ColorSpaceLAB,rusheye-impl/src/main/java/org/arquillian/rusheye/core/ColorSpaceLAB.java,production,,,,ColorSpaceLAB,3,protected,False,False,,,,,EXCLUDED,no_observable_behavior,,,,,,,,,2,0,,,,,,,,,EXCLUDED,semantic_metadata,no_observable_behavior,0.014,D:\Ky9\Sample\ARROW\runs\sample_selection\distributed\shard-3\candidates\01764_1337797_1337797_1
1769,17194860,17194860_13.json,https://github.com/hammock-project/hammock,HammockConfigSourceProvider,core/src/main/java/ws/ament/hammock/HammockConfigSourceProvider.java,production,class,False,53,getConfigSources,19,@Override public,True,True,0,True,filesystem,8,EXCLUDED,external_dependency_risk:filesystem,,,,,,,,1,2,0,,,,,,,,,EXCLUDED,semantic,external_dependency_risk:filesystem,4.701,D:\Ky9\Sample\ARROW\runs\sample_selection\distributed\shard-3\candidates\01769_17194860_17194860_13
1774,21252787,21252787_146.json,https://github.com/locationtech/geogig,Varint,src/core/src/main/java/org/locationtech/geogig/storage/datastream/Varint.java,production,class,False,206,writeUnsignedVarInt,13,public static,True,True,0,False,,9,ELIGIBLE,,maven,src\core,junit4,unknown,,no project java version detected,,1,2,1,COMPILE_FAILED,,,org.locationtech.geogig.storage.datastream.Varint,,,,,EXCLUDED,baseline,error: java_home not found in your environment.,10.008,D:\Ky9\Sample\ARROW\runs\sample_selection\distributed\shard-3\candidates\01774_21252787_21252787_146
1779,264503046,264503046_2.json,https://github.com/heroslender/Ethos,ConfigurationLoader,Common/src/main/java/com/heroslender/ethos/ConfigurationLoader.java,production,class,True,102,initClass,16,@Nullable protected,True,True,3,False,,10,EXCLUDED,non_concrete:class:abstract,,,,,,,,1,2,0,,,,,,,,,EXCLUDED,semantic,non_concrete:class:abstract,1.694,D:\Ky9\Sample\ARROW\runs\sample_selection\distributed\shard-3\candidates\01779_264503046_264503046_2
1784,27207708,27207708_0.json,https://github.com/playframework/play-ebean,EbeanParsedConfig,play-ebean/src/main/java/play/db/ebean/EbeanParsedConfig.java,production,,,,getDatasourceModels,3,public,False,True,,,,,EXCLUDED,trivial_focal_method,,,,,,,,,2,0,,,,,,,,,EXCLUDED,semantic_metadata,trivial_focal_method,0.022,D:\Ky9\Sample\ARROW\runs\sample_selection\distributed\shard-3\candidates\01784_27207708_27207708_0
1789,23972840,23972840_3.json,https://github.com/HubSpot/Horizon,ApacheHttpClient,HorizonApache/src/main/java/com/hubspot/horizon/apache/ApacheHttpClient.java,production,class,False,268,execute,4,@Override public,False,True,0,True,network|filesystem|nondeterminism,6,EXCLUDED,external_dependency_risk:network|filesystem|nondeterminism;testability_score_below_7,,,,,,,,1,2,0,,,,,,,,,EXCLUDED,semantic,external_dependency_risk:network|filesystem|nondeterminism;testability_score_below_7,1.707,D:\Ky9\Sample\ARROW\runs\sample_selection\distributed\shard-3\candidates\01789_23972840_23972840_3
1794,139898859,139898859_38.json,https://github.com/patrickfav/bcrypt,CLIParser,modules/bcrypt-cli/src/main/java/at/favre/lib/crypto/bcrypt/cli/CLIParser.java,production,class,False,99,parse,31,public static,True,True,0,False,,10,ELIGIBLE,,maven,modules\bcrypt-cli,junit4,unknown,,no project java version detected,,1,2,1,COMPILE_FAILED,,,at.favre.lib.crypto.bcrypt.cli.CLIParser,,,,,EXCLUDED,baseline,error: java_home not found in your environment.,5.988,D:\Ky9\Sample\ARROW\runs\sample_selection\distributed\shard-3\candidates\01794_139898859_139898859_38
1799,119583553,119583553_2.json,https://github.com/awslabs/aws-mobile-appsync-sdk-android,TimeoutWatchdog,aws-android-sdk-appsync/src/main/java/com/amazonaws/mobileconnectors/appsync/TimeoutWatchdog.java,production,,,,stop,7,synchronized,True,False,,,,,EXCLUDED,no_observable_behavior,,,,,,,,,2,0,,,,,,,,,EXCLUDED,semantic_metadata,no_observable_behavior,0.020,D:\Ky9\Sample\ARROW\runs\sample_selection\distributed\shard-3\candidates\01799_119583553_119583553_2
1804,2588654,2588654_35.json,https://github.com/dotkom/OnlineGuru,NPPlugin,onlineguru/src/main/java/no/ntnu/online/onlineguru/plugin/plugins/np/NPPlugin.java,production,class,False,211,createApikey,18,protected,True,True,0,False,,10,ELIGIBLE,,maven,onlineguru,junit4,6,D:\Ky9\Sample\ARROW\Java-version\java-8,auto-discovered compatible JDK 8 for Java 6,,1,2,1,RUNTIME_FAILED,,,no.ntnu.online.onlineguru.plugin.plugins.np.NPPlugin,,,,,EXCLUDED,baseline,[error] [error] some problems were encountered while processing the poms:,3.686,D:\Ky9\Sample\ARROW\runs\sample_selection\distributed\shard-3\candidates\01804_2588654_2588654_35
1809,38743792,38743792_99.json,https://github.com/aliyun/aliyun-odps-java-sdk,SchemaUtils,odps-sdk-impl/odps-common-local/src/main/java/com/aliyun/odps/local/common/utils/SchemaUtils.java,production,class,False,408,parseResolveTypeInfo,44,public static,True,True,0,True,filesystem,9,EXCLUDED,external_dependency_risk:filesystem,,,,,,,,1,2,0,,,,,,,,,EXCLUDED,semantic,external_dependency_risk:filesystem,26.249,D:\Ky9\Sample\ARROW\runs\sample_selection\distributed\shard-3\candidates\01809_38743792_38743792_99
1814,256297959,256297959_0.json,https://github.com/pepp-pt/pepp-pt-ntk-core-android,Aggregator,lib/pepppt/src/main/java/org/pepppt/core/ble/aggregation/Aggregator.java,production,class,False,214,aggregate,11,public static,True,True,0,True,nondeterminism,8,EXCLUDED,external_dependency_risk:nondeterminism,,,,,,,,1,2,0,,,,,,,,,EXCLUDED,semantic,external_dependency_risk:nondeterminism,3.069,D:\Ky9\Sample\ARROW\runs\sample_selection\distributed\shard-3\candidates\01814_256297959_256297959_0
1819,24041094,24041094_29.json,https://github.com/gythialy/openmuc,DriverConnection,projects/driver/mbus/src/main/java/org/openmuc/framework/driver/mbus/DriverConnection.java,production,class,False,408,read,68,@Override public,True,True,3,True,database|nondeterminism,8,EXCLUDED,external_dependency_risk:database|nondeterminism,,,,,,,,1,2,0,,,,,,,,,EXCLUDED,semantic,external_dependency_risk:database|nondeterminism,8.886,D:\Ky9\Sample\ARROW\runs\sample_selection\distributed\shard-3\candidates\01819_24041094_24041094_29
1824,125110164,125110164_0.json,https://github.com/HubSpot/hubspot-immutables,WireSafeEnum,hubspot-style/src/main/java/com/hubspot/immutables/utils/WireSafeEnum.java,production,class,False,552,fromJson,16,"@Nonnull @SuppressWarnings(""unchecked"") public static",True,True,2,False,,8,ELIGIBLE,,maven,hubspot-style,junit4,unknown,,no project java version detected,,1,2,1,ASSERTION_FAILED,,,com.hubspot.immutables.utils.WireSafeEnum,,,,,EXCLUDED,baseline,[info] com.hubspot.immutables:hubspot-immutables .......... failure [ 11.300 s],69.519,D:\Ky9\Sample\ARROW\runs\sample_selection\distributed\shard-3\candidates\01824_125110164_125110164_0
1829,5380818,5380818_69.json,https://github.com/akvo/akvo-flow-mobile,StringUtil,app/src/main/java/org/akvo/flow/util/StringUtil.java,production,class,False,59,controlToSpace,14,@NonNull public static,True,True,0,False,,10,ELIGIBLE,,gradle,app,junit4,1,D:\Ky9\Sample\ARROW\Java-version\java-8,auto-discovered compatible JDK 8 for Java 1,,1,2,1,ASSERTION_FAILED,,,org.akvo.flow.util.StringUtil,,,,,EXCLUDED,baseline,at org.gradle.internal.concurrent.executorpolicy$catchandrecordfailures.onexecute(executorpolicy.java:<n>),625.070,D:\Ky9\Sample\ARROW\runs\sample_selection\distributed\shard-3\candidates\01829_5380818_5380818_69
1834,40753051,40753051_111.json,https://github.com/proarc/proarc,EmpireUserDao,proarc-common/src/main/java/cz/cas/lib/proarc/common/dao/empiredb/EmpireUserDao.java,production,class,False,136,find,14,@Override public,True,True,1,True,database|nondeterminism,9,EXCLUDED,external_dependency_risk:database|nondeterminism,,,,,,,,1,2,0,,,,,,,,,EXCLUDED,semantic,external_dependency_risk:database|nondeterminism,90.184,D:\Ky9\Sample\ARROW\runs\sample_selection\distributed\shard-3\candidates\01834_40753051_40753051_111
1839,22835310,22835310_21.json,https://github.com/djschilling/sopa,LevelSolver,app/src/main/java/de/sopa/helper/LevelSolver.java,production,class,False,85,solve,21,,True,True,1,False,,9,ELIGIBLE,,gradle,app,junit4,1,D:\Ky9\Sample\ARROW\Java-version\java-8,auto-discovered compatible JDK 8 for Java 1,2a1db3c9b923fb61b5ae525370ad7b628b0a63a4,1,2,1,ASSERTION_FAILED,,,de.sopa.helper.LevelSolver,,,,,EXCLUDED,baseline,failure: build failed with an exception.,476.675,D:\Ky9\Sample\ARROW\runs\sample_selection\distributed\shard-3\candidates\01839_22835310_22835310_21
1844,54976745,54976745_131.json,https://github.com/bonej-org/BoneJ2,SharedTable,Modern/utilities/src/main/java/org/bonej/utilities/SharedTable.java,production,,,,add,5,public static,False,False,,,,,EXCLUDED,no_observable_behavior,,,,,,,,,2,0,,,,,,,,,EXCLUDED,semantic_metadata,no_observable_behavior,0.021,D:\Ky9\Sample\ARROW\runs\sample_selection\distributed\shard-3\candidates\01844_54976745_54976745_131
1849,188534881,188534881_3.json,https://github.com/rohansuri/adaptive-radix-tree,IPLookup,examples/ip-lookup/src/main/java/com/github/rohansuri/art/examples/ip/lookup/IPLookup.java,production,class,False,65,lookup,10,,True,True,1,True,filesystem,8,EXCLUDED,external_dependency_risk:filesystem,,,,,,,,1,2,0,,,,,,,,,EXCLUDED,semantic,external_dependency_risk:filesystem,15.183,D:\Ky9\Sample\ARROW\runs\sample_selection\distributed\shard-3\candidates\01849_188534881_188534881_3
1854,19810546,19810546_0.json,https://github.com/krux/java-stdlib,KruxStatsdClient,krux-stdlib-monitoring/src/main/java/com/krux/stdlib/statsd/KruxStatsdClient.java,production,,,,init,3,protected,False,False,,,,,EXCLUDED,no_observable_behavior,,,,,,,,,2,0,,,,,,,,,EXCLUDED,semantic_metadata,no_observable_behavior,0.020,D:\Ky9\Sample\ARROW\runs\sample_selection\distributed\shard-3\candidates\01854_19810546_19810546_0
1859,157290915,157290915_7.json,https://github.com/uber/uber-graph-benchmark,GraphGenerator,core/src/main/java/com/uber/ugb/GraphGenerator.java,production,class,False,323,generateTo,31,public synchronized,True,True,1,True,nondeterminism,8,EXCLUDED,external_dependency_risk:nondeterminism,,,,,,,,1,2,0,,,,,,,,,EXCLUDED,semantic,external_dependency_risk:nondeterminism,7.304,D:\Ky9\Sample\ARROW\runs\sample_selection\distributed\shard-3\candidates\01859_157290915_157290915_7
1864,96970120,96970120_25.json,https://github.com/bakdata/conquery,Range,backend/src/main/java/com/bakdata/conquery/models/common/Range.java,production,,,,of,4,@JsonCreator public static,True,True,,,,,ELIGIBLE,,,,,,,,,1,2,0,,,,,,,,,EXCLUDED,setup,"Error: [('D:\\Ky9\\Sample\\ARROW\\repos\\96970120\\backend\\src\\test\\resources\\tests\\query\\BIG_MULTI_SELECT_DATE_RESTRICTION_OR_CONCEPT_QUERY\\BIG_MULTI_SELECT_DATE_RESTRICTION_OR_CONCEPT_QUERY.test.json', 'D:\\Ky9\\Sample\\ARROW\\runs\\sample_selection\\distributed\\shard-3\\candidates\\01864_96970120_96970120_25\\workspace\\backend\\src\\test\\resources\\tests\\query\\BIG_MULTI_SELECT_DATE_RESTRICTION_OR_CONCEPT_QUERY\\BIG_MULTI_SELECT_DATE_RESTRICTION_OR_CONCEPT_QUERY.test.json', '[WinError 3] The system cannot find the path specified'), ('D:\\Ky9\\Sample\\ARROW\\repos\\96970120\\backend\\src\\test\\resources\\tests\\query\\BIG_MULTI_SELECT_NEGATION_DATE_RESTRICTION_OR_CONCEPT_QUERY\\BIG_MULTI_SELECT_DATE_RESTRICTION_OR_CONCEPT_QUERY.test.json', 'D:\\Ky9\\Sample\\ARROW\\runs\\sample_selection\\distributed\\shard-3\\candidates\\01864_96970120_96970120_25\\workspace\\backend\\src\\test\\resources\\tests\\query\\BIG_MULTI_SELECT_NEGATION_DATE_RESTRICTION_OR_CONCEPT_QUERY\\BIG_MULTI_SELECT_DATE_RESTRICTION_OR_CONCEPT_QUERY.test.json', '[WinError 3] The system cannot find the path specified'), ('D:\\Ky9\\Sample\\ARROW\\repos\\96970120\\backend\\src\\test\\resources\\tests\\query\\MULTI_SELECT_NEGATION_DATE_RESTRICTION_OR_CONCEPT_QUERY\\MULTI_SELECT_NEGATION_DATE_RESTRICTION_OR_CONCEPT_QUERY.test.json', 'D:\\Ky9\\Sample\\ARROW\\runs\\sample_selection\\distributed\\shard-3\\candidates\\01864_96970120_96970120_25\\workspace\\backend\\src\\test\\resources\\tests\\query\\MULTI_SELECT_NEGATION_DATE_RESTRICTION_OR_CONCEPT_QUERY\\MULTI_SELECT_NEGATION_DATE_RESTRICTION_OR_CONCEPT_QUERY.test.json', '[WinError 3] The system cannot find the path specified'), ('D:\\Ky9\\Sample\\ARROW\\repos\\96970120\\backend\\src\\test\\resources\\tests\\query\\MULTI_SELECT_NEGATION_DATE_RESTRICTION_OR_CONCEPT_QUERY2\\MULTI_SELECT_DATE_RESTRICTION_OR_CONCEPT_QUERY.test.json', 'D:\\Ky9\\Sample\\ARROW\\runs\\sample_selection\\distributed\\shard-3\\candidates\\01864_96970120_96970120_25\\worksp",6.385,D:\Ky9\Sample\ARROW\runs\sample_selection\distributed\shard-3\candidates\01864_96970120_96970120_25
1869,23257998,23257998_1.json,https://github.com/oprisnik/semdroid,BasicTypesLocalVarFilter,semdroid-core/src/main/java/com/oprisnik/semdroid/filter/BasicTypesLocalVarFilter.java,production,class,False,31,use,4,@Override public,False,True,0,False,,7,ELIGIBLE,,gradle,semdroid-core,junit4,6,D:\Ky9\Sample\ARROW\Java-version\java-8,auto-discovered compatible JDK 8 for Java 6,,1,2,1,ASSERTION_FAILED,,,com.oprisnik.semdroid.filter.BasicTypesLocalVarFilter,,,,,EXCLUDED,baseline,failure: build failed with an exception.,13.319,D:\Ky9\Sample\ARROW\runs\sample_selection\distributed\shard-3\candidates\01869_23257998_23257998_1
1874,54905500,54905500_31.json,https://github.com/savoirtech/slf4j-json-logger,NoopLogger,slf4j-json-logger/src/main/java/com/savoirtech/logging/slf4j/json/logger/NoopLogger.java,production,class,False,78,exception,4,@Override public,False,True,0,False,,7,ELIGIBLE,,maven,slf4j-json-logger,junit4,8,D:\Ky9\Sample\ARROW\Java-version\java-8,auto-discovered JDK 8,,1,2,1,RUNTIME_FAILED,,,com.savoirtech.logging.slf4j.json.logger.NoopLogger,,,,,EXCLUDED,baseline,[error] [error] some problems were encountered while processing the poms:,3.800,D:\Ky9\Sample\ARROW\runs\sample_selection\distributed\shard-3\candidates\01874_54905500_54905500_31
1879,8595333,8595333_7.json,https://github.com/paypal/PayPal-Java-SDK,RESTUtil,rest-api-sdk/src/main/java/com/paypal/base/rest/RESTUtil.java,production,,,,formatURIPath,45,public static,True,True,,,,,ELIGIBLE,,,,,,,,,,2,0,,,,,,,,,EXCLUDED,setup,"RuntimeError: Repository setup failed after 3 attempts: CalledProcessError: Command '['git', '-c', 'core.longpaths=true', 'clone', '--depth', '1', 'https://github.com/paypal/PayPal-Java-SDK', 'D:\\Ky9\\Sample\\ARROW\\repos\\8595333']' returned non-zero exit status 128.",10.856,D:\Ky9\Sample\ARROW\runs\sample_selection\distributed\shard-3\candidates\01879_8595333_8595333_7
1884,89617755,89617755_56.json,https://github.com/skhalifa/QDrill,TypeConvertingSqlAccessor,drill1.2/exec/jdbc/src/main/java/org/apache/drill/jdbc/impl/TypeConvertingSqlAccessor.java,production,class,False,735,getInt,34,@Override public,True,True,1,True,database,8,EXCLUDED,external_dependency_risk:database,,,,,,,,1,2,0,,,,,,,,,EXCLUDED,semantic,external_dependency_risk:database,24.997,D:\Ky9\Sample\ARROW\runs\sample_selection\distributed\shard-3\candidates\01884_89617755_89617755_56
1889,65245890,65245890_10.json,https://github.com/airbnb/epoxy,EpoxyAdapter,epoxy-adapter/src/main/java/com/airbnb/epoxy/EpoxyAdapter.java,production,,,,showModel,7,protected,True,False,,,,,EXCLUDED,no_observable_behavior,,,,,,,,,2,0,,,,,,,,,EXCLUDED,semantic_metadata,no_observable_behavior,0.014,D:\Ky9\Sample\ARROW\runs\sample_selection\distributed\shard-3\candidates\01889_65245890_65245890_10
1894,166629127,166629127_0.json,https://github.com/rainywang/Spring2020_HITCS_SC_Lab1,TurtleSoup,P2/turtle/TurtleSoup.java,nonstandard,,,,calculateRegularPolygonAngle,3,public static,True,True,,,,,EXCLUDED,source_layout:nonstandard,,,,,,,,,2,0,,,,,,,,,EXCLUDED,semantic_metadata,source_layout:nonstandard,0.010,D:\Ky9\Sample\ARROW\runs\sample_selection\distributed\shard-3\candidates\01894_166629127_166629127_0
1899,23878754,23878754_5.json,https://github.com/garethahealy/jboss-fuse-examples,WsHelloWorldService,ws-playground/ws-security-https-cxf-client/src/main/java/com/garethahealy/wssecurity/https/cxf/client/services/WsHelloWorldService.java,production,,,,sayHello,4,public,True,True,,,,,ELIGIBLE,,,,,,,,,1,2,0,,,,,,,,,EXCLUDED,setup,"Error: [('D:\\Ky9\\Sample\\ARROW\\repos\\23878754\\activemq-playground\\activemq-client-poc\\src\\test\\java\\com\\garethahealy\\activemq\\client\\poc\\producers\\retryable\\MessageServiceBrokerDownAfterConnectionCreatedTest.java', 'D:\\Ky9\\Sample\\ARROW\\runs\\sample_selection\\distributed\\shard-3\\candidates\\01899_23878754_23878754_5\\workspace\\activemq-playground\\activemq-client-poc\\src\\test\\java\\com\\garethahealy\\activemq\\client\\poc\\producers\\retryable\\MessageServiceBrokerDownAfterConnectionCreatedTest.java', '[WinError 3] The system cannot find the path specified'), ('D:\\Ky9\\Sample\\ARROW\\repos\\23878754\\activemq-playground\\activemq-client-poc\\src\\test\\java\\com\\garethahealy\\activemq\\client\\poc\\producers\\retryable\\MessageServiceBrokerDownAfterMessageCreatedTest.java', 'D:\\Ky9\\Sample\\ARROW\\runs\\sample_selection\\distributed\\shard-3\\candidates\\01899_23878754_23878754_5\\workspace\\activemq-playground\\activemq-client-poc\\src\\test\\java\\com\\garethahealy\\activemq\\client\\poc\\producers\\retryable\\MessageServiceBrokerDownAfterMessageCreatedTest.java', '[WinError 3] The system cannot find the path specified'), ('D:\\Ky9\\Sample\\ARROW\\repos\\23878754\\activemq-playground\\activemq-client-poc\\src\\test\\java\\com\\garethahealy\\activemq\\client\\poc\\producers\\retryable\\MessageServiceBrokerDownAfterProducerCreatedTest.java', 'D:\\Ky9\\Sample\\ARROW\\runs\\sample_selection\\distributed\\shard-3\\candidates\\01899_23878754_23878754_5\\workspace\\activemq-playground\\activemq-client-poc\\src\\test\\java\\com\\garethahealy\\activemq\\client\\poc\\producers\\retryable\\MessageServiceBrokerDownAfterProducerCreatedTest.java', '[WinError 3] The system cannot find the path specified'), ('D:\\Ky9\\Sample\\ARROW\\repos\\23878754\\activemq-playground\\activemq-client-poc\\src\\test\\java\\com\\garethahealy\\activemq\\client\\poc\\producers\\retryable\\MessageServiceBrokerDownAfterQueueCreatedTest.java', 'D:\\Ky9\\Sample\\ARROW\\run",2.069,D:\Ky9\Sample\ARROW\runs\sample_selection\distributed\shard-3\candidates\01899_23878754_23878754_5
1904,69400326,69400326_291.json,https://github.com/confluentinc/ksql,StreamFilterBuilder,ksqldb-streams/src/main/java/io/confluent/ksql/execution/streams/StreamFilterBuilder.java,production,,,,build,6,public static,False,True,,,,,ELIGIBLE,,,,,,,,,1,2,0,,,,,,,,,EXCLUDED,setup,"Error: [('D:\\Ky9\\Sample\\ARROW\\repos\\69400326\\ksqldb-engine\\src\\test\\java\\io\\confluent\\ksql\\engine\\rewrite\\QueryAnonymizerTest.shouldAnonymizeJoinWithBeforeAndAfterAndGraceStatementsCorrectly.approved.txt', 'D:\\Ky9\\Sample\\ARROW\\runs\\sample_selection\\distributed\\shard-3\\candidates\\01904_69400326_69400326_291\\workspace\\ksqldb-engine\\src\\test\\java\\io\\confluent\\ksql\\engine\\rewrite\\QueryAnonymizerTest.shouldAnonymizeJoinWithBeforeAndAfterAndGraceStatementsCorrectly.approved.txt', '[WinError 3] The system cannot find the path specified'), ('D:\\Ky9\\Sample\\ARROW\\repos\\69400326\\ksqldb-functional-tests\\src\\test\\resources\\historical_plans\\array-set-functions_-_array_distinct_with_primitive_types\\6.0.0_1591248419616', 'D:\\Ky9\\Sample\\ARROW\\runs\\sample_selection\\distributed\\shard-3\\candidates\\01904_69400326_69400326_291\\workspace\\ksqldb-functional-tests\\src\\test\\resources\\historical_plans\\array-set-functions_-_array_distinct_with_primitive_types\\6.0.0_1591248419616', ""[WinError 206] The filename or extension is too long: 'D:\\\\Ky9\\\\Sample\\\\ARROW\\\\runs\\\\sample_selection\\\\distributed\\\\shard-3\\\\candidates\\\\01904_69400326_69400326_291\\\\workspace\\\\ksqldb-functional-tests\\\\src\\\\test\\\\resources\\\\historical_plans\\\\array-set-functions_-_array_distinct_with_primitive_types\\\\6.0.0_1591248419616'""), ('D:\\Ky9\\Sample\\ARROW\\repos\\69400326\\ksqldb-functional-tests\\src\\test\\resources\\historical_plans\\array-set-functions_-_array_distinct_with_primitive_types\\7.1.0_1633125901919', 'D:\\Ky9\\Sample\\ARROW\\runs\\sample_selection\\distributed\\shard-3\\candidates\\01904_69400326_69400326_291\\workspace\\ksqldb-functional-tests\\src\\test\\resources\\historical_plans\\array-set-functions_-_array_distinct_with_primitive_types\\7.1.0_1633125901919', ""[WinError 206] The filename or extension is too long: 'D:\\\\Ky9\\\\Sample\\\\ARROW\\\\runs\\\\sample_selection\\\\distributed\\\\shard-3\\\\candidate",78.109,D:\Ky9\Sample\ARROW\runs\sample_selection\distributed\shard-3\candidates\01904_69400326_69400326_291
1909,60979397,60979397_7.json,https://github.com/spring-cloud/spring-cloud-contract,ContractVerifierUtil,spring-cloud-contract-verifier/src/main/java/org/springframework/cloud/contract/verifier/util/ContractVerifierUtil.java,production,,,,nodeFromXPath,12,public static,True,True,,,,,ELIGIBLE,,,,,,,,,1,2,0,,,,,,,,,EXCLUDED,setup,"Error: [('D:\\Ky9\\Sample\\ARROW\\repos\\60979397\\spring-cloud-contract-stub-runner\\src\\main\\java\\org\\springframework\\cloud\\contract\\stubrunner\\provider\\wiremock\\StubRunnerWireMockTestExecutionListener.java', 'D:\\Ky9\\Sample\\ARROW\\runs\\sample_selection\\distributed\\shard-3\\candidates\\01909_60979397_60979397_7\\workspace\\spring-cloud-contract-stub-runner\\src\\main\\java\\org\\springframework\\cloud\\contract\\stubrunner\\provider\\wiremock\\StubRunnerWireMockTestExecutionListener.java', '[WinError 3] The system cannot find the path specified'), ('D:\\Ky9\\Sample\\ARROW\\repos\\60979397\\spring-cloud-contract-stub-runner\\src\\main\\java\\org\\springframework\\cloud\\contract\\stubrunner\\spring\\cloud\\consul\\StubRunnerSpringCloudConsulAutoConfiguration.java', 'D:\\Ky9\\Sample\\ARROW\\runs\\sample_selection\\distributed\\shard-3\\candidates\\01909_60979397_60979397_7\\workspace\\spring-cloud-contract-stub-runner\\src\\main\\java\\org\\springframework\\cloud\\contract\\stubrunner\\spring\\cloud\\consul\\StubRunnerSpringCloudConsulAutoConfiguration.java', '[WinError 3] The system cannot find the path specified'), ('D:\\Ky9\\Sample\\ARROW\\repos\\60979397\\spring-cloud-contract-stub-runner\\src\\main\\java\\org\\springframework\\cloud\\contract\\stubrunner\\spring\\cloud\\eureka\\StubRunnerSpringCloudEurekaAutoConfiguration.java', 'D:\\Ky9\\Sample\\ARROW\\runs\\sample_selection\\distributed\\shard-3\\candidates\\01909_60979397_60979397_7\\workspace\\spring-cloud-contract-stub-runner\\src\\main\\java\\org\\springframework\\cloud\\contract\\stubrunner\\spring\\cloud\\eureka\\StubRunnerSpringCloudEurekaAutoConfiguration.java', '[WinError 3] The system cannot find the path specified'), ('D:\\Ky9\\Sample\\ARROW\\repos\\60979397\\spring-cloud-contract-stub-runner\\src\\main\\java\\org\\springframework\\cloud\\contract\\stubrunner\\spring\\cloud\\loadbalancer\\SpringCloudLoadBalancerAutoConfiguration.java', 'D:\\Ky9\\Sample\\ARROW\\runs\\sample_selection\",4.711,D:\Ky9\Sample\ARROW\runs\sample_selection\distributed\shard-3\candidates\01909_60979397_60979397_7
1914,18203743,18203743_0.json,https://github.com/apache/servicemix,JMSAppender,logging/jms-appender/src/main/java/org/apache/servicemix/logging/jms/JMSAppender.java,production,,,,doAppend,20,public,True,False,,,,,EXCLUDED,no_observable_behavior,,,,,,,,,2,0,,,,,,,,,EXCLUDED,semantic_metadata,no_observable_behavior,0.013,D:\Ky9\Sample\ARROW\runs\sample_selection\distributed\shard-3\candidates\01914_18203743_18203743_0
1919,19482426,19482426_3.json,https://github.com/flipkart-incubator/okhttp-stats,ForwardingResponse,library/src/main/java/com/flipkart/okhttpstats/handler/ForwardingResponse.java,production,,,,onResponseError,4,@Override public,False,False,,,,,EXCLUDED,no_observable_behavior,,,,,,,,,2,0,,,,,,,,,EXCLUDED,semantic_metadata,no_observable_behavior,0.014,D:\Ky9\Sample\ARROW\runs\sample_selection\distributed\shard-3\candidates\01919_19482426_19482426_3
1924,4026983,4026983_0.json,https://github.com/Raisa/Raisa,ControlMessage,raisavis/src/main/java/raisa/comms/ControlMessage.java,production,class,False,141,fromJson,3,public static,False,True,8,False,,7,ELIGIBLE,,maven,raisavis,junit4,7,D:\Ky9\Sample\ARROW\Java-version\java-8,auto-discovered compatible JDK 8 for Java 7,,1,2,2,MODULE_TESTS_PASSED|MODULE_TESTS_PASSED,True,0,raisa.comms.ControlMessage,True,TARGET_TEST_PASSED,MODULE_TESTS_PASSED,MODULE_TESTS_PASSED,ELIGIBLE,,,36.748,D:\Ky9\Sample\ARROW\runs\sample_selection\distributed\shard-3\candidates\01924_4026983_4026983_0
1929,55768282,55768282_1.json,https://github.com/amaembo/huntbugs,DetectorRegistry,huntbugs/src/main/java/one/util/huntbugs/registry/DetectorRegistry.java,production,class,False,385,addDetector,16,,True,True,1,True,database,8,EXCLUDED,external_dependency_risk:database,,,,,,,,1,2,0,,,,,,,,,EXCLUDED,semantic,external_dependency_risk:database,2.761,D:\Ky9\Sample\ARROW\runs\sample_selection\distributed\shard-3\candidates\01929_55768282_55768282_1
1934,113554956,113554956_1.json,https://github.com/babymm/mmsns,MapreduceTask,mmsns-modular/mmsns-modular-recommend/src/main/java/com/lovecws/mumu/mmsns/modular/recommend/task/MapreduceTask.java,production,,,,startMapreduce,5,public,False,False,,,,,EXCLUDED,no_observable_behavior,,,,,,,,,2,0,,,,,,,,,EXCLUDED,semantic_metadata,no_observable_behavior,0.016,D:\Ky9\Sample\ARROW\runs\sample_selection\distributed\shard-3\candidates\01934_113554956_113554956_1
1939,36812061,36812061_0.json,https://github.com/pivotal-cf/spring-cloud-services-starters,EurekaClientOAuth2AutoConfiguration,spring-cloud-services-service-registry-autoconfigure/src/main/java/io/pivotal/spring/cloud/service/registry/EurekaClientOAuth2AutoConfiguration.java,production,,,,discoveryClientOptionalArgs,11,@Bean @ConditionalOnMissingBean(DiscoveryClientOptionalArgs.class) public,False,True,,,,,ELIGIBLE,,,,,,,,,1,2,0,,,,,,,,,EXCLUDED,setup,"Error: [('D:\\Ky9\\Sample\\ARROW\\repos\\36812061\\spring-cloud-services-service-registry-autoconfigure\\src\\main\\java\\io\\pivotal\\spring\\cloud\\service\\registry\\EurekaClientOAuth2HttpRequestFactorySupplier.java', 'D:\\Ky9\\Sample\\ARROW\\runs\\sample_selection\\distributed\\shard-3\\candidates\\01939_36812061_36812061_0\\workspace\\spring-cloud-services-service-registry-autoconfigure\\src\\main\\java\\io\\pivotal\\spring\\cloud\\service\\registry\\EurekaClientOAuth2HttpRequestFactorySupplier.java', '[WinError 3] The system cannot find the path specified'), ('D:\\Ky9\\Sample\\ARROW\\repos\\36812061\\spring-cloud-services-service-registry-autoconfigure\\src\\main\\resources\\META-INF\\spring\\org.springframework.boot.autoconfigure.AutoConfiguration.imports', 'D:\\Ky9\\Sample\\ARROW\\runs\\sample_selection\\distributed\\shard-3\\candidates\\01939_36812061_36812061_0\\workspace\\spring-cloud-services-service-registry-autoconfigure\\src\\main\\resources\\META-INF\\spring\\org.springframework.boot.autoconfigure.AutoConfiguration.imports', '[WinError 3] The system cannot find the path specified'), ('D:\\Ky9\\Sample\\ARROW\\repos\\36812061\\spring-cloud-services-service-registry-autoconfigure\\src\\test\\java\\io\\pivotal\\spring\\cloud\\service\\registry\\EurekaClientOAuth2AutoConfigurationTest.java', 'D:\\Ky9\\Sample\\ARROW\\runs\\sample_selection\\distributed\\shard-3\\candidates\\01939_36812061_36812061_0\\workspace\\spring-cloud-services-service-registry-autoconfigure\\src\\test\\java\\io\\pivotal\\spring\\cloud\\service\\registry\\EurekaClientOAuth2AutoConfigurationTest.java', '[WinError 3] The system cannot find the path specified'), ('D:\\Ky9\\Sample\\ARROW\\repos\\36812061\\spring-cloud-services-service-registry-autoconfigure\\src\\test\\java\\io\\pivotal\\spring\\cloud\\service\\registry\\EurekaInstanceAutoConfigurationIntegrationTest.java', 'D:\\Ky9\\Sample\\ARROW\\runs\\sample_selection\\distributed\\shard-3\\candidates\\01939_36812061_36812061_0\\worksp",1.811,D:\Ky9\Sample\ARROW\runs\sample_selection\distributed\shard-3\candidates\01939_36812061_36812061_0
1944,90226261,90226261_0.json,https://github.com/jcherng-pivotal/scs-etl-demo,CustomerOrderExtractor,geode-sink-extension/src/main/java/io/pivotal/scs/demo/etl/geode/sink/extractor/CustomerOrderExtractor.java,production,class,False,37,extractData,13,@Override public,True,True,0,False,,9,ELIGIBLE,,maven,geode-sink-extension,junit4,8,D:\Ky9\Sample\ARROW\Java-version\java-8,auto-discovered JDK 8,,1,2,1,ASSERTION_FAILED,,,io.pivotal.scs.demo.etl.geode.sink.extractor.CustomerOrderExtractor,,,,,EXCLUDED,baseline,[info] scs-model .......................................... failure [ 0.547 s],7.968,D:\Ky9\Sample\ARROW\runs\sample_selection\distributed\shard-3\candidates\01944_90226261_90226261_0
1949,27764873,27764873_5.json,https://github.com/XiaoMi/galaxy-sdk-java,TalosStormSpout,galaxy-talos-client/galaxy-talos-storm/src/main/java/com/xiaomi/infra/galaxy/talos/storm/TalosStormSpout.java,production,,,,nextTuple,29,@Override public,True,False,,,,,EXCLUDED,no_observable_behavior,,,,,,,,,2,0,,,,,,,,,EXCLUDED,semantic_metadata,no_observable_behavior,0.017,D:\Ky9\Sample\ARROW\runs\sample_selection\distributed\shard-3\candidates\01949_27764873_27764873_5
1954,25712818,25712818_7.json,https://github.com/lazydoc/lazydoc,Inspector,lazydoc-core/src/main/java/org/lazydoc/util/Inspector.java,production,,,,isListSetOrArray,3,public static,True,True,,,,,EXCLUDED,trivial_focal_method,,,,,,,,,2,0,,,,,,,,,EXCLUDED,semantic_metadata,trivial_focal_method,0.014,D:\Ky9\Sample\ARROW\runs\sample_selection\distributed\shard-3\candidates\01954_25712818_25712818_7
1959,206364,206364_16.json,https://github.com/apache/openjpa,StringUtil,openjpa-lib/src/main/java/org/apache/openjpa/lib/util/StringUtil.java,production,,,,replace,7,public static,True,True,,,,,ELIGIBLE,,,,,,,,,1,2,0,,,,,,,,,EXCLUDED,setup,"Error: [('D:\\Ky9\\Sample\\ARROW\\repos\\206364\\openjpa-persistence-jdbc\\src\\test\\java\\org\\apache\\openjpa\\persistence\\inheritance\\entities\\idmsc\\jointable\\chardiscriminator\\PIdJTCDMSCMappedSuperclass.java', 'D:\\Ky9\\Sample\\ARROW\\runs\\sample_selection\\distributed\\shard-3\\candidates\\01959_206364_206364_16\\workspace\\openjpa-persistence-jdbc\\src\\test\\java\\org\\apache\\openjpa\\persistence\\inheritance\\entities\\idmsc\\jointable\\chardiscriminator\\PIdJTCDMSCMappedSuperclass.java', '[WinError 3] The system cannot find the path specified'), ('D:\\Ky9\\Sample\\ARROW\\repos\\206364\\openjpa-persistence-jdbc\\src\\test\\java\\org\\apache\\openjpa\\persistence\\inheritance\\entities\\idmsc\\jointable\\intdiscriminator\\PIdJTIDMSCMappedSuperclass.java', 'D:\\Ky9\\Sample\\ARROW\\runs\\sample_selection\\distributed\\shard-3\\candidates\\01959_206364_206364_16\\workspace\\openjpa-persistence-jdbc\\src\\test\\java\\org\\apache\\openjpa\\persistence\\inheritance\\entities\\idmsc\\jointable\\intdiscriminator\\PIdJTIDMSCMappedSuperclass.java', '[WinError 3] The system cannot find the path specified'), ('D:\\Ky9\\Sample\\ARROW\\repos\\206364\\openjpa-persistence-jdbc\\src\\test\\java\\org\\apache\\openjpa\\persistence\\inheritance\\entities\\idmsc\\jointable\\stringdiscriminator\\PIdJTSDMSCMappedSuperclass.java', 'D:\\Ky9\\Sample\\ARROW\\runs\\sample_selection\\distributed\\shard-3\\candidates\\01959_206364_206364_16\\workspace\\openjpa-persistence-jdbc\\src\\test\\java\\org\\apache\\openjpa\\persistence\\inheritance\\entities\\idmsc\\jointable\\stringdiscriminator\\PIdJTSDMSCMappedSuperclass.java', '[WinError 3] The system cannot find the path specified'), ('D:\\Ky9\\Sample\\ARROW\\repos\\206364\\openjpa-persistence-jdbc\\src\\test\\java\\org\\apache\\openjpa\\persistence\\inheritance\\entities\\idmsc\\singletable\\chardiscriminator\\PIdSTCDMSCMappedSuperclass.java', 'D:\\Ky9\\Sample\\ARROW\\runs\\sample_selection\\distributed\\shard-3\\candidates\\01959_",42.201,D:\Ky9\Sample\ARROW\runs\sample_selection\distributed\shard-3\candidates\01959_206364_206364_16
1964,89412712,89412712_70.json,https://github.com/javaee/javamail,MailHandler,mail/src/main/java/com/sun/mail/util/logging/MailHandler.java,production,class,False,4147,close,33,@Override public,True,True,0,True,database|network,8,EXCLUDED,external_dependency_risk:database|network,,,,,,,,1,2,0,,,,,,,,,EXCLUDED,semantic,external_dependency_risk:database|network,2.948,D:\Ky9\Sample\ARROW\runs\sample_selection\distributed\shard-3\candidates\01964_89412712_89412712_70
1969,20498194,20498194_1.json,https://github.com/eBay/oink,PigResource,service/src/main/java/org/pig/oink/rest/PigResource.java,production,class,False,226,unregisterScript,9,"@DELETE @Path(""/script/{scriptName}"") @Produces ( {MediaType.TEXT_PLAIN} ) public",False,True,0,True,network,6,EXCLUDED,external_dependency_risk:network;testability_score_below_7,,,,,,,,1,2,0,,,,,,,,,EXCLUDED,semantic,external_dependency_risk:network;testability_score_below_7,4.572,D:\Ky9\Sample\ARROW\runs\sample_selection\distributed\shard-3\candidates\01969_20498194_20498194_1
1974,486214,486214_1.json,https://github.com/LevelFourAB/dust,CommonSource,dust-core/src/main/java/se/l4/dust/core/internal/expression/CommonSource.java,production,class,False,57,skip,5,@Property public,False,True,1,False,,8,ELIGIBLE,,maven,dust-core,junit4,8,D:\Ky9\Sample\ARROW\Java-version\java-8,auto-discovered JDK 8,,1,2,1,ASSERTION_FAILED,,,se.l4.dust.core.internal.expression.CommonSource,,,,,EXCLUDED,baseline,[info] dust ............................................... failure [ 4.337 s],7.834,D:\Ky9\Sample\ARROW\runs\sample_selection\distributed\shard-3\candidates\01974_486214_486214_1
1979,17959600,17959600_7.json,https://github.com/Netflix-Skunkworks/Numerus,NumerusRollingPercentile,numerus/src/main/java/com/netflix/numerus/NumerusRollingPercentile.java,production,class,False,537,getPercentile,9,public,True,True,4,True,nondeterminism,7,EXCLUDED,external_dependency_risk:nondeterminism,,,,,,,,1,2,0,,,,,,,,,EXCLUDED,semantic,external_dependency_risk:nondeterminism,1.776,D:\Ky9\Sample\ARROW\runs\sample_selection\distributed\shard-3\candidates\01979_17959600_17959600_7
1984,68648922,68648922_2.json,https://github.com/DanielSerdyukov/droidcon2016,RedditListViewModel,app/src/main/java/moscow/droidcon/reddit/viewmodel/RedditListViewModel.java,production,,,,refresh,16,@VisibleForTesting,False,False,,,,,EXCLUDED,no_observable_behavior,,,,,,,,,2,0,,,,,,,,,EXCLUDED,semantic_metadata,no_observable_behavior,0.016,D:\Ky9\Sample\ARROW\runs\sample_selection\distributed\shard-3\candidates\01984_68648922_68648922_2
1989,26136655,26136655_64.json,https://github.com/real-logic/agrona,Int2IntHashMap,agrona/src/main/java/org/agrona/collections/Int2IntHashMap.java,production,class,False,1644,maxValue,15,public,True,True,1,False,,9,ELIGIBLE,,gradle,.,junit5,17,D:\Ky9\Sample\ARROW\Java-version\java-17,auto-discovered JDK 17,,1,2,2,MODULE_TESTS_PASSED|MODULE_TESTS_PASSED,True,0,org.agrona.collections.Int2IntHashMap,True,TEST_DISCOVERY_FAILED,,,EXCLUDED,probe_target,test discovery failed,279.384,D:\Ky9\Sample\ARROW\runs\sample_selection\distributed\shard-3\candidates\01989_26136655_26136655_64
1994,105995602,105995602_7.json,https://github.com/neopixl/Spitfire,MultipartRequest,spitfire/src/main/java/com/neopixl/spitfire/request/MultipartRequest.java,production,,,,getMultiPartData,4,@Nullable public,False,True,,,,,EXCLUDED,trivial_focal_method,,,,,,,,,2,0,,,,,,,,,EXCLUDED,semantic_metadata,trivial_focal_method,0.015,D:\Ky9\Sample\ARROW\runs\sample_selection\distributed\shard-3\candidates\01994_105995602_105995602_7
1999,82477856,82477856_0.json,https://github.com/RyuzakiKK/NoteCrypt,StringMethods,app/src/main/java/com/notecrypt/utils/StringMethods.java,production,class,False,80,checkExtension,7,public,True,True,0,True,filesystem,9,EXCLUDED,external_dependency_risk:filesystem,,,,,,,,1,2,0,,,,,,,,,EXCLUDED,semantic,external_dependency_risk:filesystem,1.911,D:\Ky9\Sample\ARROW\runs\sample_selection\distributed\shard-3\candidates\01999_82477856_82477856_0
2004,23292541,23292541_0.json,https://github.com/webdizz/sbs-gradle,SampleJava,common/src/main/java/name/webdizz/training/gradle/SampleJava.java,production,class,False,6,sayHello,3,public,False,True,0,False,,7,ELIGIBLE,,gradle,common,junit4,unknown,D:\Ky9\Sample\ARROW\Java-version\java-8,Gradle 3.4.1 requires compatible JDK 8; auto-discovered,,1,2,2,MODULE_TESTS_PASSED|MODULE_TESTS_PASSED,False,1,name.webdizz.training.gradle.SampleJava,False,,,,EXCLUDED,classpath,Không resolve được project classpath,349.828,D:\Ky9\Sample\ARROW\runs\sample_selection\distributed\shard-3\candidates\02004_23292541_23292541_0
2009,26125896,26125896_7.json,https://github.com/vojtechhabarta/typescript-generator,RequiredPropertyConstructorExtension,typescript-generator-core/src/main/java/cz/habarta/typescript/generator/ext/RequiredPropertyConstructorExtension.java,production,,,,setConfiguration,6,@Override public,True,False,,,,,EXCLUDED,trivial_focal_method;no_observable_behavior,,,,,,,,,2,0,,,,,,,,,EXCLUDED,semantic_metadata,trivial_focal_method;no_observable_behavior,0.012,D:\Ky9\Sample\ARROW\runs\sample_selection\distributed\shard-3\candidates\02009_26125896_26125896_7
2014,57194230,57194230_0.json,https://github.com/kawasima/falchion,LongSampler,falchion-container/src/main/java/net/unit8/falchion/option/sampler/LongSampler.java,production,,,,setVariance,3,public,False,True,,,,,EXCLUDED,trivial_focal_method,,,,,,,,,2,0,,,,,,,,,EXCLUDED,semantic_metadata,trivial_focal_method,0.015,D:\Ky9\Sample\ARROW\runs\sample_selection\distributed\shard-3\candidates\02014_57194230_57194230_0
2019,77831813,77831813_5.json,https://github.com/g4s8/Android-Migrator,MigrationsFilter,amigrator/src/main/java/com/g4s8/amigrator/MigrationsFilter.java,production,class,False,68,iterator,4,@Override public,False,True,3,False,,8,ELIGIBLE,,gradle,amigrator,junit4,1,D:\Ky9\Sample\ARROW\Java-version\java-8,auto-discovered compatible JDK 8 for Java 1,,1,2,1,ASSERTION_FAILED,,,com.g4s8.amigrator.MigrationsFilter,,,,,EXCLUDED,baseline,failure: build failed with an exception.,317.852,D:\Ky9\Sample\ARROW\runs\sample_selection\distributed\shard-3\candidates\02019_77831813_77831813_5
2024,160219599,160219599_4.json,https://github.com/omnetpp/omnetpp,RangeSet,ui/org.omnetpp.common/src/org/omnetpp/common/collections/RangeSet.java,nonstandard,,,,add,4,@Override public,False,True,,,,,EXCLUDED,source_layout:nonstandard,,,,,,,,,2,0,,,,,,,,,EXCLUDED,semantic_metadata,source_layout:nonstandard,0.013,D:\Ky9\Sample\ARROW\runs\sample_selection\distributed\shard-3\candidates\02024_160219599_160219599_4
2029,136938960,136938960_0.json,https://github.com/HubSpot/ChromeDevToolsClient,Generator,CodeGeneration/src/main/java/com/hubspot/chrome/devtools/codegen/Generator.java,production,,,,parseProtocol,4,private static,False,True,,,,,EXCLUDED,focal_method_not_directly_testable,,,,,,,,,2,0,,,,,,,,,EXCLUDED,semantic_metadata,focal_method_not_directly_testable,0.012,D:\Ky9\Sample\ARROW\runs\sample_selection\distributed\shard-3\candidates\02029_136938960_136938960_0
2034,20555659,20555659_1.json,https://github.com/commons-rdf/commons-rdf,Types,simple/src/main/java/org/apache/commons/rdf/simple/Types.java,production,class,False,254,ntriplesString,4,@Override public,False,True,1,False,,6,EXCLUDED,testability_score_below_7,,,,,,,,1,2,0,,,,,,,,,EXCLUDED,semantic,testability_score_below_7,1.726,D:\Ky9\Sample\ARROW\runs\sample_selection\distributed\shard-3\candidates\02034_20555659_20555659_1
2039,26027834,26027834_1.json,https://github.com/neo4j-contrib/neo4j-jfr,JfrPageCacheTracer,tracers/src/main/java/org/neo4j/io/pagecache/tracing/jfr/JfrPageCacheTracer.java,production,class,False,246,beginPageEvictions,10,@Override public,False,True,0,True,filesystem,7,EXCLUDED,external_dependency_risk:filesystem,,,,,,,,1,2,0,,,,,,,,,EXCLUDED,semantic,external_dependency_risk:filesystem,1.633,D:\Ky9\Sample\ARROW\runs\sample_selection\distributed\shard-3\candidates\02039_26027834_26027834_1
2044,37151000,37151000_0.json,https://github.com/sky-map-team/stardroid,LatLong,app/src/main/java/com/google/android/stardroid/units/LatLong.java,production,,,,getLatitude,3,public,False,True,,,,,EXCLUDED,trivial_focal_method,,,,,,,,,2,0,,,,,,,,,EXCLUDED,semantic_metadata,trivial_focal_method,0.014,D:\Ky9\Sample\ARROW\runs\sample_selection\distributed\shard-3\candidates\02044_37151000_37151000_0
2049,92945138,92945138_10.json,https://github.com/kakawait/cas-security-spring-boot-starter,LaxServiceProperties,spring-security-cas-extension/src/main/java/com/kakawait/spring/security/cas/LaxServiceProperties.java,production,,,,afterPropertiesSet,9,@Override public,True,False,,,,,EXCLUDED,no_observable_behavior,,,,,,,,,2,0,,,,,,,,,EXCLUDED,semantic_metadata,no_observable_behavior,0.010,D:\Ky9\Sample\ARROW\runs\sample_selection\distributed\shard-3\candidates\02049_92945138_92945138_10
2054,195192171,195192171_1.json,https://github.com/lhalcyon/payment-listener,DES,app/src/main/java/com/weihuagu/receiptnotice/DES.java,production,class,False,26,transferMapValue,16,public,True,True,1,False,,10,ELIGIBLE,,gradle,app,junit4,unknown,D:\Ky9\Sample\ARROW\Java-version\java-8,Gradle 4.4 requires compatible JDK 8; auto-discovered,,1,2,1,ASSERTION_FAILED,,,com.weihuagu.receiptnotice.DES,,,,,EXCLUDED,baseline,failure: build failed with an exception.,235.588,D:\Ky9\Sample\ARROW\runs\sample_selection\distributed\shard-3\candidates\02054_195192171_195192171_1
2059,198222234,198222234_146.json,https://github.com/smallrye/smallrye-mutiny,MultiRepetition,implementation/src/main/java/io/smallrye/mutiny/groups/MultiRepetition.java,production,,,,supplier,3,public,True,True,,,,,ELIGIBLE,,,,,,,,,1,2,0,,,,,,,,,EXCLUDED,setup,"Error: [('D:\\Ky9\\Sample\\ARROW\\repos\\198222234\\reactive-streams-operators-jakarta\\src\\main\\resources\\META-INF\\services\\org.eclipse.microprofile.reactive.streams.operators.spi.ReactiveStreamsEngine', 'D:\\Ky9\\Sample\\ARROW\\runs\\sample_selection\\distributed\\shard-3\\candidates\\02059_198222234_198222234_146\\workspace\\reactive-streams-operators-jakarta\\src\\main\\resources\\META-INF\\services\\org.eclipse.microprofile.reactive.streams.operators.spi.ReactiveStreamsEngine', '[WinError 3] The system cannot find the path specified')]",210.391,D:\Ky9\Sample\ARROW\runs\sample_selection\distributed\shard-3\candidates\02059_198222234_198222234_146
2064,14173210,14173210_20.json,https://github.com/xiaochengzhong/floodlightUI,HexString,floodlight-master/src/main/java/org/openflow/util/HexString.java,production,class,False,83,toHexString,15,public static,True,True,0,False,,10,ELIGIBLE,,unknown,.,junit4,unknown,,no project java version detected,,1,2,1,TOOL_ERROR,,,org.openflow.util.HexString,,,,,EXCLUDED,baseline,unsupported build tool,30.305,D:\Ky9\Sample\ARROW\runs\sample_selection\distributed\shard-3\candidates\02064_14173210_14173210_20
2069,35617147,35617147_7.json,https://github.com/dkpro/dkpro-lab,ChartUtil,dkpro-lab-core/src/main/java/org/dkpro/lab/reporting/ChartUtil.java,production,,,,writeChartAsPDF,17,public static,False,False,,,,,EXCLUDED,no_observable_behavior,,,,,,,,,2,0,,,,,,,,,EXCLUDED,semantic_metadata,no_observable_behavior,0.014,D:\Ky9\Sample\ARROW\runs\sample_selection\distributed\shard-3\candidates\02069_35617147_35617147_7
2074,79730209,79730209_5.json,https://github.com/theblackwidower/KanaQuiz,KanaQuestion,app/src/main/java/com/noprestige/kanaquiz/questions/KanaQuestion.java,production,,,,isDigraph,4,public,False,True,,,,,EXCLUDED,trivial_focal_method,,,,,,,,,2,0,,,,,,,,,EXCLUDED,semantic_metadata,trivial_focal_method,0.014,D:\Ky9\Sample\ARROW\runs\sample_selection\distributed\shard-3\candidates\02074_79730209_79730209_5
2079,35640235,35640235_1.json,https://github.com/jpetitto/rxjava-android-example,GitHubInteractor,app/src/main/java/com/johnpetitto/rxjavaandroidexample/GitHubInteractor.java,production,class,False,33,searchUsers,3,public,False,True,2,True,network,7,EXCLUDED,external_dependency_risk:network,,,,,,,,1,2,0,,,,,,,,,EXCLUDED,semantic,external_dependency_risk:network,1.656,D:\Ky9\Sample\ARROW\runs\sample_selection\distributed\shard-3\candidates\02079_35640235_35640235_1
2084,20076963,20076963_0.json,https://github.com/phon-ca/phon,BasicScript,script/src/main/java/ca/phon/script/BasicScript.java,production,,,,BasicScript,5,public,False,False,,,,,EXCLUDED,no_observable_behavior,,,,,,,,,2,0,,,,,,,,,EXCLUDED,semantic_metadata,no_observable_behavior,0.014,D:\Ky9\Sample\ARROW\runs\sample_selection\distributed\shard-3\candidates\02084_20076963_20076963_0
2089,76028699,76028699_0.json,https://github.com/tripsta/spring-boot-starter-kit,ApiBaseResponse,application/sbsk-dto/src/main/java/com/sbsk/model/ApiBaseResponse.java,production,,,,getVersion,4,@Override public,False,True,,,,,EXCLUDED,trivial_focal_method,,,,,,,,,2,0,,,,,,,,,EXCLUDED,semantic_metadata,trivial_focal_method,0.010,D:\Ky9\Sample\ARROW\runs\sample_selection\distributed\shard-3\candidates\02089_76028699_76028699_0
2094,86535963,86535963_4.json,https://github.com/crowdcode-de/spring-cloud-performance-tuning,UserController,domain-services/user-service/src/main/java/io/crowdcode/flaschenhals/user/controller/UserController.java,production,,,,createUser,6,"@ApiOperation(value = ""Create a new user."") @PostMapping @ResponseStatus(HttpStatus.CREATED) public",False,False,,,,,EXCLUDED,no_observable_behavior,,,,,,,,,2,0,,,,,,,,,EXCLUDED,semantic_metadata,no_observable_behavior,0.013,D:\Ky9\Sample\ARROW\runs\sample_selection\distributed\shard-3\candidates\02094_86535963_86535963_4
2099,93951167,93951167_19.json,https://github.com/blockchain-certificates/wallet-android,BitcoinUtils,LearningMachine/app/src/main/java/com/learningmachine/android/app/util/BitcoinUtils.java,production,class,False,95,isValidPassphrase,9,public static,True,True,0,False,,10,ELIGIBLE,,gradle,LearningMachine\app,junit4,1,D:\Ky9\Sample\ARROW\Java-version\java-8,auto-discovered compatible JDK 8 for Java 1,,1,2,1,ASSERTION_FAILED,,,com.learningmachine.android.app.util.BitcoinUtils,,,,,EXCLUDED,baseline,failure: build failed with an exception.,639.904,D:\Ky9\Sample\ARROW\runs\sample_selection\distributed\shard-3\candidates\02099_93951167_93951167_19
2104,15042909,15042909_0.json,https://github.com/ffgiraldez/Migratron,Migratron,library/src/main/java/com/github/ffgiraldez/migratron/Migratron.java,production,,,,updateMigration,3,public,False,False,,,,,EXCLUDED,no_observable_behavior,,,,,,,,,2,0,,,,,,,,,EXCLUDED,semantic_metadata,no_observable_behavior,0.013,D:\Ky9\Sample\ARROW\runs\sample_selection\distributed\shard-3\candidates\02104_15042909_15042909_0
2109,143926791,143926791_46.json,https://github.com/Pivotal-Field-Engineering/pivotal-bank-demo,CorsHandler,zipkin-server/src/main/java/zipkin2/server/internal/CorsHandler.java,production,,,,handlePreflight,19,,True,False,,,,,EXCLUDED,no_observable_behavior,,,,,,,,,2,0,,,,,,,,,EXCLUDED,semantic_metadata,no_observable_behavior,0.014,D:\Ky9\Sample\ARROW\runs\sample_selection\distributed\shard-3\candidates\02109_143926791_143926791_46
2114,129118555,129118555_3.json,https://github.com/tallence/core-forms,FormEditorValidator,form-editor-studio-lib/src/main/java/com/tallence/formeditor/studio/validator/FormEditorValidator.java,production,,,,validate,17,@Override public,True,False,,,,,EXCLUDED,no_observable_behavior,,,,,,,,,2,0,,,,,,,,,EXCLUDED,semantic_metadata,no_observable_behavior,0.011,D:\Ky9\Sample\ARROW\runs\sample_selection\distributed\shard-3\candidates\02114_129118555_129118555_3
2119,192009782,192009782_2.json,https://github.com/tmobile/tmobile-api-security-lib,PopTokenBuilderUtils,poptoken-lib/poptoken-builder/java-lib-tmobile-oss-poptoken-builder/src/main/java/com/tmobile/oss/security/taap/poptoken/builder/utils/PopTokenBuilderUtils.java,production,,,,keyPemStringToRsaPrivateKey,22,public static,True,True,,,,,ELIGIBLE,,,,,,,,,,2,0,,,,,,,,,EXCLUDED,setup,"RuntimeError: Repository setup failed after 3 attempts: CalledProcessError: Command '['git', '-c', 'core.longpaths=true', 'clone', '--depth', '1', 'https://github.com/tmobile/tmobile-api-security-lib', 'D:\\Ky9\\Sample\\ARROW\\repos\\192009782']' returned non-zero exit status 128.",11.032,D:\Ky9\Sample\ARROW\runs\sample_selection\distributed\shard-3\candidates\02119_192009782_192009782_2
2124,149647886,149647886_1.json,https://github.com/salesforce/centrifuge,CentrifugeImpl,centrifuge-core/src/main/java/com/salesforce/centrifuge/CentrifugeImpl.java,production,,,,registerMbean,12,@Override public,True,False,,,,,EXCLUDED,no_observable_behavior,,,,,,,,,2,0,,,,,,,,,EXCLUDED,semantic_metadata,no_observable_behavior,0.015,D:\Ky9\Sample\ARROW\runs\sample_selection\distributed\shard-3\candidates\02124_149647886_149647886_1
2129,138123418,138123418_40.json,https://github.com/kolloldas/EasyNLU,Rule,parser/src/main/java/coldash/easynlu/parse/Rule.java,production,class,False,90,isLexical,6,public,True,True,2,False,,10,ELIGIBLE,,gradle,parser,junit5,8,D:\Ky9\Sample\ARROW\Java-version\java-8,auto-discovered JDK 8,,1,2,1,ASSERTION_FAILED,,,coldash.easynlu.parse.Rule,,,,,EXCLUDED,baseline,failure: build failed with an exception.,15.110,D:\Ky9\Sample\ARROW\runs\sample_selection\distributed\shard-3\candidates\02129_138123418_138123418_40
2134,151583278,151583278_2.json,https://github.com/jboss-fuse/karaf-quickstarts,OrderService,beginner/camel-errorhandler/src/main/java/org/jboss/fuse/quickstarts/beginner/camel/errorhandler/OrderService.java,production,,,,validateOrderDate,14,public,True,True,,,,,ELIGIBLE,,,,,,,,,1,2,0,,,,,,,,,EXCLUDED,setup,"Error: [('D:\\Ky9\\Sample\\ARROW\\repos\\151583278\\security\\spring-security\\spring-security-httpservice-blueprint\\src\\main\\java\\org\\jboss\\fuse\\quickstarts\\security\\spring\\wb\\servlets\\CommonServlet.java', 'D:\\Ky9\\Sample\\ARROW\\runs\\sample_selection\\distributed\\shard-3\\candidates\\02134_151583278_151583278_2\\workspace\\security\\spring-security\\spring-security-httpservice-blueprint\\src\\main\\java\\org\\jboss\\fuse\\quickstarts\\security\\spring\\wb\\servlets\\CommonServlet.java', '[WinError 3] The system cannot find the path specified')]",4.656,D:\Ky9\Sample\ARROW\runs\sample_selection\distributed\shard-3\candidates\02134_151583278_151583278_2
2139,188857939,188857939_1.json,https://github.com/zxcvbnmzsedr/apidoc,QdoxUtils,apidoc-core/src/main/java/com/ztianzeng/apidoc/utils/QdoxUtils.java,production,class,False,37,getAnnotation,8,public static,True,True,0,False,,9,ELIGIBLE,,maven,apidoc-core,junit4,8,D:\Ky9\Sample\ARROW\Java-version\java-8,auto-discovered JDK 8,,1,2,1,COMPILE_FAILED,,,com.ztianzeng.apidoc.utils.QdoxUtils,,,,,EXCLUDED,baseline,[error] failed to execute goal org.apache.maven.plugins:maven-compiler-plugin:<n>.5.1:compile (default-compile) on project apidoc-core: compilation failure,20.432,D:\Ky9\Sample\ARROW\runs\sample_selection\distributed\shard-3\candidates\02139_188857939_188857939_1
2144,20236504,20236504_0.json,https://github.com/hllorens/cognitionis-nlp-libraries,Numek,nlp-knowledge/src/main/java/com/cognitionis/nlp_knowledge/numbers/Numek.java,production,class,False,685,calc_and_sum_frac,16,public static,True,True,0,True,filesystem,8,EXCLUDED,external_dependency_risk:filesystem,,,,,,,,1,2,0,,,,,,,,,EXCLUDED,semantic,external_dependency_risk:filesystem,3.475,D:\Ky9\Sample\ARROW\runs\sample_selection\distributed\shard-3\candidates\02144_20236504_20236504_0
2149,87432809,87432809_16.json,https://github.com/ascendix/salesforce-jdbc,PartnerResultToCrtesianTable,sf-jdbc-driver/src/main/java/com/ascendix/jdbc/salesforce/delegates/PartnerResultToCrtesianTable.java,production,class,False,51,expand,4,public static,False,True,1,False,,8,ELIGIBLE,,maven,sf-jdbc-driver,junit4,8,D:\Ky9\Sample\ARROW\Java-version\java-8,auto-discovered JDK 8,,1,2,1,ASSERTION_FAILED,,,com.ascendix.jdbc.salesforce.delegates.PartnerResultToCrtesianTable,,,,,EXCLUDED,baseline,[info] sf-jdbc-driver ..................................... failure [ 8.349 s],18.867,D:\Ky9\Sample\ARROW\runs\sample_selection\distributed\shard-3\candidates\02149_87432809_87432809_16
2154,14109623,14109623_3.json,https://github.com/vogellacompany/codeexamples-android,ConverterUtil,com.vogella.android.temperatureconverter.mvp/app/src/main/java/com/vogella/android/temperatureconverter/ConverterUtil.java,production,class,False,17,convertFahrenheitToCelsius,3,public static,False,True,0,False,,7,ELIGIBLE,,gradle,com.vogella.android.temperatureconverter.mvp\app,junit4,unknown,,no project java version detected,,1,2,1,ASSERTION_FAILED,,,com.vogella.android.temperatureconverter.ConverterUtil,,,,,EXCLUDED,baseline,failure: build failed with an exception.,631.137,D:\Ky9\Sample\ARROW\runs\sample_selection\distributed\shard-3\candidates\02154_14109623_14109623_3
2159,112437215,112437215_2.json,https://github.com/dunwu/java-tutorial,ImageUtil,codes/javaee/javaee-oss/src/main/java/io/github/dunwu/javaee/oss/image/ImageUtil.java,production,class,False,123,getContentType,5,public static,False,True,0,True,filesystem,7,EXCLUDED,external_dependency_risk:filesystem,,,,,,,,1,2,0,,,,,,,,,EXCLUDED,semantic,external_dependency_risk:filesystem,3.709,D:\Ky9\Sample\ARROW\runs\sample_selection\distributed\shard-3\candidates\02159_112437215_112437215_2
2164,106371845,106371845_6.json,https://github.com/PacktPublishing/Mastering-Software-Testing-with-JUnit-5,LoginService,junit4-mockito/src/main/java/io/github/bonigarcia/LoginService.java,production,class,False,58,login,16,public,True,True,0,False,,9,ELIGIBLE,,maven,junit4-mockito,junit4,8,D:\Ky9\Sample\ARROW\Java-version\java-8,auto-discovered JDK 8,,1,2,2,MODULE_TESTS_PASSED|MODULE_TESTS_PASSED,True,0,io.github.bonigarcia.LoginService,True,TARGET_TEST_PASSED,MODULE_TESTS_PASSED,MODULE_TESTS_PASSED,ELIGIBLE,,,22.155,D:\Ky9\Sample\ARROW\runs\sample_selection\distributed\shard-3\candidates\02164_106371845_106371845_6
2169,4159017,4159017_150.json,https://github.com/SonarSource/sslr,AstNodeNavigator,sslr-xpath/src/main/java/com/sonar/sslr/impl/xpath/AstNodeNavigator.java,production,,,,isComment,4,@Override public,False,True,,,,,EXCLUDED,trivial_focal_method,,,,,,,,,2,0,,,,,,,,,EXCLUDED,semantic_metadata,trivial_focal_method,0.023,D:\Ky9\Sample\ARROW\runs\sample_selection\distributed\shard-3\candidates\02169_4159017_4159017_150
2174,24556876,24556876_1.json,https://github.com/zzt93/Daily-pracitce,Serializer,java/knowledge/src/main/java/reflect/serializeImpl/Serializer.java,production,,,,getClass,3,public,False,True,,,,,EXCLUDED,trivial_focal_method,,,,,,,,,2,0,,,,,,,,,EXCLUDED,semantic_metadata,trivial_focal_method,0.011,D:\Ky9\Sample\ARROW\runs\sample_selection\distributed\shard-3\candidates\02174_24556876_24556876_1
2179,64751214,64751214_4.json,https://github.com/vaadin/framework8-demo,DataService,spring-demo/spring-demo-backend/src/main/java/com/vaadin/framework8/samples/backend/DataService.java,production,,,,getProduct,3,public,False,True,,,,,EXCLUDED,trivial_focal_method,,,,,,,,,2,0,,,,,,,,,EXCLUDED,semantic_metadata,trivial_focal_method,0.010,D:\Ky9\Sample\ARROW\runs\sample_selection\distributed\shard-3\candidates\02179_64751214_64751214_4
2184,160239455,160239455_1.json,https://github.com/RedElastic/reactive-stock-trader,Holdings,portfolio-impl/src/main/java/com/redelastic/stocktrader/portfolio/impl/Holdings.java,production,class,False,49,remove,19,,True,True,0,False,,10,ELIGIBLE,,unknown,.,junit4,unknown,,no project java version detected,,1,2,1,TOOL_ERROR,,,com.redelastic.stocktrader.portfolio.impl.Holdings,,,,,EXCLUDED,baseline,unsupported build tool,1.902,D:\Ky9\Sample\ARROW\runs\sample_selection\distributed\shard-3\candidates\02184_160239455_160239455_1
2189,133340671,133340671_137.json,https://github.com/sofastack/sofa-tracer,AggregateEventHandler,tracer-core/src/main/java/com/alipay/disruptor/AggregateEventHandler.java,production,,,,onShutdown,8,@Override public,True,False,,,,,EXCLUDED,no_observable_behavior,,,,,,,,,2,0,,,,,,,,,EXCLUDED,semantic_metadata,no_observable_behavior,0.013,D:\Ky9\Sample\ARROW\runs\sample_selection\distributed\shard-3\candidates\02189_133340671_133340671_137
2194,6434628,6434628_15.json,https://github.com/lostdragon/cobar,PairUtil,cobar-parser/src/main/java/com/alibaba/cobar/parser/util/PairUtil.java,production,class,False,86,splitIndex,23,public static,True,True,0,False,,10,ELIGIBLE,,maven,cobar-parser,junit4,6,D:\Ky9\Sample\ARROW\Java-version\java-8,auto-discovered compatible JDK 8 for Java 6,,1,2,2,MODULE_TESTS_PASSED|MODULE_TESTS_PASSED,True,0,com.alibaba.cobar.parser.util.PairUtil,True,TARGET_TEST_PASSED,MODULE_TESTS_PASSED,MODULE_TESTS_PASSED,ELIGIBLE,,,31.733,D:\Ky9\Sample\ARROW\runs\sample_selection\distributed\shard-3\candidates\02194_6434628_6434628_15
2199,6489406,6489406_33.json,https://github.com/dma-ais/AisLib,TargetTracker,ais-lib-communication/src/main/java/dk/dma/ais/tracker/targetTracker/TargetTracker.java,production,class,False,329,get,3,public,False,True,0,False,,8,ELIGIBLE,,maven,ais-lib-communication,junit4,unknown,,no project java version detected,,1,2,2,MODULE_TESTS_PASSED|MODULE_TESTS_PASSED,True,0,dk.dma.ais.tracker.targetTracker.TargetTracker,True,TARGET_TEST_PASSED,MODULE_TESTS_PASSED,MODULE_TESTS_PASSED,ELIGIBLE,,,49.675,D:\Ky9\Sample\ARROW\runs\sample_selection\distributed\shard-3\candidates\02199_6489406_6489406_33
2204,3149437,3149437_0.json,https://github.com/spring-projects/spring-security-kerberos,KerberosServiceAuthenticationProvider,spring-security-kerberos-core/src/main/java/org/springframework/security/kerberos/authentication/KerberosServiceAuthenticationProvider.java,production,,,,authenticate,17,@Override public,False,True,,,,,ELIGIBLE,,,,,,,,,1,2,0,,,,,,,,,EXCLUDED,setup,"Error: [('D:\\Ky9\\Sample\\ARROW\\repos\\3149437\\spring-security-kerberos-web\\src\\main\\java\\org\\springframework\\security\\kerberos\\web\\authentication\\ResponseHeaderSettingKerberosAuthenticationSuccessHandler.java', 'D:\\Ky9\\Sample\\ARROW\\runs\\sample_selection\\distributed\\shard-3\\candidates\\02204_3149437_3149437_0\\workspace\\spring-security-kerberos-web\\src\\main\\java\\org\\springframework\\security\\kerberos\\web\\authentication\\ResponseHeaderSettingKerberosAuthenticationSuccessHandler.java', '[WinError 3] The system cannot find the path specified')]",3.408,D:\Ky9\Sample\ARROW\runs\sample_selection\distributed\shard-3\candidates\02204_3149437_3149437_0
2209,11286308,11286308_17.json,https://github.com/premium-minds/billy,AbstractDAO,billy-core-ebean/src/main/java/com/premiumminds/billy/core/persistence/dao/ebean/AbstractDAO.java,production,class,True,167,exists,6,@Override public,True,True,0,False,,9,EXCLUDED,non_concrete:class:abstract,,,,,,,e25ce01947c930c8d73b4cc1f65ccfb52b4e3c5f,1,2,0,,,,,,,,,EXCLUDED,semantic,non_concrete:class:abstract,30.484,D:\Ky9\Sample\ARROW\runs\sample_selection\distributed\shard-3\candidates\02209_11286308_11286308_17
2214,132171799,132171799_1.json,https://github.com/samaddico/spring-boot-samples,RedisController,spring-boot-redis-caching/src/main/java/com/samaddico/springboot/caching/controller/RedisController.java,production,class,False,36,get,8,"@RequestMapping(value = ""/get"",method = RequestMethod.GET) public",False,True,0,False,,7,ELIGIBLE,,gradle,spring-boot-redis-caching,junit4,8,D:\Ky9\Sample\ARROW\Java-version\java-8,auto-discovered JDK 8,,1,2,1,ASSERTION_FAILED,,,com.samaddico.springboot.caching.controller.RedisController,,,,,EXCLUDED,baseline,failure:org.springframework.web.util.nestedservletexception:org.springframework.web.util.nestedservletexception: request processing failed; nested exception is org.springframework.data.redis.redisconnectionfailureexception: unable to connect to redis; nested exception is io.lettuce.core.redisconnect,39.557,D:\Ky9\Sample\ARROW\runs\sample_selection\distributed\shard-3\candidates\02214_132171799_132171799_1
2219,41152339,41152339_21.json,https://github.com/UberPay/uberpay-wallet,CoinURI,core/src/main/java/com/mygeopay/core/uri/CoinURI.java,production,,,,getMessage,3,public,False,True,,,,,EXCLUDED,trivial_focal_method,,,,,,,,,2,0,,,,,,,,,EXCLUDED,semantic_metadata,trivial_focal_method,0.022,D:\Ky9\Sample\ARROW\runs\sample_selection\distributed\shard-3\candidates\02219_41152339_41152339_21
2224,1484463,1484463_5.json,https://github.com/ning/Arecibo,TimelineChunkAccumulator,util/src/main/java/com/ning/arecibo/util/timeline/chunks/TimelineChunkAccumulator.java,production,class,False,76,extractTimelineChunkAndReset,10,public synchronized,False,True,3,False,,7,ELIGIBLE,,maven,util,testng,unknown,,no project java version detected,,1,2,1,ASSERTION_FAILED,,,com.ning.arecibo.util.timeline.chunks.TimelineChunkAccumulator,,,,,EXCLUDED,baseline,[info] arecibo-util ....................................... failure [ 10.100 s],16.227,D:\Ky9\Sample\ARROW\runs\sample_selection\distributed\shard-3\candidates\02224_1484463_1484463_5
2229,4744588,4744588_2.json,https://github.com/cloudera/kitten,LuaContainerLaunchParameters,java/common/src/main/java/com/cloudera/kitten/lua/LuaContainerLaunchParameters.java,production,class,False,229,getCommands,25,@Override public,True,True,3,True,filesystem,9,EXCLUDED,external_dependency_risk:filesystem,,,,,,,,1,2,0,,,,,,,,,EXCLUDED,semantic,external_dependency_risk:filesystem,1.893,D:\Ky9\Sample\ARROW\runs\sample_selection\distributed\shard-3\candidates\02229_4744588_4744588_2
2234,131202949,131202949_173.json,https://github.com/openMF/mifos-chatbot,DomainNameapiv1entityentityIdimagesApi,client/src/main/java/org/mifos/chatbot/client/api/DomainNameapiv1entityentityIdimagesApi.java,production,class,False,536,deleteClientImage,4,public,False,True,0,True,filesystem,6,EXCLUDED,external_dependency_risk:filesystem;testability_score_below_7,,,,,,,,1,2,0,,,,,,,,,EXCLUDED,semantic,external_dependency_risk:filesystem;testability_score_below_7,292.364,D:\Ky9\Sample\ARROW\runs\sample_selection\distributed\shard-3\candidates\02234_131202949_131202949_173
2239,2180960,2180960_1.json,https://github.com/jlgrock/ClosureJavascriptFramework,ParsedDefine,closure-compiler-maven-plugin/src/main/java/com/github/jlgrock/javascriptframework/closurecompiler/ParsedDefine.java,production,,,,parseDefine,6,public static,False,False,,,,,EXCLUDED,no_observable_behavior,,,,,,,,,2,0,,,,,,,,,EXCLUDED,semantic_metadata,no_observable_behavior,0.012,D:\Ky9\Sample\ARROW\runs\sample_selection\distributed\shard-3\candidates\02239_2180960_2180960_1
2244,44934002,44934002_2.json,https://github.com/ibinti/bugvm,HelloWorld,Lab/kotlin-dsl-samples/code-quality/src/main/java/samples/HelloWorld.java,production,class,False,9,greeting,3,static,False,True,0,False,,7,ELIGIBLE,,gradle,Lab\kotlin-dsl-samples\code-quality,junit4,1,D:\Ky9\Sample\ARROW\Java-version\java-8,auto-discovered compatible JDK 8 for Java 1,,1,2,2,MODULE_TESTS_PASSED|MODULE_TESTS_PASSED,True,1,samples.HelloWorld,True,TARGET_TEST_PASSED,MODULE_TESTS_PASSED,MODULE_TESTS_PASSED,ELIGIBLE,,,201.666,D:\Ky9\Sample\ARROW\runs\sample_selection\distributed\shard-3\candidates\02244_44934002_44934002_2
2249,16047008,16047008_13.json,https://github.com/SeanTater/uncc2014watsonsim,DenseVectors,src/main/java/edu/uncc/cs/watsonsim/nlp/DenseVectors.java,production,class,False,81,sim,17,public static,True,True,0,False,,10,ELIGIBLE,,gradle,.,junit4,8,D:\Ky9\Sample\ARROW\Java-version\java-8,auto-discovered JDK 8,,1,2,1,TOOL_ERROR,,,edu.uncc.cs.watsonsim.nlp.DenseVectors,,,,,EXCLUDED,baseline,[WinError 2] The system cannot find the file specified,3.008,D:\Ky9\Sample\ARROW\runs\sample_selection\distributed\shard-3\candidates\02249_16047008_16047008_13
2254,36790401,36790401_0.json,https://github.com/zalando-stups/spring-boot-zalando-stups-tokens,K8sEnvironmentPostprocessor,k8s-node-detector/src/main/java/org/zalando/spring/boot/k8s/K8sEnvironmentPostprocessor.java,production,class,False,65,specificFilesystemLayoutExists,3,protected,False,True,0,True,framework_context|filesystem,7,EXCLUDED,external_dependency_risk:framework_context|filesystem,,,,,,,,1,2,0,,,,,,,,,EXCLUDED,semantic,external_dependency_risk:framework_context|filesystem,2.067,D:\Ky9\Sample\ARROW\runs\sample_selection\distributed\shard-3\candidates\02254_36790401_36790401_0
2259,188229074,188229074_0.json,https://github.com/devonfw-forge/keywi,UcManageKeyListImpl,core/src/main/java/com/devonfw/keywi/keymanagement/logic/impl/usecase/UcManageKeyListImpl.java,production,class,False,65,saveKeyList,20,@Override @RolesAllowed(ApplicationAccessControlConfig.PERMISSION_SAVE_KEY_LIST) public,True,True,0,False,,9,ELIGIBLE,,maven,core,junit4,8,D:\Ky9\Sample\ARROW\Java-version\java-8,auto-discovered JDK 8,,1,2,2,MODULE_TESTS_PASSED|MODULE_TESTS_PASSED,True,1,com.devonfw.keywi.keymanagement.logic.impl.usecase.UcManageKeyListImpl,True,TARGET_TEST_PASSED,MODULE_TESTS_PASSED,MODULE_TESTS_PASSED,ELIGIBLE,,,194.858,D:\Ky9\Sample\ARROW\runs\sample_selection\distributed\shard-3\candidates\02259_188229074_188229074_0
2264,2364987,2364987_122.json,https://github.com/anathema/anathema_legacy,FlexibleArrow,Platform_TreeFramework/src/main/java/net/sf/anathema/platform/tree/view/draw/FlexibleArrow.java,production,,,,paint,9,@Override public,False,False,,,,,EXCLUDED,no_observable_behavior,,,,,,,,,2,0,,,,,,,,,EXCLUDED,semantic_metadata,no_observable_behavior,0.012,D:\Ky9\Sample\ARROW\runs\sample_selection\distributed\shard-3\candidates\02264_2364987_2364987_122
2269,80196099,80196099_210.json,https://github.com/ria-ee/X-Road,LogArchiveCache,src/common-messagelog/src/main/java/ee/ria/xroad/common/messagelog/archive/LogArchiveCache.java,production,,,,add,10,,True,False,,,,,EXCLUDED,no_observable_behavior,,,,,,,,,2,0,,,,,,,,,EXCLUDED,semantic_metadata,no_observable_behavior,0.012,D:\Ky9\Sample\ARROW\runs\sample_selection\distributed\shard-3\candidates\02269_80196099_80196099_210
2274,152242718,152242718_6.json,https://github.com/iliterobotics/FRC-Robot-2019,GetLocalIP,robot/src/main/java/us/ilite/lib/drivers/GetLocalIP.java,production,class,False,124,getIPFromInputStream,18,protected static,True,True,0,True,process_or_native,8,EXCLUDED,external_dependency_risk:process_or_native,,,,,,,,1,2,0,,,,,,,,,EXCLUDED,semantic,external_dependency_risk:process_or_native,4.616,D:\Ky9\Sample\ARROW\runs\sample_selection\distributed\shard-3\candidates\02274_152242718_152242718_6
2279,25029544,25029544_33.json,https://github.com/jgonian/commons-ip-math,Ipv6Range,commons-ip-math/src/main/java/com/github/jgonian/ipmath/Ipv6Range.java,production,class,False,120,from,3,public static,False,True,2,False,,7,ELIGIBLE,,maven,commons-ip-math,junit4,6,D:\Ky9\Sample\ARROW\Java-version\java-8,auto-discovered compatible JDK 8 for Java 6,,1,2,2,MODULE_TESTS_PASSED|MODULE_TESTS_PASSED,True,1,com.github.jgonian.ipmath.Ipv6Range,True,TARGET_TEST_PASSED,MODULE_TESTS_PASSED,MODULE_TESTS_PASSED,ELIGIBLE,,,48.292,D:\Ky9\Sample\ARROW\runs\sample_selection\distributed\shard-3\candidates\02279_25029544_25029544_33
2284,70772509,70772509_1.json,https://github.com/edu-xored/memorise,CrawlerRunner,memorise-web-app/src/main/java/org/xored/edu/memorise/crawler/CrawlerRunner.java,production,,,,run,12,public,True,False,,,,,EXCLUDED,no_observable_behavior,,,,,,,,,2,0,,,,,,,,,EXCLUDED,semantic_metadata,no_observable_behavior,0.010,D:\Ky9\Sample\ARROW\runs\sample_selection\distributed\shard-3\candidates\02284_70772509_70772509_1
2289,3787360,3787360_22.json,https://github.com/takimafr/soja,SubscriptionManager,soja-server/src/main/java/com/excilys/soja/server/manager/SubscriptionManager.java,production,class,False,148,retrieveSubscriptionsByTopic,3,public synchronized,False,True,0,False,,8,ELIGIBLE,,maven,soja-server,junit4,6,D:\Ky9\Sample\ARROW\Java-version\java-8,auto-discovered compatible JDK 8 for Java 6,,1,2,2,MODULE_TESTS_PASSED|RUNTIME_FAILED,,,com.excilys.soja.server.manager.SubscriptionManager,,,,,EXCLUDED,baseline,error:java.lang.nullpointerexception:java.lang.nullpointerexception at com.excilys.soja.server.manager.subscriptionmanagertest.testretrievesubscriptionsbytopic(subscriptionmanagertest.java:<n>) at sun.reflect.nativemethodaccessorimpl.invoke0(native method) at sun.reflect.nativemethodaccessorimpl.inv,10.667,D:\Ky9\Sample\ARROW\runs\sample_selection\distributed\shard-3\candidates\02289_3787360_3787360_22
2294,11974846,11974846_20.json,https://github.com/Huawei-Hadoop/hindex,AccessController,security/src/main/java/org/apache/hadoop/hbase/security/access/AccessController.java,production,,,,preLockRow,6,@Override public,False,False,,,,,EXCLUDED,no_observable_behavior,,,,,,,,,2,0,,,,,,,,,EXCLUDED,semantic_metadata,no_observable_behavior,0.013,D:\Ky9\Sample\ARROW\runs\sample_selection\distributed\shard-3\candidates\02294_11974846_11974846_20
2299,40695309,40695309_3.json,https://github.com/touwolf/bridje-framework,Path,bridje-vfs/src/main/java/org/bridje/vfs/Path.java,production,class,False,377,getNext,6,public,True,True,0,False,,10,ELIGIBLE,,maven,bridje-vfs,junit4,8,D:\Ky9\Sample\ARROW\Java-version\java-8,auto-discovered JDK 8,,1,2,2,MODULE_TESTS_PASSED|MODULE_TESTS_PASSED,True,1,org.bridje.vfs.Path,True,TARGET_TEST_PASSED,MODULE_TESTS_PASSED,MODULE_TESTS_PASSED,ELIGIBLE,,,34.116,D:\Ky9\Sample\ARROW\runs\sample_selection\distributed\shard-3\candidates\02299_40695309_40695309_3
2304,11128472,11128472_21.json,https://github.com/estatio/estatio,PeriodUtil,estatioapp/app/src/main/java/org/estatio/module/capex/dom/util/PeriodUtil.java,production,,,,yearFromPeriod,23,public static,True,True,,,,,ELIGIBLE,,,,,,,,,1,2,0,,,,,,,,,EXCLUDED,setup,"Error: [('D:\\Ky9\\Sample\\ARROW\\repos\\11128472\\estatioapp\\app\\src\\main\\java\\org\\estatio\\module\\base\\fixtures\\security\\userrole\\personas\\EstatioUserInGreatBritain_Has_IsisSecurityModuleRegularRole.java', 'D:\\Ky9\\Sample\\ARROW\\runs\\sample_selection\\distributed\\shard-3\\candidates\\02304_11128472_11128472_21\\workspace\\estatioapp\\app\\src\\main\\java\\org\\estatio\\module\\base\\fixtures\\security\\userrole\\personas\\EstatioUserInGreatBritain_Has_IsisSecurityModuleRegularRole.java', '[WinError 3] The system cannot find the path specified'), ('D:\\Ky9\\Sample\\ARROW\\repos\\11128472\\estatioapp\\app\\src\\main\\java\\org\\estatio\\module\\base\\fixtures\\security\\userrole\\personas\\EstatioUserInNetherlands_Has_IsisSecurityModuleRegularRole.java', 'D:\\Ky9\\Sample\\ARROW\\runs\\sample_selection\\distributed\\shard-3\\candidates\\02304_11128472_11128472_21\\workspace\\estatioapp\\app\\src\\main\\java\\org\\estatio\\module\\base\\fixtures\\security\\userrole\\personas\\EstatioUserInNetherlands_Has_IsisSecurityModuleRegularRole.java', '[WinError 3] The system cannot find the path specified'), ('D:\\Ky9\\Sample\\ARROW\\repos\\11128472\\estatioapp\\app\\src\\main\\java\\org\\estatio\\module\\capex\\app\\contributions\\approval\\IncomingDocAsInvoiceViewModel_approveWhenApprovedByCenterManager.java', 'D:\\Ky9\\Sample\\ARROW\\runs\\sample_selection\\distributed\\shard-3\\candidates\\02304_11128472_11128472_21\\workspace\\estatioapp\\app\\src\\main\\java\\org\\estatio\\module\\capex\\app\\contributions\\approval\\IncomingDocAsInvoiceViewModel_approveWhenApprovedByCenterManager.java', '[WinError 3] The system cannot find the path specified'), ('D:\\Ky9\\Sample\\ARROW\\repos\\11128472\\estatioapp\\app\\src\\main\\java\\org\\estatio\\module\\lease\\dom\\invoicing\\summary\\comms\\InvoiceSummaryForPropertyDueDateStatus_backgroundPrepareAbstract.java', 'D:\\Ky9\\Sample\\ARROW\\runs\\sample_selection\\distributed\\shard-3\\candidates\\02304_11128472_11128472",26.508,D:\Ky9\Sample\ARROW\runs\sample_selection\distributed\shard-3\candidates\02304_11128472_11128472_21
2309,33297716,33297716_4.json,https://github.com/bitnine-oss/octopus,JDOMetaContext,octopus-meta-jdo/src/main/java/kr/co/bitnine/octopus/meta/jdo/JDOMetaContext.java,production,class,False,806,getColumnByQualifiedName,17,,True,True,2,True,database,8,EXCLUDED,external_dependency_risk:database,,,,,,,,1,2,0,,,,,,,,,EXCLUDED,semantic,external_dependency_risk:database,2.081,D:\Ky9\Sample\ARROW\runs\sample_selection\distributed\shard-3\candidates\02309_33297716_33297716_4
2314,48446680,48446680_36.json,https://github.com/googlesamples/easypermissions,EasyPermissions,easypermissions/src/main/java/pub/devrel/easypermissions/EasyPermissions.java,production,,,,requestPermissions,8,public static,False,False,,,,,EXCLUDED,no_observable_behavior,,,,,,,,,2,0,,,,,,,,,EXCLUDED,semantic_metadata,no_observable_behavior,0.015,D:\Ky9\Sample\ARROW\runs\sample_selection\distributed\shard-3\candidates\02314_48446680_48446680_36
2319,136678045,136678045_0.json,https://github.com/jessaofraksss/OpenVPN-Connect-for-Android,LogFileHandler,main/src/main/java/de/blinkt/openvpn/core/LogFileHandler.java,production,,,,writeEscapedBytes,22,public,True,False,,,,,EXCLUDED,no_observable_behavior,,,,,,,,,2,0,,,,,,,,,EXCLUDED,semantic_metadata,no_observable_behavior,0.014,D:\Ky9\Sample\ARROW\runs\sample_selection\distributed\shard-3\candidates\02319_136678045_136678045_0
2324,4665987,4665987_20.json,https://github.com/ops4j/org.ops4j.pax.jdbc,JTDSDataSourceFactory,pax-jdbc-jtds/src/main/java/org/ops4j/pax/jdbc/jtds/impl/JTDSDataSourceFactory.java,production,class,False,112,createConnectionPoolDataSource,9,@Override public,True,True,0,True,database,8,EXCLUDED,external_dependency_risk:database,,,,,,,,1,2,0,,,,,,,,,EXCLUDED,semantic,external_dependency_risk:database,2.308,D:\Ky9\Sample\ARROW\runs\sample_selection\distributed\shard-3\candidates\02324_4665987_4665987_20
2329,6827663,6827663_0.json,https://github.com/anotheria/moskito-demo,FibonacciCalculatorImpl,performance/fibonacci/calculator/src/main/java/org/moskito/demo/fibonacci/calculator/FibonacciCalculatorImpl.java,production,class,False,13,calculate,4,@Override public,True,True,0,False,,9,ELIGIBLE,,maven,performance\fibonacci\calculator,junit4,21,D:\Ky9\Sample\ARROW\Java-version\java-21,auto-discovered JDK 21,,1,2,2,MODULE_TESTS_PASSED|MODULE_TESTS_PASSED,True,0,org.moskito.demo.fibonacci.calculator.FibonacciCalculatorImpl,True,TEST_DISCOVERY_FAILED,,,EXCLUDED,probe_target,generated target test was not discovered,27.787,D:\Ky9\Sample\ARROW\runs\sample_selection\distributed\shard-3\candidates\02329_6827663_6827663_0
2334,15950995,15950995_0.json,https://github.com/kleini/bricklink,UpdateInventoryRequest,bricklink/src/main/java/org/kleini/bricklink/api/UpdateInventoryRequest.java,production,class,False,48,getBody,11,@Override public,True,True,2,False,,10,ELIGIBLE,,gradle,bricklink,junit4,1,D:\Ky9\Sample\ARROW\Java-version\java-8,auto-discovered compatible JDK 8 for Java 1,,1,2,1,TOOL_ERROR,,,org.kleini.bricklink.api.UpdateInventoryRequest,,,,,EXCLUDED,baseline,[WinError 2] The system cannot find the file specified,2.418,D:\Ky9\Sample\ARROW\runs\sample_selection\distributed\shard-3\candidates\02334_15950995_15950995_0
2339,1516026,1516026_20.json,https://github.com/qcadoo/qcadoo,DateUtils,qcadoo-localization/src/main/java/com/qcadoo/localization/api/utils/DateUtils.java,production,,,,parseAndComplete,10,public static,True,True,,,,,ELIGIBLE,,,,,,,,,1,2,0,,,,,,,,,EXCLUDED,setup,"Error: [('D:\\Ky9\\Sample\\ARROW\\repos\\1516026\\qcadoo-plugins-custom-translation-management\\src\\main\\java\\com\\qcadoo\\plugins\\customTranslations\\internal\\listeners\\CustomTranslationsListListeners.java', 'D:\\Ky9\\Sample\\ARROW\\runs\\sample_selection\\distributed\\shard-3\\candidates\\02339_1516026_1516026_20\\workspace\\qcadoo-plugins-custom-translation-management\\src\\main\\java\\com\\qcadoo\\plugins\\customTranslations\\internal\\listeners\\CustomTranslationsListListeners.java', '[WinError 3] The system cannot find the path specified'), ('D:\\Ky9\\Sample\\ARROW\\repos\\1516026\\qcadoo-plugins-custom-translation-management\\src\\main\\java\\com\\qcadoo\\plugins\\customTranslations\\internal\\listeners\\ReplaceCustomTranslationsListeners.java', 'D:\\Ky9\\Sample\\ARROW\\runs\\sample_selection\\distributed\\shard-3\\candidates\\02339_1516026_1516026_20\\workspace\\qcadoo-plugins-custom-translation-management\\src\\main\\java\\com\\qcadoo\\plugins\\customTranslations\\internal\\listeners\\ReplaceCustomTranslationsListeners.java', '[WinError 3] The system cannot find the path specified'), ('D:\\Ky9\\Sample\\ARROW\\repos\\1516026\\qcadoo-plugins-custom-translation-management\\src\\test\\java\\com\\qcadoo\\plugins\\customTranslations\\internal\\hooks\\CustomTranslationsListViewHooksTest.java', 'D:\\Ky9\\Sample\\ARROW\\runs\\sample_selection\\distributed\\shard-3\\candidates\\02339_1516026_1516026_20\\workspace\\qcadoo-plugins-custom-translation-management\\src\\test\\java\\com\\qcadoo\\plugins\\customTranslations\\internal\\hooks\\CustomTranslationsListViewHooksTest.java', '[WinError 3] The system cannot find the path specified'), ('D:\\Ky9\\Sample\\ARROW\\repos\\1516026\\qcadoo-plugins-custom-translation-management\\src\\test\\java\\com\\qcadoo\\plugins\\customTranslations\\internal\\listeners\\CustomTranslationsListListenersTest.java', 'D:\\Ky9\\Sample\\ARROW\\runs\\sample_selection\\distributed\\shard-3\\candidates\\02339_1516026_1516026_20\\workspace\\qc",48.469,D:\Ky9\Sample\ARROW\runs\sample_selection\distributed\shard-3\candidates\02339_1516026_1516026_20
2344,930571,930571_205.json,https://github.com/kiegroup/jbpm,RESTWorkItemHandler,jbpm-workitems/jbpm-workitems-rest/src/main/java/org/jbpm/process/workitem/rest/RESTWorkItemHandler.java,production,,,,executeWorkItem,100,public,True,True,,,,,ELIGIBLE,,,,,,,,,1,2,0,,,,,,,,,EXCLUDED,setup,"Error: [('D:\\Ky9\\Sample\\ARROW\\repos\\930571\\jbpm-container-test\\jbpm-in-container-test\\jbpm-container-test-suite\\src\\test\\java\\org\\jbpm\\test\\container\\archive\\ejbservices\\ThreadInfoWorkItemHandler.java', 'D:\\Ky9\\Sample\\ARROW\\runs\\sample_selection\\distributed\\shard-3\\candidates\\02344_930571_930571_205\\workspace\\jbpm-container-test\\jbpm-in-container-test\\jbpm-container-test-suite\\src\\test\\java\\org\\jbpm\\test\\container\\archive\\ejbservices\\ThreadInfoWorkItemHandler.java', '[WinError 3] The system cannot find the path specified'), ('D:\\Ky9\\Sample\\ARROW\\repos\\930571\\jbpm-container-test\\jbpm-in-container-test\\jbpm-container-test-suite\\src\\test\\java\\org\\jbpm\\test\\container\\archive\\ejbtransactions\\BeanWithPersistence.java', 'D:\\Ky9\\Sample\\ARROW\\runs\\sample_selection\\distributed\\shard-3\\candidates\\02344_930571_930571_205\\workspace\\jbpm-container-test\\jbpm-in-container-test\\jbpm-container-test-suite\\src\\test\\java\\org\\jbpm\\test\\container\\archive\\ejbtransactions\\BeanWithPersistence.java', '[WinError 3] The system cannot find the path specified'), ('D:\\Ky9\\Sample\\ARROW\\repos\\930571\\jbpm-container-test\\jbpm-in-container-test\\jbpm-container-test-suite\\src\\test\\java\\org\\jbpm\\test\\container\\archive\\ejbtransactions\\TaskProcessScenario.java', 'D:\\Ky9\\Sample\\ARROW\\runs\\sample_selection\\distributed\\shard-3\\candidates\\02344_930571_930571_205\\workspace\\jbpm-container-test\\jbpm-in-container-test\\jbpm-container-test-suite\\src\\test\\java\\org\\jbpm\\test\\container\\archive\\ejbtransactions\\TaskProcessScenario.java', '[WinError 3] The system cannot find the path specified'), ('D:\\Ky9\\Sample\\ARROW\\repos\\930571\\jbpm-container-test\\jbpm-in-container-test\\jbpm-container-test-suite\\src\\test\\java\\org\\jbpm\\test\\container\\archive\\registerrestservice\\RegisterApplication.java', 'D:\\Ky9\\Sample\\ARROW\\runs\\sample_selection\\distributed\\shard-3\\candidates\\02344_930571_",8.210,D:\Ky9\Sample\ARROW\runs\sample_selection\distributed\shard-3\candidates\02344_930571_930571_205
2349,23020824,23020824_12.json,https://github.com/sixro/incubateur,ViewportUtils,armytrainer/core/src/main/java/com/sixro/game/armytrainer/core/util/ViewportUtils.java,production,class,False,15,pointToCenter,3,public static,False,True,0,False,,6,EXCLUDED,testability_score_below_7,,,,,,,,1,2,0,,,,,,,,,EXCLUDED,semantic,testability_score_below_7,18.256,D:\Ky9\Sample\ARROW\runs\sample_selection\distributed\shard-3\candidates\02349_23020824_23020824_12
2354,206357,206357_4.json,https://github.com/apache/pig,Stitch,contrib/piggybank/java/src/main/java/org/apache/pig/piggybank/evaluation/Stitch.java,production,,,,exec,36,@Override public,True,True,,,,,ELIGIBLE,,,,,,,,,1,2,0,,,,,,,,,EXCLUDED,setup,"Error: [('D:\\Ky9\\Sample\\ARROW\\repos\\206357\\contrib\\piggybank\\java\\src\\test\\java\\org\\apache\\pig\\piggybank\\test\\storage\\avro\\avro_test_files\\test_user_defined_load_schema\\testUserDefinedLoadSchema_input1.avro', 'D:\\Ky9\\Sample\\ARROW\\runs\\sample_selection\\distributed\\shard-3\\candidates\\02354_206357_206357_4\\workspace\\contrib\\piggybank\\java\\src\\test\\java\\org\\apache\\pig\\piggybank\\test\\storage\\avro\\avro_test_files\\test_user_defined_load_schema\\testUserDefinedLoadSchema_input1.avro', '[WinError 3] The system cannot find the path specified'), ('D:\\Ky9\\Sample\\ARROW\\repos\\206357\\contrib\\piggybank\\java\\src\\test\\java\\org\\apache\\pig\\piggybank\\test\\storage\\avro\\avro_test_files\\test_user_defined_load_schema\\testUserDefinedLoadSchema_input2.avro', 'D:\\Ky9\\Sample\\ARROW\\runs\\sample_selection\\distributed\\shard-3\\candidates\\02354_206357_206357_4\\workspace\\contrib\\piggybank\\java\\src\\test\\java\\org\\apache\\pig\\piggybank\\test\\storage\\avro\\avro_test_files\\test_user_defined_load_schema\\testUserDefinedLoadSchema_input2.avro', '[WinError 3] The system cannot find the path specified')]",21.218,D:\Ky9\Sample\ARROW\runs\sample_selection\distributed\shard-3\candidates\02354_206357_206357_4
2359,145233455,145233455_7.json,https://github.com/ljliu1985/usbdisklib,UsbFileInputStream,libaums/src/main/java/com/github/mjdev/libaums/fs/UsbFileInputStream.java,production,class,False,90,read,12,@Override public,True,True,1,False,,10,ELIGIBLE,,gradle,libaums,junit4,unknown,D:\Ky9\Sample\ARROW\Java-version\java-11,Gradle 6.5 requires compatible JDK 11; auto-discovered,,1,2,1,ASSERTION_FAILED,,,com.github.mjdev.libaums.fs.UsbFileInputStream,,,,,EXCLUDED,baseline,failure: build failed with an exception.,172.516,D:\Ky9\Sample\ARROW\runs\sample_selection\distributed\shard-3\candidates\02359_145233455_145233455_7
2364,50068565,50068565_1.json,https://github.com/chRyNaN/Android-Guitar-Tuner,MapFrequencyFinder,app/src/main/java/com/chrynan/android_guitar_tuner/tuner/note/MapFrequencyFinder.java,production,,,,getFrequency,4,@Override public,False,True,,,,,EXCLUDED,trivial_focal_method,,,,,,,,,2,0,,,,,,,,,EXCLUDED,semantic_metadata,trivial_focal_method,0.011,D:\Ky9\Sample\ARROW\runs\sample_selection\distributed\shard-3\candidates\02364_50068565_50068565_1
2369,104889165,104889165_144.json,https://github.com/gbif/pipelines,AvroReader,sdks/core/src/main/java/org/gbif/pipelines/core/io/AvroReader.java,production,,,,readUniqueRecords,6,public static,False,True,,,,,ELIGIBLE,,,,,,,,,1,2,0,,,,,,,,,EXCLUDED,setup,"Error: [('D:\\Ky9\\Sample\\ARROW\\repos\\104889165\\gbif\\coordinator\\tasks\\src\\test\\resources\\dataset\\abcd\\830c56c4-57bf-4858-9795-c1f8c7ff9b1e\\61\\Aaa-Baa\\830c56c4-57bf-4858-9795-c1f8c7ff9b1e_61_Aaa-Baa_0_1.response', 'D:\\Ky9\\Sample\\ARROW\\runs\\sample_selection\\distributed\\shard-3\\candidates\\02369_104889165_104889165_144\\workspace\\gbif\\coordinator\\tasks\\src\\test\\resources\\dataset\\abcd\\830c56c4-57bf-4858-9795-c1f8c7ff9b1e\\61\\Aaa-Baa\\830c56c4-57bf-4858-9795-c1f8c7ff9b1e_61_Aaa-Baa_0_1.response', '[WinError 3] The system cannot find the path specified'), ('D:\\Ky9\\Sample\\ARROW\\repos\\104889165\\gbif\\coordinator\\tasks\\src\\test\\resources\\dataset\\xml\\7ef15372-1387-11e2-bb2e-00145eb45e9a\\7ef15372-1387-11e2-bb2e-00145eb45e9a_61_Aaa-Baa_0_1.response', 'D:\\Ky9\\Sample\\ARROW\\runs\\sample_selection\\distributed\\shard-3\\candidates\\02369_104889165_104889165_144\\workspace\\gbif\\coordinator\\tasks\\src\\test\\resources\\dataset\\xml\\7ef15372-1387-11e2-bb2e-00145eb45e9a\\7ef15372-1387-11e2-bb2e-00145eb45e9a_61_Aaa-Baa_0_1.response', '[WinError 3] The system cannot find the path specified'), ('D:\\Ky9\\Sample\\ARROW\\repos\\104889165\\gbif\\coordinator\\tasks-integration-tests\\src\\test\\resources\\data7\\ingest\\9bed66b3-4caa-42bb-9c93-71d7ba109dad\\60\\occurrence\\audubon\\interpret-1650639363-00000-of-00001.avro', 'D:\\Ky9\\Sample\\ARROW\\runs\\sample_selection\\distributed\\shard-3\\candidates\\02369_104889165_104889165_144\\workspace\\gbif\\coordinator\\tasks-integration-tests\\src\\test\\resources\\data7\\ingest\\9bed66b3-4caa-42bb-9c93-71d7ba109dad\\60\\occurrence\\audubon\\interpret-1650639363-00000-of-00001.avro', '[WinError 3] The system cannot find the path specified'), ('D:\\Ky9\\Sample\\ARROW\\repos\\104889165\\gbif\\coordinator\\tasks-integration-tests\\src\\test\\resources\\data7\\ingest\\9bed66b3-4caa-42bb-9c93-71d7ba109dad\\60\\occurrence\\basic\\interpret-1650639363-00000-of-00001.avro', 'D:\\Ky9\\Sample\\ARROW\\",10.656,D:\Ky9\Sample\ARROW\runs\sample_selection\distributed\shard-3\candidates\02369_104889165_104889165_144
2374,20576090,20576090_0.json,https://github.com/nibuen/SpaceAlertMissionGenerator,MissionLog,app/src/main/java/com/boarbeard/audio/MissionLog.java,production,class,False,45,colorToHTML,3,static,False,True,1,False,,8,ELIGIBLE,,gradle,app,junit4,unknown,D:\Ky9\Sample\ARROW\Java-version\java-11,Gradle 6.1.1 requires compatible JDK 11; auto-discovered,f1c8daa84ebbf6c8ae3fc96d55b4b9f2923a5018,1,2,1,ASSERTION_FAILED,,,com.boarbeard.audio.MissionLog,,,,,EXCLUDED,baseline,failure: build failed with an exception.,744.565,D:\Ky9\Sample\ARROW\runs\sample_selection\distributed\shard-3\candidates\02374_20576090_20576090_0
2379,222008690,222008690_6.json,https://github.com/openclover/clover,JpsModelUtil,clover-idea/clover-idea-jps/src/main/java/com/atlassian/clover/idea/build/jps/JpsModelUtil.java,production,,,,getCloverPluginConfig,6,@Nullable public static,True,True,,,,,ELIGIBLE,,,,,,,,35d15b89a77e38dbb12e28a933da9e6f956ea1b7,1,2,0,,,,,,,,,EXCLUDED,setup,"Error: [('D:\\Ky9\\Sample\\ARROW\\repos\\222008690\\clover-ant\\src\\test\\resources\\CloverOptimizeJUnitTest\\testNoTestMinimizationWithFastFailOrdering\\src\\com\\cenqua\\clover\\testcases\\testoptimization', 'D:\\Ky9\\Sample\\ARROW\\runs\\sample_selection\\distributed\\shard-3\\candidates\\02379_222008690_222008690_6\\workspace\\clover-ant\\src\\test\\resources\\CloverOptimizeJUnitTest\\testNoTestMinimizationWithFastFailOrdering\\src\\com\\cenqua\\clover\\testcases\\testoptimization', ""[WinError 206] The filename or extension is too long: 'D:\\\\Ky9\\\\Sample\\\\ARROW\\\\runs\\\\sample_selection\\\\distributed\\\\shard-3\\\\candidates\\\\02379_222008690_222008690_6\\\\workspace\\\\clover-ant\\\\src\\\\test\\\\resources\\\\CloverOptimizeJUnitTest\\\\testNoTestMinimizationWithFastFailOrdering\\\\src\\\\com\\\\cenqua\\\\clover\\\\testcases\\\\testoptimization'""), ('D:\\Ky9\\Sample\\ARROW\\repos\\222008690\\clover-ant\\src\\test\\resources\\CloverOptimizeJUnitTest\\testNoTestMinimizationWithFastFailOrdering\\test\\com\\cenqua\\clover\\testcases\\testoptimization', 'D:\\Ky9\\Sample\\ARROW\\runs\\sample_selection\\distributed\\shard-3\\candidates\\02379_222008690_222008690_6\\workspace\\clover-ant\\src\\test\\resources\\CloverOptimizeJUnitTest\\testNoTestMinimizationWithFastFailOrdering\\test\\com\\cenqua\\clover\\testcases\\testoptimization', ""[WinError 206] The filename or extension is too long: 'D:\\\\Ky9\\\\Sample\\\\ARROW\\\\runs\\\\sample_selection\\\\distributed\\\\shard-3\\\\candidates\\\\02379_222008690_222008690_6\\\\workspace\\\\clover-ant\\\\src\\\\test\\\\resources\\\\CloverOptimizeJUnitTest\\\\testNoTestMinimizationWithFastFailOrdering\\\\test\\\\com\\\\cenqua\\\\clover\\\\testcases\\\\testoptimization'""), ('D:\\Ky9\\Sample\\ARROW\\repos\\222008690\\clover-ant\\src\\test\\resources\\CloverOptimizeJUnitTest\\testOptimizedCIBuildCyclesWithFailedTestLaterCorrected\\src\\com\\cenqua\\clover\\testcases', 'D:\\Ky9\\Sample\\ARROW\\runs\\sample_selection\\distrib",100.342,D:\Ky9\Sample\ARROW\runs\sample_selection\distributed\shard-3\candidates\02379_222008690_222008690_6
2384,83583832,83583832_4.json,https://github.com/TeamNewPipe/NewPipeExtractor,YoutubeParsingHelper,extractor/src/main/java/org/schabi/newpipe/extractor/services/youtube/YoutubeParsingHelper.java,production,,,,areHardcodedYoutubeMusicKeysValid,40,public static,False,True,,,,,ELIGIBLE,,,,,,,,,1,2,0,,,,,,,,,EXCLUDED,setup,"Error: [('D:\\Ky9\\Sample\\ARROW\\repos\\83583832\\extractor\\src\\test\\resources\\mocks\\v1\\org\\schabi\\newpipe\\extractor\\services\\bandcamp\\bandcampplaylistextractor\\differenttrackcovers\\generated_mock_0.json', 'D:\\Ky9\\Sample\\ARROW\\runs\\sample_selection\\distributed\\shard-3\\candidates\\02384_83583832_83583832_4\\workspace\\extractor\\src\\test\\resources\\mocks\\v1\\org\\schabi\\newpipe\\extractor\\services\\bandcamp\\bandcampplaylistextractor\\differenttrackcovers\\generated_mock_0.json', '[WinError 3] The system cannot find the path specified'), ('D:\\Ky9\\Sample\\ARROW\\repos\\83583832\\extractor\\src\\test\\resources\\mocks\\v1\\org\\schabi\\newpipe\\extractor\\services\\bandcamp\\bandcampplaylistextractor\\differenttrackcovers\\generated_mock_1.json', 'D:\\Ky9\\Sample\\ARROW\\runs\\sample_selection\\distributed\\shard-3\\candidates\\02384_83583832_83583832_4\\workspace\\extractor\\src\\test\\resources\\mocks\\v1\\org\\schabi\\newpipe\\extractor\\services\\bandcamp\\bandcampplaylistextractor\\differenttrackcovers\\generated_mock_1.json', '[WinError 3] The system cannot find the path specified'), ('D:\\Ky9\\Sample\\ARROW\\repos\\83583832\\extractor\\src\\test\\resources\\mocks\\v1\\org\\schabi\\newpipe\\extractor\\services\\bandcamp\\bandcampplaylistextractor\\differenttrackcovers\\generated_mock_2.json', 'D:\\Ky9\\Sample\\ARROW\\runs\\sample_selection\\distributed\\shard-3\\candidates\\02384_83583832_83583832_4\\workspace\\extractor\\src\\test\\resources\\mocks\\v1\\org\\schabi\\newpipe\\extractor\\services\\bandcamp\\bandcampplaylistextractor\\differenttrackcovers\\generated_mock_2.json', '[WinError 3] The system cannot find the path specified'), ('D:\\Ky9\\Sample\\ARROW\\repos\\83583832\\extractor\\src\\test\\resources\\mocks\\v1\\org\\schabi\\newpipe\\extractor\\services\\bandcamp\\bandcampplaylistextractor\\differenttrackcovers\\generated_mock_3.json', 'D:\\Ky9\\Sample\\ARROW\\runs\\sample_selection\\distributed\\shard-3\\candidates\\02384_8",406.938,D:\Ky9\Sample\ARROW\runs\sample_selection\distributed\shard-3\candidates\02384_83583832_83583832_4
2389,4245170,4245170_1.json,https://github.com/kiegroup/jbpm-form-builder,EditionPresenter,jbpm-gwt-form-builder/src/main/java/org/jbpm/formbuilder/client/edition/EditionPresenter.java,production,,,,onResetChanges,22,@Override public,False,False,,,,,EXCLUDED,no_observable_behavior,,,,,,,,,2,0,,,,,,,,,EXCLUDED,semantic_metadata,no_observable_behavior,0.013,D:\Ky9\Sample\ARROW\runs\sample_selection\distributed\shard-3\candidates\02389_4245170_4245170_1
2394,34568856,34568856_0.json,https://github.com/thebigg73/OpenSongTablet,StorageAccess,app/src/main/java/com/garethevans/church/opensongtablet/StorageAccess.java,production,,,,safeFilename,6,public,False,True,,,,,ELIGIBLE,,,,,,,,,1,2,0,,,,,,,,,EXCLUDED,setup,FileNotFoundError: Cannot resolve focal class path: app/src/main/java/com/garethevans/church/opensongtablet/StorageAccess.java,106.630,D:\Ky9\Sample\ARROW\runs\sample_selection\distributed\shard-3\candidates\02394_34568856_34568856_0
2399,49929380,49929380_132.json,https://github.com/rterp/SumZeroTrading,IbUtils,commons/sumzero-ib-common-api/src/main/java/com/sumzerotrading/ib/IbUtils.java,production,,,,getIbMultiplier,14,public static,True,True,,,,,ELIGIBLE,,,,,,,,,1,2,0,,,,,,,,,EXCLUDED,setup,"Error: [('D:\\Ky9\\Sample\\ARROW\\repos\\49929380\\implementations\\historical-data-api\\bitmex-historical-data-api-imple\\src\\main\\java\\com\\sumzerotrading\\bitmex\\historical\\BitmexHistoricalDataProvider.java', 'D:\\Ky9\\Sample\\ARROW\\runs\\sample_selection\\distributed\\shard-3\\candidates\\02399_49929380_49929380_132\\workspace\\implementations\\historical-data-api\\bitmex-historical-data-api-imple\\src\\main\\java\\com\\sumzerotrading\\bitmex\\historical\\BitmexHistoricalDataProvider.java', '[WinError 3] The system cannot find the path specified'), ('D:\\Ky9\\Sample\\ARROW\\repos\\49929380\\implementations\\historical-data-api\\bitmex-historical-data-api-imple\\src\\test\\java\\com\\sumzerotrading\\bitmex\\historical\\BitmexHistoricalDataProviderTest.java', 'D:\\Ky9\\Sample\\ARROW\\runs\\sample_selection\\distributed\\shard-3\\candidates\\02399_49929380_49929380_132\\workspace\\implementations\\historical-data-api\\bitmex-historical-data-api-imple\\src\\test\\java\\com\\sumzerotrading\\bitmex\\historical\\BitmexHistoricalDataProviderTest.java', '[WinError 3] The system cannot find the path specified'), ('D:\\Ky9\\Sample\\ARROW\\repos\\49929380\\implementations\\market-data-api\\hyperliquid-market-data-impl\\src\\main\\java\\com\\sumzerotrading\\marketdata\\hyperliquid\\WebSocketTestDyDxLevel1QuoteEngine.java', 'D:\\Ky9\\Sample\\ARROW\\runs\\sample_selection\\distributed\\shard-3\\candidates\\02399_49929380_49929380_132\\workspace\\implementations\\market-data-api\\hyperliquid-market-data-impl\\src\\main\\java\\com\\sumzerotrading\\marketdata\\hyperliquid\\WebSocketTestDyDxLevel1QuoteEngine.java', '[WinError 3] The system cannot find the path specified')]",2.548,D:\Ky9\Sample\ARROW\runs\sample_selection\distributed\shard-3\candidates\02399_49929380_49929380_132
2404,3360581,3360581_6.json,https://github.com/jhorstmann/i18n,I18N,i18n-core/src/main/java/net/jhorstmann/i18n/I18N.java,production,class,False,139,gettext,3,public static,False,True,0,False,,7,ELIGIBLE,,maven,i18n-core,junit4,6,D:\Ky9\Sample\ARROW\Java-version\java-8,auto-discovered compatible JDK 8 for Java 6,,1,2,2,MODULE_TESTS_PASSED|MODULE_TESTS_PASSED,True,0,net.jhorstmann.i18n.I18N,True,TARGET_TEST_PASSED,MODULE_TESTS_PASSED,MODULE_TESTS_PASSED,ELIGIBLE,,,21.458,D:\Ky9\Sample\ARROW\runs\sample_selection\distributed\shard-3\candidates\02404_3360581_3360581_6
2409,8022939,8022939_89.json,https://github.com/avityuk/ginger,SpringLocaleResolver,spring/src/main/java/com/vityuk/ginger/spring/SpringLocaleResolver.java,production,,,,getLocale,4,@Override public,False,True,,,,,EXCLUDED,trivial_focal_method,,,,,,,,,2,0,,,,,,,,,EXCLUDED,semantic_metadata,trivial_focal_method,0.010,D:\Ky9\Sample\ARROW\runs\sample_selection\distributed\shard-3\candidates\02409_8022939_8022939_89
2414,5022064,5022064_35.json,https://github.com/nickmancol/simmetrics,Tokenizers,simmetrics-core/src/main/java/org/simmetrics/tokenizers/Tokenizers.java,production,class,False,730,pattern,3,public static,False,True,0,False,,6,EXCLUDED,testability_score_below_7,,,,,,,,1,2,0,,,,,,,,,EXCLUDED,semantic,testability_score_below_7,2.030,D:\Ky9\Sample\ARROW\runs\sample_selection\distributed\shard-3\candidates\02414_5022064_5022064_35
2419,17272993,17272993_1.json,https://github.com/KeithYokoma/AndroidFlavoredGson,AospGsonBuilder,lib/src/main/java/jp/yokomark/utils/gson/AospGsonBuilder.java,production,class,False,57,build,3,public static,False,True,0,False,,8,ELIGIBLE,,gradle,lib,junit4,unknown,D:\Ky9\Sample\ARROW\Java-version\java-8,Gradle 2.2.1 requires compatible JDK 8; auto-discovered,,1,2,1,ASSERTION_FAILED,,,jp.yokomark.utils.gson.AospGsonBuilder,,,,,EXCLUDED,baseline,failure: build failed with an exception.,22.283,D:\Ky9\Sample\ARROW\runs\sample_selection\distributed\shard-3\candidates\02419_17272993_17272993_1
2424,89961630,89961630_2.json,https://github.com/eclipse/microprofile-fault-tolerance,MetricGetter,tck/src/main/java/org/eclipse/microprofile/fault/tolerance/tck/metrics/util/MetricGetter.java,production,,,,getTagCombinations,14,@SafeVarargs public static final,True,True,,,,,ELIGIBLE,,,,,,,,,1,2,0,,,,,,,,,EXCLUDED,setup,"Error: [('D:\\Ky9\\Sample\\ARROW\\repos\\89961630\\tck\\src\\main\\java\\org\\eclipse\\microprofile\\fault\\tolerance\\tck\\circuitbreaker\\lifecycle\\DerivedCircuitBreakerOnClassAndMethodNoAnnotationOnOverriddenMethod.java', 'D:\\Ky9\\Sample\\ARROW\\runs\\sample_selection\\distributed\\shard-3\\candidates\\02424_89961630_89961630_2\\workspace\\tck\\src\\main\\java\\org\\eclipse\\microprofile\\fault\\tolerance\\tck\\circuitbreaker\\lifecycle\\DerivedCircuitBreakerOnClassAndMethodNoAnnotationOnOverriddenMethod.java', '[WinError 3] The system cannot find the path specified'), ('D:\\Ky9\\Sample\\ARROW\\repos\\89961630\\tck\\src\\main\\java\\org\\eclipse\\microprofile\\fault\\tolerance\\tck\\circuitbreaker\\lifecycle\\DerivedCircuitBreakerOnClassAndMethodOverrideOnClassWithOverriddenMethod.java', 'D:\\Ky9\\Sample\\ARROW\\runs\\sample_selection\\distributed\\shard-3\\candidates\\02424_89961630_89961630_2\\workspace\\tck\\src\\main\\java\\org\\eclipse\\microprofile\\fault\\tolerance\\tck\\circuitbreaker\\lifecycle\\DerivedCircuitBreakerOnClassAndMethodOverrideOnClassWithOverriddenMethod.java', '[WinError 3] The system cannot find the path specified'), ('D:\\Ky9\\Sample\\ARROW\\repos\\89961630\\tck\\src\\main\\java\\org\\eclipse\\microprofile\\fault\\tolerance\\tck\\circuitbreaker\\lifecycle\\DerivedCircuitBreakerOnClassNoAnnotationOnOverriddenMethod.java', 'D:\\Ky9\\Sample\\ARROW\\runs\\sample_selection\\distributed\\shard-3\\candidates\\02424_89961630_89961630_2\\workspace\\tck\\src\\main\\java\\org\\eclipse\\microprofile\\fault\\tolerance\\tck\\circuitbreaker\\lifecycle\\DerivedCircuitBreakerOnClassNoAnnotationOnOverriddenMethod.java', '[WinError 3] The system cannot find the path specified'), ('D:\\Ky9\\Sample\\ARROW\\repos\\89961630\\tck\\src\\main\\java\\org\\eclipse\\microprofile\\fault\\tolerance\\tck\\circuitbreaker\\lifecycle\\DerivedCircuitBreakerOnClassOverrideOnClassWithOverriddenMethod.java', 'D:\\Ky9\\Sample\\ARROW\\runs\\sample_selection\\distributed\\shard",3.599,D:\Ky9\Sample\ARROW\runs\sample_selection\distributed\shard-3\candidates\02424_89961630_89961630_2
2429,71357459,71357459_1.json,https://github.com/aalmiray/griffon-examples,SampleController,languages/java/src/main/java/sample/javafx/java/SampleController.java,production,,,,setModel,4,@MVCMember public,False,True,,,,,EXCLUDED,trivial_focal_method,,,,,,,,,2,0,,,,,,,,,EXCLUDED,semantic_metadata,trivial_focal_method,0.012,D:\Ky9\Sample\ARROW\runs\sample_selection\distributed\shard-3\candidates\02429_71357459_71357459_1
2434,667236,667236_10.json,https://github.com/snooplsm/njtransit,AndroidSdk,maven-android-plugin/src/main/java/com/jayway/maven/plugins/android/AndroidSdk.java,production,,,,getPathForTool,13,public,True,True,,,,,ELIGIBLE,,,,,,,,,,2,0,,,,,,,,,EXCLUDED,setup,"RuntimeError: Repository setup failed after 3 attempts: CalledProcessError: Command '['git', '-c', 'core.longpaths=true', 'clone', '--depth', '1', 'https://github.com/snooplsm/njtransit', 'D:\\Ky9\\Sample\\ARROW\\repos\\667236']' returned non-zero exit status 128.",9.285,D:\Ky9\Sample\ARROW\runs\sample_selection\distributed\shard-3\candidates\02434_667236_667236_10
2439,1421658,1421658_15.json,https://github.com/spring-projects/spring-social,ProviderSignInController,spring-social-web/src/main/java/org/springframework/social/connect/web/ProviderSignInController.java,production,class,False,288,afterPropertiesSet,7,public,True,True,3,True,database,9,EXCLUDED,external_dependency_risk:database,,,,,,,,1,2,0,,,,,,,,,EXCLUDED,semantic,external_dependency_risk:database,7.372,D:\Ky9\Sample\ARROW\runs\sample_selection\distributed\shard-3\candidates\02439_1421658_1421658_15
2444,27062690,27062690_0.json,https://github.com/shenghai/xmodifier,XModifier,xmodifier/src/main/java/org/shai/xmodifier/XModifier.java,production,,,,create,26,private,True,False,,,,,EXCLUDED,focal_method_not_directly_testable;no_observable_behavior,,,,,,,,,2,0,,,,,,,,,EXCLUDED,semantic_metadata,focal_method_not_directly_testable;no_observable_behavior,0.017,D:\Ky9\Sample\ARROW\runs\sample_selection\distributed\shard-3\candidates\02444_27062690_27062690_0
2449,11369509,11369509_4.json,https://github.com/infinispan/protostream,DocumentationExtractor,core/src/main/java/org/infinispan/protostream/annotations/impl/types/DocumentationExtractor.java,production,class,False,98,getDocumentation,20,public static,True,True,0,False,,9,ELIGIBLE,,maven,core,junit5,unknown,,no project java version detected,,1,2,1,COMPILE_FAILED,,,org.infinispan.protostream.annotations.impl.types.DocumentationExtractor,,,,,EXCLUDED,baseline,org.opentest4j.assertionfailederror:,32.043,D:\Ky9\Sample\ARROW\runs\sample_selection\distributed\shard-3\candidates\02449_11369509_11369509_4
2454,51575637,51575637_3.json,https://github.com/Arello-Mobile/Moxy,SignInPresenter,sample-github/src/main/java/com/arellomobile/mvp/sample/github/mvp/presenters/SignInPresenter.java,production,,,,onErrorCancel,3,public,False,False,,,,,EXCLUDED,no_observable_behavior,,,,,,,,,2,0,,,,,,,,,EXCLUDED,semantic_metadata,no_observable_behavior,0.021,D:\Ky9\Sample\ARROW\runs\sample_selection\distributed\shard-3\candidates\02454_51575637_51575637_3
2459,14793007,14793007_80.json,https://github.com/germinator/flume-jdbc,NettyAvroRpcClient,flume-ng-sdk/src/main/java/org/apache/flume/api/NettyAvroRpcClient.java,production,class,False,654,configure,121,@Override public synchronized,True,True,0,True,network|filesystem,7,EXCLUDED,external_dependency_risk:network|filesystem,,,,,,,,1,2,0,,,,,,,,,EXCLUDED,semantic,external_dependency_risk:network|filesystem,3.300,D:\Ky9\Sample\ARROW\runs\sample_selection\distributed\shard-3\candidates\02459_14793007_14793007_80
2464,14145700,14145700_227.json,https://github.com/lightblue-platform/lightblue-core,BooleanType,metadata/src/main/java/com/redhat/lightblue/metadata/types/BooleanType.java,production,class,False,98,cast,16,@Override public,True,True,0,False,,7,ELIGIBLE,,maven,metadata,junit4,8,D:\Ky9\Sample\ARROW\Java-version\java-8,auto-discovered JDK 8,,1,2,1,COMPILE_FAILED,,,com.redhat.lightblue.metadata.types.BooleanType,,,,,EXCLUDED,baseline,"[main] error com.redhat.lightblue.util.error - {""objecttype"":""error"",""errorcode"":""mongo-crud:saveerror:insertionattemptwithnoupsert""}",30.476,D:\Ky9\Sample\ARROW\runs\sample_selection\distributed\shard-3\candidates\02464_14145700_14145700_227
2469,15831475,15831475_127.json,https://github.com/extjwnl/extjwnl,Verb,extjwnl/src/main/java/net/sf/extjwnl/data/Verb.java,production,class,False,87,getVerbFrames,6,public,True,True,4,False,,9,ELIGIBLE,,maven,extjwnl,junit4,8,D:\Ky9\Sample\ARROW\Java-version\java-8,auto-discovered JDK 8,,1,2,1,COMPILE_FAILED,,,net.sf.extjwnl.data.Verb,,,,,EXCLUDED,baseline,"[error] /d:<path>:[line,col] cannot find symbol",10.442,D:\Ky9\Sample\ARROW\runs\sample_selection\distributed\shard-3\candidates\02469_15831475_15831475_127
2474,51621524,51621524_2.json,https://github.com/biafra23/EtherWallet,EtherFormatter,app/src/main/java/com/jaeckel/etherwallet/EtherFormatter.java,production,class,False,8,formatWeiAsEther,4,public static,False,True,0,False,,7,ELIGIBLE,,gradle,app,junit4,unknown,D:\Ky9\Sample\ARROW\Java-version\java-8,Gradle 2.14.1 requires compatible JDK 8; auto-discovered,,1,2,1,ASSERTION_FAILED,,,com.jaeckel.etherwallet.EtherFormatter,,,,,EXCLUDED,baseline,failure: build failed with an exception.,36.227,D:\Ky9\Sample\ARROW\runs\sample_selection\distributed\shard-3\candidates\02474_51621524_51621524_2
2479,95449551,95449551_30.json,https://github.com/Taskana/taskana,QueryHelper,rest/taskana-rest-spring/src/main/java/pro/taskana/common/rest/QueryHelper.java,production,class,False,68,applyAndRemoveSortingParams,23,public static,True,True,0,False,,9,ELIGIBLE,,maven,rest\taskana-rest-spring,junit5,8,D:\Ky9\Sample\ARROW\Java-version\java-8,auto-discovered JDK 8,9e44ca614000475810e9c0aa214a1006e19d33e8,1,2,1,ASSERTION_FAILED,,,pro.taskana.common.rest.QueryHelper,,,,,EXCLUDED,baseline,"[info] tests run: 3, failures: 0, errors: 0, skipped: 0, time elapsed: 0.116 s - in pro.taskana.sampledata.sampledataprovidertest",248.224,D:\Ky9\Sample\ARROW\runs\sample_selection\distributed\shard-3\candidates\02479_95449551_95449551_30
2484,103653841,103653841_1.json,https://github.com/christian-schlichtherle/truevfs,FsScheme,truevfs-kernel/truevfs-kernel-spec/src/main/java/net/java/truevfs/kernel/spec/FsScheme.java,production,class,False,95,create,7,public static,True,True,1,False,,10,ELIGIBLE,,unknown,.,junit4,unknown,,no project java version detected,,1,2,1,TOOL_ERROR,,,net.java.truevfs.kernel.spec.FsScheme,,,,,EXCLUDED,baseline,unsupported build tool,3.028,D:\Ky9\Sample\ARROW\runs\sample_selection\distributed\shard-3\candidates\02484_103653841_103653841_1
2489,95789248,95789248_0.json,https://github.com/opentracing-contrib/java-vertx-web,TracingHandler,opentracing-vertx-web/src/main/java/io/opentracing/contrib/vertx/ext/web/TracingHandler.java,production,class,False,102,serverSpanContext,11,public static,True,True,1,False,,9,ELIGIBLE,,maven,opentracing-vertx-web,junit4,8,D:\Ky9\Sample\ARROW\Java-version\java-8,auto-discovered JDK 8,,1,2,2,MODULE_TESTS_PASSED|MODULE_TESTS_PASSED,True,1,io.opentracing.contrib.vertx.ext.web.TracingHandler,True,TARGET_TEST_PASSED,MODULE_TESTS_PASSED,MODULE_TESTS_PASSED,ELIGIBLE,,,37.727,D:\Ky9\Sample\ARROW\runs\sample_selection\distributed\shard-3\candidates\02489_95789248_95789248_0
2494,53330030,53330030_1.json,https://github.com/quartz-scheduler/quartz,StdSchedulerFactory,quartz-core/src/main/java/org/quartz/impl/StdSchedulerFactory.java,production,class,False,1343,overrideWithSysProps,29,static,True,True,0,True,filesystem,7,EXCLUDED,external_dependency_risk:filesystem,,,,,,,58d1b2c89dc70f2937c7f22665b79621198bf074,1,2,0,,,,,,,,,EXCLUDED,semantic,external_dependency_risk:filesystem,31.721,D:\Ky9\Sample\ARROW\runs\sample_selection\distributed\shard-3\candidates\02494_53330030_53330030_1
2499,19169174,19169174_23.json,https://github.com/Monits/volley-requests,Rest,volley-requests/src/main/java/com/monits/volleyrequests/restsupport/Rest.java,production,class,False,242,all,4,@NonNull public static,False,True,0,False,,8,ELIGIBLE,,gradle,volley-requests,junit4,1,D:\Ky9\Sample\ARROW\Java-version\java-8,auto-discovered compatible JDK 8 for Java 1,,1,2,1,ASSERTION_FAILED,,,com.monits.volleyrequests.restsupport.Rest,,,,,EXCLUDED,baseline,failure: build failed with an exception.,184.441,D:\Ky9\Sample\ARROW\runs\sample_selection\distributed\shard-3\candidates\02499_19169174_19169174_23
2504,56323969,56323969_265.json,https://github.com/Worldpay/hybris,DefaultWorldpayOrderInfoStrategy,hybris/bin/y-ext/ext-worldpay/worldpayapi/src/com/worldpay/merchant/strategies/impl/DefaultWorldpayOrderInfoStrategy.java,nonstandard,,,,getAdditionalAuthInfo,6,@Override public,False,True,,,,,EXCLUDED,source_layout:nonstandard,,,,,,,,,2,0,,,,,,,,,EXCLUDED,semantic_metadata,source_layout:nonstandard,0.011,D:\Ky9\Sample\ARROW\runs\sample_selection\distributed\shard-3\candidates\02504_56323969_56323969_265
2509,20249391,20249391_47.json,https://github.com/powermock/powermock,Whitebox,powermock-reflect/src/main/java/org/powermock/reflect/Whitebox.java,production,,,,invokeConstructor,4,public static,True,True,,,,,ELIGIBLE,,,,,,,,,1,2,0,,,,,,,,,EXCLUDED,setup,"Error: [('D:\\Ky9\\Sample\\ARROW\\repos\\20249391\\powermock-modules\\powermock-module-junit4\\src\\main\\java\\org\\powermock\\modules\\junit4\\internal\\impl\\testcaseworkaround\\PowerMockJUnit4MethodValidator.java', 'D:\\Ky9\\Sample\\ARROW\\runs\\sample_selection\\distributed\\shard-3\\candidates\\02509_20249391_20249391_47\\workspace\\powermock-modules\\powermock-module-junit4\\src\\main\\java\\org\\powermock\\modules\\junit4\\internal\\impl\\testcaseworkaround\\PowerMockJUnit4MethodValidator.java', '[WinError 3] The system cannot find the path specified'), ('D:\\Ky9\\Sample\\ARROW\\repos\\20249391\\powermock-modules\\powermock-module-junit4-legacy\\src\\main\\java\\org\\powermock\\modules\\junit4\\legacy\\internal\\impl\\PowerMockJUnit4LegacyRunnerDelegateImpl.java', 'D:\\Ky9\\Sample\\ARROW\\runs\\sample_selection\\distributed\\shard-3\\candidates\\02509_20249391_20249391_47\\workspace\\powermock-modules\\powermock-module-junit4-legacy\\src\\main\\java\\org\\powermock\\modules\\junit4\\legacy\\internal\\impl\\PowerMockJUnit4LegacyRunnerDelegateImpl.java', '[WinError 3] The system cannot find the path specified'), ('D:\\Ky9\\Sample\\ARROW\\repos\\20249391\\powermock-modules\\powermock-module-junit4-legacy\\src\\main\\java\\org\\powermock\\modules\\junit4\\legacy\\internal\\impl\\testcaseworkaround\\PowerMockJUnit4LegacyTestClassMethodsRunner.java', 'D:\\Ky9\\Sample\\ARROW\\runs\\sample_selection\\distributed\\shard-3\\candidates\\02509_20249391_20249391_47\\workspace\\powermock-modules\\powermock-module-junit4-legacy\\src\\main\\java\\org\\powermock\\modules\\junit4\\legacy\\internal\\impl\\testcaseworkaround\\PowerMockJUnit4LegacyTestClassMethodsRunner.java', '[WinError 3] The system cannot find the path specified'), ('D:\\Ky9\\Sample\\ARROW\\repos\\20249391\\powermock-modules\\powermock-module-junit4-legacy\\src\\main\\java\\org\\powermock\\modules\\junit4\\legacy\\internal\\impl\\testcaseworkaround\\PowerMockJUnit4LegacyTestIntrospector.java', 'D:\\Ky9\\Sampl",4.513,D:\Ky9\Sample\ARROW\runs\sample_selection\distributed\shard-3\candidates\02509_20249391_20249391_47
2514,75856578,75856578_16.json,https://github.com/pagseguro/pagseguro-sdk-java,InstallmentRequestV2MapConverter,source/src/main/java/br/com/uol/pagseguro/api/installment/InstallmentRequestV2MapConverter.java,production,,,,convert,8,@Override protected,False,False,,,,,EXCLUDED,no_observable_behavior,,,,,,,,,2,0,,,,,,,,,EXCLUDED,semantic_metadata,no_observable_behavior,0.010,D:\Ky9\Sample\ARROW\runs\sample_selection\distributed\shard-3\candidates\02514_75856578_75856578_16
2519,17132838,17132838_2.json,https://github.com/kontalk/androidclient,RotatingFileWriter,app/src/main/java/org/kontalk/util/RotatingFileWriter.java,production,,,,rotate,36,private,True,True,,,,,EXCLUDED,focal_method_not_directly_testable,,,,,,,,,2,0,,,,,,,,,EXCLUDED,semantic_metadata,focal_method_not_directly_testable,0.014,D:\Ky9\Sample\ARROW\runs\sample_selection\distributed\shard-3\candidates\02519_17132838_17132838_2
2524,164181730,164181730_0.json,https://github.com/zdirection/Ant-Media-Server,FileProvider,Ant-Media-Server/src/main/java/org/red5/server/stream/provider/FileProvider.java,production,class,False,271,pullMessage,45,public,True,True,2,True,filesystem,8,EXCLUDED,external_dependency_risk:filesystem,,,,,,,,1,2,0,,,,,,,,,EXCLUDED,semantic,external_dependency_risk:filesystem,172.282,D:\Ky9\Sample\ARROW\runs\sample_selection\distributed\shard-3\candidates\02524_164181730_164181730_0
2529,117965972,117965972_7.json,https://github.com/alibaba/DataX,HttpUtils,tsdbwriter/src/main/java/com/alibaba/datax/plugin/writer/util/HttpUtils.java,production,class,False,76,get,11,public static,True,True,0,False,,10,ELIGIBLE,,maven,tsdbwriter,junit4,${jdk-version},,JDK ${jdk-version} not mapped; using system default Java,,1,2,2,MODULE_TESTS_PASSED|MODULE_TESTS_PASSED,True,1,com.alibaba.datax.plugin.writer.util.HttpUtils,True,TARGET_TEST_PASSED,MODULE_TESTS_PASSED,MODULE_TESTS_PASSED,ELIGIBLE,,,130.928,D:\Ky9\Sample\ARROW\runs\sample_selection\distributed\shard-3\candidates\02529_117965972_117965972_7
2534,8155767,8155767_10.json,https://github.com/migtavares/owmClient,OwmClient,lib/src/main/java/org/bitpipeline/lib/owm/OwmClient.java,production,class,False,272,forecastWeatherAtCity,5,public,False,True,0,True,network,7,EXCLUDED,external_dependency_risk:network,,,,,,,,1,2,0,,,,,,,,,EXCLUDED,semantic,external_dependency_risk:network,1.546,D:\Ky9\Sample\ARROW\runs\sample_selection\distributed\shard-3\candidates\02534_8155767_8155767_10
2539,26525416,26525416_30.json,https://github.com/apache/lens,JDBCDriver,lens-driver-jdbc/src/main/java/org/apache/lens/driver/jdbc/JDBCDriver.java,production,class,False,971,explain,45,@Override public,True,True,0,True,database|nondeterminism,7,EXCLUDED,external_dependency_risk:database|nondeterminism,,,,,,,,1,2,0,,,,,,,,,EXCLUDED,semantic,external_dependency_risk:database|nondeterminism,4.766,D:\Ky9\Sample\ARROW\runs\sample_selection\distributed\shard-3\candidates\02539_26525416_26525416_30
2544,43923787,43923787_34.json,https://github.com/nano-projects/nano-framework,ClassCast,nano-commons/src/main/java/org/nanoframework/commons/format/ClassCast.java,production,class,False,295,cast,42,public static final,True,True,0,True,database,9,EXCLUDED,external_dependency_risk:database,,,,,,,,1,2,0,,,,,,,,,EXCLUDED,semantic,external_dependency_risk:database,2.832,D:\Ky9\Sample\ARROW\runs\sample_selection\distributed\shard-3\candidates\02544_43923787_43923787_34
2549,35973998,35973998_1.json,https://github.com/bignerdranch/expandable-recycler-view,ExpandableWrapper,expandablerecyclerview/src/main/java/com/bignerdranch/expandablerecyclerview/model/ExpandableWrapper.java,production,,,,isParentInitiallyExpanded,6,public,True,True,,,,,ELIGIBLE,,,,,,,,,,2,0,,,,,,,,,EXCLUDED,setup,"RuntimeError: Repository setup failed after 3 attempts: CalledProcessError: Command '['git', '-c', 'core.longpaths=true', 'clone', '--depth', '1', 'https://github.com/bignerdranch/expandable-recycler-view', 'D:\\Ky9\\Sample\\ARROW\\repos\\35973998']' returned non-zero exit status 128.",9.225,D:\Ky9\Sample\ARROW\runs\sample_selection\distributed\shard-3\candidates\02549_35973998_35973998_1
2554,15904020,15904020_3.json,https://github.com/conveyal/gtfs-validator,ValidatorMain,gtfs-validation-lib/src/main/java/com/conveyal/gtfs/validator/ValidatorMain.java,production,class,False,182,getLatestDate,6,static,True,True,0,True,filesystem,8,EXCLUDED,external_dependency_risk:filesystem,,,,,,,,1,2,0,,,,,,,,,EXCLUDED,semantic,external_dependency_risk:filesystem,4.942,D:\Ky9\Sample\ARROW\runs\sample_selection\distributed\shard-3\candidates\02554_15904020_15904020_3
2559,8201183,8201183_1.json,https://github.com/ilsaul/OWN-Server,System,OWNPlugin-System/src/main/java/org/programmatori/domotica/own/plugin/system/System.java,production,class,False,387,reciveMsg,64,@Override public,True,True,1,False,,9,ELIGIBLE,,gradle,OWNPlugin-System,junit4,6,D:\Ky9\Sample\ARROW\Java-version\java-8,auto-discovered compatible JDK 8 for Java 6,,1,2,1,TOOL_ERROR,,,org.programmatori.domotica.own.plugin.system.System,,,,,EXCLUDED,baseline,[WinError 2] The system cannot find the file specified,2.317,D:\Ky9\Sample\ARROW\runs\sample_selection\distributed\shard-3\candidates\02559_8201183_8201183_1
2564,23358011,23358011_17.json,https://github.com/phax/ph-schematron,SchematronHelper,ph-schematron/src/main/java/com/helger/schematron/SchematronHelper.java,production,class,False,444,applySchematron,19,@Nullable public static,True,True,0,False,,9,ELIGIBLE,,maven,ph-schematron,junit4,8,D:\Ky9\Sample\ARROW\Java-version\java-8,auto-discovered JDK 8,cb98af7103b6fe15e8a0b9e301e6c2b23c590880,1,2,2,MODULE_TESTS_PASSED|MODULE_TESTS_PASSED,True,1,com.helger.schematron.SchematronHelper,True,TARGET_TEST_PASSED,MODULE_TESTS_PASSED,MODULE_TESTS_PASSED,ELIGIBLE,,,121.388,D:\Ky9\Sample\ARROW\runs\sample_selection\distributed\shard-3\candidates\02564_23358011_23358011_17
2569,71779309,71779309_0.json,https://github.com/ddadaal/Homework,ALU,Computer Organization and System Architecture/ALUSimulator/src/ALU.java,nonstandard,,,,integerRepresentation,16,public,True,True,,,,,EXCLUDED,source_layout:nonstandard,,,,,,,,,2,0,,,,,,,,,EXCLUDED,semantic_metadata,source_layout:nonstandard,0.016,D:\Ky9\Sample\ARROW\runs\sample_selection\distributed\shard-3\candidates\02569_71779309_71779309_0
2574,172981843,172981843_2.json,https://github.com/maciejwalkowiak/spring-cloud-stream-binder-sqs,SqsStreamProvisioner,spring-cloud-stream-binder-sqs/src/main/java/org/springframework/cloud/stream/binder/sqs/provisioning/SqsStreamProvisioner.java,production,,,,provisionConsumerDestination,19,@Override public,True,True,,,,,ELIGIBLE,,,,,,,,,1,2,0,,,,,,,,,EXCLUDED,setup,"Error: [('D:\\Ky9\\Sample\\ARROW\\repos\\172981843\\spring-cloud-stream-binder-sqs-samples\\source-and-sink\\src\\main\\java\\org\\springframework\\cloud\\stream\\binder\\sqs\\samples\\sourceandsink\\SourceAndSinkApplication.java', 'D:\\Ky9\\Sample\\ARROW\\runs\\sample_selection\\distributed\\shard-3\\candidates\\02574_172981843_172981843_2\\workspace\\spring-cloud-stream-binder-sqs-samples\\source-and-sink\\src\\main\\java\\org\\springframework\\cloud\\stream\\binder\\sqs\\samples\\sourceandsink\\SourceAndSinkApplication.java', '[WinError 3] The system cannot find the path specified')]",1.560,D:\Ky9\Sample\ARROW\runs\sample_selection\distributed\shard-3\candidates\02574_172981843_172981843_2
2579,78224452,78224452_1.json,https://github.com/CoreFloDev/OpenChat,ChatPresenter,app/src/main/java/io/coreflodev/openchat/chat/ChatPresenter.java,production,class,False,71,attachView,30,@Override public,True,True,1,False,,9,ELIGIBLE,,gradle,app,junit4,1,D:\Ky9\Sample\ARROW\Java-version\java-8,auto-discovered compatible JDK 8 for Java 1,,1,2,1,ASSERTION_FAILED,,,io.coreflodev.openchat.chat.ChatPresenter,,,,,EXCLUDED,baseline,failure: build failed with an exception.,420.532,D:\Ky9\Sample\ARROW\runs\sample_selection\distributed\shard-3\candidates\02579_78224452_78224452_1
2584,2101910,2101910_2.json,https://github.com/dain/leveldb,VariableLengthQuantity,leveldb/src/main/java/org/iq80/leveldb/util/VariableLengthQuantity.java,production,,,,writeVariableLengthInt,29,public static,True,False,,,,,EXCLUDED,no_observable_behavior,,,,,,,,,2,0,,,,,,,,,EXCLUDED,semantic_metadata,no_observable_behavior,0.024,D:\Ky9\Sample\ARROW\runs\sample_selection\distributed\shard-3\candidates\02584_2101910_2101910_2
2589,48961876,48961876_0.json,https://github.com/bkromhout/Minerva,UpdatePosEvent,app/src/main/java/com/bkromhout/minerva/events/UpdatePosEvent.java,production,,,,getPosition,3,public,False,True,,,,,EXCLUDED,trivial_focal_method,,,,,,,,,2,0,,,,,,,,,EXCLUDED,semantic_metadata,trivial_focal_method,0.011,D:\Ky9\Sample\ARROW\runs\sample_selection\distributed\shard-3\candidates\02589_48961876_48961876_0
2594,33314734,33314734_36.json,https://github.com/percolate/foam,HockeyApp,Foam/foam/src/main/java/com/percolate/foam/HockeyApp.java,production,class,False,233,createService,9,public,True,True,1,True,network|filesystem,9,EXCLUDED,external_dependency_risk:network|filesystem,,,,,,,,1,2,0,,,,,,,,,EXCLUDED,semantic,external_dependency_risk:network|filesystem,2.193,D:\Ky9\Sample\ARROW\runs\sample_selection\distributed\shard-3\candidates\02594_33314734_33314734_36
2599,25021196,25021196_0.json,https://github.com/MewX/light-novel-library_Wenku8_Android,Wenku8API,studio-android/LightNovelLibrary/app/src/main/java/org/mewx/wenku8/global/api/Wenku8API.java,production,class,False,580,getEncryptedMAP,7,static,False,True,0,True,nondeterminism,6,EXCLUDED,external_dependency_risk:nondeterminism;testability_score_below_7,,,,,,,80e9f06f104adaf02824ee8a27bf79cd82aeaeeb,1,2,0,,,,,,,,,EXCLUDED,semantic,external_dependency_risk:nondeterminism;testability_score_below_7,188.048,D:\Ky9\Sample\ARROW\runs\sample_selection\distributed\shard-3\candidates\02599_25021196_25021196_0
2604,88231534,88231534_9.json,https://github.com/opentracing-contrib/java-mongo-driver,TracingCommandListener,opentracing-mongo-common/src/main/java/io/opentracing/contrib/mongo/common/TracingCommandListener.java,production,class,False,158,buildSpan,27,,True,True,3,False,,9,ELIGIBLE,,maven,opentracing-mongo-common,junit4,7,D:\Ky9\Sample\ARROW\Java-version\java-8,auto-discovered compatible JDK 8 for Java 7,,1,2,1,ASSERTION_FAILED,,,io.opentracing.contrib.mongo.common.TracingCommandListener,,,,,EXCLUDED,baseline,[info] opentracing-mongo-common ........................... failure [ 2.685 s],15.047,D:\Ky9\Sample\ARROW\runs\sample_selection\distributed\shard-3\candidates\02604_88231534_88231534_9
2609,19781635,19781635_1.json,https://github.com/stephanenicolas/TypedAdapter,TypedArrayAdapter,library/src/main/java/com/github/typedadapter/TypedArrayAdapter.java,production,class,True,47,getView,12,"@SuppressWarnings(""unchecked"") @Override public",True,True,1,False,,9,EXCLUDED,non_concrete:class:abstract,,,,,,,,1,2,0,,,,,,,,,EXCLUDED,semantic,non_concrete:class:abstract,1.641,D:\Ky9\Sample\ARROW\runs\sample_selection\distributed\shard-3\candidates\02609_19781635_19781635_1
2614,81928401,81928401_0.json,https://github.com/syndesisio/connectors,JSONBeanUtil,connectors/sql/sql-common/src/main/java/io/syndesis/connector/sql/stored/JSONBeanUtil.java,production,,,,parsePropertiesFromJSONBean,12,public static,True,True,,,,,ELIGIBLE,,,,,,,,,1,2,0,,,,,,,,,EXCLUDED,setup,"Error: [('D:\\Ky9\\Sample\\ARROW\\repos\\81928401\\connectors\\jms-connectors\\activemq-connectors\\activemq-publish-bytes-connector\\src\\main\\java\\io\\syndesis\\connector\\jms\\ActiveMQPublishBytesComponent.java', 'D:\\Ky9\\Sample\\ARROW\\runs\\sample_selection\\distributed\\shard-3\\candidates\\02614_81928401_81928401_0\\workspace\\connectors\\jms-connectors\\activemq-connectors\\activemq-publish-bytes-connector\\src\\main\\java\\io\\syndesis\\connector\\jms\\ActiveMQPublishBytesComponent.java', '[WinError 3] The system cannot find the path specified'), ('D:\\Ky9\\Sample\\ARROW\\repos\\81928401\\connectors\\jms-connectors\\activemq-connectors\\activemq-publish-bytes-connector\\src\\main\\java\\io\\syndesis\\connector\\jms\\springboot\\ActiveMQPublishBytesConnectorAutoConfiguration.java', 'D:\\Ky9\\Sample\\ARROW\\runs\\sample_selection\\distributed\\shard-3\\candidates\\02614_81928401_81928401_0\\workspace\\connectors\\jms-connectors\\activemq-connectors\\activemq-publish-bytes-connector\\src\\main\\java\\io\\syndesis\\connector\\jms\\springboot\\ActiveMQPublishBytesConnectorAutoConfiguration.java', '[WinError 3] The system cannot find the path specified'), ('D:\\Ky9\\Sample\\ARROW\\repos\\81928401\\connectors\\jms-connectors\\activemq-connectors\\activemq-publish-bytes-connector\\src\\main\\java\\io\\syndesis\\connector\\jms\\springboot\\ActiveMQPublishBytesConnectorConfiguration.java', 'D:\\Ky9\\Sample\\ARROW\\runs\\sample_selection\\distributed\\shard-3\\candidates\\02614_81928401_81928401_0\\workspace\\connectors\\jms-connectors\\activemq-connectors\\activemq-publish-bytes-connector\\src\\main\\java\\io\\syndesis\\connector\\jms\\springboot\\ActiveMQPublishBytesConnectorConfiguration.java', '[WinError 3] The system cannot find the path specified'), ('D:\\Ky9\\Sample\\ARROW\\repos\\81928401\\connectors\\jms-connectors\\activemq-connectors\\activemq-publish-bytes-connector\\src\\main\\java\\io\\syndesis\\connector\\jms\\springboot\\ActiveMQPublishBytesConnecto",3.448,D:\Ky9\Sample\ARROW\runs\sample_selection\distributed\shard-3\candidates\02614_81928401_81928401_0
2619,73478000,73478000_11.json,https://github.com/gralog/gralog,ExportFilterManager,gralog-core/src/main/java/gralog/exportfilter/ExportFilterManager.java,production,class,False,111,getExportFilters,19,public static,True,True,0,False,,9,ELIGIBLE,,gradle,.,junit4,unknown,D:\Ky9\Sample\ARROW\Java-version\java-8,Gradle 4.10.2 requires compatible JDK 8; auto-discovered,,1,2,1,COMPILE_FAILED,,,gralog.exportfilter.ExportFilterManager,,,,,EXCLUDED,baseline,"> error: to compile gralog, please install or switch to the java development kit (jdk) 10 or later.",18.420,D:\Ky9\Sample\ARROW\runs\sample_selection\distributed\shard-3\candidates\02619_73478000_73478000_11
2624,41458986,41458986_0.json,https://github.com/jtribe/shelly,Email,shelly/src/main/java/au/com/jtribe/shelly/Email.java,production,class,False,115,subject,5,public,True,True,1,False,,10,ELIGIBLE,,gradle,shelly,junit4,1,D:\Ky9\Sample\ARROW\Java-version\java-8,auto-discovered compatible JDK 8 for Java 1,,1,2,1,ASSERTION_FAILED,,,au.com.jtribe.shelly.Email,,,,,EXCLUDED,baseline,failure: build failed with an exception.,399.981,D:\Ky9\Sample\ARROW\runs\sample_selection\distributed\shard-3\candidates\02624_41458986_41458986_0
2629,30956727,30956727_2.json,https://github.com/irufus/gdax-java,L2UpdateMessage,websocketfeed/src/main/java/com/coinbase/exchange/websocketfeed/L2UpdateMessage.java,production,,,,getChanges,3,public,False,True,,,,,EXCLUDED,trivial_focal_method,,,,,,,,,2,0,,,,,,,,,EXCLUDED,semantic_metadata,trivial_focal_method,0.015,D:\Ky9\Sample\ARROW\runs\sample_selection\distributed\shard-3\candidates\02629_30956727_30956727_2
2634,2221963,2221963_48.json,https://github.com/SeleniumHQ/fluent-selenium,NegatingFluentWebDriver,java/src/main/java/org/seleniumhq/selenium/fluent/internal/NegatingFluentWebDriver.java,production,,,,option,3,public,False,False,,,,,EXCLUDED,no_observable_behavior,,,,,,,,,2,0,,,,,,,,,EXCLUDED,semantic_metadata,no_observable_behavior,0.015,D:\Ky9\Sample\ARROW\runs\sample_selection\distributed\shard-3\candidates\02634_2221963_2221963_48
2639,858685,858685_241.json,https://github.com/bcdev/sst-cci-toolbox,AtsrForwardViewOffsetFactory,mms/src/main/java/org/esa/cci/sst/reader/AtsrForwardViewOffsetFactory.java,production,class,False,86,createOffset,65,,True,True,0,False,,10,ELIGIBLE,,maven,mms,junit4,7,D:\Ky9\Sample\ARROW\Java-version\java-8,auto-discovered compatible JDK 8 for Java 7,,1,2,1,ASSERTION_FAILED,,,org.esa.cci.sst.reader.AtsrForwardViewOffsetFactory,,,,,EXCLUDED,baseline,[info] sst-cci core module 1 .............................. failure [ 1.187 s],236.025,D:\Ky9\Sample\ARROW\runs\sample_selection\distributed\shard-3\candidates\02639_858685_858685_241
2644,2406783,2406783_17.json,https://github.com/bugsnag/bugsnag-android,Event,bugsnag-android-core/src/main/java/com/bugsnag/android/Event.java,production,,,,getErrors,4,@NonNull public,False,True,,,,,EXCLUDED,trivial_focal_method,,,,,,,,,2,0,,,,,,,,,EXCLUDED,semantic_metadata,trivial_focal_method,0.012,D:\Ky9\Sample\ARROW\runs\sample_selection\distributed\shard-3\candidates\02644_2406783_2406783_17
2649,16201889,16201889_6.json,https://github.com/gbif/name-parser,NameFormatter,name-parser-api/src/main/java/org/gbif/nameparser/util/NameFormatter.java,production,class,False,560,buildName,189,public static,True,True,0,False,,8,ELIGIBLE,,maven,.,junit4,17,D:\Ky9\Sample\ARROW\Java-version\java-17,auto-discovered JDK 17,,1,2,2,MODULE_TESTS_PASSED|MODULE_TESTS_PASSED,True,0,org.gbif.nameparser.util.NameFormatter,True,TARGET_TEST_PASSED,MODULE_TESTS_PASSED,MODULE_TESTS_PASSED,ELIGIBLE,,,42.109,D:\Ky9\Sample\ARROW\runs\sample_selection\distributed\shard-3\candidates\02649_16201889_16201889_6
2654,44431891,44431891_6.json,https://github.com/lowwor/Realtime-Bus,PreferencesHelper,app/src/main/java/com/lowwor/realtimebus/data/local/PreferencesHelper.java,production,,,,getShowPopupNotification,3,public,False,True,,,,,EXCLUDED,trivial_focal_method,,,,,,,,,2,0,,,,,,,,,EXCLUDED,semantic_metadata,trivial_focal_method,0.021,D:\Ky9\Sample\ARROW\runs\sample_selection\distributed\shard-3\candidates\02654_44431891_44431891_6
2659,78566008,78566008_9.json,https://github.com/iagocanalejas/retrocache,RxJava2CachedCallAdapterFactory,retrocache-rxjava2/src/main/java/com/andiag/retrocache/rxjava2/RxJava2CachedCallAdapterFactory.java,production,class,False,111,get,44,@Override public,True,True,3,True,network,8,EXCLUDED,external_dependency_risk:network,,,,,,,,1,2,0,,,,,,,,,EXCLUDED,semantic,external_dependency_risk:network,1.788,D:\Ky9\Sample\ARROW\runs\sample_selection\distributed\shard-3\candidates\02659_78566008_78566008_9
2664,10116915,10116915_2.json,https://github.com/consulo/consulo,VcsLogMultiRepoJoiner,modules/base/vcs-log-impl/src/main/java/com/intellij/vcs/log/data/VcsLogMultiRepoJoiner.java,production,,,,join,28,@Nonnull public,True,True,,,,,ELIGIBLE,,,,,,,,4e7d35aafe5fe9d273732ad1c05efe6d5aaed67c,1,2,0,,,,,,,,,EXCLUDED,setup,"Error: [('D:\\Ky9\\Sample\\ARROW\\repos\\10116915\\modules\\base\\external-system-impl\\src\\main\\java\\com\\intellij\\openapi\\externalSystem\\service\\execution\\AbstractExternalSystemRuntimeConfigurationProducer.java', 'D:\\Ky9\\Sample\\ARROW\\runs\\sample_selection\\distributed\\shard-3\\candidates\\02664_10116915_10116915_2\\workspace\\modules\\base\\external-system-impl\\src\\main\\java\\com\\intellij\\openapi\\externalSystem\\service\\execution\\AbstractExternalSystemRuntimeConfigurationProducer.java', '[WinError 3] The system cannot find the path specified'), ('D:\\Ky9\\Sample\\ARROW\\repos\\10116915\\modules\\base\\external-system-impl\\src\\main\\java\\com\\intellij\\openapi\\externalSystem\\service\\notification\\ExternalSystemProgressNotificationManager.java', 'D:\\Ky9\\Sample\\ARROW\\runs\\sample_selection\\distributed\\shard-3\\candidates\\02664_10116915_10116915_2\\workspace\\modules\\base\\external-system-impl\\src\\main\\java\\com\\intellij\\openapi\\externalSystem\\service\\notification\\ExternalSystemProgressNotificationManager.java', '[WinError 3] The system cannot find the path specified'), ('D:\\Ky9\\Sample\\ARROW\\repos\\10116915\\modules\\base\\external-system-impl\\src\\main\\java\\com\\intellij\\openapi\\externalSystem\\service\\project\\autoimport\\CachingExternalSystemAutoImportAware.java', 'D:\\Ky9\\Sample\\ARROW\\runs\\sample_selection\\distributed\\shard-3\\candidates\\02664_10116915_10116915_2\\workspace\\modules\\base\\external-system-impl\\src\\main\\java\\com\\intellij\\openapi\\externalSystem\\service\\project\\autoimport\\CachingExternalSystemAutoImportAware.java', '[WinError 3] The system cannot find the path specified'), ('D:\\Ky9\\Sample\\ARROW\\repos\\10116915\\modules\\base\\external-system-impl\\src\\main\\java\\com\\intellij\\openapi\\externalSystem\\service\\project\\wizard\\AbstractImportFromExternalSystemWizardStep.java', 'D:\\Ky9\\Sample\\ARROW\\runs\\sample_selection\\distributed\\shard-3\\candidates\\02664_10116915_",3793.552,D:\Ky9\Sample\ARROW\runs\sample_selection\distributed\shard-3\candidates\02664_10116915_10116915_2
2669,104872758,104872758_23.json,https://github.com/de-jcup/eclipse-jenkins-editor,JenkinsWordCompletion,jenkins-editor-plugin/src/main/java-eclipse/de/jcup/jenkinseditor/codeassist/JenkinsWordCompletion.java,nonstandard,,,,calculate,28,@Override public,True,True,,,,,EXCLUDED,source_layout:nonstandard,,,,,,,,,2,0,,,,,,,,,EXCLUDED,semantic_metadata,source_layout:nonstandard,0.016,D:\Ky9\Sample\ARROW\runs\sample_selection\distributed\shard-3\candidates\02669_104872758_104872758_23
2674,212338967,212338967_6.json,https://github.com/softwartechnik/lucifer-rising,UserService,lucifer-rising-user/src/main/java/de/softwartechnik/lucifer/user/UserService.java,production,,,,update,3,public,False,False,,,,,EXCLUDED,no_observable_behavior,,,,,,,,,2,0,,,,,,,,,EXCLUDED,semantic_metadata,no_observable_behavior,0.013,D:\Ky9\Sample\ARROW\runs\sample_selection\distributed\shard-3\candidates\02674_212338967_212338967_6
2679,23260390,23260390_105.json,https://github.com/virgo47/javasimon,ClassUtils,core/src/main/java/org/javasimon/utils/bean/ClassUtils.java,production,class,False,160,getGetter,20,static,True,True,0,False,,9,ELIGIBLE,,maven,core,testng,8,D:\Ky9\Sample\ARROW\Java-version\java-8,auto-discovered JDK 8,,1,2,2,MODULE_TESTS_PASSED|MODULE_TESTS_PASSED,True,0,org.javasimon.utils.bean.ClassUtils,True,TARGET_TEST_PASSED,MODULE_TESTS_PASSED,MODULE_TESTS_PASSED,ELIGIBLE,,,35.464,D:\Ky9\Sample\ARROW\runs\sample_selection\distributed\shard-3\candidates\02679_23260390_23260390_105
2684,180526285,180526285_66.json,https://github.com/SpringCloud/Moss,CloudFoundryHttpHeaderProvider,moss-core/src/main/java/de/codecentric/boot/admin/server/web/client/CloudFoundryHttpHeaderProvider.java,production,class,False,38,getHeaders,11,@Override public,True,True,0,False,,9,ELIGIBLE,,maven,moss-core,junit4,8,D:\Ky9\Sample\ARROW\Java-version\java-8,auto-discovered JDK 8,,1,2,1,COMPILE_FAILED,,,de.codecentric.boot.admin.server.web.client.CloudFoundryHttpHeaderProvider,,,,,EXCLUDED,baseline,java.lang.assertionerror:,119.802,D:\Ky9\Sample\ARROW\runs\sample_selection\distributed\shard-3\candidates\02684_180526285_180526285_66
2689,188058370,188058370_0.json,https://github.com/distkv-project/distkv,StringUtil,common/src/main/java/com/distkv/common/utils/StringUtil.java,production,,,,isNullOrEmpty,3,public static,True,True,,,,,EXCLUDED,trivial_focal_method,,,,,,,,,2,0,,,,,,,,,EXCLUDED,semantic_metadata,trivial_focal_method,0.012,D:\Ky9\Sample\ARROW\runs\sample_selection\distributed\shard-3\candidates\02689_188058370_188058370_0
2694,3910894,3910894_0.json,https://github.com/jkiddo/gmusic.api,GoogleMusicAPI,desk.gmusic.api/src/main/java/gmusic/api/impl/GoogleMusicAPI.java,production,class,False,294,getAllSongs,66,@Override public final,True,True,0,True,network|filesystem,9,EXCLUDED,external_dependency_risk:network|filesystem,,,,,,,,1,2,0,,,,,,,,,EXCLUDED,semantic,external_dependency_risk:network|filesystem,1.640,D:\Ky9\Sample\ARROW\runs\sample_selection\distributed\shard-3\candidates\02694_3910894_3910894_0
2699,62638166,62638166_5.json,https://github.com/I8C/sonar-flow-plugin,FlowAstScanner,sonar-flow-plugin/src/main/java/be/i8c/codequality/sonar/plugins/sag/webmethods/flow/squid/FlowAstScanner.java,production,class,False,123,scanSingleFile,26,public static,True,True,0,True,filesystem,8,EXCLUDED,external_dependency_risk:filesystem,,,,,,,,1,2,0,,,,,,,,,EXCLUDED,semantic,external_dependency_risk:filesystem,2.681,D:\Ky9\Sample\ARROW\runs\sample_selection\distributed\shard-3\candidates\02699_62638166_62638166_5
2704,63693352,63693352_18.json,https://github.com/sambitc/PiggyMetricsCopy,MongoUserDetailsService,auth-service/src/main/java/com/piggymetrics/auth/service/security/MongoUserDetailsService.java,production,class,False,21,loadUserByUsername,8,@Override public,True,True,0,True,database,9,EXCLUDED,external_dependency_risk:database,,,,,,,,1,2,0,,,,,,,,,EXCLUDED,semantic,external_dependency_risk:database,2.413,D:\Ky9\Sample\ARROW\runs\sample_selection\distributed\shard-3\candidates\02704_63693352_63693352_18
2709,3283313,3283313_0.json,https://github.com/roq-messaging/RoQ,OpenNebulaAPI,roq-IaaS/src/main/java/org/roqmessaging/core/OpenNebulaAPI.java,production,class,False,129,createInstance,27,public,True,True,3,False,,10,ELIGIBLE,,maven,roq-IaaS,junit4,unknown,,no project java version detected,,1,2,1,ASSERTION_FAILED,,,org.roqmessaging.core.OpenNebulaAPI,,,,,EXCLUDED,baseline,[fatal] non-resolvable parent pom for org.roqmessaging:roq-simulation:<n>.1: the following artifacts could not be resolved: org.roqmessaging:roq-parent:pom:<n>.1 (absent): org.roqmessaging:roq-parent:pom:<n>.1 was not found in https:/<path> during a previous attempt. this failure was cached in the l,4.351,D:\Ky9\Sample\ARROW\runs\sample_selection\distributed\shard-3\candidates\02709_3283313_3283313_0
2714,47021168,47021168_13.json,https://github.com/Sloy/SeviBus,ObtainLineasCercanasAction,SeviBus/src/main/java/com/sloy/sevibus/resources/actions/ObtainLineasCercanasAction.java,production,class,False,25,obtainLineas,10,public,False,True,2,True,database,6,EXCLUDED,external_dependency_risk:database;testability_score_below_7,,,,,,,76aa7422d782d2dc5e143674ca02d7b613d72d08,1,2,0,,,,,,,,,EXCLUDED,semantic,external_dependency_risk:database;testability_score_below_7,7.073,D:\Ky9\Sample\ARROW\runs\sample_selection\distributed\shard-3\candidates\02714_47021168_47021168_13
2719,143078890,143078890_6.json,https://github.com/apache/hbase-operator-tools,FsRegionsMetaRecoverer,hbase-hbck2/src/main/java/org/apache/hbase/FsRegionsMetaRecoverer.java,production,class,False,244,findExtraRegionsInMETA,7,,False,True,1,True,database|process_or_native,7,EXCLUDED,external_dependency_risk:database|process_or_native,,,,,,,,1,2,0,,,,,,,,,EXCLUDED,semantic,external_dependency_risk:database|process_or_native,3.404,D:\Ky9\Sample\ARROW\runs\sample_selection\distributed\shard-3\candidates\02719_143078890_143078890_6
2724,55332367,55332367_3.json,https://github.com/Carleslc/Simple-YAML,YamlConfigurationOptions,Simple-Yaml/src/main/java/org/simpleyaml/configuration/file/YamlConfigurationOptions.java,production,class,False,286,header,5,@Override public,False,True,1,False,,8,ELIGIBLE,,maven,Simple-Yaml,junit5,8,D:\Ky9\Sample\ARROW\Java-version\java-8,auto-discovered JDK 8,,1,2,1,COMPILE_FAILED,,,org.simpleyaml.configuration.file.YamlConfigurationOptions,,,,,EXCLUDED,baseline,java.lang.assertionerror:,13.516,D:\Ky9\Sample\ARROW\runs\sample_selection\distributed\shard-3\candidates\02724_55332367_55332367_3
2729,36657331,36657331_0.json,https://github.com/IBM-Cloud/talent-manager,AddController,src/com/ibm/personafusion/controller/AddController.java,nonstandard,,,,personFromRequest,6,protected static,False,True,,,,,EXCLUDED,source_layout:nonstandard,,,,,,,,,2,0,,,,,,,,,EXCLUDED,semantic_metadata,source_layout:nonstandard,0.023,D:\Ky9\Sample\ARROW\runs\sample_selection\distributed\shard-3\candidates\02729_36657331_36657331_0
2734,45931737,45931737_19.json,https://github.com/microsoft/oauth2-useragent,PackageLocator,oauth2-useragent-core/src/main/java/com/microsoft/alm/oauth2/useragent/utils/PackageLocator.java,production,class,False,135,getClasspathFromUrl,35,static,True,True,0,True,filesystem,8,EXCLUDED,external_dependency_risk:filesystem,,,,,,,,1,2,0,,,,,,,,,EXCLUDED,semantic,external_dependency_risk:filesystem,1.756,D:\Ky9\Sample\ARROW\runs\sample_selection\distributed\shard-3\candidates\02734_45931737_45931737_19
2739,14865444,14865444_5.json,https://github.com/vertigo-io/vertigo,StringUtil,vertigo-core/src/main/java/io/vertigo/core/util/StringUtil.java,production,class,False,316,replace,7,public static,False,True,0,False,,8,ELIGIBLE,,maven,vertigo-core,junit5,unknown,,no project java version detected,,1,2,2,MODULE_TESTS_PASSED|MODULE_TESTS_PASSED,True,0,io.vertigo.core.util.StringUtil,True,TARGET_TEST_PASSED,MODULE_TESTS_PASSED,MODULE_TESTS_PASSED,ELIGIBLE,,,129.408,D:\Ky9\Sample\ARROW\runs\sample_selection\distributed\shard-3\candidates\02739_14865444_14865444_5
2744,156601203,156601203_25.json,https://github.com/qiwi/thrift-pool,ThriftUtils,common/src/main/java/com/qiwi/thrift/utils/ThriftUtils.java,production,class,False,150,isApplicationLevelException,9,public static,True,True,0,False,,9,ELIGIBLE,,maven,common,testng,8,D:\Ky9\Sample\ARROW\Java-version\java-8,auto-discovered JDK 8,,1,2,1,COMPILE_FAILED,,,com.qiwi.thrift.utils.ThriftUtils,,,,,EXCLUDED,baseline,<path>:<n>: error: using the '.*' form of import should be avoided - com.codahale.metrics.*.,11.810,D:\Ky9\Sample\ARROW\runs\sample_selection\distributed\shard-3\candidates\02744_156601203_156601203_25
2749,78774547,78774547_7.json,https://github.com/symphoniacloud/lambda-monitoring,MetricBlockFilter,lambda-metrics/src/main/java/io/symphonia/lambda/logging/MetricBlockFilter.java,production,class,False,16,decide,8,@Override public,True,True,0,False,,8,ELIGIBLE,,maven,lambda-metrics,junit4,7,D:\Ky9\Sample\ARROW\Java-version\java-8,auto-discovered compatible JDK 8 for Java 7,,1,2,1,COMPILE_FAILED,,,io.symphonia.lambda.logging.MetricBlockFilter,,,,,EXCLUDED,baseline,java.lang.assertionerror:,8.330,D:\Ky9\Sample\ARROW\runs\sample_selection\distributed\shard-3\candidates\02749_78774547_78774547_7
2754,140874933,140874933_4.json,https://github.com/apache/skywalking-oal-tool,FileGenerator,oal-parser/src/main/java/org/apache/skywalking/oal/tool/output/FileGenerator.java,production,,,,generateIndicatorImplementor,3,,False,False,,,,,EXCLUDED,no_observable_behavior,,,,,,,,,2,0,,,,,,,,,EXCLUDED,semantic_metadata,no_observable_behavior,0.012,D:\Ky9\Sample\ARROW\runs\sample_selection\distributed\shard-3\candidates\02754_140874933_140874933_4
2759,46713982,46713982_14.json,https://github.com/UsedRarely/spring-rate-limit,RedisRateChecker,redis-distributed-token-bucket/src/main/java/com/github/usedrarely/spring/rate/limit/redis/checker/RedisRateChecker.java,production,,,,check,8,@Override public,True,True,,,,,ELIGIBLE,,,,,,,,,,2,0,,,,,,,,,EXCLUDED,setup,"RuntimeError: Repository setup failed after 3 attempts: CalledProcessError: Command '['git', '-c', 'core.longpaths=true', 'clone', '--depth', '1', 'https://github.com/UsedRarely/spring-rate-limit', 'D:\\Ky9\\Sample\\ARROW\\repos\\46713982']' returned non-zero exit status 128.",11.731,D:\Ky9\Sample\ARROW\runs\sample_selection\distributed\shard-3\candidates\02759_46713982_46713982_14
2764,34706545,34706545_5.json,https://github.com/coniks-sys/coniks-java,Convert,util/src/main/java/org/coniks/util/Convert.java,production,class,False,102,longToBytes,8,public static,True,True,0,False,,10,ELIGIBLE,,maven,util,junit4,8,D:\Ky9\Sample\ARROW\Java-version\java-8,auto-discovered JDK 8,,1,2,2,MODULE_TESTS_PASSED|MODULE_TESTS_PASSED,True,0,org.coniks.util.Convert,True,TARGET_TEST_PASSED,MODULE_TESTS_PASSED,MODULE_TESTS_PASSED,ELIGIBLE,,,31.335,D:\Ky9\Sample\ARROW\runs\sample_selection\distributed\shard-3\candidates\02764_34706545_34706545_5
2769,18143415,18143415_3.json,https://github.com/sylvainhalle/Bullwinkle,MutableString,Source/Parsing/src/ca/uqac/lif/util/MutableString.java,nonstandard,,,,equals,9,@Override public,True,True,,,,,EXCLUDED,source_layout:nonstandard,,,,,,,,,2,0,,,,,,,,,EXCLUDED,semantic_metadata,source_layout:nonstandard,0.014,D:\Ky9\Sample\ARROW\runs\sample_selection\distributed\shard-3\candidates\02769_18143415_18143415_3
2774,108563514,108563514_4.json,https://github.com/mccorby/FederatedAndroidTrainer,FederatedRepositoryImpl,app/src/main/java/com/mccorby/federatedlearning/core/repository/FederatedRepositoryImpl.java,production,,,,getCrossValidationData,4,@Override public,False,True,,,,,EXCLUDED,trivial_focal_method,,,,,,,,,2,0,,,,,,,,,EXCLUDED,semantic_metadata,trivial_focal_method,0.013,D:\Ky9\Sample\ARROW\runs\sample_selection\distributed\shard-3\candidates\02774_108563514_108563514_4
2779,18379456,18379456_11.json,https://github.com/MiniDNS/minidns,SrvUtil,minidns-core/src/main/java/org/minidns/util/SrvUtil.java,production,class,False,100,sortSrvRecords,56,public static,True,True,0,False,,10,ELIGIBLE,,gradle,minidns-core,junit5,unknown,,no project java version detected,,1,2,1,ASSERTION_FAILED,,,org.minidns.util.SrvUtil,,,,,EXCLUDED,baseline,failure: build failed with an exception.,718.213,D:\Ky9\Sample\ARROW\runs\sample_selection\distributed\shard-3\candidates\02779_18379456_18379456_11
2784,16446099,16446099_10.json,https://github.com/cryptomator/cryptomator,SemVerComparator,main/commons/src/main/java/org/cryptomator/common/SemVerComparator.java,production,class,False,69,compare,15,@Override public,True,True,0,False,,10,ELIGIBLE,,maven,main\commons,junit5,unknown,,no project java version detected,2720a999d190978fa2db649e4b5f35c1f88d3320,1,2,1,ASSERTION_FAILED,,,org.cryptomator.common.SemVerComparator,,,,,EXCLUDED,baseline,[info] build failure,71.329,D:\Ky9\Sample\ARROW\runs\sample_selection\distributed\shard-3\candidates\02784_16446099_16446099_10
2789,21556616,21556616_114.json,https://github.com/juniversal/jsimple,ArrayList,libraries/jsimple-util/src/main/java/jsimple/util/ArrayList.java,production,class,False,613,lastIndexOf,18,@Override public,True,True,0,False,,8,ELIGIBLE,,maven,libraries\jsimple-util,junit4,src/main/java-nontranslated,,JDK src/main/java-nontranslated not mapped; using system default Java,,1,2,1,RUNTIME_FAILED,,,jsimple.util.ArrayList,,,,,EXCLUDED,baseline,[error] [error] some problems were encountered while processing the poms:,5.077,D:\Ky9\Sample\ARROW\runs\sample_selection\distributed\shard-3\candidates\02789_21556616_21556616_114
2794,52151431,52151431_2.json,https://github.com/MarcProe/lp2go,H,app/src/main/java/org/librepilot/lp2go/helper/H.java,production,class,False,307,calculationByDistance,17,public static,True,True,0,False,,9,ELIGIBLE,,gradle,app,junit4,1,D:\Ky9\Sample\ARROW\Java-version\java-8,auto-discovered compatible JDK 8 for Java 1,,1,2,1,ASSERTION_FAILED,,,org.librepilot.lp2go.helper.H,,,,,EXCLUDED,baseline,failure: build failed with an exception.,32.084,D:\Ky9\Sample\ARROW\runs\sample_selection\distributed\shard-3\candidates\02794_52151431_52151431_2
2799,24283381,24283381_0.json,https://github.com/junkdog/ecs-matrix,ComponentDependencyMatrix,matrix/src/main/java/net/onedaybeard/ecs/model/ComponentDependencyMatrix.java,production,,,,process,3,public,False,False,,,,,EXCLUDED,no_observable_behavior,,,,,,,,,2,0,,,,,,,,,EXCLUDED,semantic_metadata,no_observable_behavior,0.011,D:\Ky9\Sample\ARROW\runs\sample_selection\distributed\shard-3\candidates\02799_24283381_24283381_0
2804,89644636,89644636_2.json,https://github.com/spring-cloud-stream-app-starters/tensorflow,ModelExtractor,spring-cloud-starter-stream-common-tensorflow/src/main/java/org/springframework/cloud/stream/app/tensorflow/util/ModelExtractor.java,production,,,,getModel,3,public,False,True,,,,,EXCLUDED,trivial_focal_method,,,,,,,,,2,0,,,,,,,,,EXCLUDED,semantic_metadata,trivial_focal_method,0.010,D:\Ky9\Sample\ARROW\runs\sample_selection\distributed\shard-3\candidates\02804_89644636_89644636_2
2809,40325889,40325889_62.json,https://github.com/javaserverfaces/mojarra,FloatConverter,impl/src/main/java/javax/faces/convert/FloatConverter.java,production,,,,getAsObject,24,@Override public,True,True,,,,,ELIGIBLE,,,,,,,,,1,2,0,,,,,,,,,EXCLUDED,setup,FileNotFoundError: Cannot resolve focal class path: impl/src/main/java/javax/faces/convert/FloatConverter.java,2.853,D:\Ky9\Sample\ARROW\runs\sample_selection\distributed\shard-3\candidates\02809_40325889_40325889_62
2814,217587403,217587403_0.json,https://github.com/Electroid/PGM,TextTranslations,util/src/main/java/tc/oc/pgm/util/text/TextTranslations.java,production,,,,getLocales,3,public static,False,True,,,,,EXCLUDED,trivial_focal_method,,,,,,,,,2,0,,,,,,,,,EXCLUDED,semantic_metadata,trivial_focal_method,0.020,D:\Ky9\Sample\ARROW\runs\sample_selection\distributed\shard-3\candidates\02814_217587403_217587403_0
2819,2693213,2693213_4.json,https://github.com/magja/magja,SoapCallFactory,connector/src/main/java/net/magja/soap/SoapCallFactory.java,production,class,False,339,createCall,42,"@SuppressWarnings(""unchecked"") public",True,True,0,False,,9,ELIGIBLE,,maven,connector,junit4,8,D:\Ky9\Sample\ARROW\Java-version\java-8,auto-discovered JDK 8,,1,2,2,MODULE_TESTS_PASSED|MODULE_TESTS_PASSED,True,1,net.magja.soap.SoapCallFactory,True,TARGET_TEST_PASSED,MODULE_TESTS_PASSED,MODULE_TESTS_PASSED,ELIGIBLE,,,48.196,D:\Ky9\Sample\ARROW\runs\sample_selection\distributed\shard-3\candidates\02819_2693213_2693213_4
2824,9737832,9737832_8.json,https://github.com/dhinojosa/language-matrix,Functions,java-maven/src/main/java/com/evolutionnext/functions/Functions.java,production,class,False,39,myMap,7,public static,True,True,0,False,,9,ELIGIBLE,,maven,java-maven,junit4,12,,JDK 12 not mapped; using system default Java,2f51800bf5544b582f3e71fa764e79e1f307b611,1,2,1,COMPILE_FAILED,,,com.evolutionnext.functions.Functions,,,,,EXCLUDED,baseline,tests in error:,260.104,D:\Ky9\Sample\ARROW\runs\sample_selection\distributed\shard-3\candidates\02824_9737832_9737832_8
2829,2755429,2755429_2.json,https://github.com/misukuro/NicoLiveWebSocketChat,CookieFromFirefox,NicoLive/src/main/java/jp/nicovideo/live/CookieFromFirefox.java,production,class,False,163,isCookieFile,7,public,True,True,0,True,database|filesystem,9,EXCLUDED,external_dependency_risk:database|filesystem,,,,,,,,1,2,0,,,,,,,,,EXCLUDED,semantic,external_dependency_risk:database|filesystem,1.850,D:\Ky9\Sample\ARROW\runs\sample_selection\distributed\shard-3\candidates\02829_2755429_2755429_2
2834,174104865,174104865_2.json,https://github.com/xkcoding/scaffold,TreeUtil,scaffold-common/src/main/java/com/xkcoding/scaffold/common/utils/TreeUtil.java,production,class,False,113,merge,14,public static,True,True,0,False,,10,ELIGIBLE,,maven,scaffold-common,junit4,8,D:\Ky9\Sample\ARROW\Java-version\java-8,auto-discovered JDK 8,,1,2,2,MODULE_TESTS_PASSED|MODULE_TESTS_PASSED,True,0,com.xkcoding.scaffold.common.utils.TreeUtil,True,TARGET_TEST_PASSED,MODULE_TESTS_PASSED,MODULE_TESTS_PASSED,ELIGIBLE,,,49.893,D:\Ky9\Sample\ARROW\runs\sample_selection\distributed\shard-3\candidates\02834_174104865_174104865_2
2839,48196746,48196746_1.json,https://github.com/nidi3/code-assert,DetektAnalyzer,code-assert/src/main/java/guru/nidi/codeassert/detekt/DetektAnalyzer.java,production,class,False,139,analyze,15,public,True,True,2,False,,10,ELIGIBLE,,maven,code-assert,junit5,8,D:\Ky9\Sample\ARROW\Java-version\java-8,auto-discovered JDK 8,,1,2,2,MODULE_TESTS_PASSED|MODULE_TESTS_PASSED,True,1,guru.nidi.codeassert.detekt.DetektAnalyzer,True,TARGET_TEST_PASSED,COMPILE_FAILED,,EXCLUDED,probe_module,org.opentest4j.assertionfailederror:,325.992,D:\Ky9\Sample\ARROW\runs\sample_selection\distributed\shard-3\candidates\02839_48196746_48196746_1
2844,9189077,9189077_0.json,https://github.com/3pillarlabs/spring-integration-aws,JsonMessageMarshaller,spring-integration-aws/src/main/java/org/springframework/integration/aws/JsonMessageMarshaller.java,production,class,False,218,deserialize,51,@Override public,True,True,0,False,,10,ELIGIBLE,,maven,spring-integration-aws,junit4,6,D:\Ky9\Sample\ARROW\Java-version\java-8,auto-discovered compatible JDK 8 for Java 6,,1,2,2,MODULE_TESTS_PASSED|MODULE_TESTS_PASSED,True,0,org.springframework.integration.aws.JsonMessageMarshaller,True,TARGET_TEST_PASSED,MODULE_TESTS_PASSED,MODULE_TESTS_PASSED,ELIGIBLE,,,165.202,D:\Ky9\Sample\ARROW\runs\sample_selection\distributed\shard-3\candidates\02844_9189077_9189077_0
2849,86711482,86711482_1.json,https://github.com/gretard/sonar-ps-plugin,IssuesReader,sonar-ps-plugin/src/main/java/org/sonar/plugins/powershell/readers/IssuesReader.java,production,class,False,65,read,25,public,True,True,0,True,filesystem,8,EXCLUDED,external_dependency_risk:filesystem,,,,,,,,1,2,0,,,,,,,,,EXCLUDED,semantic,external_dependency_risk:filesystem,1.821,D:\Ky9\Sample\ARROW\runs\sample_selection\distributed\shard-3\candidates\02849_86711482_86711482_1
2854,79304189,79304189_8.json,https://github.com/srotya/sidewinder,GrafanaUtils,core/src/main/java/com/srotya/sidewinder/core/api/grafana/GrafanaUtils.java,production,class,False,325,extractGrafanaAggregation,52,public static,True,True,0,False,,9,ELIGIBLE,,maven,core,junit4,8,D:\Ky9\Sample\ARROW\Java-version\java-8,auto-discovered JDK 8,,1,2,1,BUILD_TIMEOUT,,,com.srotya.sidewinder.core.api.grafana.GrafanaUtils,,,,,EXCLUDED,baseline,build timeout,903.184,D:\Ky9\Sample\ARROW\runs\sample_selection\distributed\shard-3\candidates\02854_79304189_79304189_8
2859,30927071,30927071_1.json,https://github.com/AdamBien/rulz,HttpMatchers,jaxrsclient/src/main/java/com/airhacks/rulz/jaxrsclient/HttpMatchers.java,production,class,False,157,clientError,14,public static,True,True,0,False,,10,ELIGIBLE,,maven,jaxrsclient,junit4,7,D:\Ky9\Sample\ARROW\Java-version\java-8,auto-discovered compatible JDK 8 for Java 7,,1,2,2,MODULE_TESTS_PASSED|MODULE_TESTS_PASSED,True,0,com.airhacks.rulz.jaxrsclient.HttpMatchers,True,TARGET_TEST_PASSED,MODULE_TESTS_PASSED,MODULE_TESTS_PASSED,ELIGIBLE,,,39.631,D:\Ky9\Sample\ARROW\runs\sample_selection\distributed\shard-3\candidates\02859_30927071_30927071_1
2864,3415463,3415463_32.json,https://github.com/jbellmann/jcr-springextension,JcrDaoSupport,se-jcr-commons/src/main/java/org/springframework/extensions/jcr/support/JcrDaoSupport.java,production,,,,releaseSession,3,protected final,False,False,,,,,EXCLUDED,no_observable_behavior,,,,,,,,,2,0,,,,,,,,,EXCLUDED,semantic_metadata,no_observable_behavior,0.011,D:\Ky9\Sample\ARROW\runs\sample_selection\distributed\shard-3\candidates\02864_3415463_3415463_32
2869,159454491,159454491_5.json,https://github.com/lynx-r/tictactoe-microservices-example,DefaultController,tictactoe-services/webapi-service/src/main/java/com/tictactoe/webapi/controller/DefaultController.java,production,class,False,34,guestHome,4,"@GetMapping(""/"") public",False,True,0,False,,8,ELIGIBLE,,gradle,tictactoe-services\webapi-service,junit4,11,D:\Ky9\Sample\ARROW\Java-version\java-11,auto-discovered JDK 11,,1,2,1,ASSERTION_FAILED,,,com.tictactoe.webapi.controller.DefaultController,,,,,EXCLUDED,baseline,failure: build failed with an exception.,461.684,D:\Ky9\Sample\ARROW\runs\sample_selection\distributed\shard-3\candidates\02869_159454491_159454491_5
2874,33546582,33546582_131.json,https://github.com/robertoestivill/intentbuilder,IntentBuilder,intentbuilder/src/main/java/intentbuilder/IntentBuilder.java,production,class,False,345,extra,5,public,False,True,0,True,framework_context,7,EXCLUDED,external_dependency_risk:framework_context,,,,,,,,1,2,0,,,,,,,,,EXCLUDED,semantic,external_dependency_risk:framework_context,2.462,D:\Ky9\Sample\ARROW\runs\sample_selection\distributed\shard-3\candidates\02874_33546582_33546582_131
2879,96609869,96609869_1.json,https://github.com/maichler/sbt-jupiter-interface,StreamPair,src/library/src/main/java/net/aichler/jupiter/api/StreamPair.java,production,class,False,54,get,4,public,True,True,2,False,,9,ELIGIBLE,,unknown,.,junit4,unknown,,no project java version detected,a4f30614352e34c6f285b1fd2d7d51bdf59581ea,1,2,1,TOOL_ERROR,,,net.aichler.jupiter.api.StreamPair,,,,,EXCLUDED,baseline,unsupported build tool,5.245,D:\Ky9\Sample\ARROW\runs\sample_selection\distributed\shard-3\candidates\02879_96609869_96609869_1
2884,126886615,126886615_6.json,https://github.com/groupon/FeatureAdapter,FeaturesAdapter,feature-adapter/src/main/java/com/groupon/featureadapter/FeaturesAdapter.java,production,,,,validateNewViewItems,15,@VisibleForTesting,True,True,,,,,ELIGIBLE,,,,,,,,,,2,0,,,,,,,,,EXCLUDED,setup,"RuntimeError: Repository setup failed after 3 attempts: CalledProcessError: Command '['git', '-c', 'core.longpaths=true', 'clone', '--depth', '1', 'https://github.com/groupon/FeatureAdapter', 'D:\\Ky9\\Sample\\ARROW\\repos\\126886615']' returned non-zero exit status 128.",9.104,D:\Ky9\Sample\ARROW\runs\sample_selection\distributed\shard-3\candidates\02884_126886615_126886615_6
2889,60683863,60683863_8.json,https://github.com/DoubleSmile/dubbo-learning,ConditionRouter,dubbo-cluster/src/main/java/com/alibaba/dubbo/rpc/cluster/router/condition/ConditionRouter.java,production,class,False,224,route,32,public,True,True,1,False,,9,ELIGIBLE,,maven,dubbo-cluster,junit4,unknown,,no project java version detected,,1,2,1,COMPILE_FAILED,,,com.alibaba.dubbo.rpc.cluster.router.condition.ConditionRouter,,,,,EXCLUDED,baseline,error: could not create the java virtual machine.,14.471,D:\Ky9\Sample\ARROW\runs\sample_selection\distributed\shard-3\candidates\02889_60683863_60683863_8
2894,39215543,39215543_4.json,https://github.com/raskasa/metrics-okhttp,InstrumentedOkHttpClients,metrics-okhttp/src/main/java/com/raskasa/metrics/okhttp/InstrumentedOkHttpClients.java,production,class,False,50,create,3,public static,False,True,0,True,network,6,EXCLUDED,external_dependency_risk:network;testability_score_below_7,,,,,,,,1,2,0,,,,,,,,,EXCLUDED,semantic,external_dependency_risk:network;testability_score_below_7,1.783,D:\Ky9\Sample\ARROW\runs\sample_selection\distributed\shard-3\candidates\02894_39215543_39215543_4
2899,10624930,10624930_22.json,https://github.com/aerogear/aerogear-unifiedpush-server,UnifiedPushMessage,model/push/src/main/java/org/jboss/aerogear/unifiedpush/message/UnifiedPushMessage.java,production,class,False,125,toStrippedJsonString,17,public,True,True,0,False,,10,ELIGIBLE,,maven,model\push,junit4,11,D:\Ky9\Sample\ARROW\Java-version\java-11,auto-discovered JDK 11,,1,2,2,MODULE_TESTS_PASSED|MODULE_TESTS_PASSED,True,0,org.jboss.aerogear.unifiedpush.message.UnifiedPushMessage,True,TARGET_TEST_PASSED,MODULE_TESTS_PASSED,MODULE_TESTS_PASSED,ELIGIBLE,,,34.631,D:\Ky9\Sample\ARROW\runs\sample_selection\distributed\shard-3\candidates\02899_10624930_10624930_22
2904,5745625,5745625_12.json,https://github.com/square/tape,ObjectQueue,tape/src/main/java/com/squareup/tape2/ObjectQueue.java,production,,,,clear,3,public,False,False,,,,,EXCLUDED,no_observable_behavior,,,,,,,,,2,0,,,,,,,,,EXCLUDED,semantic_metadata,no_observable_behavior,0.010,D:\Ky9\Sample\ARROW\runs\sample_selection\distributed\shard-3\candidates\02904_5745625_5745625_12
2909,59146760,59146760_18.json,https://github.com/phiz71/vertx-swagger,SwaggerRouter,modules/vertx-swagger-router/src/main/java/com/github/phiz71/rxjava/vertx/swagger/router/SwaggerRouter.java,production,,,,SwaggerRouter,3,private,True,True,,,,,EXCLUDED,focal_method_not_directly_testable,,,,,,,,,2,0,,,,,,,,,EXCLUDED,semantic_metadata,focal_method_not_directly_testable,0.012,D:\Ky9\Sample\ARROW\runs\sample_selection\distributed\shard-3\candidates\02909_59146760_59146760_18
2914,102874374,102874374_20.json,https://github.com/eclipse/rdf4j-tools,Federate,console/src/main/java/org/eclipse/rdf4j/console/command/Federate.java,production,,,,execute,17,@Override public,True,False,,,,,EXCLUDED,no_observable_behavior,,,,,,,,,2,0,,,,,,,,,EXCLUDED,semantic_metadata,no_observable_behavior,0.012,D:\Ky9\Sample\ARROW\runs\sample_selection\distributed\shard-3\candidates\02914_102874374_102874374_20
2919,89956253,89956253_0.json,https://github.com/szmg/grafana-dashboard-generator-java,DashboardSerializer,grafana-dashboard-generator/src/main/java/uk/co/szmg/grafana/DashboardSerializer.java,production,class,False,87,write,8,public,True,True,0,False,,9,ELIGIBLE,,maven,grafana-dashboard-generator,junit4,8,D:\Ky9\Sample\ARROW\Java-version\java-8,auto-discovered JDK 8,,1,2,1,ASSERTION_FAILED,,,uk.co.szmg.grafana.DashboardSerializer,,,,,EXCLUDED,baseline,[info] domain ............................................. failure [ 0.943 s],18.732,D:\Ky9\Sample\ARROW\runs\sample_selection\distributed\shard-3\candidates\02919_89956253_89956253_0
2924,34128918,34128918_7.json,https://github.com/onfsdn/atrium-odl,ConfigReader,routingconfig/impl/src/main/java/org/opendaylight/atrium/routingservice/config/ConfigReader.java,production,,,,initialize,19,public static,True,True,,,,,ELIGIBLE,,,,,,,,,1,2,0,,,,,,,,,EXCLUDED,setup,"Error: [('D:\\Ky9\\Sample\\ARROW\\repos\\34128918\\hostservice\\impl\\src\\main\\java\\org\\opendaylight\\yang\\gen\\v1\\urn\\opendaylight\\params\\xml\\ns\\yang\\hostservice\\impl\\rev150725\\HostServiceImplModuleFactory.java', 'D:\\Ky9\\Sample\\ARROW\\runs\\sample_selection\\distributed\\shard-3\\candidates\\02924_34128918_34128918_7\\workspace\\hostservice\\impl\\src\\main\\java\\org\\opendaylight\\yang\\gen\\v1\\urn\\opendaylight\\params\\xml\\ns\\yang\\hostservice\\impl\\rev150725\\HostServiceImplModuleFactory.java', '[WinError 3] The system cannot find the path specified'), ('D:\\Ky9\\Sample\\ARROW\\repos\\34128918\\routingconfig\\impl\\src\\main\\java\\org\\opendaylight\\yang\\gen\\v1\\urn\\opendaylight\\params\\xml\\ns\\yang\\routingconfig\\impl\\rev150725\\RoutingConfigImplModule.java', 'D:\\Ky9\\Sample\\ARROW\\runs\\sample_selection\\distributed\\shard-3\\candidates\\02924_34128918_34128918_7\\workspace\\routingconfig\\impl\\src\\main\\java\\org\\opendaylight\\yang\\gen\\v1\\urn\\opendaylight\\params\\xml\\ns\\yang\\routingconfig\\impl\\rev150725\\RoutingConfigImplModule.java', '[WinError 3] The system cannot find the path specified'), ('D:\\Ky9\\Sample\\ARROW\\repos\\34128918\\routingconfig\\impl\\src\\main\\java\\org\\opendaylight\\yang\\gen\\v1\\urn\\opendaylight\\params\\xml\\ns\\yang\\routingconfig\\impl\\rev150725\\RoutingConfigImplModuleFactory.java', 'D:\\Ky9\\Sample\\ARROW\\runs\\sample_selection\\distributed\\shard-3\\candidates\\02924_34128918_34128918_7\\workspace\\routingconfig\\impl\\src\\main\\java\\org\\opendaylight\\yang\\gen\\v1\\urn\\opendaylight\\params\\xml\\ns\\yang\\routingconfig\\impl\\rev150725\\RoutingConfigImplModuleFactory.java', '[WinError 3] The system cannot find the path specified'), ('D:\\Ky9\\Sample\\ARROW\\repos\\34128918\\routingservice\\impl\\src\\main\\java\\org\\opendaylight\\yang\\gen\\v1\\urn\\opendaylight\\params\\xml\\ns\\yang\\routingservice\\impl\\rev150725\\RoutingserviceImplModule.java', 'D:\\Ky9\\Sample\\ARRO",1.822,D:\Ky9\Sample\ARROW\runs\sample_selection\distributed\shard-3\candidates\02924_34128918_34128918_7
2929,133447770,133447770_167.json,https://github.com/ybj366533/YY-VideoPlayer,SubripDecoder,videoplayer-core/src/main/java/com/google/android/exoplayer2/text/subrip/SubripDecoder.java,production,class,False,229,decode,65,@Override protected,True,True,0,False,,10,ELIGIBLE,,gradle,videoplayer-core,junit4,1,D:\Ky9\Sample\ARROW\Java-version\java-8,auto-discovered compatible JDK 8 for Java 1,,1,2,1,ASSERTION_FAILED,,,com.google.android.exoplayer2.text.subrip.SubripDecoder,,,,,EXCLUDED,baseline,failure: build failed with an exception.,629.264,D:\Ky9\Sample\ARROW\runs\sample_selection\distributed\shard-3\candidates\02929_133447770_133447770_167
2934,745456,745456_18.json,https://github.com/sevntu-checkstyle/sevntu.checkstyle,CheckstyleExtensionPlugin,sevntu-checkstyle-sonar-plugin/src/main/java/com/github/sevntu/checkstyle/sonar/CheckstyleExtensionPlugin.java,production,,,,getExtensions,4,@Override public,True,True,,,,,EXCLUDED,trivial_focal_method,,,,,,,,,2,0,,,,,,,,,EXCLUDED,semantic_metadata,trivial_focal_method,0.021,D:\Ky9\Sample\ARROW\runs\sample_selection\distributed\shard-3\candidates\02934_745456_745456_18
2939,6662839,6662839_18.json,https://github.com/nchovy/kraken,PrimitiveConverter,infra/kraken-api/src/main/java/org/krakenapps/api/PrimitiveConverter.java,production,class,False,313,parse,3,public static,False,True,0,False,,7,ELIGIBLE,,maven,infra\kraken-api,junit4,6,D:\Ky9\Sample\ARROW\Java-version\java-8,auto-discovered compatible JDK 8 for Java 6,,1,2,2,MODULE_TESTS_PASSED|MODULE_TESTS_PASSED,True,0,org.krakenapps.api.PrimitiveConverter,True,TARGET_TEST_PASSED,MODULE_TESTS_PASSED,MODULE_TESTS_PASSED,ELIGIBLE,,,44.792,D:\Ky9\Sample\ARROW\runs\sample_selection\distributed\shard-3\candidates\02939_6662839_6662839_18
2944,47529369,47529369_8.json,https://github.com/mrstampy/gameboot,GameBootMessageController,GameBoot/src/main/java/com/github/mrstampy/gameboot/controller/GameBootMessageController.java,production,class,False,205,process,7,public,True,True,0,False,,10,ELIGIBLE,,gradle,GameBoot,junit4,8,D:\Ky9\Sample\ARROW\Java-version\java-8,auto-discovered JDK 8,,1,2,1,TOOL_ERROR,,,com.github.mrstampy.gameboot.controller.GameBootMessageController,,,,,EXCLUDED,baseline,[WinError 2] The system cannot find the file specified,1.816,D:\Ky9\Sample\ARROW\runs\sample_selection\distributed\shard-3\candidates\02944_47529369_47529369_8
2949,68253152,68253152_290.json,https://github.com/Nike-Inc/backstopper,OneOffSpringWebFluxFrameworkExceptionHandlerListener,backstopper-spring-web-flux/src/main/java/com/nike/backstopper/handler/spring/webflux/listener/impl/OneOffSpringWebFluxFrameworkExceptionHandlerListener.java,production,,,,handleSpringMvcOrWebfluxSpecificFrameworkExceptions,10,@Override protected @NotNull,True,True,,,,,ELIGIBLE,,,,,,,,,1,2,0,,,,,,,,,EXCLUDED,setup,"Error: [('D:\\Ky9\\Sample\\ARROW\\repos\\68253152\\backstopper-reusable-tests-junit5\\src\\main\\java\\com\\nike\\backstopper\\apierror\\contract\\jsr303convention\\ReflectionBasedJsr303AnnotationTrollerBase.java', 'D:\\Ky9\\Sample\\ARROW\\runs\\sample_selection\\distributed\\shard-3\\candidates\\02949_68253152_68253152_290\\workspace\\backstopper-reusable-tests-junit5\\src\\main\\java\\com\\nike\\backstopper\\apierror\\contract\\jsr303convention\\ReflectionBasedJsr303AnnotationTrollerBase.java', '[WinError 3] The system cannot find the path specified'), ('D:\\Ky9\\Sample\\ARROW\\repos\\68253152\\backstopper-reusable-tests-junit5\\src\\main\\java\\com\\nike\\backstopper\\apierror\\contract\\jsr303convention\\VerifyEnumsReferencedByStringConvertsToClassTypeJsr303AnnotationsAreJacksonCaseInsensitiveTest.java', 'D:\\Ky9\\Sample\\ARROW\\runs\\sample_selection\\distributed\\shard-3\\candidates\\02949_68253152_68253152_290\\workspace\\backstopper-reusable-tests-junit5\\src\\main\\java\\com\\nike\\backstopper\\apierror\\contract\\jsr303convention\\VerifyEnumsReferencedByStringConvertsToClassTypeJsr303AnnotationsAreJacksonCaseInsensitiveTest.java', '[WinError 3] The system cannot find the path specified'), ('D:\\Ky9\\Sample\\ARROW\\repos\\68253152\\backstopper-reusable-tests-junit5\\src\\main\\java\\com\\nike\\backstopper\\apierror\\contract\\jsr303convention\\VerifyJsr303ValidationMessagesPointToApiErrorsTest.java', 'D:\\Ky9\\Sample\\ARROW\\runs\\sample_selection\\distributed\\shard-3\\candidates\\02949_68253152_68253152_290\\workspace\\backstopper-reusable-tests-junit5\\src\\main\\java\\com\\nike\\backstopper\\apierror\\contract\\jsr303convention\\VerifyJsr303ValidationMessagesPointToApiErrorsTest.java', '[WinError 3] The system cannot find the path specified'), ('D:\\Ky9\\Sample\\ARROW\\repos\\68253152\\backstopper-reusable-tests-junit5\\src\\test\\java\\com\\nike\\backstopper\\apierror\\contract\\jsr303convention\\ReflectionBasedJsr303AnnotationTrollerBaseTest.java', 'D",4.402,D:\Ky9\Sample\ARROW\runs\sample_selection\distributed\shard-3\candidates\02949_68253152_68253152_290
2954,174687251,174687251_0.json,https://github.com/associazione-rousseau/voting-chain-app,BitcoinAddressValidator,app/src/main/java/com/m2049r/xmrwallet/util/BitcoinAddressValidator.java,production,class,False,73,validate,4,public static,False,True,0,False,,8,ELIGIBLE,,gradle,app,junit4,unknown,D:\Ky9\Sample\ARROW\Java-version\java-8,Gradle 4.10.1 requires compatible JDK 8; auto-discovered,,1,2,1,ASSERTION_FAILED,,,com.m2049r.xmrwallet.util.BitcoinAddressValidator,,,,,EXCLUDED,baseline,failure: build failed with an exception.,826.385,D:\Ky9\Sample\ARROW\runs\sample_selection\distributed\shard-3\candidates\02954_174687251_174687251_0
2959,21357853,21357853_0.json,https://github.com/wordpress-mobile/WordPress-Utils-Android,DateTimeUtils,WordPressUtils/src/main/java/org/wordpress/android/util/DateTimeUtils.java,production,class,False,217,iso8601UTCFromDate,11,public static,True,True,0,True,nondeterminism,8,EXCLUDED,external_dependency_risk:nondeterminism,,,,,,,,1,2,0,,,,,,,,,EXCLUDED,semantic,external_dependency_risk:nondeterminism,2.231,D:\Ky9\Sample\ARROW\runs\sample_selection\distributed\shard-3\candidates\02959_21357853_21357853_0
2964,8686380,8686380_91.json,https://github.com/j-easy/easy-rules,MVELAction,easy-rules-mvel/src/main/java/org/jeasy/rules/mvel/MVELAction.java,production,class,False,70,execute,9,@Override public,True,True,1,False,,9,ELIGIBLE,,maven,easy-rules-mvel,junit4,8,D:\Ky9\Sample\ARROW\Java-version\java-8,auto-discovered JDK 8,,1,2,2,MODULE_TESTS_PASSED|MODULE_TESTS_PASSED,True,1,org.jeasy.rules.mvel.MVELAction,True,TARGET_TEST_PASSED,MODULE_TESTS_PASSED,MODULE_TESTS_PASSED,ELIGIBLE,,,52.730,D:\Ky9\Sample\ARROW\runs\sample_selection\distributed\shard-3\candidates\02964_8686380_8686380_91
2969,40541952,40541952_1.json,https://github.com/matsjj/thundernetwork,ScriptTools,thunder-core/src/main/java/network/thunder/core/etc/ScriptTools.java,production,class,False,235,testScript,30,public static,True,True,0,False,,10,ELIGIBLE,,maven,thunder-core,junit4,8,D:\Ky9\Sample\ARROW\Java-version\java-8,auto-discovered JDK 8,,1,2,1,COMPILE_FAILED,,,network.thunder.core.etc.ScriptTools,,,,,EXCLUDED,baseline,"[error] /d:<path>:[line,col] package com.sun.javafx.geom does not exist",21.875,D:\Ky9\Sample\ARROW\runs\sample_selection\distributed\shard-3\candidates\02969_40541952_40541952_1
2974,164113249,164113249_3.json,https://github.com/little-pinecone/jwt-spring-boot-angular-scaffolding,AuthenticationFilter,backend/src/main/java/in/keepgrowing/jwtspringbootangularscaffolding/security/AuthenticationFilter.java,production,class,False,79,attemptAuthentication,10,@Override public,True,True,4,False,,8,ELIGIBLE,,maven,backend,junit5,11,D:\Ky9\Sample\ARROW\Java-version\java-11,auto-discovered JDK 11,,1,2,1,ASSERTION_FAILED,,,in.keepgrowing.jwtspringbootangularscaffolding.security.AuthenticationFilter,,,,,EXCLUDED,baseline,"failure:org.mockito.exceptions.verification.opentest4j.argumentsaredifferent: argument(s) are different! wanted: response.addheader( ""header"", ""prefixeyjhbgcioijiuzuxmij9.eyjzdwiioijuyw1liiwiyxv0ag9yaxrpzxmiolsidgvzdcjdlcjpyxqiojk0njy4mtiwmcwizxhwijo5ndy2odeymdf9.s8wguahcgmbvfcc4fsyjj-7l98hjo4uwqp5o",198.696,D:\Ky9\Sample\ARROW\runs\sample_selection\distributed\shard-3\candidates\02974_164113249_164113249_3
2979,33015857,33015857_59.json,https://github.com/advantageous/boon,CharScanner,reflekt/src/main/java/io/advantageous/boon/primitive/CharScanner.java,production,class,False,1224,parseLong,19,public static,True,True,0,False,,9,ELIGIBLE,,gradle,.,junit4,1,D:\Ky9\Sample\ARROW\Java-version\java-8,auto-discovered compatible JDK 8 for Java 1,,1,2,1,COMPILE_FAILED,,,io.advantageous.boon.primitive.CharScanner,,,,,EXCLUDED,baseline,<path>:<n>: error: unmappable character for encoding cp1252,305.797,D:\Ky9\Sample\ARROW\runs\sample_selection\distributed\shard-3\candidates\02979_33015857_33015857_59
2984,88777477,88777477_242.json,https://github.com/dizitart/nitrite-database,Romanian,nitrite/src/main/java/org/dizitart/no2/index/fulltext/languages/Romanian.java,production,class,False,467,stopWords,439,@Override public,False,True,0,False,,8,ELIGIBLE,,maven,nitrite,junit4,11,D:\Ky9\Sample\ARROW\Java-version\java-11,auto-discovered JDK 11,,1,2,1,COMPILE_FAILED,,,org.dizitart.no2.index.fulltext.languages.Romanian,,,,,EXCLUDED,baseline,"[error] /d:<path>:[line,col] cannot find symbol",49.171,D:\Ky9\Sample\ARROW\runs\sample_selection\distributed\shard-3\candidates\02984_88777477_88777477_242
2989,140073232,140073232_2.json,https://github.com/MarselSidikov/JAVA_ENTERPRISE_2,UsersRepositoryConnectionImpl,06. SpringJdbcAndDiExample/src/main/java/ru/itis/pizza/repositories/old/UsersRepositoryConnectionImpl.java,production,class,False,93,findAll,15,@Override public,True,True,1,True,database,9,EXCLUDED,external_dependency_risk:database,,,,,,,,1,2,0,,,,,,,,,EXCLUDED,semantic,external_dependency_risk:database,15.310,D:\Ky9\Sample\ARROW\runs\sample_selection\distributed\shard-3\candidates\02989_140073232_140073232_2
2994,75133570,75133570_10.json,https://github.com/ykayacan/Yoloo,TagService,backend/src/main/java/com/yoloo/backend/tag/TagService.java,production,class,False,34,updateTags,25,public,False,True,0,False,,8,ELIGIBLE,,gradle,backend,junit4,1,D:\Ky9\Sample\ARROW\Java-version\java-8,auto-discovered compatible JDK 8 for Java 1,,1,2,1,ASSERTION_FAILED,,,com.yoloo.backend.tag.TagService,,,,,EXCLUDED,baseline,failure: build failed with an exception.,705.451,D:\Ky9\Sample\ARROW\runs\sample_selection\distributed\shard-3\candidates\02994_75133570_75133570_10
2999,46457181,46457181_3.json,https://github.com/RefineriaWeb/base_app_android,GetMenuItemsUseCase,domain/src/main/java/domain/sections/dashboard/GetMenuItemsUseCase.java,production,class,False,39,react,9,@Override public,False,True,2,False,,8,ELIGIBLE,,gradle,domain,junit4,1,D:\Ky9\Sample\ARROW\Java-version\java-8,auto-discovered compatible JDK 8 for Java 1,,1,2,1,ASSERTION_FAILED,,,domain.sections.dashboard.GetMenuItemsUseCase,,,,,EXCLUDED,baseline,"failed to notify projectevaluationlistener.afterevaluate(), but primary configuration failure takes precedence.",52.537,D:\Ky9\Sample\ARROW\runs\sample_selection\distributed\shard-3\candidates\02999_46457181_46457181_3
