candidate_rank,project_id,sample_file,repository_url,focal_class,focal_class_path,source_layout,class_kind,is_abstract,class_loc,focal_method_name,focal_method_loc,focal_method_modifiers,has_control_flow,has_observable_output,constructor_dependency_count,external_dependency_risk,external_risk_reasons,testability_score,semantic_status,semantic_exclusion_reason,build_tool,module_path,testing_framework,detected_java_version,selected_java_home,java_selection_reason,checkout_revision,clone_attempts,baseline_passes_required,baseline_passes_completed,baseline_states,classpath_resolved,classpath_exit_code,focal_class_fqcn,focal_bytecode_found,probe_target_state,probe_module_state,offline_baseline_state,eligibility_status,exclusion_stage,exclusion_reason,elapsed_seconds,artifact_dir
3,992012,992012_1.json,https://github.com/Qi4j/qi4j-extensions,CapitalizingIdentifierConverter,entitystore-qrm/src/main/java/org/qi4j/entitystore/qrm/internal/CapitalizingIdentifierConverter.java,production,class,False,55,convertIdentifier,9,public,True,True,0,False,,9,ELIGIBLE,,gradle,entitystore-qrm,junit4,unknown,,no project java version detected,,1,2,1,TOOL_ERROR,,,org.qi4j.entitystore.qrm.internal.CapitalizingIdentifierConverter,,,,,EXCLUDED,baseline,[WinError 2] The system cannot find the file specified,6.984,D:\ki9\SEP490\ArrowCode\ARROW-paper\ARROW\runs\sample_selection\distributed\shard-2\candidates\00003_992012_992012_1
8,145032308,145032308_3.json,https://github.com/rsocket/rsocket-rpc-java,StringUtil,rsocket-rpc-core/src/main/java/io/rsocket/rpc/util/StringUtil.java,production,class,False,14,hasLetters,10,public static,True,True,0,False,,9,ELIGIBLE,,gradle,rsocket-rpc-core,junit4,8,D:\ki9\SEP490\ArrowCode\ARROW-paper\ARROW\Java-version\java-8,auto-discovered JDK 8,,1,2,1,ASSERTION_FAILED,,,io.rsocket.rpc.util.StringUtil,,,,,EXCLUDED,baseline,failure: build failed with an exception.,121.609,D:\ki9\SEP490\ArrowCode\ARROW-paper\ARROW\runs\sample_selection\distributed\shard-2\candidates\00008_145032308_145032308_3
13,10085184,10085184_0.json,https://github.com/forge/furnace,MavenRepositories,manager/resolver/maven/src/main/java/org/jboss/forge/furnace/manager/maven/util/MavenRepositories.java,production,,,,getRemoteRepositories,9,public static,False,True,,,,,ELIGIBLE,,,,,,,,,1,2,0,,,,,,,,,EXCLUDED,setup,"Error: [('D:\\ki9\\SEP490\\ArrowCode\\ARROW-paper\\ARROW\\repos\\10085184\\container-tests\\src\\test\\resources\\repository\\org\\jboss\\forge\\furnace\\furnace-api\\9999.9.9.Final\\furnace-api-9999.9.9.Final-sources.jar', 'D:\\ki9\\SEP490\\ArrowCode\\ARROW-paper\\ARROW\\runs\\sample_selection\\distributed\\shard-2\\candidates\\00013_10085184_10085184_0\\workspace\\container-tests\\src\\test\\resources\\repository\\org\\jboss\\forge\\furnace\\furnace-api\\9999.9.9.Final\\furnace-api-9999.9.9.Final-sources.jar', ""[Errno 2] No such file or directory: 'D:\\\\ki9\\\\SEP490\\\\ArrowCode\\\\ARROW-paper\\\\ARROW\\\\runs\\\\sample_selection\\\\distributed\\\\shard-2\\\\candidates\\\\00013_10085184_10085184_0\\\\workspace\\\\container-tests\\\\src\\\\test\\\\resources\\\\repository\\\\org\\\\jboss\\\\forge\\\\furnace\\\\furnace-api\\\\9999.9.9.Final\\\\furnace-api-9999.9.9.Final-sources.jar'""), ('D:\\ki9\\SEP490\\ArrowCode\\ARROW-paper\\ARROW\\repos\\10085184\\container-tests\\src\\test\\resources\\repository\\org\\jboss\\forge\\furnace\\furnace-api\\9999.9.9.Final\\furnace-api-9999.9.9.Final-sources.jar.md5', 'D:\\ki9\\SEP490\\ArrowCode\\ARROW-paper\\ARROW\\runs\\sample_selection\\distributed\\shard-2\\candidates\\00013_10085184_10085184_0\\workspace\\container-tests\\src\\test\\resources\\repository\\org\\jboss\\forge\\furnace\\furnace-api\\9999.9.9.Final\\furnace-api-9999.9.9.Final-sources.jar.md5', ""[Errno 2] No such file or directory: 'D:\\\\ki9\\\\SEP490\\\\ArrowCode\\\\ARROW-paper\\\\ARROW\\\\runs\\\\sample_selection\\\\distributed\\\\shard-2\\\\candidates\\\\00013_10085184_10085184_0\\\\workspace\\\\container-tests\\\\src\\\\test\\\\resources\\\\repository\\\\org\\\\jboss\\\\forge\\\\furnace\\\\furnace-api\\\\9999.9.9.Final\\\\furnace-api-9999.9.9.Final-sources.jar.md5'""), ('D:\\ki9\\SEP490\\ArrowCode\\ARROW-paper\\ARROW\\repos\\10085184\\container-tests\\src\\test\\resources\\repository\\org\\jboss\\forge\\furnace\\furnace-api\\9999.9.9.Final\\furnace-api-9999.9.9.",8.593,D:\ki9\SEP490\ArrowCode\ARROW-paper\ARROW\runs\sample_selection\distributed\shard-2\candidates\00013_10085184_10085184_0
18,128274093,128274093_618.json,https://github.com/artem-zinnatullin/error-prone-performance,Functions,rxjava/src/main/java/io/reactivex/internal/functions/Functions.java,production,,,,toFunction,4,public static,True,True,,,,,ELIGIBLE,,,,,,,,,1,2,0,,,,,,,,,EXCLUDED,setup,"Error: [('D:\\ki9\\SEP490\\ArrowCode\\ARROW-paper\\ARROW\\repos\\128274093\\assets\\jdk8\\profile-jdk8-docker\\assemble_error_prone_disable_expensive_checks\\assemble_error_prone_disable_expensive_checks-4.6.jps', 'D:\\ki9\\SEP490\\ArrowCode\\ARROW-paper\\ARROW\\runs\\sample_selection\\distributed\\shard-2\\candidates\\00018_128274093_128274093_618\\workspace\\assets\\jdk8\\profile-jdk8-docker\\assemble_error_prone_disable_expensive_checks\\assemble_error_prone_disable_expensive_checks-4.6.jps', ""[Errno 2] No such file or directory: 'D:\\\\ki9\\\\SEP490\\\\ArrowCode\\\\ARROW-paper\\\\ARROW\\\\runs\\\\sample_selection\\\\distributed\\\\shard-2\\\\candidates\\\\00018_128274093_128274093_618\\\\workspace\\\\assets\\\\jdk8\\\\profile-jdk8-docker\\\\assemble_error_prone_disable_expensive_checks\\\\assemble_error_prone_disable_expensive_checks-4.6.jps'""), ('D:\\ki9\\SEP490\\ArrowCode\\ARROW-paper\\ARROW\\repos\\128274093\\assets\\jdk9\\profile-jdk9-docker\\assemble_error_prone_disable_expensive_checks\\assemble_error_prone_disable_expensive_checks-4.6.jps', 'D:\\ki9\\SEP490\\ArrowCode\\ARROW-paper\\ARROW\\runs\\sample_selection\\distributed\\shard-2\\candidates\\00018_128274093_128274093_618\\workspace\\assets\\jdk9\\profile-jdk9-docker\\assemble_error_prone_disable_expensive_checks\\assemble_error_prone_disable_expensive_checks-4.6.jps', ""[Errno 2] No such file or directory: 'D:\\\\ki9\\\\SEP490\\\\ArrowCode\\\\ARROW-paper\\\\ARROW\\\\runs\\\\sample_selection\\\\distributed\\\\shard-2\\\\candidates\\\\00018_128274093_128274093_618\\\\workspace\\\\assets\\\\jdk9\\\\profile-jdk9-docker\\\\assemble_error_prone_disable_expensive_checks\\\\assemble_error_prone_disable_expensive_checks-4.6.jps'"")]",22.843,D:\ki9\SEP490\ArrowCode\ARROW-paper\ARROW\runs\sample_selection\distributed\shard-2\candidates\00018_128274093_128274093_618
23,30333472,30333472_21.json,https://github.com/aruberto/business-time,BusinessDateTime,business-time-joda/src/main/java/com/github/aruberto/businesstime/joda/BusinessDateTime.java,production,class,False,763,minusMinutes,7,public,True,True,0,False,,9,ELIGIBLE,,gradle,business-time-joda,junit4,6,D:\ki9\SEP490\ArrowCode\ARROW-paper\ARROW\Java-version\java-8,auto-discovered compatible JDK 8 for Java 6,,1,2,1,TOOL_ERROR,,,com.github.aruberto.businesstime.joda.BusinessDateTime,,,,,EXCLUDED,baseline,[WinError 2] The system cannot find the file specified,2.953,D:\ki9\SEP490\ArrowCode\ARROW-paper\ARROW\runs\sample_selection\distributed\shard-2\candidates\00023_30333472_30333472_21
28,67473511,67473511_37.json,https://github.com/strapdata/elasticsearch-hadoop,InitializationUtils,mr/src/main/java/org/elasticsearch/hadoop/rest/InitializationUtils.java,production,,,,validateSettings,31,public static,True,False,,,,,EXCLUDED,no_observable_behavior,,,,,,,,,2,0,,,,,,,,,EXCLUDED,semantic_metadata,no_observable_behavior,0.032,D:\ki9\SEP490\ArrowCode\ARROW-paper\ARROW\runs\sample_selection\distributed\shard-2\candidates\00028_67473511_67473511_37
33,173952800,173952800_30.json,https://github.com/eth-sri/soltix,BytesValue,soltix/src/main/java/soltix/interpretation/values/BytesValue.java,production,class,False,291,bitwiseOr,9,public,True,True,2,False,,9,ELIGIBLE,,maven,soltix,junit4,8,D:\ki9\SEP490\ArrowCode\ARROW-paper\ARROW\Java-version\java-8,auto-discovered JDK 8,,1,2,2,MODULE_TESTS_PASSED|MODULE_TESTS_PASSED,True,0,soltix.interpretation.values.BytesValue,True,TARGET_TEST_PASSED,MODULE_TESTS_PASSED,MODULE_TESTS_PASSED,ELIGIBLE,,,136.672,D:\ki9\SEP490\ArrowCode\ARROW-paper\ARROW\runs\sample_selection\distributed\shard-2\candidates\00033_173952800_173952800_30
38,21432552,21432552_13.json,https://github.com/google/openrtb,OpenRtbUtils,openrtb-core/src/main/java/com/google/openrtb/util/OpenRtbUtils.java,production,,,,bids,3,public static,False,True,,,,,ELIGIBLE,,,,,,,,,,2,0,,,,,,,,,EXCLUDED,setup,"RuntimeError: Repository setup failed after 3 attempts: CalledProcessError: Command '['git', '-c', 'core.longpaths=true', 'clone', '--depth', '1', 'https://github.com/google/openrtb', 'D:\\ki9\\SEP490\\ArrowCode\\ARROW-paper\\ARROW\\repos\\21432552']' returned non-zero exit status 128.",10.593,D:\ki9\SEP490\ArrowCode\ARROW-paper\ARROW\runs\sample_selection\distributed\shard-2\candidates\00038_21432552_21432552_13
43,74458764,74458764_173.json,https://github.com/AmadeusITGroup/HttpSessionReplacer,InitializeSessionManagement,session-replacement/src/main/java/com/amadeus/session/servlet/InitializeSessionManagement.java,production,,,,onStartup,11,@Override public,True,False,,,,,EXCLUDED,no_observable_behavior,,,,,,,,,2,0,,,,,,,,,EXCLUDED,semantic_metadata,no_observable_behavior,0.016,D:\ki9\SEP490\ArrowCode\ARROW-paper\ARROW\runs\sample_selection\distributed\shard-2\candidates\00043_74458764_74458764_173
48,133938603,133938603_4.json,https://github.com/Ahmed-Adel-Ismail/Open-Weather-Maps,CoordinatesConverter,app/src/main/java/com/reactive/owm/domain/database/CoordinatesConverter.java,production,class,False,14,fromCoordinates,4,@TypeConverter public,False,True,0,False,,6,EXCLUDED,testability_score_below_7,,,,,,,,1,2,0,,,,,,,,,EXCLUDED,semantic,testability_score_below_7,7.469,D:\ki9\SEP490\ArrowCode\ARROW-paper\ARROW\runs\sample_selection\distributed\shard-2\candidates\00048_133938603_133938603_4
53,50594316,50594316_8.json,https://github.com/senx/warp10-platform,OrderPreservingBase64,crypto/src/main/java/io/warp10/crypto/OrderPreservingBase64.java,production,class,False,502,encode,3,public static,False,True,0,False,,7,ELIGIBLE,,gradle,crypto,junit4,1,D:\ki9\SEP490\ArrowCode\ARROW-paper\ARROW\Java-version\java-8,auto-discovered compatible JDK 8 for Java 1,,1,2,1,ASSERTION_FAILED,,,io.warp10.crypto.OrderPreservingBase64,,,,,EXCLUDED,baseline,failure: build failed with an exception.,63.766,D:\ki9\SEP490\ArrowCode\ARROW-paper\ARROW\runs\sample_selection\distributed\shard-2\candidates\00053_50594316_50594316_8
58,50105719,50105719_25.json,https://github.com/kawasima/enkan,MethodOverrideMiddleware,enkan-web/src/main/java/enkan/middleware/MethodOverrideMiddleware.java,production,class,False,47,handle,8,@Override public,True,True,0,False,,9,ELIGIBLE,,maven,enkan-web,junit5,21,D:\ki9\SEP490\ArrowCode\ARROW-paper\ARROW\Java-version\java-21,auto-discovered JDK 21,f4b536de43a44cb06d7b0aacb8b9b1a7d298966a,1,2,2,MODULE_TESTS_PASSED|MODULE_TESTS_PASSED,True,1,enkan.middleware.MethodOverrideMiddleware,True,TARGET_TEST_PASSED,MODULE_TESTS_PASSED,MODULE_TESTS_PASSED,ELIGIBLE,,,761.750,D:\ki9\SEP490\ArrowCode\ARROW-paper\ARROW\runs\sample_selection\distributed\shard-2\candidates\00058_50105719_50105719_25
63,34411308,34411308_1.json,https://github.com/fharms/java-examples,MarshallingService,jboss-marshalling-example/src/main/java/com/fharms/marshalling/service/MarshallingService.java,production,class,False,102,deserialize,9,public,True,True,0,False,,9,ELIGIBLE,,maven,jboss-marshalling-example,junit4,8,D:\ki9\SEP490\ArrowCode\ARROW-paper\ARROW\Java-version\java-8,auto-discovered JDK 8,,1,2,2,MODULE_TESTS_PASSED|MODULE_TESTS_PASSED,True,0,com.fharms.marshalling.service.MarshallingService,True,TARGET_TEST_PASSED,MODULE_TESTS_PASSED,MODULE_TESTS_PASSED,ELIGIBLE,,,41.656,D:\ki9\SEP490\ArrowCode\ARROW-paper\ARROW\runs\sample_selection\distributed\shard-2\candidates\00063_34411308_34411308_1
68,85860202,85860202_0.json,https://github.com/HIFILEO/MVPExample,NowPlayingPresenterImpl,app/src/main/java/com/example/mvpexample/presenter/NowPlayingPresenterImpl.java,production,,,,infoLoaded,12,@Override public,True,False,,,,,EXCLUDED,no_observable_behavior,,,,,,,,,2,0,,,,,,,,,EXCLUDED,semantic_metadata,no_observable_behavior,0.015,D:\ki9\SEP490\ArrowCode\ARROW-paper\ARROW\runs\sample_selection\distributed\shard-2\candidates\00068_85860202_85860202_0
73,73535587,73535587_1.json,https://github.com/TiVo/wombat,Envelope,replicator/src/main/java/com/tivo/wombat/replicator/Envelope.java,production,class,False,192,marshal,16,public,True,True,2,False,,10,ELIGIBLE,,gradle,replicator,junit4,unknown,D:\ki9\SEP490\ArrowCode\ARROW-paper\ARROW\Java-version\java-8,Gradle 2.3 requires compatible JDK 8; auto-discovered,,1,2,2,MODULE_TESTS_PASSED|MODULE_TESTS_PASSED,False,1,com.tivo.wombat.replicator.Envelope,False,,,,EXCLUDED,classpath,Không resolve được project classpath,32.422,D:\ki9\SEP490\ArrowCode\ARROW-paper\ARROW\runs\sample_selection\distributed\shard-2\candidates\00073_73535587_73535587_1
78,115838569,115838569_4.json,https://github.com/rebase-it/rebot,KarmaPlugin,rebot-plugins/rebot-karma-plugin/src/main/java/it/rebase/rebot/plugin/karma/KarmaPlugin.java,production,,,,process,32,@Override public,True,True,,,,,ELIGIBLE,,,,,,,,,,2,0,,,,,,,,,EXCLUDED,setup,"RuntimeError: Repository setup failed after 3 attempts: CalledProcessError: Command '['git', '-c', 'core.longpaths=true', 'clone', '--depth', '1', 'https://github.com/rebase-it/rebot', 'D:\\ki9\\SEP490\\ArrowCode\\ARROW-paper\\ARROW\\repos\\115838569']' returned non-zero exit status 128.",9.844,D:\ki9\SEP490\ArrowCode\ARROW-paper\ARROW\runs\sample_selection\distributed\shard-2\candidates\00078_115838569_115838569_4
83,18133301,18133301_5.json,https://github.com/graceland/graceland-core,Platform,graceland-platform/src/main/java/io/graceland/Platform.java,production,class,False,135,forApplication,4,public static,False,True,1,False,,7,ELIGIBLE,,maven,graceland-platform,junit4,7,D:\ki9\SEP490\ArrowCode\ARROW-paper\ARROW\Java-version\java-8,auto-discovered compatible JDK 8 for Java 7,,1,2,2,MODULE_TESTS_PASSED|MODULE_TESTS_PASSED,True,0,io.graceland.Platform,True,TARGET_TEST_PASSED,MODULE_TESTS_PASSED,MODULE_TESTS_PASSED,ELIGIBLE,,,75.703,D:\ki9\SEP490\ArrowCode\ARROW-paper\ARROW\runs\sample_selection\distributed\shard-2\candidates\00083_18133301_18133301_5
88,106200322,106200322_5.json,https://github.com/grafeas/client-java,GrafeasV1Beta1Api,0.1.0/src/main/java/io/swagger/client/api/GrafeasV1Beta1Api.java,production,class,False,1705,deleteOccurrence,4,public,False,True,0,False,,7,ELIGIBLE,,maven,0.1.0,junit4,7,D:\ki9\SEP490\ArrowCode\ARROW-paper\ARROW\Java-version\java-8,auto-discovered compatible JDK 8 for Java 7,,1,2,2,MODULE_TESTS_PASSED|MODULE_TESTS_PASSED,True,0,io.swagger.client.api.GrafeasV1Beta1Api,True,TEST_DISCOVERY_FAILED,,,EXCLUDED,probe_target,generated target test was not discovered,40.390,D:\ki9\SEP490\ArrowCode\ARROW-paper\ARROW\runs\sample_selection\distributed\shard-2\candidates\00088_106200322_106200322_5
93,41371438,41371438_98.json,https://github.com/opendaylight/mdsal,WriteableSubshardBoundaryNode,dom/mdsal-dom-spi/src/main/java/org/opendaylight/mdsal/dom/spi/shard/WriteableSubshardBoundaryNode.java,production,,,,getChildrenWithSubshards,4,@Override public,False,True,,,,,EXCLUDED,trivial_focal_method,,,,,,,,,2,0,,,,,,,,,EXCLUDED,semantic_metadata,trivial_focal_method,0.031,D:\ki9\SEP490\ArrowCode\ARROW-paper\ARROW\runs\sample_selection\distributed\shard-2\candidates\00093_41371438_41371438_98
98,81464583,81464583_3.json,https://github.com/bounswe/bounswe2017group10,Utils,Atlas/android/app/src/main/java/com/bounswe2017/group10/atlas/util/Utils.java,production,,,,isLocalUrl,3,public static,False,True,,,,,EXCLUDED,trivial_focal_method,,,,,,,,,2,0,,,,,,,,,EXCLUDED,semantic_metadata,trivial_focal_method,0.016,D:\ki9\SEP490\ArrowCode\ARROW-paper\ARROW\runs\sample_selection\distributed\shard-2\candidates\00098_81464583_81464583_3
103,927454,927454_3.json,https://github.com/rabbitmq/rabbitmq-tutorials,PublisherConfirms,java-mvn/src/main/java/PublisherConfirms.java,production,unknown,False,1,waitUntil,8,static,True,True,0,False,,8,EXCLUDED,non_concrete:unknown,,,,,,,,1,2,0,,,,,,,,,EXCLUDED,semantic,non_concrete:unknown,11.328,D:\ki9\SEP490\ArrowCode\ARROW-paper\ARROW\runs\sample_selection\distributed\shard-2\candidates\00103_927454_927454_3
108,34456739,34456739_2.json,https://github.com/exallium/AndroidForms,Form,app/src/main/java/com/exallium/AndroidForms/Form.java,production,class,False,171,save,3,public,False,True,1,False,,8,ELIGIBLE,,gradle,app,junit4,unknown,D:\ki9\SEP490\ArrowCode\ARROW-paper\ARROW\Java-version\java-8,Gradle 2.3 requires compatible JDK 8; auto-discovered,,1,2,1,ASSERTION_FAILED,,,com.exallium.AndroidForms.Form,,,,,EXCLUDED,baseline,failure: build failed with an exception.,45.328,D:\ki9\SEP490\ArrowCode\ARROW-paper\ARROW\runs\sample_selection\distributed\shard-2\candidates\00108_34456739_34456739_2
113,28407415,28407415_13.json,https://github.com/dd4t/dd4t-2-java,TCMURI,dd4t-api/src/main/java/org/dd4t/core/util/TCMURI.java,production,,,,toString,4,@Override public,False,True,,,,,EXCLUDED,trivial_focal_method,,,,,,,,,2,0,,,,,,,,,EXCLUDED,semantic_metadata,trivial_focal_method,0.016,D:\ki9\SEP490\ArrowCode\ARROW-paper\ARROW\runs\sample_selection\distributed\shard-2\candidates\00113_28407415_28407415_13
118,171132936,171132936_2.json,https://github.com/xwlcn/Dodder,StringUtil,dodder-common/src/main/java/cc/dodder/common/util/StringUtil.java,production,class,False,178,formatSize,22,public static,True,True,0,False,,10,ELIGIBLE,,maven,dodder-common,junit4,8,D:\ki9\SEP490\ArrowCode\ARROW-paper\ARROW\Java-version\java-8,auto-discovered JDK 8,0cc6992666d7c5d783bb565611d057a34a2426a9,1,2,1,ASSERTION_FAILED,,,cc.dodder.common.util.StringUtil,,,,,EXCLUDED,baseline,[info] dodder-common ...................................... failure [ 40.348 s],69.313,D:\ki9\SEP490\ArrowCode\ARROW-paper\ARROW\runs\sample_selection\distributed\shard-2\candidates\00118_171132936_171132936_2
123,9754885,9754885_1.json,https://github.com/openmrs/openmrs-module-patientmatching,ScorePair,api/src/main/java/org/regenstrief/linkage/util/ScorePair.java,production,class,False,125,getCandidatesFromMultiFieldDemographics,11,protected,True,True,1,False,,10,ELIGIBLE,,maven,api,junit4,8,D:\ki9\SEP490\ArrowCode\ARROW-paper\ARROW\Java-version\java-8,auto-discovered JDK 8,,1,2,2,MODULE_TESTS_PASSED|MODULE_TESTS_PASSED,True,0,org.regenstrief.linkage.util.ScorePair,True,TARGET_TEST_PASSED,MODULE_TESTS_PASSED,MODULE_TESTS_PASSED,ELIGIBLE,,,418.328,D:\ki9\SEP490\ArrowCode\ARROW-paper\ARROW\runs\sample_selection\distributed\shard-2\candidates\00123_9754885_9754885_1
128,46931835,46931835_0.json,https://github.com/manupsunny/gauge-gradle-plugin,GaugePlugin,plugin/src/main/java/com/thoughtworks/gauge/gradle/GaugePlugin.java,production,,,,apply,5,@Override public,False,False,,,,,EXCLUDED,no_observable_behavior,,,,,,,,,2,0,,,,,,,,,EXCLUDED,semantic_metadata,no_observable_behavior,0.016,D:\ki9\SEP490\ArrowCode\ARROW-paper\ARROW\runs\sample_selection\distributed\shard-2\candidates\00128_46931835_46931835_0
133,122514469,122514469_23.json,https://github.com/leberKleber/ljcm,BooleanParser,ljcm-minimal-parser/src/main/java/io/github/leberkleber/ljcm/parser/impl/BooleanParser.java,production,class,False,22,parseValue,7,@Override public,True,True,0,False,,9,ELIGIBLE,,maven,ljcm-minimal-parser,junit4,8,D:\ki9\SEP490\ArrowCode\ARROW-paper\ARROW\Java-version\java-8,auto-discovered JDK 8,,1,2,2,MODULE_TESTS_PASSED|MODULE_TESTS_PASSED,True,1,io.github.leberkleber.ljcm.parser.impl.BooleanParser,True,TARGET_TEST_PASSED,MODULE_TESTS_PASSED,MODULE_TESTS_PASSED,ELIGIBLE,,,38.469,D:\ki9\SEP490\ArrowCode\ARROW-paper\ARROW\runs\sample_selection\distributed\shard-2\candidates\00133_122514469_122514469_23
138,35880827,35880827_6.json,https://github.com/spark3dp/spark-android-SDK,HttpHeaderParser,volley/src/main/java/com/android/volley/toolbox/HttpHeaderParser.java,production,class,False,144,parseCacheHeaders,69,public static,True,True,0,True,nondeterminism,8,EXCLUDED,external_dependency_risk:nondeterminism,,,,,,,,1,2,0,,,,,,,,,EXCLUDED,semantic,external_dependency_risk:nondeterminism,6.156,D:\ki9\SEP490\ArrowCode\ARROW-paper\ARROW\runs\sample_selection\distributed\shard-2\candidates\00138_35880827_35880827_6
143,15845284,15845284_0.json,https://github.com/lordi/tickmate,ChooseGroupActivity,app/src/main/java/de/smasi/tickmate/views/ChooseGroupActivity.java,production,,,,onListItemClick,11,@Override protected,True,False,,,,,EXCLUDED,no_observable_behavior,,,,,,,,,2,0,,,,,,,,,EXCLUDED,semantic_metadata,no_observable_behavior,0.016,D:\ki9\SEP490\ArrowCode\ARROW-paper\ARROW\runs\sample_selection\distributed\shard-2\candidates\00143_15845284_15845284_0
148,157370190,157370190_6.json,https://github.com/sf105/refactoring-golf,BandedTaxCalculator,src/payroll/hole09/BandedTaxCalculator.java,nonstandard,,,,taxFor,4,@Override public,False,True,,,,,EXCLUDED,source_layout:nonstandard,,,,,,,,,2,0,,,,,,,,,EXCLUDED,semantic_metadata,source_layout:nonstandard,0.000,D:\ki9\SEP490\ArrowCode\ARROW-paper\ARROW\runs\sample_selection\distributed\shard-2\candidates\00148_157370190_157370190_6
153,79666748,79666748_1.json,https://github.com/pakoito/RxCurrying2,RxCurryingConsumer,rxcurrying2/src/main/java/com/pacoworks/rxcurrying2/RxCurryingConsumer.java,production,class,False,302,curry,13,public static,False,True,0,False,,7,ELIGIBLE,,gradle,rxcurrying2,junit4,6,D:\ki9\SEP490\ArrowCode\ARROW-paper\ARROW\Java-version\java-8,auto-discovered compatible JDK 8 for Java 6,,1,2,2,MODULE_TESTS_PASSED|MODULE_TESTS_PASSED,False,1,com.pacoworks.rxcurrying2.RxCurryingConsumer,False,,,,EXCLUDED,classpath,Không resolve được project classpath,26.422,D:\ki9\SEP490\ArrowCode\ARROW-paper\ARROW\runs\sample_selection\distributed\shard-2\candidates\00153_79666748_79666748_1
158,37208641,37208641_44.json,https://github.com/loyada/dollarx,ElementProperties,jdollarx/src/main/java/com/github/loyada/jdollarx/ElementProperties.java,production,class,False,1050,isBeforeSibling,8,public static,False,True,0,False,,6,EXCLUDED,testability_score_below_7,,,,,,,,1,2,0,,,,,,,,,EXCLUDED,semantic,testability_score_below_7,30.343,D:\ki9\SEP490\ArrowCode\ARROW-paper\ARROW\runs\sample_selection\distributed\shard-2\candidates\00158_37208641_37208641_44
163,31989343,31989343_19.json,https://github.com/SparkPost/java-sparkpost,RecipientList,libs/sparkpost-lib/src/main/java/com/sparkpost/model/RecipientList.java,production,,,,asStoredRecipientList,5,public,False,True,,,,,ELIGIBLE,,,,,,,,,1,2,0,,,,,,,,,EXCLUDED,setup,FileExistsError: [WinError 183] Cannot create a file when that file already exists: 'D:\\ki9\\SEP490\\ArrowCode\\ARROW-paper\\ARROW\\runs\\sample_selection\\distributed\\shard-2\\candidates\\00163_31989343_31989343_19\\workspace',0.031,D:\ki9\SEP490\ArrowCode\ARROW-paper\ARROW\runs\sample_selection\distributed\shard-2\candidates\00163_31989343_31989343_19
168,76684353,76684353_3.json,https://github.com/universum-studios/android_pager_adapters,FragmentPagerAdapter,library-persistent/src/main/java/universum/studios/android/pager/adapter/FragmentPagerAdapter.java,production,,,,getItemId,3,public,False,True,,,,,EXCLUDED,trivial_focal_method,,,,,,,,,2,0,,,,,,,,,EXCLUDED,semantic_metadata,trivial_focal_method,0.000,D:\ki9\SEP490\ArrowCode\ARROW-paper\ARROW\runs\sample_selection\distributed\shard-2\candidates\00168_76684353_76684353_3
173,84320045,84320045_0.json,https://github.com/CodeFX-org/java-9-wtf,GraphicsBounds,graphics-bounds/src/main/java/wtf/java9/graphics_bounds/GraphicsBounds.java,production,class,False,17,createBounds,6,public static,False,True,0,False,,7,ELIGIBLE,,maven,graphics-bounds,junit5,8,D:\ki9\SEP490\ArrowCode\ARROW-paper\ARROW\Java-version\java-8,auto-discovered JDK 8,,1,2,2,MODULE_TESTS_PASSED|MODULE_TESTS_PASSED,True,0,wtf.java9.graphics_bounds.GraphicsBounds,True,TARGET_TEST_PASSED,MODULE_TESTS_PASSED,MODULE_TESTS_PASSED,ELIGIBLE,,,36.672,D:\ki9\SEP490\ArrowCode\ARROW-paper\ARROW\runs\sample_selection\distributed\shard-2\candidates\00173_84320045_84320045_0
178,3216014,3216014_8.json,https://github.com/apache/chemistry-opencmis,LoremIpsum,chemistry-opencmis-server/chemistry-opencmis-server-inmemory/src/main/java/org/apache/chemistry/opencmis/inmemory/content/loremipsum/LoremIpsum.java,production,,,,splitSentences,3,static,False,True,,,,,ELIGIBLE,,,,,,,,,1,2,0,,,,,,,,,EXCLUDED,setup,"Error: [('D:\\ki9\\SEP490\\ArrowCode\\ARROW-paper\\ARROW\\repos\\3216014\\chemistry-opencmis-android\\chemistry-opencmis-android-client\\src\\main\\java\\org\\apache\\chemistry\\opencmis\\client\\bindings', 'D:\\ki9\\SEP490\\ArrowCode\\ARROW-paper\\ARROW\\runs\\sample_selection\\distributed\\shard-2\\candidates\\00178_3216014_3216014_8\\workspace\\chemistry-opencmis-android\\chemistry-opencmis-android-client\\src\\main\\java\\org\\apache\\chemistry\\opencmis\\client\\bindings', ""[WinError 206] The filename or extension is too long: 'D:\\\\ki9\\\\SEP490\\\\ArrowCode\\\\ARROW-paper\\\\ARROW\\\\runs\\\\sample_selection\\\\distributed\\\\shard-2\\\\candidates\\\\00178_3216014_3216014_8\\\\workspace\\\\chemistry-opencmis-android\\\\chemistry-opencmis-android-client\\\\src\\\\main\\\\java\\\\org\\\\apache\\\\chemistry\\\\opencmis\\\\client\\\\bindings'""), ('D:\\ki9\\SEP490\\ArrowCode\\ARROW-paper\\ARROW\\repos\\3216014\\chemistry-opencmis-android\\chemistry-opencmis-android-client\\src\\main\\java\\org\\apache\\chemistry\\opencmis\\commons\\impl\\XMLConverter.java', 'D:\\ki9\\SEP490\\ArrowCode\\ARROW-paper\\ARROW\\runs\\sample_selection\\distributed\\shard-2\\candidates\\00178_3216014_3216014_8\\workspace\\chemistry-opencmis-android\\chemistry-opencmis-android-client\\src\\main\\java\\org\\apache\\chemistry\\opencmis\\commons\\impl\\XMLConverter.java', ""[Errno 2] No such file or directory: 'D:\\\\ki9\\\\SEP490\\\\ArrowCode\\\\ARROW-paper\\\\ARROW\\\\runs\\\\sample_selection\\\\distributed\\\\shard-2\\\\candidates\\\\00178_3216014_3216014_8\\\\workspace\\\\chemistry-opencmis-android\\\\chemistry-opencmis-android-client\\\\src\\\\main\\\\java\\\\org\\\\apache\\\\chemistry\\\\opencmis\\\\commons\\\\impl\\\\XMLConverter.java'""), ('D:\\ki9\\SEP490\\ArrowCode\\ARROW-paper\\ARROW\\repos\\3216014\\chemistry-opencmis-android\\chemistry-opencmis-android-client\\src\\main\\java\\org\\apache\\chemistry\\opencmis\\commons\\impl\\XMLUtils.java', 'D:\\ki9\\SEP490\\ArrowCode\\ARROW-paper",17.625,D:\ki9\SEP490\ArrowCode\ARROW-paper\ARROW\runs\sample_selection\distributed\shard-2\candidates\00178_3216014_3216014_8
183,11799054,11799054_55.json,https://github.com/klamann/maps4cim,HeaderParser,maps4cim-core/src/main/java/de/nx42/maps4cim/header/HeaderParser.java,production,class,False,342,parse,4,public static,False,True,0,True,filesystem,6,EXCLUDED,external_dependency_risk:filesystem;testability_score_below_7,,,,,,,,1,2,0,,,,,,,,,EXCLUDED,semantic,external_dependency_risk:filesystem;testability_score_below_7,6.953,D:\ki9\SEP490\ArrowCode\ARROW-paper\ARROW\runs\sample_selection\distributed\shard-2\candidates\00183_11799054_11799054_55
188,21970330,21970330_0.json,https://github.com/citrusframework/citrus-samples,EmployeeResource,demo/sample-javaee/src/main/java/com/consol/citrus/samples/javaee/employee/EmployeeResource.java,production,,,,get,9,"@GET @Produces({ ""application/json"", ""application/xml"" }) @Path(""{id}"") public",True,True,,,,,ELIGIBLE,,,,,,,,cd05f8110b07d5dd49c4abab56a09d75fe64da0f,1,2,0,,,,,,,,,EXCLUDED,setup,"Error: [('D:\\ki9\\SEP490\\ArrowCode\\ARROW-paper\\ARROW\\repos\\21970330\\demo\\sample-bookstore\\src\\main\\java\\com\\consol\\citrus\\samples\\bookstore\\endpoint\\interceptor\\BookAbstractAttachmentEndpointInterceptor.java', 'D:\\ki9\\SEP490\\ArrowCode\\ARROW-paper\\ARROW\\runs\\sample_selection\\distributed\\shard-2\\candidates\\00188_21970330_21970330_0\\workspace\\demo\\sample-bookstore\\src\\main\\java\\com\\consol\\citrus\\samples\\bookstore\\endpoint\\interceptor\\BookAbstractAttachmentEndpointInterceptor.java', ""[Errno 2] No such file or directory: 'D:\\\\ki9\\\\SEP490\\\\ArrowCode\\\\ARROW-paper\\\\ARROW\\\\runs\\\\sample_selection\\\\distributed\\\\shard-2\\\\candidates\\\\00188_21970330_21970330_0\\\\workspace\\\\demo\\\\sample-bookstore\\\\src\\\\main\\\\java\\\\com\\\\consol\\\\citrus\\\\samples\\\\bookstore\\\\endpoint\\\\interceptor\\\\BookAbstractAttachmentEndpointInterceptor.java'"")]",35.656,D:\ki9\SEP490\ArrowCode\ARROW-paper\ARROW\runs\sample_selection\distributed\shard-2\candidates\00188_21970330_21970330_0
193,223421707,223421707_0.json,https://github.com/AutomationDirect/ProductivityBlocks,WorkspaceController,openblocks/src/main/java/edu/mit/blocks/controller/WorkspaceController.java,production,class,False,665,loadProjectFromPath,24,public,True,True,0,True,filesystem,8,EXCLUDED,external_dependency_risk:filesystem,,,,,,,,1,2,0,,,,,,,,,EXCLUDED,semantic,external_dependency_risk:filesystem,15.265,D:\ki9\SEP490\ArrowCode\ARROW-paper\ARROW\runs\sample_selection\distributed\shard-2\candidates\00193_223421707_223421707_0
198,173230987,173230987_11.json,https://github.com/PegaSysEng/ethsigner,DownstreamPathCalculator,ethsigner/core/src/main/java/tech/pegasys/ethsigner/core/requesthandler/sendtransaction/DownstreamPathCalculator.java,production,,,,calculateDownstreamPath,10,public,True,True,,,,,ELIGIBLE,,,,,,,,,1,2,0,,,,,,,,,EXCLUDED,setup,"Error: [('D:\\ki9\\SEP490\\ArrowCode\\ARROW-paper\\ARROW\\repos\\173230987\\acceptance-tests\\src\\test\\java\\tech\\pegasys\\ethsigner\\tests\\multikeysigner\\transactionsigning\\MultiKeyAzureTransactionSignerAcceptanceTest.java', 'D:\\ki9\\SEP490\\ArrowCode\\ARROW-paper\\ARROW\\runs\\sample_selection\\distributed\\shard-2\\candidates\\00198_173230987_173230987_11\\workspace\\acceptance-tests\\src\\test\\java\\tech\\pegasys\\ethsigner\\tests\\multikeysigner\\transactionsigning\\MultiKeyAzureTransactionSignerAcceptanceTest.java', ""[Errno 2] No such file or directory: 'D:\\\\ki9\\\\SEP490\\\\ArrowCode\\\\ARROW-paper\\\\ARROW\\\\runs\\\\sample_selection\\\\distributed\\\\shard-2\\\\candidates\\\\00198_173230987_173230987_11\\\\workspace\\\\acceptance-tests\\\\src\\\\test\\\\java\\\\tech\\\\pegasys\\\\ethsigner\\\\tests\\\\multikeysigner\\\\transactionsigning\\\\MultiKeyAzureTransactionSignerAcceptanceTest.java'""), ('D:\\ki9\\SEP490\\ArrowCode\\ARROW-paper\\ARROW\\repos\\173230987\\acceptance-tests\\src\\test\\java\\tech\\pegasys\\ethsigner\\tests\\multikeysigner\\transactionsigning\\MultiKeyFileBasedTransactionSignerAcceptanceTest.java', 'D:\\ki9\\SEP490\\ArrowCode\\ARROW-paper\\ARROW\\runs\\sample_selection\\distributed\\shard-2\\candidates\\00198_173230987_173230987_11\\workspace\\acceptance-tests\\src\\test\\java\\tech\\pegasys\\ethsigner\\tests\\multikeysigner\\transactionsigning\\MultiKeyFileBasedTransactionSignerAcceptanceTest.java', ""[Errno 2] No such file or directory: 'D:\\\\ki9\\\\SEP490\\\\ArrowCode\\\\ARROW-paper\\\\ARROW\\\\runs\\\\sample_selection\\\\distributed\\\\shard-2\\\\candidates\\\\00198_173230987_173230987_11\\\\workspace\\\\acceptance-tests\\\\src\\\\test\\\\java\\\\tech\\\\pegasys\\\\ethsigner\\\\tests\\\\multikeysigner\\\\transactionsigning\\\\MultiKeyFileBasedTransactionSignerAcceptanceTest.java'""), ('D:\\ki9\\SEP490\\ArrowCode\\ARROW-paper\\ARROW\\repos\\173230987\\acceptance-tests\\src\\test\\java\\tech\\pegasys\\ethsigner\\tests\\multikey",6.875,D:\ki9\SEP490\ArrowCode\ARROW-paper\ARROW\runs\sample_selection\distributed\shard-2\candidates\00198_173230987_173230987_11
203,48556027,48556027_4.json,https://github.com/virtualzone/tubewarder,TwitterOauth,outputhandlers/twitter/src/main/java/net/weweave/tubewarder/outputhandler/TwitterOauth.java,production,class,False,133,getSignatureBaseString,9,public static,False,True,0,True,nondeterminism,7,EXCLUDED,external_dependency_risk:nondeterminism,,,,,,,,1,2,0,,,,,,,,,EXCLUDED,semantic,external_dependency_risk:nondeterminism,12.203,D:\ki9\SEP490\ArrowCode\ARROW-paper\ARROW\runs\sample_selection\distributed\shard-2\candidates\00203_48556027_48556027_4
208,1161604,1161604_0.json,https://github.com/fcrepo3/trippi,MulgaraConnector,trippi-mulgara/src/main/java/org/trippi/impl/mulgara/MulgaraConnector.java,production,class,False,271,getReader,12,@Override public,True,True,0,False,,10,ELIGIBLE,,maven,trippi-mulgara,junit4,6,D:\ki9\SEP490\ArrowCode\ARROW-paper\ARROW\Java-version\java-8,auto-discovered compatible JDK 8 for Java 6,,1,2,1,ASSERTION_FAILED,,,org.trippi.impl.mulgara.MulgaraConnector,,,,,EXCLUDED,baseline,[info] trippi-core ........................................ failure [ 0.224 s],7.766,D:\ki9\SEP490\ArrowCode\ARROW-paper\ARROW\runs\sample_selection\distributed\shard-2\candidates\00208_1161604_1161604_0
213,7731254,7731254_25.json,https://github.com/richfaces/richfaces,DataGridRenderer,components/rich/src/main/java/org/richfaces/renderkit/DataGridRenderer.java,production,,,,doEncodeChildren,17,@Override protected,False,False,,,,,EXCLUDED,no_observable_behavior,,,,,,,,,2,0,,,,,,,,,EXCLUDED,semantic_metadata,no_observable_behavior,0.015,D:\ki9\SEP490\ArrowCode\ARROW-paper\ARROW\runs\sample_selection\distributed\shard-2\candidates\00213_7731254_7731254_25
218,212184596,212184596_0.json,https://github.com/eventuate-examples/eventuate-micronaut-examples-customers-and-orders,Money,common/src/main/java/net/chrisrichardson/eventstore/examples/customersandorders/common/domain/Money.java,production,,,,getAmount,3,public,False,True,,,,,EXCLUDED,trivial_focal_method,,,,,,,,,2,0,,,,,,,,,EXCLUDED,semantic_metadata,trivial_focal_method,0.000,D:\ki9\SEP490\ArrowCode\ARROW-paper\ARROW\runs\sample_selection\distributed\shard-2\candidates\00218_212184596_212184596_0
223,23227907,23227907_137.json,https://github.com/entando/entando-core,LanguageService,engine/src/main/java/org/entando/entando/aps/system/services/language/LanguageService.java,production,,,,getLanguages,19,@Override public,True,True,,,,,ELIGIBLE,,,,,,,,,2,2,0,,,,,,,,,EXCLUDED,setup,"Error: [('D:\\ki9\\SEP490\\ArrowCode\\ARROW-paper\\ARROW\\repos\\23227907\\admin-console\\src\\main\\java\\com\\agiletec\\apsadmin\\system\\entity\\type\\AbstractBaseEntityAttributeConfigAction-conversion.properties', 'D:\\ki9\\SEP490\\ArrowCode\\ARROW-paper\\ARROW\\runs\\sample_selection\\distributed\\shard-2\\candidates\\00223_23227907_23227907_137\\workspace\\admin-console\\src\\main\\java\\com\\agiletec\\apsadmin\\system\\entity\\type\\AbstractBaseEntityAttributeConfigAction-conversion.properties', ""[Errno 2] No such file or directory: 'D:\\\\ki9\\\\SEP490\\\\ArrowCode\\\\ARROW-paper\\\\ARROW\\\\runs\\\\sample_selection\\\\distributed\\\\shard-2\\\\candidates\\\\00223_23227907_23227907_137\\\\workspace\\\\admin-console\\\\src\\\\main\\\\java\\\\com\\\\agiletec\\\\apsadmin\\\\system\\\\entity\\\\type\\\\AbstractBaseEntityAttributeConfigAction-conversion.properties'""), ('D:\\ki9\\SEP490\\ArrowCode\\ARROW-paper\\ARROW\\repos\\23227907\\admin-console\\src\\test\\java\\org\\entando\\entando\\aps\\internalservlet\\system\\dispatcher\\FrontServletActionRedirectResultIntegrationTest.java', 'D:\\ki9\\SEP490\\ArrowCode\\ARROW-paper\\ARROW\\runs\\sample_selection\\distributed\\shard-2\\candidates\\00223_23227907_23227907_137\\workspace\\admin-console\\src\\test\\java\\org\\entando\\entando\\aps\\internalservlet\\system\\dispatcher\\FrontServletActionRedirectResultIntegrationTest.java', ""[Errno 2] No such file or directory: 'D:\\\\ki9\\\\SEP490\\\\ArrowCode\\\\ARROW-paper\\\\ARROW\\\\runs\\\\sample_selection\\\\distributed\\\\shard-2\\\\candidates\\\\00223_23227907_23227907_137\\\\workspace\\\\admin-console\\\\src\\\\test\\\\java\\\\org\\\\entando\\\\entando\\\\aps\\\\internalservlet\\\\system\\\\dispatcher\\\\FrontServletActionRedirectResultIntegrationTest.java'""), ('D:\\ki9\\SEP490\\ArrowCode\\ARROW-paper\\ARROW\\repos\\23227907\\engine\\src\\main\\java\\org\\entando\\entando\\aps\\system\\common\\entity\\model\\attribute\\util\\EnumeratorMapAttributeItemsExtractor.java',",510.235,D:\ki9\SEP490\ArrowCode\ARROW-paper\ARROW\runs\sample_selection\distributed\shard-2\candidates\00223_23227907_23227907_137
228,55970511,55970511_3.json,https://github.com/processtech/runawfe-free-server,JbpmBusinessCalendar,wfe-core/src/main/java/ru/runa/wfe/commons/bc/legacy/JbpmBusinessCalendar.java,production,class,False,129,apply,4,@Override public,False,True,0,False,,7,ELIGIBLE,,maven,wfe-core,testng,unknown,,no project java version detected,,1,2,1,COMPILE_FAILED,,,ru.runa.wfe.commons.bc.legacy.JbpmBusinessCalendar,,,,,EXCLUDED,baseline,[error] failed to execute goal org.apache.maven.plugins:maven-compiler-plugin:<n>.1:compile (default-compile) on project wfe-core: fatal error compiling: java.lang.exceptionininitializererror: unable to make field private com.sun.tools.javac.processing.javacprocessingenvironment$discoveredprocessors,50.469,D:\ki9\SEP490\ArrowCode\ARROW-paper\ARROW\runs\sample_selection\distributed\shard-2\candidates\00228_55970511_55970511_3
233,91104663,91104663_8.json,https://github.com/Adyen/adyen-android,ModelUtils,core-v3/src/main/java/com/adyen/checkout/core/model/ModelUtils.java,production,class,False,126,serializeOptList,11,@Nullable public static,True,True,0,False,,9,ELIGIBLE,,gradle,core-v3,junit4,unknown,D:\ki9\SEP490\ArrowCode\ARROW-paper\ARROW\Java-version\java-11,Gradle 5.2.1 requires compatible JDK 11; auto-discovered,2e0eb946dba2ca5befefb90bd6f5a615f8f1720d,1,2,1,ASSERTION_FAILED,,,com.adyen.checkout.core.model.ModelUtils,,,,,EXCLUDED,baseline,failure: build failed with an exception.,51.547,D:\ki9\SEP490\ArrowCode\ARROW-paper\ARROW\runs\sample_selection\distributed\shard-2\candidates\00233_91104663_91104663_8
238,65368111,65368111_18.json,https://github.com/AIMRL/ITE,RoadSegment,movsim-master/core/src/main/java/org/movsim/simulator/roadnetwork/RoadSegment.java,production,,,,sourceLane,7,public final,True,True,,,,,ELIGIBLE,,,,,,,,,1,2,0,,,,,,,,,EXCLUDED,setup,"Error: [('D:\\ki9\\SEP490\\ArrowCode\\ARROW-paper\\ARROW\\repos\\65368111\\movsim-master\\tdescenariodeveloper\\src\\main\\java\\org\\tde\\tdescenariodeveloper\\eventhandling\\MovsimConfigContextMouseListener.java', 'D:\\ki9\\SEP490\\ArrowCode\\ARROW-paper\\ARROW\\runs\\sample_selection\\distributed\\shard-2\\candidates\\00238_65368111_65368111_18\\workspace\\movsim-master\\tdescenariodeveloper\\src\\main\\java\\org\\tde\\tdescenariodeveloper\\eventhandling\\MovsimConfigContextMouseListener.java', ""[Errno 2] No such file or directory: 'D:\\\\ki9\\\\SEP490\\\\ArrowCode\\\\ARROW-paper\\\\ARROW\\\\runs\\\\sample_selection\\\\distributed\\\\shard-2\\\\candidates\\\\00238_65368111_65368111_18\\\\workspace\\\\movsim-master\\\\tdescenariodeveloper\\\\src\\\\main\\\\java\\\\org\\\\tde\\\\tdescenariodeveloper\\\\eventhandling\\\\MovsimConfigContextMouseListener.java'""), ('D:\\ki9\\SEP490\\ArrowCode\\ARROW-paper\\ARROW\\repos\\65368111\\movsim-master\\xsd\\src\\main\\java\\org\\movsim\\simulator\\vehicles\\longitudinalmodel\\acceleration\\parameter\\IModelParameterGipps.java', 'D:\\ki9\\SEP490\\ArrowCode\\ARROW-paper\\ARROW\\runs\\sample_selection\\distributed\\shard-2\\candidates\\00238_65368111_65368111_18\\workspace\\movsim-master\\xsd\\src\\main\\java\\org\\movsim\\simulator\\vehicles\\longitudinalmodel\\acceleration\\parameter\\IModelParameterGipps.java', ""[Errno 2] No such file or directory: 'D:\\\\ki9\\\\SEP490\\\\ArrowCode\\\\ARROW-paper\\\\ARROW\\\\runs\\\\sample_selection\\\\distributed\\\\shard-2\\\\candidates\\\\00238_65368111_65368111_18\\\\workspace\\\\movsim-master\\\\xsd\\\\src\\\\main\\\\java\\\\org\\\\movsim\\\\simulator\\\\vehicles\\\\longitudinalmodel\\\\acceleration\\\\parameter\\\\IModelParameterGipps.java'""), ('D:\\ki9\\SEP490\\ArrowCode\\ARROW-paper\\ARROW\\repos\\65368111\\movsim-master\\xsd\\src\\main\\java\\org\\movsim\\simulator\\vehicles\\longitudinalmodel\\acceleration\\parameter\\IModelParameterKrauss.java', 'D:\\ki9\\SEP490\\ArrowCode\\ARROW-pa",18.656,D:\ki9\SEP490\ArrowCode\ARROW-paper\ARROW\runs\sample_selection\distributed\shard-2\candidates\00238_65368111_65368111_18
243,77541577,77541577_1.json,https://github.com/logzio/logzio-java-sender,LogzioSender,logzio-sender/src/main/java/io/logz/sender/LogzioSender.java,production,,,,send,4,public,False,False,,,,,EXCLUDED,no_observable_behavior,,,,,,,,,2,0,,,,,,,,,EXCLUDED,semantic_metadata,no_observable_behavior,0.000,D:\ki9\SEP490\ArrowCode\ARROW-paper\ARROW\runs\sample_selection\distributed\shard-2\candidates\00243_77541577_77541577_1
248,157534574,157534574_0.json,https://github.com/yueshutong/JavaMonitor,Jps,JavaMonitor/src/main/java/com/github/onblog/java_monitor/core/order/Jps.java,production,,,,jps,25,public static,True,True,,,,,ELIGIBLE,,,,,,,,,,2,0,,,,,,,,,EXCLUDED,setup,"RuntimeError: Repository setup failed after 3 attempts: CalledProcessError: Command '['git', '-c', 'core.longpaths=true', 'clone', '--depth', '1', 'https://github.com/yueshutong/JavaMonitor', 'D:\\ki9\\SEP490\\ArrowCode\\ARROW-paper\\ARROW\\repos\\157534574']' returned non-zero exit status 128.",9.984,D:\ki9\SEP490\ArrowCode\ARROW-paper\ARROW\runs\sample_selection\distributed\shard-2\candidates\00248_157534574_157534574_0
253,10820374,10820374_28.json,https://github.com/Xceptance/XCMailr,MailApiController,xcmailr-webapp/src/main/java/controllers/restapi/MailApiController.java,production,class,False,318,getMail,16,public,True,True,0,True,database,8,EXCLUDED,external_dependency_risk:database,,,,,,,,1,2,0,,,,,,,,,EXCLUDED,semantic,external_dependency_risk:database,7.672,D:\ki9\SEP490\ArrowCode\ARROW-paper\ARROW\runs\sample_selection\distributed\shard-2\candidates\00253_10820374_10820374_28
258,229560773,229560773_1.json,https://github.com/minecraft-initiative/UniversalFriends,Operations,UniversalFriends-core/src/main/java/me/ironexception/universalfriends/configuration/Operations.java,production,,,,getByFriendliness,3,public static,False,True,,,,,EXCLUDED,trivial_focal_method,,,,,,,,,2,0,,,,,,,,,EXCLUDED,semantic_metadata,trivial_focal_method,0.015,D:\ki9\SEP490\ArrowCode\ARROW-paper\ARROW\runs\sample_selection\distributed\shard-2\candidates\00258_229560773_229560773_1
263,127906883,127906883_7.json,https://github.com/DTStack/flinkx,StringUtil,flinkx-core/src/main/java/com/dtstack/flinkx/util/StringUtil.java,production,,,,col2string,64,public static,True,True,,,,,ELIGIBLE,,,,,,,,,1,2,0,,,,,,,,,EXCLUDED,setup,FileNotFoundError: Cannot resolve focal class path: flinkx-core/src/main/java/com/dtstack/flinkx/util/StringUtil.java,3.485,D:\ki9\SEP490\ArrowCode\ARROW-paper\ARROW\runs\sample_selection\distributed\shard-2\candidates\00263_127906883_127906883_7
268,76284858,76284858_1.json,https://github.com/Stuie/papercut,AnnotationProcessor,papercut-compiler/src/main/java/ie/stu/papercut/compiler/AnnotationProcessor.java,production,,,,init,7,@Override public synchronized,False,False,,,,,EXCLUDED,no_observable_behavior,,,,,,,,,2,0,,,,,,,,,EXCLUDED,semantic_metadata,no_observable_behavior,0.015,D:\ki9\SEP490\ArrowCode\ARROW-paper\ARROW\runs\sample_selection\distributed\shard-2\candidates\00268_76284858_76284858_1
273,35483832,35483832_8.json,https://github.com/joshuajnoble/SecretLifeOfObjects,EigenvalueDecomposition,day5/encog/src/main/java/org/encog/mathutil/matrices/decomposition/EigenvalueDecomposition.java,production,,,,getImagEigenvalues,3,public,False,True,,,,,EXCLUDED,trivial_focal_method,,,,,,,,,2,0,,,,,,,,,EXCLUDED,semantic_metadata,trivial_focal_method,0.000,D:\ki9\SEP490\ArrowCode\ARROW-paper\ARROW\runs\sample_selection\distributed\shard-2\candidates\00273_35483832_35483832_8
278,1205842,1205842_0.json,https://github.com/salaboy/smart-tasks,GraphTaskOperations,smart-tasks-form-builder/src/main/java/com/wordpress/salaboy/smarttasks/formbuilder/model/GraphTaskOperations.java,production,,,,getOperationsList,12,@Override public,True,True,,,,,ELIGIBLE,,,,,,,,,1,2,0,,,,,,,,,EXCLUDED,setup,"Error: [('D:\\ki9\\SEP490\\ArrowCode\\ARROW-paper\\ARROW\\repos\\1205842\\smart-tasks-activiti-impl\\src\\main\\java\\com\\wordpress\\salaboy\\smarttasks\\activiti5wrapper\\adapter\\Activiti5TTaskAbstractAdapter.java', 'D:\\ki9\\SEP490\\ArrowCode\\ARROW-paper\\ARROW\\runs\\sample_selection\\distributed\\shard-2\\candidates\\00278_1205842_1205842_0\\workspace\\smart-tasks-activiti-impl\\src\\main\\java\\com\\wordpress\\salaboy\\smarttasks\\activiti5wrapper\\adapter\\Activiti5TTaskAbstractAdapter.java', ""[Errno 2] No such file or directory: 'D:\\\\ki9\\\\SEP490\\\\ArrowCode\\\\ARROW-paper\\\\ARROW\\\\runs\\\\sample_selection\\\\distributed\\\\shard-2\\\\candidates\\\\00278_1205842_1205842_0\\\\workspace\\\\smart-tasks-activiti-impl\\\\src\\\\main\\\\java\\\\com\\\\wordpress\\\\salaboy\\\\smarttasks\\\\activiti5wrapper\\\\adapter\\\\Activiti5TTaskAbstractAdapter.java'""), ('D:\\ki9\\SEP490\\ArrowCode\\ARROW-paper\\ARROW\\repos\\1205842\\smart-tasks-activiti-impl\\src\\main\\java\\com\\wordpress\\salaboy\\smarttasks\\activiti5wrapper\\conf\\ActivitiHumanTaskClientConfiguration.java', 'D:\\ki9\\SEP490\\ArrowCode\\ARROW-paper\\ARROW\\runs\\sample_selection\\distributed\\shard-2\\candidates\\00278_1205842_1205842_0\\workspace\\smart-tasks-activiti-impl\\src\\main\\java\\com\\wordpress\\salaboy\\smarttasks\\activiti5wrapper\\conf\\ActivitiHumanTaskClientConfiguration.java', ""[Errno 2] No such file or directory: 'D:\\\\ki9\\\\SEP490\\\\ArrowCode\\\\ARROW-paper\\\\ARROW\\\\runs\\\\sample_selection\\\\distributed\\\\shard-2\\\\candidates\\\\00278_1205842_1205842_0\\\\workspace\\\\smart-tasks-activiti-impl\\\\src\\\\main\\\\java\\\\com\\\\wordpress\\\\salaboy\\\\smarttasks\\\\activiti5wrapper\\\\conf\\\\ActivitiHumanTaskClientConfiguration.java'""), ('D:\\ki9\\SEP490\\ArrowCode\\ARROW-paper\\ARROW\\repos\\1205842\\smart-tasks-client-examples\\human-task-web-ui-example\\src\\main\\resources\\uihelper\\definitions\\formDefinitions\\ReviewDocument.config.json', 'D:\\ki9\\SEP490\\Arr",7.985,D:\ki9\SEP490\ArrowCode\ARROW-paper\ARROW\runs\sample_selection\distributed\shard-2\candidates\00278_1205842_1205842_0
283,70767609,70767609_3.json,https://github.com/code-not-found/spring-ws,TicketAgentClient,spring-ws-soapaction-header/src/main/java/com/codenotfound/ws/client/TicketAgentClient.java,production,class,False,27,listFlights,11,"@SuppressWarnings(""unchecked"") public",False,True,0,False,,8,ELIGIBLE,,maven,spring-ws-soapaction-header,junit4,8,D:\ki9\SEP490\ArrowCode\ARROW-paper\ARROW\Java-version\java-8,auto-discovered JDK 8,,1,2,2,MODULE_TESTS_PASSED|MODULE_TESTS_PASSED,True,0,com.codenotfound.ws.client.TicketAgentClient,True,TARGET_TEST_PASSED,MODULE_TESTS_PASSED,MODULE_TESTS_PASSED,ELIGIBLE,,,83.547,D:\ki9\SEP490\ArrowCode\ARROW-paper\ARROW\runs\sample_selection\distributed\shard-2\candidates\00283_70767609_70767609_3
288,29397553,29397553_11.json,https://github.com/RankSys/RankSys,AveragePrecision,RankSys-metrics/src/main/java/es/uam/eps/ir/ranksys/metrics/basic/AveragePrecision.java,production,class,False,66,evaluate,22,@Override public,True,True,2,False,,9,ELIGIBLE,,maven,RankSys-metrics,junit4,8,D:\ki9\SEP490\ArrowCode\ARROW-paper\ARROW\Java-version\java-8,auto-discovered JDK 8,,1,2,2,MODULE_TESTS_PASSED|MODULE_TESTS_PASSED,True,1,es.uam.eps.ir.ranksys.metrics.basic.AveragePrecision,True,TARGET_TEST_PASSED,MODULE_TESTS_PASSED,MODULE_TESTS_PASSED,ELIGIBLE,,,46.609,D:\ki9\SEP490\ArrowCode\ARROW-paper\ARROW\runs\sample_selection\distributed\shard-2\candidates\00288_29397553_29397553_11
293,71376921,71376921_9.json,https://github.com/masterlittle/RGson,RGson,rgson/src/main/java/RGson.java,production,class,False,249,read,8,public,False,True,1,False,,7,ELIGIBLE,,gradle,rgson,junit4,6,D:\ki9\SEP490\ArrowCode\ARROW-paper\ARROW\Java-version\java-8,auto-discovered compatible JDK 8 for Java 6,,1,2,1,COMPILE_FAILED,,,RGson,,,,,EXCLUDED,baseline,error: could not find or load main class org.gradle.wrapper.gradlewrappermain,3.781,D:\ki9\SEP490\ArrowCode\ARROW-paper\ARROW\runs\sample_selection\distributed\shard-2\candidates\00293_71376921_71376921_9
298,19668829,19668829_1.json,https://github.com/capnproto/capnproto-java,ArrayInputStream,runtime/src/main/java/org/capnproto/ArrayInputStream.java,production,class,False,59,read,14,@Override public final,True,True,1,False,,9,ELIGIBLE,,maven,runtime,junit5,8,D:\ki9\SEP490\ArrowCode\ARROW-paper\ARROW\Java-version\java-8,auto-discovered JDK 8,,1,2,2,MODULE_TESTS_PASSED|MODULE_TESTS_PASSED,True,0,org.capnproto.ArrayInputStream,True,TARGET_TEST_PASSED,MODULE_TESTS_PASSED,MODULE_TESTS_PASSED,ELIGIBLE,,,50.891,D:\ki9\SEP490\ArrowCode\ARROW-paper\ARROW\runs\sample_selection\distributed\shard-2\candidates\00298_19668829_19668829_1
303,828909,828909_12.json,https://github.com/StumbleUponArchive/hbase,AccessController,security/src/main/java/org/apache/hadoop/hbase/security/access/AccessController.java,production,class,False,1004,preBalanceSwitch,6,@Override public,False,True,0,False,,6,EXCLUDED,testability_score_below_7,,,,,,,,1,2,0,,,,,,,,,EXCLUDED,semantic,testability_score_below_7,19.797,D:\ki9\SEP490\ArrowCode\ARROW-paper\ARROW\runs\sample_selection\distributed\shard-2\candidates\00303_828909_828909_12
308,75065038,75065038_2.json,https://github.com/storezhang/utils,CollectionUtils,util/src/main/java/com/ruijc/util/CollectionUtils.java,production,class,False,147,get,7,public static,True,True,0,False,,9,ELIGIBLE,,maven,util,junit4,8,D:\ki9\SEP490\ArrowCode\ARROW-paper\ARROW\Java-version\java-8,auto-discovered JDK 8,,1,2,2,MODULE_TESTS_PASSED|MODULE_TESTS_PASSED,True,0,com.ruijc.util.CollectionUtils,True,TARGET_TEST_PASSED,MODULE_TESTS_PASSED,MODULE_TESTS_PASSED,ELIGIBLE,,,54.922,D:\ki9\SEP490\ArrowCode\ARROW-paper\ARROW\runs\sample_selection\distributed\shard-2\candidates\00308_75065038_75065038_2
313,34202547,34202547_34.json,https://github.com/Sauilitired/Kvantum,AsciiString,ServerAPI/src/main/java/xyz/kvantum/server/api/util/AsciiString.java,production,class,False,373,compareTo,6,@Override public,True,True,1,False,,9,ELIGIBLE,,maven,ServerAPI,junit5,10,,JDK 10 not mapped; using system default Java,,1,2,1,COMPILE_FAILED,,,xyz.kvantum.server.api.util.AsciiString,,,,,EXCLUDED,baseline,"[error] /d:<path>:[line,col] package lombok does not exist",22.266,D:\ki9\SEP490\ArrowCode\ARROW-paper\ARROW\runs\sample_selection\distributed\shard-2\candidates\00313_34202547_34202547_34
318,26094155,26094155_18.json,https://github.com/integram/cleverbus,DelegateConfirmationCallback,core/src/main/java/org/cleverbus/core/common/asynch/confirm/DelegateConfirmationCallback.java,production,class,False,78,getImplementation,18,@Nullable protected,True,True,0,False,,9,ELIGIBLE,,maven,core,junit4,8,D:\ki9\SEP490\ArrowCode\ARROW-paper\ARROW\Java-version\java-8,auto-discovered JDK 8,,1,2,1,ASSERTION_FAILED,,,org.cleverbus.core.common.asynch.confirm.DelegateConfirmationCallback,,,,,EXCLUDED,baseline,"tests run: 2, failures: 0, errors: 0, skipped: 0, time elapsed: 0.002 sec - in org.cleverbus.common.toolstest",82.610,D:\ki9\SEP490\ArrowCode\ARROW-paper\ARROW\runs\sample_selection\distributed\shard-2\candidates\00318_26094155_26094155_18
323,47121388,47121388_2.json,https://github.com/smoketurner/pipeline,AmazonS3ClientManager,pipeline-application/src/main/java/com/smoketurner/pipeline/application/managed/AmazonS3ClientManager.java,production,,,,stop,4,@Override public,False,False,,,,,EXCLUDED,no_observable_behavior,,,,,,,,,2,0,,,,,,,,,EXCLUDED,semantic_metadata,no_observable_behavior,0.000,D:\ki9\SEP490\ArrowCode\ARROW-paper\ARROW\runs\sample_selection\distributed\shard-2\candidates\00323_47121388_47121388_2
328,13028147,13028147_70.json,https://github.com/openmrs/openmrs-module-radiology,RadiologyOrderResource,omod/src/main/java/org/openmrs/module/radiology/order/web/resource/RadiologyOrderResource.java,production,,,,getDisplayString,10,"@PropertyGetter(""display"") public",True,True,,,,,ELIGIBLE,,,,,,,,,1,2,0,,,,,,,,,EXCLUDED,setup,"Error: [('D:\\ki9\\SEP490\\ArrowCode\\ARROW-paper\\ARROW\\repos\\13028147\\acceptanceTest\\plugin\\mUpdate\\src\\main\\resources\\META-INF\\gradle-plugins\\org.openmrs.module.radiology.gradle.moduleUpdater.properties', 'D:\\ki9\\SEP490\\ArrowCode\\ARROW-paper\\ARROW\\runs\\sample_selection\\distributed\\shard-2\\candidates\\00328_13028147_13028147_70\\workspace\\acceptanceTest\\plugin\\mUpdate\\src\\main\\resources\\META-INF\\gradle-plugins\\org.openmrs.module.radiology.gradle.moduleUpdater.properties', ""[Errno 2] No such file or directory: 'D:\\\\ki9\\\\SEP490\\\\ArrowCode\\\\ARROW-paper\\\\ARROW\\\\runs\\\\sample_selection\\\\distributed\\\\shard-2\\\\candidates\\\\00328_13028147_13028147_70\\\\workspace\\\\acceptanceTest\\\\plugin\\\\mUpdate\\\\src\\\\main\\\\resources\\\\META-INF\\\\gradle-plugins\\\\org.openmrs.module.radiology.gradle.moduleUpdater.properties'""), ('D:\\ki9\\SEP490\\ArrowCode\\ARROW-paper\\ARROW\\repos\\13028147\\api\\src\\test\\resources\\mrrttemplates\\ihe\\connectathon\\2015\\CTChestAbdomen-missingReferenceTermsForTemplateAttributesTermElements.html', 'D:\\ki9\\SEP490\\ArrowCode\\ARROW-paper\\ARROW\\runs\\sample_selection\\distributed\\shard-2\\candidates\\00328_13028147_13028147_70\\workspace\\api\\src\\test\\resources\\mrrttemplates\\ihe\\connectathon\\2015\\CTChestAbdomen-missingReferenceTermsForTemplateAttributesTermElements.html', ""[Errno 2] No such file or directory: 'D:\\\\ki9\\\\SEP490\\\\ArrowCode\\\\ARROW-paper\\\\ARROW\\\\runs\\\\sample_selection\\\\distributed\\\\shard-2\\\\candidates\\\\00328_13028147_13028147_70\\\\workspace\\\\api\\\\src\\\\test\\\\resources\\\\mrrttemplates\\\\ihe\\\\connectathon\\\\2015\\\\CTChestAbdomen-missingReferenceTermsForTemplateAttributesTermElements.html'""), ('D:\\ki9\\SEP490\\ArrowCode\\ARROW-paper\\ARROW\\repos\\13028147\\api\\src\\test\\resources\\mrrttemplates\\ihe\\connectathon\\2015\\invalidMrrtReportTemplate-codingSchemesShouldHaveAtLeastOneCodingSchemeElement.html', 'D:\\ki9\\SEP490\\ArrowCod",7.859,D:\ki9\SEP490\ArrowCode\ARROW-paper\ARROW\runs\sample_selection\distributed\shard-2\candidates\00328_13028147_13028147_70
333,777444,777444_4.json,https://github.com/rhuss/jolokia,JvmAgentConfig,agent/jvm/src/main/java/org/jolokia/jvmagent/JvmAgentConfig.java,production,,,,isModeStop,3,public,False,True,,,,,EXCLUDED,trivial_focal_method,,,,,,,,,2,0,,,,,,,,,EXCLUDED,semantic_metadata,trivial_focal_method,0.000,D:\ki9\SEP490\ArrowCode\ARROW-paper\ARROW\runs\sample_selection\distributed\shard-2\candidates\00333_777444_777444_4
338,53510819,53510819_5.json,https://github.com/patloew/RxWear,BaseRx,library/src/main/java/com/patloew/rxwear/BaseRx.java,production,class,True,92,createApiClient,16,protected,True,True,3,False,,9,EXCLUDED,non_concrete:class:abstract,,,,,,,,1,2,0,,,,,,,,,EXCLUDED,semantic,non_concrete:class:abstract,3.156,D:\ki9\SEP490\ArrowCode\ARROW-paper\ARROW\runs\sample_selection\distributed\shard-2\candidates\00338_53510819_53510819_5
343,17278009,17278009_48.json,https://github.com/rhq-project/rhq,ChangeSetDAO,modules/enterprise/server/plugins/drift-mongodb/src/main/java/org/rhq/enterprise/server/plugins/drift/mongodb/dao/ChangeSetDAO.java,production,,,,findEntries,74,public,True,True,,,,,ELIGIBLE,,,,,,,,,1,2,0,,,,,,,,,EXCLUDED,setup,"Error: [('D:\\ki9\\SEP490\\ArrowCode\\ARROW-paper\\ARROW\\repos\\17278009\\etc\\samples\\provisioning\\sample-bundle\\src\\main\\petstore\\server\\default\\deploy\\petstore.ear\\petstore-ejb.jar\\com\\sun', 'D:\\ki9\\SEP490\\ArrowCode\\ARROW-paper\\ARROW\\runs\\sample_selection\\distributed\\shard-2\\candidates\\00343_17278009_17278009_48\\workspace\\etc\\samples\\provisioning\\sample-bundle\\src\\main\\petstore\\server\\default\\deploy\\petstore.ear\\petstore-ejb.jar\\com\\sun', ""[WinError 206] The filename or extension is too long: 'D:\\\\ki9\\\\SEP490\\\\ArrowCode\\\\ARROW-paper\\\\ARROW\\\\runs\\\\sample_selection\\\\distributed\\\\shard-2\\\\candidates\\\\00343_17278009_17278009_48\\\\workspace\\\\etc\\\\samples\\\\provisioning\\\\sample-bundle\\\\src\\\\main\\\\petstore\\\\server\\\\default\\\\deploy\\\\petstore.ear\\\\petstore-ejb.jar\\\\com\\\\sun'""), ('D:\\ki9\\SEP490\\ArrowCode\\ARROW-paper\\ARROW\\repos\\17278009\\etc\\samples\\provisioning\\sample-bundle\\src\\main\\petstore\\server\\default\\deploy\\petstore.ear\\petstore-ejb.jar\\META-INF', 'D:\\ki9\\SEP490\\ArrowCode\\ARROW-paper\\ARROW\\runs\\sample_selection\\distributed\\shard-2\\candidates\\00343_17278009_17278009_48\\workspace\\etc\\samples\\provisioning\\sample-bundle\\src\\main\\petstore\\server\\default\\deploy\\petstore.ear\\petstore-ejb.jar\\META-INF', ""[WinError 206] The filename or extension is too long: 'D:\\\\ki9\\\\SEP490\\\\ArrowCode\\\\ARROW-paper\\\\ARROW\\\\runs\\\\sample_selection\\\\distributed\\\\shard-2\\\\candidates\\\\00343_17278009_17278009_48\\\\workspace\\\\etc\\\\samples\\\\provisioning\\\\sample-bundle\\\\src\\\\main\\\\petstore\\\\server\\\\default\\\\deploy\\\\petstore.ear\\\\petstore-ejb.jar\\\\META-INF'""), ('D:\\ki9\\SEP490\\ArrowCode\\ARROW-paper\\ARROW\\repos\\17278009\\etc\\samples\\provisioning\\sample-bundle\\src\\main\\petstore\\server\\default\\deploy\\petstore.ear\\petstore.war\\bp_petstorelist_one_div.js', 'D:\\ki9\\SEP490\\ArrowCode\\ARROW-paper\\ARROW\\runs",133.656,D:\ki9\SEP490\ArrowCode\ARROW-paper\ARROW\runs\sample_selection\distributed\shard-2\candidates\00343_17278009_17278009_48
348,35890978,35890978_26.json,https://github.com/google/caliper,ParsedOptions,caliper-runner/src/main/java/com/google/caliper/runner/options/ParsedOptions.java,production,class,False,501,from,12,public static,True,True,2,True,filesystem,8,EXCLUDED,external_dependency_risk:filesystem,,,,,,,,1,2,0,,,,,,,,,EXCLUDED,semantic,external_dependency_risk:filesystem,10.250,D:\ki9\SEP490\ArrowCode\ARROW-paper\ARROW\runs\sample_selection\distributed\shard-2\candidates\00348_35890978_35890978_26
353,1045976,1045976_7.json,https://github.com/bartdag/py4j,ReflectionEngine,py4j-java/src/main/java/py4j/reflection/ReflectionEngine.java,production,class,False,425,getMethod,14,public,True,True,0,False,,9,ELIGIBLE,,maven,py4j-java,junit4,6,D:\ki9\SEP490\ArrowCode\ARROW-paper\ARROW\Java-version\java-8,auto-discovered compatible JDK 8 for Java 6,,1,2,2,MODULE_TESTS_PASSED|MODULE_TESTS_PASSED,True,0,py4j.reflection.ReflectionEngine,True,TARGET_TEST_PASSED,MODULE_TESTS_PASSED,MODULE_TESTS_PASSED,ELIGIBLE,,,114.593,D:\ki9\SEP490\ArrowCode\ARROW-paper\ARROW\runs\sample_selection\distributed\shard-2\candidates\00353_1045976_1045976_7
358,32332642,32332642_42.json,https://github.com/opendaylight/alto,BwmonitorImpl,alto-basic/alto-bwmonitor/impl/src/main/java/org/opendaylight/alto/basic/impl/BwmonitorImpl.java,production,,,,bwmonitorUnsubscribe,17,@Override public,True,True,,,,,ELIGIBLE,,,,,,,,,1,2,0,,,,,,,,,EXCLUDED,setup,"Error: [('D:\\ki9\\SEP490\\ArrowCode\\ARROW-paper\\ARROW\\repos\\32332642\\alto-basic\\manual-maps\\api\\src\\main\\java\\org\\opendaylight\\yang\\gen\\v1\\urn\\alto\\manual\\maps\\endpointproperty\\rev151021', 'D:\\ki9\\SEP490\\ArrowCode\\ARROW-paper\\ARROW\\runs\\sample_selection\\distributed\\shard-2\\candidates\\00358_32332642_32332642_42\\workspace\\alto-basic\\manual-maps\\api\\src\\main\\java\\org\\opendaylight\\yang\\gen\\v1\\urn\\alto\\manual\\maps\\endpointproperty\\rev151021', ""[WinError 206] The filename or extension is too long: 'D:\\\\ki9\\\\SEP490\\\\ArrowCode\\\\ARROW-paper\\\\ARROW\\\\runs\\\\sample_selection\\\\distributed\\\\shard-2\\\\candidates\\\\00358_32332642_32332642_42\\\\workspace\\\\alto-basic\\\\manual-maps\\\\api\\\\src\\\\main\\\\java\\\\org\\\\opendaylight\\\\yang\\\\gen\\\\v1\\\\urn\\\\alto\\\\manual\\\\maps\\\\endpointproperty\\\\rev151021'""), ('D:\\ki9\\SEP490\\ArrowCode\\ARROW-paper\\ARROW\\repos\\32332642\\alto-basic\\manual-maps\\api\\src\\main\\java\\org\\opendaylight\\yang\\gen\\v1\\urn\\alto\\manual\\maps\\networkmap\\rev151021\\EndpointAddressTypeBuilder.java', 'D:\\ki9\\SEP490\\ArrowCode\\ARROW-paper\\ARROW\\runs\\sample_selection\\distributed\\shard-2\\candidates\\00358_32332642_32332642_42\\workspace\\alto-basic\\manual-maps\\api\\src\\main\\java\\org\\opendaylight\\yang\\gen\\v1\\urn\\alto\\manual\\maps\\networkmap\\rev151021\\EndpointAddressTypeBuilder.java', ""[Errno 2] No such file or directory: 'D:\\\\ki9\\\\SEP490\\\\ArrowCode\\\\ARROW-paper\\\\ARROW\\\\runs\\\\sample_selection\\\\distributed\\\\shard-2\\\\candidates\\\\00358_32332642_32332642_42\\\\workspace\\\\alto-basic\\\\manual-maps\\\\api\\\\src\\\\main\\\\java\\\\org\\\\opendaylight\\\\yang\\\\gen\\\\v1\\\\urn\\\\alto\\\\manual\\\\maps\\\\networkmap\\\\rev151021\\\\EndpointAddressTypeBuilder.java'""), ('D:\\ki9\\SEP490\\ArrowCode\\ARROW-paper\\ARROW\\repos\\32332642\\alto-basic\\simple-ecs\\impl\\src\\main\\java\\org\\opendaylight\\alto\\basic\\endpointcostserv",11.110,D:\ki9\SEP490\ArrowCode\ARROW-paper\ARROW\runs\sample_selection\distributed\shard-2\candidates\00358_32332642_32332642_42
363,1946637,1946637_152.json,https://github.com/ocpsoft/rewrite,Servlet25DispatcherTypeProvider,impl-servlet-2.5/src/main/java/org/ocpsoft/rewrite/servlet/impl/Servlet25DispatcherTypeProvider.java,production,class,False,49,getDispatcherType,15,@Override public,True,True,0,True,framework_context,8,EXCLUDED,external_dependency_risk:framework_context,,,,,,,,1,2,0,,,,,,,,,EXCLUDED,semantic,external_dependency_risk:framework_context,26.313,D:\ki9\SEP490\ArrowCode\ARROW-paper\ARROW\runs\sample_selection\distributed\shard-2\candidates\00363_1946637_1946637_152
368,59890339,59890339_10.json,https://github.com/vertretungsplanme/substitution-schedule-parser,LoginHandler,parser/src/main/java/me/vertretungsplan/parser/LoginHandler.java,production,,,,handleLogin,4,,False,False,,,,,EXCLUDED,no_observable_behavior,,,,,,,,,2,0,,,,,,,,,EXCLUDED,semantic_metadata,no_observable_behavior,0.000,D:\ki9\SEP490\ArrowCode\ARROW-paper\ARROW\runs\sample_selection\distributed\shard-2\candidates\00368_59890339_59890339_10
373,18208577,18208577_2.json,https://github.com/alt236/EasyCursor---Android,EasyObjectCursor,library/src/main/java/uk/co/alt236/easycursor/objectcursor/EasyObjectCursor.java,production,class,False,386,getColumnIndex,5,@Override public,False,True,3,False,,8,ELIGIBLE,,gradle,library,junit4,1,D:\ki9\SEP490\ArrowCode\ARROW-paper\ARROW\Java-version\java-8,auto-discovered compatible JDK 8 for Java 1,d15bcd13ad9f694e6ef09a3fba6ee25668b00038,1,2,1,ASSERTION_FAILED,,,uk.co.alt236.easycursor.objectcursor.EasyObjectCursor,,,,,EXCLUDED,baseline,failure: build failed with an exception.,37.985,D:\ki9\SEP490\ArrowCode\ARROW-paper\ARROW\runs\sample_selection\distributed\shard-2\candidates\00373_18208577_18208577_2
378,55416134,55416134_0.json,https://github.com/CaMnter/MailOtto,Mailbox,library/src/main/java/me/drakeet/mailotto/Mailbox.java,production,class,False,162,post,13,public,True,True,0,False,,9,ELIGIBLE,,gradle,library,junit4,unknown,D:\ki9\SEP490\ArrowCode\ARROW-paper\ARROW\Java-version\java-8,Gradle 2.10 requires compatible JDK 8; auto-discovered,,1,2,1,ASSERTION_FAILED,,,me.drakeet.mailotto.Mailbox,,,,,EXCLUDED,baseline,"failed to notify projectevaluationlistener.afterevaluate(), but primary configuration failure takes precedence.",127.703,D:\ki9\SEP490\ArrowCode\ARROW-paper\ARROW\runs\sample_selection\distributed\shard-2\candidates\00378_55416134_55416134_0
383,17627031,17627031_32.json,https://github.com/openpreserve/jhove,XmlHandler,jhove-core/src/main/java/edu/harvard/hul/ois/jhove/handler/XmlHandler.java,production,,,,showNisoImageMetadata10,16,protected,False,False,,,,,EXCLUDED,no_observable_behavior,,,,,,,,,2,0,,,,,,,,,EXCLUDED,semantic_metadata,no_observable_behavior,0.000,D:\ki9\SEP490\ArrowCode\ARROW-paper\ARROW\runs\sample_selection\distributed\shard-2\candidates\00383_17627031_17627031_32
388,136564461,136564461_103.json,https://github.com/halu5071/edwards,Ed25519PublicKeyDelegate,eddsa/src/main/java/io/moatwel/crypto/eddsa/ed25519/Ed25519PublicKeyDelegate.java,production,class,False,35,generatePublicKeySeed,10,@Override public,True,True,1,False,,9,ELIGIBLE,,gradle,eddsa,junit4,7,D:\ki9\SEP490\ArrowCode\ARROW-paper\ARROW\Java-version\java-8,auto-discovered compatible JDK 8 for Java 7,,1,2,2,MODULE_TESTS_PASSED|MODULE_TESTS_PASSED,,,io.moatwel.crypto.eddsa.ed25519.Ed25519PublicKeyDelegate,,,,,EXCLUDED,setup,FileNotFoundError: [WinError 3] The system cannot find the path specified: 'D:\\ki9\\SEP490\\ArrowCode\\ARROW-paper\\ARROW\\runs\\sample_selection\\distributed\\shard-2\\candidates\\00388_136564461_136564461_103\\workspace\\eddsa\\build\\tmp\\expandedArchives\\org.jacoco.agent-0.8.1.jar_16670a76000912152d9d3da9154738d1\\META-INF\\maven\\org.jacoco\\org.jacoco.agent',157.406,D:\ki9\SEP490\ArrowCode\ARROW-paper\ARROW\runs\sample_selection\distributed\shard-2\candidates\00388_136564461_136564461_103
393,51512653,51512653_14.json,https://github.com/dice-group/Squirrel,MongoDBIpBasedQueue,squirrel.frontier/src/main/java/org/dice_research/squirrel/queue/ipbased/MongoDBIpBasedQueue.java,production,,,,addCrawleableUri,11,protected,True,False,,,,,EXCLUDED,no_observable_behavior,,,,,,,,,2,0,,,,,,,,,EXCLUDED,semantic_metadata,no_observable_behavior,0.000,D:\ki9\SEP490\ArrowCode\ARROW-paper\ARROW\runs\sample_selection\distributed\shard-2\candidates\00393_51512653_51512653_14
398,7263059,7263059_6.json,https://github.com/joyent/java-manta,HttpDownloadContinuationMarker,java-manta-client-unshaded/src/main/java/com/joyent/manta/http/HttpDownloadContinuationMarker.java,production,,,,validateInitialExchange,41,static,True,True,,,,,ELIGIBLE,,,,,,,,,1,2,0,,,,,,,,,EXCLUDED,setup,"Error: [('D:\\ki9\\SEP490\\ArrowCode\\ARROW-paper\\ARROW\\repos\\7263059\\java-manta-client-kryo-serialization\\src\\test\\java\\com\\joyent\\manta\\serialization\\EncryptedMultipartUploadSerializationHelperTest.java', 'D:\\ki9\\SEP490\\ArrowCode\\ARROW-paper\\ARROW\\runs\\sample_selection\\distributed\\shard-2\\candidates\\00398_7263059_7263059_6\\workspace\\java-manta-client-kryo-serialization\\src\\test\\java\\com\\joyent\\manta\\serialization\\EncryptedMultipartUploadSerializationHelperTest.java', ""[Errno 2] No such file or directory: 'D:\\\\ki9\\\\SEP490\\\\ArrowCode\\\\ARROW-paper\\\\ARROW\\\\runs\\\\sample_selection\\\\distributed\\\\shard-2\\\\candidates\\\\00398_7263059_7263059_6\\\\workspace\\\\java-manta-client-kryo-serialization\\\\src\\\\test\\\\java\\\\com\\\\joyent\\\\manta\\\\serialization\\\\EncryptedMultipartUploadSerializationHelperTest.java'""), ('D:\\ki9\\SEP490\\ArrowCode\\ARROW-paper\\ARROW\\repos\\7263059\\java-manta-client-unshaded\\src\\test\\java\\com\\joyent\\manta\\client\\crypto\\MantaEncryptedObjectInputStreamAutoFailureRecoveryTest.java', 'D:\\ki9\\SEP490\\ArrowCode\\ARROW-paper\\ARROW\\runs\\sample_selection\\distributed\\shard-2\\candidates\\00398_7263059_7263059_6\\workspace\\java-manta-client-unshaded\\src\\test\\java\\com\\joyent\\manta\\client\\crypto\\MantaEncryptedObjectInputStreamAutoFailureRecoveryTest.java', ""[Errno 2] No such file or directory: 'D:\\\\ki9\\\\SEP490\\\\ArrowCode\\\\ARROW-paper\\\\ARROW\\\\runs\\\\sample_selection\\\\distributed\\\\shard-2\\\\candidates\\\\00398_7263059_7263059_6\\\\workspace\\\\java-manta-client-unshaded\\\\src\\\\test\\\\java\\\\com\\\\joyent\\\\manta\\\\client\\\\crypto\\\\MantaEncryptedObjectInputStreamAutoFailureRecoveryTest.java'"")]",19.640,D:\ki9\SEP490\ArrowCode\ARROW-paper\ARROW\runs\sample_selection\distributed\shard-2\candidates\00398_7263059_7263059_6
403,24335430,24335430_8.json,https://github.com/Stratio/stratio-connector-decision,DecisionStorageEngine,connector-decision/src/main/java/com/stratio/connector/decision/core/engine/DecisionStorageEngine.java,production,,,,insert,22,@Override @TimerJ protected,True,True,,,,,ELIGIBLE,,,,,,,,,1,2,0,,,,,,,,,EXCLUDED,setup,"Error: [('D:\\ki9\\SEP490\\ArrowCode\\ARROW-paper\\ARROW\\repos\\24335430\\connector-decision\\src\\main\\java\\com\\stratio\\connector\\decision\\core\\engine\\query\\queryexecutor\\messageprocess\\ElementNumberProcessMessage.java', 'D:\\ki9\\SEP490\\ArrowCode\\ARROW-paper\\ARROW\\runs\\sample_selection\\distributed\\shard-2\\candidates\\00403_24335430_24335430_8\\workspace\\connector-decision\\src\\main\\java\\com\\stratio\\connector\\decision\\core\\engine\\query\\queryexecutor\\messageprocess\\ElementNumberProcessMessage.java', ""[Errno 2] No such file or directory: 'D:\\\\ki9\\\\SEP490\\\\ArrowCode\\\\ARROW-paper\\\\ARROW\\\\runs\\\\sample_selection\\\\distributed\\\\shard-2\\\\candidates\\\\00403_24335430_24335430_8\\\\workspace\\\\connector-decision\\\\src\\\\main\\\\java\\\\com\\\\stratio\\\\connector\\\\decision\\\\core\\\\engine\\\\query\\\\queryexecutor\\\\messageprocess\\\\ElementNumberProcessMessage.java'""), ('D:\\ki9\\SEP490\\ArrowCode\\ARROW-paper\\ARROW\\repos\\24335430\\connector-decision\\src\\main\\java\\com\\stratio\\connector\\decision\\core\\engine\\query\\queryexecutor\\messageprocess\\ProcessMessage.java', 'D:\\ki9\\SEP490\\ArrowCode\\ARROW-paper\\ARROW\\runs\\sample_selection\\distributed\\shard-2\\candidates\\00403_24335430_24335430_8\\workspace\\connector-decision\\src\\main\\java\\com\\stratio\\connector\\decision\\core\\engine\\query\\queryexecutor\\messageprocess\\ProcessMessage.java', ""[Errno 2] No such file or directory: 'D:\\\\ki9\\\\SEP490\\\\ArrowCode\\\\ARROW-paper\\\\ARROW\\\\runs\\\\sample_selection\\\\distributed\\\\shard-2\\\\candidates\\\\00403_24335430_24335430_8\\\\workspace\\\\connector-decision\\\\src\\\\main\\\\java\\\\com\\\\stratio\\\\connector\\\\decision\\\\core\\\\engine\\\\query\\\\queryexecutor\\\\messageprocess\\\\ProcessMessage.java'""), ('D:\\ki9\\SEP490\\ArrowCode\\ARROW-paper\\ARROW\\repos\\24335430\\connector-decision\\src\\main\\java\\com\\stratio\\connector\\decision\\core\\engine\\query\\queryexecutor\\mess",10.641,D:\ki9\SEP490\ArrowCode\ARROW-paper\ARROW\runs\sample_selection\distributed\shard-2\candidates\00403_24335430_24335430_8
408,53251585,53251585_0.json,https://github.com/renyuneyun/Easer,LocationUtils,app/src/main/java/ryey/easer/skills/usource/location/LocationUtils.java,production,class,False,57,isAcceptable,9,static,True,True,0,True,nondeterminism,8,EXCLUDED,external_dependency_risk:nondeterminism,,,,,,,,1,2,0,,,,,,,,,EXCLUDED,semantic,external_dependency_risk:nondeterminism,12.906,D:\ki9\SEP490\ArrowCode\ARROW-paper\ARROW\runs\sample_selection\distributed\shard-2\candidates\00408_53251585_53251585_0
413,202361279,202361279_54.json,https://github.com/IBM/FHIR,BulkDataImportUtil,operation/fhir-operation-bulkdata/src/main/java/com/ibm/fhir/operation/bulkdata/util/BulkDataImportUtil.java,production,,,,retrieveInputFormat,19,public static,True,True,,,,,ELIGIBLE,,,,,,,,1e295a5773dbf786b73630aaca8c1147bf6d2106,1,2,0,,,,,,,,,EXCLUDED,setup,"Error: [('D:\\ki9\\SEP490\\ArrowCode\\ARROW-paper\\ARROW\\repos\\202361279\\conformance\\fhir-core-r4\\src\\main\\resources\\hl7\\fhir\\core\\401\\package\\CodeSystem-coverageeligibilityresponse-ex-auth-support.json', 'D:\\ki9\\SEP490\\ArrowCode\\ARROW-paper\\ARROW\\runs\\sample_selection\\distributed\\shard-2\\candidates\\00413_202361279_202361279_54\\workspace\\conformance\\fhir-core-r4\\src\\main\\resources\\hl7\\fhir\\core\\401\\package\\CodeSystem-coverageeligibilityresponse-ex-auth-support.json', ""[Errno 2] No such file or directory: 'D:\\\\ki9\\\\SEP490\\\\ArrowCode\\\\ARROW-paper\\\\ARROW\\\\runs\\\\sample_selection\\\\distributed\\\\shard-2\\\\candidates\\\\00413_202361279_202361279_54\\\\workspace\\\\conformance\\\\fhir-core-r4\\\\src\\\\main\\\\resources\\\\hl7\\\\fhir\\\\core\\\\401\\\\package\\\\CodeSystem-coverageeligibilityresponse-ex-auth-support.json'""), ('D:\\ki9\\SEP490\\ArrowCode\\ARROW-paper\\ARROW\\repos\\202361279\\conformance\\fhir-core-r4\\src\\main\\resources\\hl7\\fhir\\core\\401\\package\\CodeSystem-immunization-evaluation-dose-status-reason.json', 'D:\\ki9\\SEP490\\ArrowCode\\ARROW-paper\\ARROW\\runs\\sample_selection\\distributed\\shard-2\\candidates\\00413_202361279_202361279_54\\workspace\\conformance\\fhir-core-r4\\src\\main\\resources\\hl7\\fhir\\core\\401\\package\\CodeSystem-immunization-evaluation-dose-status-reason.json', ""[Errno 2] No such file or directory: 'D:\\\\ki9\\\\SEP490\\\\ArrowCode\\\\ARROW-paper\\\\ARROW\\\\runs\\\\sample_selection\\\\distributed\\\\shard-2\\\\candidates\\\\00413_202361279_202361279_54\\\\workspace\\\\conformance\\\\fhir-core-r4\\\\src\\\\main\\\\resources\\\\hl7\\\\fhir\\\\core\\\\401\\\\package\\\\CodeSystem-immunization-evaluation-dose-status-reason.json'""), ('D:\\ki9\\SEP490\\ArrowCode\\ARROW-paper\\ARROW\\repos\\202361279\\conformance\\fhir-core-r4\\src\\main\\resources\\hl7\\fhir\\core\\401\\package\\OperationDefinition-ActivityDefinition-data-requirements.json', 'D:\\ki9\\SEP490\\ArrowCode\\AR",670.250,D:\ki9\SEP490\ArrowCode\ARROW-paper\ARROW\runs\sample_selection\distributed\shard-2\candidates\00413_202361279_202361279_54
418,195288202,195288202_0.json,https://github.com/udacity/JDND,CarController,projects/P02-VehiclesAPI/vehicles-api/src/main/java/com/udacity/vehicles/api/CarController.java,production,,,,post,10,@PostMapping,True,True,,,,,ELIGIBLE,,,,,,,,,1,2,0,,,,,,,,,EXCLUDED,setup,"Error: [('D:\\ki9\\SEP490\\ArrowCode\\ARROW-paper\\ARROW\\repos\\195288202\\demos\\c1\\spring-boot-exception\\src\\main\\java\\com\\example\\springbootexception\\exceptions\\MySimpleMappingExceptionResolver.java.bak', 'D:\\ki9\\SEP490\\ArrowCode\\ARROW-paper\\ARROW\\runs\\sample_selection\\distributed\\shard-2\\candidates\\00418_195288202_195288202_0\\workspace\\demos\\c1\\spring-boot-exception\\src\\main\\java\\com\\example\\springbootexception\\exceptions\\MySimpleMappingExceptionResolver.java.bak', ""[Errno 2] No such file or directory: 'D:\\\\ki9\\\\SEP490\\\\ArrowCode\\\\ARROW-paper\\\\ARROW\\\\runs\\\\sample_selection\\\\distributed\\\\shard-2\\\\candidates\\\\00418_195288202_195288202_0\\\\workspace\\\\demos\\\\c1\\\\spring-boot-exception\\\\src\\\\main\\\\java\\\\com\\\\example\\\\springbootexception\\\\exceptions\\\\MySimpleMappingExceptionResolver.java.bak'""), ('D:\\ki9\\SEP490\\ArrowCode\\ARROW-paper\\ARROW\\repos\\195288202\\demos\\c1\\spring-boot-websocket-demo\\src\\test\\java\\com\\example\\springbootwebsocketdemo\\SpringBootWebsocketDemoApplicationTests.java', 'D:\\ki9\\SEP490\\ArrowCode\\ARROW-paper\\ARROW\\runs\\sample_selection\\distributed\\shard-2\\candidates\\00418_195288202_195288202_0\\workspace\\demos\\c1\\spring-boot-websocket-demo\\src\\test\\java\\com\\example\\springbootwebsocketdemo\\SpringBootWebsocketDemoApplicationTests.java', ""[Errno 2] No such file or directory: 'D:\\\\ki9\\\\SEP490\\\\ArrowCode\\\\ARROW-paper\\\\ARROW\\\\runs\\\\sample_selection\\\\distributed\\\\shard-2\\\\candidates\\\\00418_195288202_195288202_0\\\\workspace\\\\demos\\\\c1\\\\spring-boot-websocket-demo\\\\src\\\\test\\\\java\\\\com\\\\example\\\\springbootwebsocketdemo\\\\SpringBootWebsocketDemoApplicationTests.java'""), ('D:\\ki9\\SEP490\\ArrowCode\\ARROW-paper\\ARROW\\repos\\195288202\\projects\\P04-eCommerce Application\\starter_code\\src\\main\\java\\com\\example\\demo\\model\\persistence\\repositories\\CartRepository.java', 'D:\\ki9\\SEP490\\ArrowCode\\ARROW",10.250,D:\ki9\SEP490\ArrowCode\ARROW-paper\ARROW\runs\sample_selection\distributed\shard-2\candidates\00418_195288202_195288202_0
423,2988709,2988709_42.json,https://github.com/nuxeo-archives/nuxeo-features,CreateProxyLive,nuxeo-automation/nuxeo-automation-core/src/main/java/org/nuxeo/ecm/automation/core/operations/document/CreateProxyLive.java,production,,,,run,11,@OperationMethod(collector = DocumentModelCollector.class) public,True,True,,,,,ELIGIBLE,,,,,,,,,1,2,0,,,,,,,,,EXCLUDED,setup,"Error: [('D:\\ki9\\SEP490\\ArrowCode\\ARROW-paper\\ARROW\\repos\\2988709\\annot\\nuxeo-annot-gwt\\src\\main\\java\\org\\nuxeo\\ecm\\platform\\annotations\\configuration\\service\\WebAnnotationConfigurationService.java', 'D:\\ki9\\SEP490\\ArrowCode\\ARROW-paper\\ARROW\\runs\\sample_selection\\distributed\\shard-2\\candidates\\00423_2988709_2988709_42\\workspace\\annot\\nuxeo-annot-gwt\\src\\main\\java\\org\\nuxeo\\ecm\\platform\\annotations\\configuration\\service\\WebAnnotationConfigurationService.java', ""[Errno 2] No such file or directory: 'D:\\\\ki9\\\\SEP490\\\\ArrowCode\\\\ARROW-paper\\\\ARROW\\\\runs\\\\sample_selection\\\\distributed\\\\shard-2\\\\candidates\\\\00423_2988709_2988709_42\\\\workspace\\\\annot\\\\nuxeo-annot-gwt\\\\src\\\\main\\\\java\\\\org\\\\nuxeo\\\\ecm\\\\platform\\\\annotations\\\\configuration\\\\service\\\\WebAnnotationConfigurationService.java'""), ('D:\\ki9\\SEP490\\ArrowCode\\ARROW-paper\\ARROW\\repos\\2988709\\annot\\nuxeo-annot-gwt\\src\\main\\java\\org\\nuxeo\\ecm\\platform\\annotations\\configuration\\service\\WebAnnotationConfigurationServiceImpl.java', 'D:\\ki9\\SEP490\\ArrowCode\\ARROW-paper\\ARROW\\runs\\sample_selection\\distributed\\shard-2\\candidates\\00423_2988709_2988709_42\\workspace\\annot\\nuxeo-annot-gwt\\src\\main\\java\\org\\nuxeo\\ecm\\platform\\annotations\\configuration\\service\\WebAnnotationConfigurationServiceImpl.java', ""[Errno 2] No such file or directory: 'D:\\\\ki9\\\\SEP490\\\\ArrowCode\\\\ARROW-paper\\\\ARROW\\\\runs\\\\sample_selection\\\\distributed\\\\shard-2\\\\candidates\\\\00423_2988709_2988709_42\\\\workspace\\\\annot\\\\nuxeo-annot-gwt\\\\src\\\\main\\\\java\\\\org\\\\nuxeo\\\\ecm\\\\platform\\\\annotations\\\\configuration\\\\service\\\\WebAnnotationConfigurationServiceImpl.java'""), ('D:\\ki9\\SEP490\\ArrowCode\\ARROW-paper\\ARROW\\repos\\2988709\\annot\\nuxeo-annot-gwt\\src\\main\\java\\org\\nuxeo\\ecm\\platform\\annotations\\configuration\\service\\WebAnnotationDefinitionDescriptor.java', 'D:\",80.968,D:\ki9\SEP490\ArrowCode\ARROW-paper\ARROW\runs\sample_selection\distributed\shard-2\candidates\00423_2988709_2988709_42
428,15951171,15951171_0.json,https://github.com/rodolfodpk/myeslib,HzUnitOfWorkJournal,myeslib-hazelcast/src/main/java/org/myeslib/hazelcast/storage/HzUnitOfWorkJournal.java,production,class,False,45,append,14,public,True,True,1,False,,9,ELIGIBLE,,maven,myeslib-hazelcast,junit4,7,D:\ki9\SEP490\ArrowCode\ARROW-paper\ARROW\Java-version\java-8,auto-discovered compatible JDK 8 for Java 7,,1,2,2,MODULE_TESTS_PASSED|MODULE_TESTS_PASSED,True,1,org.myeslib.hazelcast.storage.HzUnitOfWorkJournal,True,TARGET_TEST_PASSED,MODULE_TESTS_PASSED,MODULE_TESTS_PASSED,ELIGIBLE,,,77.204,D:\ki9\SEP490\ArrowCode\ARROW-paper\ARROW\runs\sample_selection\distributed\shard-2\candidates\00428_15951171_15951171_0
433,79784019,79784019_31.json,https://github.com/stardogventures/stardao,AbstractMongoDao,stardao-mongodb/src/main/java/io/stardog/stardao/mongodb/AbstractMongoDao.java,production,class,True,423,loadByQueryOpt,3,protected,False,True,3,False,,7,EXCLUDED,non_concrete:class:abstract,,,,,,,,1,2,0,,,,,,,,,EXCLUDED,semantic,non_concrete:class:abstract,3.578,D:\ki9\SEP490\ArrowCode\ARROW-paper\ARROW\runs\sample_selection\distributed\shard-2\candidates\00433_79784019_79784019_31
438,207457953,207457953_968.json,https://github.com/ljygz/Flink-CEPplus,TaskExecutor,flink-runtime/src/main/java/org/apache/flink/runtime/taskexecutor/TaskExecutor.java,production,,,,submitTask,125,@Override public,True,True,,,,,ELIGIBLE,,,,,,,,,1,2,0,,,,,,,,,EXCLUDED,setup,"Error: [('D:\\ki9\\SEP490\\ArrowCode\\ARROW-paper\\ARROW\\repos\\207457953\\flink-connectors\\flink-connector-cassandra\\src\\main\\java\\org\\apache\\flink\\batch\\connectors\\cassandra\\CassandraInputFormat.java', 'D:\\ki9\\SEP490\\ArrowCode\\ARROW-paper\\ARROW\\runs\\sample_selection\\distributed\\shard-2\\candidates\\00438_207457953_207457953_968\\workspace\\flink-connectors\\flink-connector-cassandra\\src\\main\\java\\org\\apache\\flink\\batch\\connectors\\cassandra\\CassandraInputFormat.java', ""[Errno 2] No such file or directory: 'D:\\\\ki9\\\\SEP490\\\\ArrowCode\\\\ARROW-paper\\\\ARROW\\\\runs\\\\sample_selection\\\\distributed\\\\shard-2\\\\candidates\\\\00438_207457953_207457953_968\\\\workspace\\\\flink-connectors\\\\flink-connector-cassandra\\\\src\\\\main\\\\java\\\\org\\\\apache\\\\flink\\\\batch\\\\connectors\\\\cassandra\\\\CassandraInputFormat.java'""), ('D:\\ki9\\SEP490\\ArrowCode\\ARROW-paper\\ARROW\\repos\\207457953\\flink-connectors\\flink-connector-cassandra\\src\\main\\java\\org\\apache\\flink\\batch\\connectors\\cassandra\\CassandraInputFormatBase.java', 'D:\\ki9\\SEP490\\ArrowCode\\ARROW-paper\\ARROW\\runs\\sample_selection\\distributed\\shard-2\\candidates\\00438_207457953_207457953_968\\workspace\\flink-connectors\\flink-connector-cassandra\\src\\main\\java\\org\\apache\\flink\\batch\\connectors\\cassandra\\CassandraInputFormatBase.java', ""[Errno 2] No such file or directory: 'D:\\\\ki9\\\\SEP490\\\\ArrowCode\\\\ARROW-paper\\\\ARROW\\\\runs\\\\sample_selection\\\\distributed\\\\shard-2\\\\candidates\\\\00438_207457953_207457953_968\\\\workspace\\\\flink-connectors\\\\flink-connector-cassandra\\\\src\\\\main\\\\java\\\\org\\\\apache\\\\flink\\\\batch\\\\connectors\\\\cassandra\\\\CassandraInputFormatBase.java'""), ('D:\\ki9\\SEP490\\ArrowCode\\ARROW-paper\\ARROW\\repos\\207457953\\flink-connectors\\flink-connector-cassandra\\src\\main\\java\\org\\apache\\flink\\batch\\connectors\\cassandra\\CassandraOutputFormat.java', 'D:\\ki9\\SEP490\\Arrow",163.297,D:\ki9\SEP490\ArrowCode\ARROW-paper\ARROW\runs\sample_selection\distributed\shard-2\candidates\00438_207457953_207457953_968
443,146294560,146294560_0.json,https://github.com/KuguHome/openhab-binding-wmbus,MapKeyStorage,org.openhab.binding.wmbus/src/main/java/org/openhab/io/transport/mbus/wireless/MapKeyStorage.java,production,,,,registerKey,4,@Override public,False,False,,,,,EXCLUDED,no_observable_behavior,,,,,,,,,2,0,,,,,,,,,EXCLUDED,semantic_metadata,no_observable_behavior,0.000,D:\ki9\SEP490\ArrowCode\ARROW-paper\ARROW\runs\sample_selection\distributed\shard-2\candidates\00443_146294560_146294560_0
448,20448696,20448696_121.json,https://github.com/locationtech/geowave,ChooseLocalityPreservingQueryStrategy,extensions/adapters/vector/src/main/java/org/locationtech/geowave/adapter/vector/index/ChooseLocalityPreservingQueryStrategy.java,production,,,,getIndices,65,@Override public,True,True,,,,,ELIGIBLE,,,,,,,,,1,2,0,,,,,,,,,EXCLUDED,setup,"Error: [('D:\\ki9\\SEP490\\ArrowCode\\ARROW-paper\\ARROW\\repos\\20448696\\analytics\\mapreduce\\src\\main\\java\\org\\locationtech\\geowave\\analytic\\mapreduce\\clustering\\runner\\GeoWaveAnalyticExtractJobRunner.java', 'D:\\ki9\\SEP490\\ArrowCode\\ARROW-paper\\ARROW\\runs\\sample_selection\\distributed\\shard-2\\candidates\\00448_20448696_20448696_121\\workspace\\analytics\\mapreduce\\src\\main\\java\\org\\locationtech\\geowave\\analytic\\mapreduce\\clustering\\runner\\GeoWaveAnalyticExtractJobRunner.java', ""[Errno 2] No such file or directory: 'D:\\\\ki9\\\\SEP490\\\\ArrowCode\\\\ARROW-paper\\\\ARROW\\\\runs\\\\sample_selection\\\\distributed\\\\shard-2\\\\candidates\\\\00448_20448696_20448696_121\\\\workspace\\\\analytics\\\\mapreduce\\\\src\\\\main\\\\java\\\\org\\\\locationtech\\\\geowave\\\\analytic\\\\mapreduce\\\\clustering\\\\runner\\\\GeoWaveAnalyticExtractJobRunner.java'""), ('D:\\ki9\\SEP490\\ArrowCode\\ARROW-paper\\ARROW\\repos\\20448696\\analytics\\mapreduce\\src\\main\\java\\org\\locationtech\\geowave\\analytic\\mapreduce\\clustering\\runner\\MultiLevelClusteringJobRunner.java', 'D:\\ki9\\SEP490\\ArrowCode\\ARROW-paper\\ARROW\\runs\\sample_selection\\distributed\\shard-2\\candidates\\00448_20448696_20448696_121\\workspace\\analytics\\mapreduce\\src\\main\\java\\org\\locationtech\\geowave\\analytic\\mapreduce\\clustering\\runner\\MultiLevelClusteringJobRunner.java', ""[Errno 2] No such file or directory: 'D:\\\\ki9\\\\SEP490\\\\ArrowCode\\\\ARROW-paper\\\\ARROW\\\\runs\\\\sample_selection\\\\distributed\\\\shard-2\\\\candidates\\\\00448_20448696_20448696_121\\\\workspace\\\\analytics\\\\mapreduce\\\\src\\\\main\\\\java\\\\org\\\\locationtech\\\\geowave\\\\analytic\\\\mapreduce\\\\clustering\\\\runner\\\\MultiLevelClusteringJobRunner.java'""), ('D:\\ki9\\SEP490\\ArrowCode\\ARROW-paper\\ARROW\\repos\\20448696\\analytics\\mapreduce\\src\\main\\java\\org\\locationtech\\geowave\\analytic\\mapreduce\\clustering\\runner\\MultiLevelJumpKMeansClusteringJobRunner",46.110,D:\ki9\SEP490\ArrowCode\ARROW-paper\ARROW\runs\sample_selection\distributed\shard-2\candidates\00448_20448696_20448696_121
453,97484669,97484669_14.json,https://github.com/beanit/jasn1,BerInteger,projects/asn1bean/src/main/java/com/beanit/asn1bean/ber/types/BerInteger.java,production,,,,encode,4,@Override public,False,True,,,,,ELIGIBLE,,,,,,,,,1,2,0,,,,,,,,,EXCLUDED,setup,"Error: [('D:\\ki9\\SEP490\\ArrowCode\\ARROW-paper\\ARROW\\repos\\97484669\\projects\\asn1bean-compiler\\src\\test\\java-gen\\com\\beanit\\asn1bean\\compiler\\extension_test\\extensible\\ExtensibleSequenceAndMore.java', 'D:\\ki9\\SEP490\\ArrowCode\\ARROW-paper\\ARROW\\runs\\sample_selection\\distributed\\shard-2\\candidates\\00453_97484669_97484669_14\\workspace\\projects\\asn1bean-compiler\\src\\test\\java-gen\\com\\beanit\\asn1bean\\compiler\\extension_test\\extensible\\ExtensibleSequenceAndMore.java', ""[Errno 2] No such file or directory: 'D:\\\\ki9\\\\SEP490\\\\ArrowCode\\\\ARROW-paper\\\\ARROW\\\\runs\\\\sample_selection\\\\distributed\\\\shard-2\\\\candidates\\\\00453_97484669_97484669_14\\\\workspace\\\\projects\\\\asn1bean-compiler\\\\src\\\\test\\\\java-gen\\\\com\\\\beanit\\\\asn1bean\\\\compiler\\\\extension_test\\\\extensible\\\\ExtensibleSequenceAndMore.java'""), ('D:\\ki9\\SEP490\\ArrowCode\\ARROW-paper\\ARROW\\repos\\97484669\\projects\\asn1bean-compiler\\src\\test\\java-gen\\com\\beanit\\asn1bean\\compiler\\extension_test\\extensible_with_access\\ExtensibleAccessSequence.java', 'D:\\ki9\\SEP490\\ArrowCode\\ARROW-paper\\ARROW\\runs\\sample_selection\\distributed\\shard-2\\candidates\\00453_97484669_97484669_14\\workspace\\projects\\asn1bean-compiler\\src\\test\\java-gen\\com\\beanit\\asn1bean\\compiler\\extension_test\\extensible_with_access\\ExtensibleAccessSequence.java', ""[Errno 2] No such file or directory: 'D:\\\\ki9\\\\SEP490\\\\ArrowCode\\\\ARROW-paper\\\\ARROW\\\\runs\\\\sample_selection\\\\distributed\\\\shard-2\\\\candidates\\\\00453_97484669_97484669_14\\\\workspace\\\\projects\\\\asn1bean-compiler\\\\src\\\\test\\\\java-gen\\\\com\\\\beanit\\\\asn1bean\\\\compiler\\\\extension_test\\\\extensible_with_access\\\\ExtensibleAccessSequence.java'""), ('D:\\ki9\\SEP490\\ArrowCode\\ARROW-paper\\ARROW\\repos\\97484669\\projects\\asn1bean-compiler\\src\\test\\java-gen\\com\\beanit\\asn1bean\\compiler\\extension_test\\extensible_with_access\\ExtensibleA",12.000,D:\ki9\SEP490\ArrowCode\ARROW-paper\ARROW\runs\sample_selection\distributed\shard-2\candidates\00453_97484669_97484669_14
458,19253642,19253642_2.json,https://github.com/jimdowling/nat-traverser,RTTStore,common/src/main/java/se/sics/gvod/common/RTTStore.java,production,class,False,381,addSample,21,public static,True,True,0,True,nondeterminism,8,EXCLUDED,external_dependency_risk:nondeterminism,,,,,,,,1,2,0,,,,,,,,,EXCLUDED,semantic,external_dependency_risk:nondeterminism,16.250,D:\ki9\SEP490\ArrowCode\ARROW-paper\ARROW\runs\sample_selection\distributed\shard-2\candidates\00458_19253642_19253642_2
463,6861229,6861229_0.json,https://github.com/carrot-garden/carrot-nexus,RepoHelp,carrot-nexus-aws-s3-publish-plugin/src/main/java/com/carrotgarden/nexus/aws/s3/publish/util/RepoHelp.java,production,,,,isRepoAll,8,public static,True,True,,,,,ELIGIBLE,,,,,,,,,,2,0,,,,,,,,,EXCLUDED,setup,"RuntimeError: Repository setup failed after 3 attempts: CalledProcessError: Command '['git', '-c', 'core.longpaths=true', 'clone', '--depth', '1', 'https://github.com/carrot-garden/carrot-nexus', 'D:\\ki9\\SEP490\\ArrowCode\\ARROW-paper\\ARROW\\repos\\6861229']' returned non-zero exit status 128.",10.282,D:\ki9\SEP490\ArrowCode\ARROW-paper\ARROW\runs\sample_selection\distributed\shard-2\candidates\00463_6861229_6861229_0
468,21919832,21919832_0.json,https://github.com/vanniktech/VNTFontListPreference,StringFormatUtils,library/src/main/java/com/vanniktech/vntfontlistpreference/StringFormatUtils.java,production,class,False,9,addAtEndIfNotPresent,3,public static,True,True,0,False,,9,ELIGIBLE,,gradle,library,junit4,1,D:\ki9\SEP490\ArrowCode\ARROW-paper\ARROW\Java-version\java-8,auto-discovered compatible JDK 8 for Java 1,,1,2,1,ASSERTION_FAILED,,,com.vanniktech.vntfontlistpreference.StringFormatUtils,,,,,EXCLUDED,baseline,"failed to notify projectevaluationlistener.afterevaluate(), but primary configuration failure takes precedence.",56.687,D:\ki9\SEP490\ArrowCode\ARROW-paper\ARROW\runs\sample_selection\distributed\shard-2\candidates\00468_21919832_21919832_0
473,58712872,58712872_3.json,https://github.com/lreimer/cloud-native-javaee,HystrixConcurrencyStrategyJsr236,infrastructure/hystrix-jsr236/src/main/java/de/qaware/oss/hystrix/jsr236/HystrixConcurrencyStrategyJsr236.java,production,,,,getThreadPool,15,@Override public,True,True,,,,,ELIGIBLE,,,,,,,,,1,2,0,,,,,,,,,EXCLUDED,setup,"Error: [('D:\\ki9\\SEP490\\ArrowCode\\ARROW-paper\\ARROW\\repos\\58712872\\infrastructure\\hystrix-jsr236\\src\\main\\resources\\META-INF\\services\\com.netflix.hystrix.strategy.concurrency.HystrixConcurrencyStrategy', 'D:\\ki9\\SEP490\\ArrowCode\\ARROW-paper\\ARROW\\runs\\sample_selection\\distributed\\shard-2\\candidates\\00473_58712872_58712872_3\\workspace\\infrastructure\\hystrix-jsr236\\src\\main\\resources\\META-INF\\services\\com.netflix.hystrix.strategy.concurrency.HystrixConcurrencyStrategy', ""[Errno 2] No such file or directory: 'D:\\\\ki9\\\\SEP490\\\\ArrowCode\\\\ARROW-paper\\\\ARROW\\\\runs\\\\sample_selection\\\\distributed\\\\shard-2\\\\candidates\\\\00473_58712872_58712872_3\\\\workspace\\\\infrastructure\\\\hystrix-jsr236\\\\src\\\\main\\\\resources\\\\META-INF\\\\services\\\\com.netflix.hystrix.strategy.concurrency.HystrixConcurrencyStrategy'""), ('D:\\ki9\\SEP490\\ArrowCode\\ARROW-paper\\ARROW\\repos\\58712872\\microservices\\billing-service\\src\\main\\java\\de\\qaware\\oss\\cloud\\service\\billing\\integration\\OffsetDateTimePersistenceConverter.java', 'D:\\ki9\\SEP490\\ArrowCode\\ARROW-paper\\ARROW\\runs\\sample_selection\\distributed\\shard-2\\candidates\\00473_58712872_58712872_3\\workspace\\microservices\\billing-service\\src\\main\\java\\de\\qaware\\oss\\cloud\\service\\billing\\integration\\OffsetDateTimePersistenceConverter.java', ""[Errno 2] No such file or directory: 'D:\\\\ki9\\\\SEP490\\\\ArrowCode\\\\ARROW-paper\\\\ARROW\\\\runs\\\\sample_selection\\\\distributed\\\\shard-2\\\\candidates\\\\00473_58712872_58712872_3\\\\workspace\\\\microservices\\\\billing-service\\\\src\\\\main\\\\java\\\\de\\\\qaware\\\\oss\\\\cloud\\\\service\\\\billing\\\\integration\\\\OffsetDateTimePersistenceConverter.java'""), ('D:\\ki9\\SEP490\\ArrowCode\\ARROW-paper\\ARROW\\repos\\58712872\\microservices\\payment-service\\src\\main\\java\\de\\qaware\\oss\\cloud\\service\\payment\\integration\\OffsetDateTimePersistenceConverter.java', 'D:\\ki9\\SEP490\\ArrowCo",5.344,D:\ki9\SEP490\ArrowCode\ARROW-paper\ARROW\runs\sample_selection\distributed\shard-2\candidates\00473_58712872_58712872_3
478,3935296,3935296_4.json,https://github.com/exo-archives/ks,BBCodeServiceImpl,component/bbcode/src/main/java/org/exoplatform/ks/bbcode/core/BBCodeServiceImpl.java,production,,,,getActive,29,public,True,True,,,,,ELIGIBLE,,,,,,,,,1,2,0,,,,,,,,,EXCLUDED,setup,"Error: [('D:\\ki9\\SEP490\\ArrowCode\\ARROW-paper\\ARROW\\repos\\3935296\\eXoApplication\\wiki\\service\\src\\main\\java\\org\\exoplatform\\wiki\\rendering\\render\\confluence\\ConfluenceResourceReferenceSerializer.java', 'D:\\ki9\\SEP490\\ArrowCode\\ARROW-paper\\ARROW\\runs\\sample_selection\\distributed\\shard-2\\candidates\\00478_3935296_3935296_4\\workspace\\eXoApplication\\wiki\\service\\src\\main\\java\\org\\exoplatform\\wiki\\rendering\\render\\confluence\\ConfluenceResourceReferenceSerializer.java', ""[Errno 2] No such file or directory: 'D:\\\\ki9\\\\SEP490\\\\ArrowCode\\\\ARROW-paper\\\\ARROW\\\\runs\\\\sample_selection\\\\distributed\\\\shard-2\\\\candidates\\\\00478_3935296_3935296_4\\\\workspace\\\\eXoApplication\\\\wiki\\\\service\\\\src\\\\main\\\\java\\\\org\\\\exoplatform\\\\wiki\\\\rendering\\\\render\\\\confluence\\\\ConfluenceResourceReferenceSerializer.java'""), ('D:\\ki9\\SEP490\\ArrowCode\\ARROW-paper\\ARROW\\repos\\3935296\\eXoApplication\\wiki\\webapp\\src\\main\\webapp\\skin\\DefaultSkin\\webui\\UITreeExplorer\\DefaultSkin\\icons\\16x16\\DefaultSkin\\tree_minus.gif', 'D:\\ki9\\SEP490\\ArrowCode\\ARROW-paper\\ARROW\\runs\\sample_selection\\distributed\\shard-2\\candidates\\00478_3935296_3935296_4\\workspace\\eXoApplication\\wiki\\webapp\\src\\main\\webapp\\skin\\DefaultSkin\\webui\\UITreeExplorer\\DefaultSkin\\icons\\16x16\\DefaultSkin\\tree_minus.gif', ""[Errno 2] No such file or directory: 'D:\\\\ki9\\\\SEP490\\\\ArrowCode\\\\ARROW-paper\\\\ARROW\\\\runs\\\\sample_selection\\\\distributed\\\\shard-2\\\\candidates\\\\00478_3935296_3935296_4\\\\workspace\\\\eXoApplication\\\\wiki\\\\webapp\\\\src\\\\main\\\\webapp\\\\skin\\\\DefaultSkin\\\\webui\\\\UITreeExplorer\\\\DefaultSkin\\\\icons\\\\16x16\\\\DefaultSkin\\\\tree_minus.gif'""), ('D:\\ki9\\SEP490\\ArrowCode\\ARROW-paper\\ARROW\\repos\\3935296\\eXoApplication\\wiki\\webapp\\src\\main\\webapp\\skin\\DefaultSkin\\webui\\UITreeExplorer\\DefaultSkin\\icons\\16x16\\DefaultSkin\\tree_square.gif', '",30.282,D:\ki9\SEP490\ArrowCode\ARROW-paper\ARROW\runs\sample_selection\distributed\shard-2\candidates\00478_3935296_3935296_4
483,3551455,3551455_13.json,https://github.com/petitparser/java-petitparser,GrammarDefinition,petitparser-core/src/main/java/org/petitparser/tools/GrammarDefinition.java,production,class,False,167,ref,3,protected final,False,True,0,False,,8,ELIGIBLE,,maven,petitparser-core,junit4,11,D:\ki9\SEP490\ArrowCode\ARROW-paper\ARROW\Java-version\java-11,auto-discovered JDK 11,,1,2,2,MODULE_TESTS_PASSED|MODULE_TESTS_PASSED,True,0,org.petitparser.tools.GrammarDefinition,True,TARGET_TEST_PASSED,MODULE_TESTS_PASSED,MODULE_TESTS_PASSED,ELIGIBLE,,,53.984,D:\ki9\SEP490\ArrowCode\ARROW-paper\ARROW\runs\sample_selection\distributed\shard-2\candidates\00483_3551455_3551455_13
488,14377751,14377751_1.json,https://github.com/jivesoftware/amza,MultiAutoGrowingByteBufferBackedFiler,amza-service/src/main/java/com/jivesoftware/os/amza/service/filer/MultiAutoGrowingByteBufferBackedFiler.java,production,,,,seek,4,@Override public final,False,False,,,,,EXCLUDED,no_observable_behavior,,,,,,,,,2,0,,,,,,,,,EXCLUDED,semantic_metadata,no_observable_behavior,0.016,D:\ki9\SEP490\ArrowCode\ARROW-paper\ARROW\runs\sample_selection\distributed\shard-2\candidates\00488_14377751_14377751_1
493,119759931,119759931_3.json,https://github.com/sonatype-nexus-community/nexus-repository-cpan,CpanPathUtils,nexus-repository-cpan/src/main/java/org/sonatype/nexus/repository/cpan/internal/CpanPathUtils.java,production,class,False,80,path,3,public,False,True,0,True,database,6,EXCLUDED,external_dependency_risk:database;testability_score_below_7,,,,,,,,1,2,0,,,,,,,,,EXCLUDED,semantic,external_dependency_risk:database;testability_score_below_7,2.875,D:\ki9\SEP490\ArrowCode\ARROW-paper\ARROW\runs\sample_selection\distributed\shard-2\candidates\00493_119759931_119759931_3
498,214200976,214200976_1.json,https://github.com/ykayacan/hashing-utils,ConsistentNodeRouter,hashing-consistent/src/main/java/io/github/ykayacan/hashing/consistent/ConsistentNodeRouter.java,production,class,False,92,getNode,9,@Override public,True,True,3,False,,8,ELIGIBLE,,gradle,hashing-consistent,junit5,1,D:\ki9\SEP490\ArrowCode\ARROW-paper\ARROW\Java-version\java-8,auto-discovered compatible JDK 8 for Java 1,,1,2,2,MODULE_TESTS_PASSED|MODULE_TESTS_PASSED,True,0,io.github.ykayacan.hashing.consistent.ConsistentNodeRouter,True,TARGET_TEST_PASSED,MODULE_TESTS_PASSED,MODULE_TESTS_PASSED,ELIGIBLE,,,70.484,D:\ki9\SEP490\ArrowCode\ARROW-paper\ARROW\runs\sample_selection\distributed\shard-2\candidates\00498_214200976_214200976_1
503,74351531,74351531_3.json,https://github.com/DoingLee/Reading--Spring-3.x-enterprise-application-development,UserService,chapter17/src/main/java/com/baobaotao/service/UserService.java,production,,,,unlockUser,5,public,False,False,,,,,EXCLUDED,no_observable_behavior,,,,,,,,,2,0,,,,,,,,,EXCLUDED,semantic_metadata,no_observable_behavior,0.000,D:\ki9\SEP490\ArrowCode\ARROW-paper\ARROW\runs\sample_selection\distributed\shard-2\candidates\00503_74351531_74351531_3
508,3425475,3425475_0.json,https://github.com/OneBusAway/onebusaway-siri,CheckStatusManager,onebusaway-siri-core/src/main/java/org/onebusaway/siri/core/subscriptions/client/CheckStatusManager.java,production,,,,resetCheckStatusTask,19,public,True,False,,,,,EXCLUDED,no_observable_behavior,,,,,,,,,2,0,,,,,,,,,EXCLUDED,semantic_metadata,no_observable_behavior,0.000,D:\ki9\SEP490\ArrowCode\ARROW-paper\ARROW\runs\sample_selection\distributed\shard-2\candidates\00508_3425475_3425475_0
513,132565379,132565379_1.json,https://github.com/sunshinelyz/Mykit,AccessSpeedLimit,mykit-lock/mykit-lock-integrate/src/main/java/io/mykit/lock/integrate/limit/redis/AccessSpeedLimit.java,production,,,,tryAccess,6,public,False,True,,,,,ELIGIBLE,,,,,,,,,1,2,0,,,,,,,,,EXCLUDED,setup,"Error: [('D:\\ki9\\SEP490\\ArrowCode\\ARROW-paper\\ARROW\\repos\\132565379\\mykit-annotation\\mykit-annotation-jdk\\mykit-annotation-jdk-provider\\src\\main\\java\\io\\mykit\\annotation\\jdk\\db\\provider', 'D:\\ki9\\SEP490\\ArrowCode\\ARROW-paper\\ARROW\\runs\\sample_selection\\distributed\\shard-2\\candidates\\00513_132565379_132565379_1\\workspace\\mykit-annotation\\mykit-annotation-jdk\\mykit-annotation-jdk-provider\\src\\main\\java\\io\\mykit\\annotation\\jdk\\db\\provider', ""[WinError 206] The filename or extension is too long: 'D:\\\\ki9\\\\SEP490\\\\ArrowCode\\\\ARROW-paper\\\\ARROW\\\\runs\\\\sample_selection\\\\distributed\\\\shard-2\\\\candidates\\\\00513_132565379_132565379_1\\\\workspace\\\\mykit-annotation\\\\mykit-annotation-jdk\\\\mykit-annotation-jdk-provider\\\\src\\\\main\\\\java\\\\io\\\\mykit\\\\annotation\\\\jdk\\\\db\\\\provider'""), ('D:\\ki9\\SEP490\\ArrowCode\\ARROW-paper\\ARROW\\repos\\132565379\\mykit-annotation\\mykit-annotation-jdk\\mykit-annotation-jdk-provider\\src\\main\\java\\io\\mykit\\annotation\\jdk\\provider\\entity', 'D:\\ki9\\SEP490\\ArrowCode\\ARROW-paper\\ARROW\\runs\\sample_selection\\distributed\\shard-2\\candidates\\00513_132565379_132565379_1\\workspace\\mykit-annotation\\mykit-annotation-jdk\\mykit-annotation-jdk-provider\\src\\main\\java\\io\\mykit\\annotation\\jdk\\provider\\entity', ""[WinError 206] The filename or extension is too long: 'D:\\\\ki9\\\\SEP490\\\\ArrowCode\\\\ARROW-paper\\\\ARROW\\\\runs\\\\sample_selection\\\\distributed\\\\shard-2\\\\candidates\\\\00513_132565379_132565379_1\\\\workspace\\\\mykit-annotation\\\\mykit-annotation-jdk\\\\mykit-annotation-jdk-provider\\\\src\\\\main\\\\java\\\\io\\\\mykit\\\\annotation\\\\jdk\\\\provider\\\\entity'""), ('D:\\ki9\\SEP490\\ArrowCode\\ARROW-paper\\ARROW\\repos\\132565379\\mykit-annotation\\mykit-annotation-jdk\\mykit-annotation-jdk-provider\\src\\main\\java\\io\\mykit\\annotation\\jdk\\provider\\parser', 'D:\\ki9\\SEP490\\ArrowCode\\ARROW-paper\\ARROW\\runs\\sa",9.360,D:\ki9\SEP490\ArrowCode\ARROW-paper\ARROW\runs\sample_selection\distributed\shard-2\candidates\00513_132565379_132565379_1
518,4101951,4101951_5.json,https://github.com/stephenh/dtonator,DtoConfig,dtonator/src/main/java/com/bizo/dtonator/config/DtoConfig.java,production,class,False,493,getProperties,13,public,True,True,4,False,,9,ELIGIBLE,,gradle,dtonator,junit4,8,D:\ki9\SEP490\ArrowCode\ARROW-paper\ARROW\Java-version\java-8,auto-discovered JDK 8,,1,2,1,TOOL_ERROR,,,com.bizo.dtonator.config.DtoConfig,,,,,EXCLUDED,baseline,[WinError 2] The system cannot find the file specified,3.516,D:\ki9\SEP490\ArrowCode\ARROW-paper\ARROW\runs\sample_selection\distributed\shard-2\candidates\00518_4101951_4101951_5
523,124230133,124230133_7.json,https://github.com/nbaars/pwnedpasswords4j,PwnedPasswordClient,pwnedpasswords4j-client/src/main/java/com/github/nbaars/pwnedpasswords4j/client/PwnedPasswordClient.java,production,,,,fetchHashesAsync,25,,True,True,,,,,ELIGIBLE,,,,,,,,,1,2,0,,,,,,,,,EXCLUDED,setup,"Error: [('D:\\ki9\\SEP490\\ArrowCode\\ARROW-paper\\ARROW\\repos\\124230133\\pwnedpasswords4j-spring-boot-starter\\src\\main\\java\\com\\github\\nbaars\\pwnedpasswords4j\\spring\\PwnedPasswordAutoConfiguration.java', 'D:\\ki9\\SEP490\\ArrowCode\\ARROW-paper\\ARROW\\runs\\sample_selection\\distributed\\shard-2\\candidates\\00523_124230133_124230133_7\\workspace\\pwnedpasswords4j-spring-boot-starter\\src\\main\\java\\com\\github\\nbaars\\pwnedpasswords4j\\spring\\PwnedPasswordAutoConfiguration.java', ""[Errno 2] No such file or directory: 'D:\\\\ki9\\\\SEP490\\\\ArrowCode\\\\ARROW-paper\\\\ARROW\\\\runs\\\\sample_selection\\\\distributed\\\\shard-2\\\\candidates\\\\00523_124230133_124230133_7\\\\workspace\\\\pwnedpasswords4j-spring-boot-starter\\\\src\\\\main\\\\java\\\\com\\\\github\\\\nbaars\\\\pwnedpasswords4j\\\\spring\\\\PwnedPasswordAutoConfiguration.java'""), ('D:\\ki9\\SEP490\\ArrowCode\\ARROW-paper\\ARROW\\repos\\124230133\\pwnedpasswords4j-spring-boot-starter\\src\\test\\java\\com\\github\\nbaars\\pwnedpasswords4j\\spring\\PwnedPasswordAutoConfigurationTest.java', 'D:\\ki9\\SEP490\\ArrowCode\\ARROW-paper\\ARROW\\runs\\sample_selection\\distributed\\shard-2\\candidates\\00523_124230133_124230133_7\\workspace\\pwnedpasswords4j-spring-boot-starter\\src\\test\\java\\com\\github\\nbaars\\pwnedpasswords4j\\spring\\PwnedPasswordAutoConfigurationTest.java', ""[Errno 2] No such file or directory: 'D:\\\\ki9\\\\SEP490\\\\ArrowCode\\\\ARROW-paper\\\\ARROW\\\\runs\\\\sample_selection\\\\distributed\\\\shard-2\\\\candidates\\\\00523_124230133_124230133_7\\\\workspace\\\\pwnedpasswords4j-spring-boot-starter\\\\src\\\\test\\\\java\\\\com\\\\github\\\\nbaars\\\\pwnedpasswords4j\\\\spring\\\\PwnedPasswordAutoConfigurationTest.java'"")]",2.172,D:\ki9\SEP490\ArrowCode\ARROW-paper\ARROW\runs\sample_selection\distributed\shard-2\candidates\00523_124230133_124230133_7
528,26402719,26402719_0.json,https://github.com/jdorleans/neoevolution,AddNeuronMutation,neoevolution/src/main/java/org/neoevolution/core/operator/mutation/AddNeuronMutation.java,production,,,,mutation,15,@Override protected,True,False,,,,,EXCLUDED,no_observable_behavior,,,,,,,,,2,0,,,,,,,,,EXCLUDED,semantic_metadata,no_observable_behavior,0.000,D:\ki9\SEP490\ArrowCode\ARROW-paper\ARROW\runs\sample_selection\distributed\shard-2\candidates\00528_26402719_26402719_0
533,13498449,13498449_0.json,https://github.com/bedatadriven/renjin-examples,FraudScorerServlet,fraud-score-server/src/main/java/org/renjin/example/fraud/FraudScorerServlet.java,production,class,False,55,score,21,,True,True,0,False,,10,ELIGIBLE,,maven,fraud-score-server,junit4,8,D:\ki9\SEP490\ArrowCode\ARROW-paper\ARROW\Java-version\java-8,auto-discovered JDK 8,,1,2,2,MODULE_TESTS_PASSED|MODULE_TESTS_PASSED,True,0,org.renjin.example.fraud.FraudScorerServlet,True,TARGET_TEST_PASSED,MODULE_TESTS_PASSED,MODULE_TESTS_PASSED,ELIGIBLE,,,148.438,D:\ki9\SEP490\ArrowCode\ARROW-paper\ARROW\runs\sample_selection\distributed\shard-2\candidates\00533_13498449_13498449_0
538,62138020,62138020_7.json,https://github.com/phax/phase4,CEFCompatibilityValidator,phase4-profile-cef/src/main/java/com/helger/phase4/profile/cef/CEFCompatibilityValidator.java,production,,,,validatePMode,50,@Override public,True,False,,,,,EXCLUDED,no_observable_behavior,,,,,,,,,2,0,,,,,,,,,EXCLUDED,semantic_metadata,no_observable_behavior,0.000,D:\ki9\SEP490\ArrowCode\ARROW-paper\ARROW\runs\sample_selection\distributed\shard-2\candidates\00538_62138020_62138020_7
543,55402141,55402141_1.json,https://github.com/java-lang-programming/Android-RecyclerView-Demo,Note,app/src/main/java/com/java_lang_programming/android_recycleview_demo/article82/model/Note.java,production,,,,onClickPlus,11,public,True,False,,,,,EXCLUDED,no_observable_behavior,,,,,,,,,2,0,,,,,,,,,EXCLUDED,semantic_metadata,no_observable_behavior,0.000,D:\ki9\SEP490\ArrowCode\ARROW-paper\ARROW\runs\sample_selection\distributed\shard-2\candidates\00543_55402141_55402141_1
548,24404221,24404221_487.json,https://github.com/apache/qpid-jms,JmsMessage,qpid-jms-client/src/main/java/org/apache/qpid/jms/message/JmsMessage.java,production,,,,getBody,7,@Override public final,True,True,,,,,ELIGIBLE,,,,,,,,,1,2,0,,,,,,,,,EXCLUDED,setup,"Error: [('D:\\ki9\\SEP490\\ArrowCode\\ARROW-paper\\ARROW\\repos\\24404221\\qpid-jms-client\\src\\test\\java\\org\\apache\\qpid\\jms\\test\\testpeer\\describedtypes\\sections\\ApplicationPropertiesDescribedType.java', 'D:\\ki9\\SEP490\\ArrowCode\\ARROW-paper\\ARROW\\runs\\sample_selection\\distributed\\shard-2\\candidates\\00548_24404221_24404221_487\\workspace\\qpid-jms-client\\src\\test\\java\\org\\apache\\qpid\\jms\\test\\testpeer\\describedtypes\\sections\\ApplicationPropertiesDescribedType.java', ""[Errno 2] No such file or directory: 'D:\\\\ki9\\\\SEP490\\\\ArrowCode\\\\ARROW-paper\\\\ARROW\\\\runs\\\\sample_selection\\\\distributed\\\\shard-2\\\\candidates\\\\00548_24404221_24404221_487\\\\workspace\\\\qpid-jms-client\\\\src\\\\test\\\\java\\\\org\\\\apache\\\\qpid\\\\jms\\\\test\\\\testpeer\\\\describedtypes\\\\sections\\\\ApplicationPropertiesDescribedType.java'""), ('D:\\ki9\\SEP490\\ArrowCode\\ARROW-paper\\ARROW\\repos\\24404221\\qpid-jms-interop-tests\\qpid-jms-activemq-tests\\src\\test\\java\\org\\apache\\qpid\\jms\\producer\\JmsProducerFlowControlFailIfNoSpaceTest.java', 'D:\\ki9\\SEP490\\ArrowCode\\ARROW-paper\\ARROW\\runs\\sample_selection\\distributed\\shard-2\\candidates\\00548_24404221_24404221_487\\workspace\\qpid-jms-interop-tests\\qpid-jms-activemq-tests\\src\\test\\java\\org\\apache\\qpid\\jms\\producer\\JmsProducerFlowControlFailIfNoSpaceTest.java', ""[Errno 2] No such file or directory: 'D:\\\\ki9\\\\SEP490\\\\ArrowCode\\\\ARROW-paper\\\\ARROW\\\\runs\\\\sample_selection\\\\distributed\\\\shard-2\\\\candidates\\\\00548_24404221_24404221_487\\\\workspace\\\\qpid-jms-interop-tests\\\\qpid-jms-activemq-tests\\\\src\\\\test\\\\java\\\\org\\\\apache\\\\qpid\\\\jms\\\\producer\\\\JmsProducerFlowControlFailIfNoSpaceTest.java'""), ('D:\\ki9\\SEP490\\ArrowCode\\ARROW-paper\\ARROW\\repos\\24404221\\qpid-jms-interop-tests\\qpid-jms-activemq-tests\\src\\test\\java\\org\\apache\\qpid\\jms\\transactions\\JmsTransactionRedeliveryPolicyTest.java', 'D:\\ki9\\SEP4",17.984,D:\ki9\SEP490\ArrowCode\ARROW-paper\ARROW\runs\sample_selection\distributed\shard-2\candidates\00548_24404221_24404221_487
553,884758,884758_0.json,https://github.com/jfarcand/Grizzly,GrizzlyExecutorService,modules/utils/src/main/java/com/sun/grizzly/util/GrizzlyExecutorService.java,production,,,,createInstance,3,public static,False,True,,,,,ELIGIBLE,,,,,,,,,,2,0,,,,,,,,,EXCLUDED,setup,"RuntimeError: Repository setup failed after 3 attempts: CalledProcessError: Command '['git', '-c', 'core.longpaths=true', 'clone', '--depth', '1', 'https://github.com/jfarcand/Grizzly', 'D:\\ki9\\SEP490\\ArrowCode\\ARROW-paper\\ARROW\\repos\\884758']' returned non-zero exit status 128.",10.172,D:\ki9\SEP490\ArrowCode\ARROW-paper\ARROW\runs\sample_selection\distributed\shard-2\candidates\00553_884758_884758_0
558,57079254,57079254_7.json,https://github.com/otomatik/generator-ymca,StatisticsPresenter,app/templates/app/src/main/java/statistics/StatisticsPresenter.java,production,,,,start,4,@Override public,False,False,,,,,EXCLUDED,no_observable_behavior,,,,,,,,,2,0,,,,,,,,,EXCLUDED,semantic_metadata,no_observable_behavior,0.000,D:\ki9\SEP490\ArrowCode\ARROW-paper\ARROW\runs\sample_selection\distributed\shard-2\candidates\00558_57079254_57079254_7
563,13570618,13570618_1.json,https://github.com/vmware-archive/thinapp_factory,TaskQueueImpl,webui/src/main/java/com/vmware/appfactory/taskqueue/tasks/TaskQueueImpl.java,production,class,False,533,abortTask,18,@Nullable @Override public synchronized,True,True,4,False,,8,ELIGIBLE,,maven,webui,junit4,6,D:\ki9\SEP490\ArrowCode\ARROW-paper\ARROW\Java-version\java-8,auto-discovered compatible JDK 8 for Java 6,,1,2,1,RUNTIME_FAILED,,,com.vmware.appfactory.taskqueue.tasks.TaskQueueImpl,,,,,EXCLUDED,baseline,[error] [error] some problems were encountered while processing the poms:,21.421,D:\ki9\SEP490\ArrowCode\ARROW-paper\ARROW\runs\sample_selection\distributed\shard-2\candidates\00563_13570618_13570618_1
568,5793738,5793738_108.json,https://github.com/Activiti/Activiti,ProcessVariablesPayloadValidator,activiti-core/activiti-api-impl/activiti-api-process-runtime-impl/src/main/java/org/activiti/runtime/api/impl/ProcessVariablesPayloadValidator.java,production,,,,checkPayloadVariables,46,private,True,True,,,,,EXCLUDED,focal_method_not_directly_testable,,,,,,,,,2,0,,,,,,,,,EXCLUDED,semantic_metadata,focal_method_not_directly_testable,0.000,D:\ki9\SEP490\ArrowCode\ARROW-paper\ARROW\runs\sample_selection\distributed\shard-2\candidates\00568_5793738_5793738_108
573,108542665,108542665_46.json,https://github.com/intuit/universal-graph-client,GraphAttribute,universal-graph-client-impl-core/src/main/java/com/intuit/ugc/impl/core/GraphAttribute.java,production,,,,getUUID,4,@Override public,False,True,,,,,EXCLUDED,trivial_focal_method,,,,,,,,,2,0,,,,,,,,,EXCLUDED,semantic_metadata,trivial_focal_method,0.000,D:\ki9\SEP490\ArrowCode\ARROW-paper\ARROW\runs\sample_selection\distributed\shard-2\candidates\00573_108542665_108542665_46
578,1553784,1553784_4.json,https://github.com/eclipse/virgo.web,TomcatResourceFactory,org.eclipse.virgo.web.enterprise.openejb.tomcat.factory/src/main/java/org/eclipse/virgo/web/enterprise/openejb/tomcat/factory/TomcatResourceFactory.java,production,,,,create,16,public static,True,True,,,,,ELIGIBLE,,,,,,,,,,2,0,,,,,,,,,EXCLUDED,setup,"RuntimeError: Repository setup failed after 3 attempts: CalledProcessError: Command '['git', '-c', 'core.longpaths=true', 'clone', '--depth', '1', 'https://github.com/eclipse/virgo.web', 'D:\\ki9\\SEP490\\ArrowCode\\ARROW-paper\\ARROW\\repos\\1553784']' returned non-zero exit status 128.",11.140,D:\ki9\SEP490\ArrowCode\ARROW-paper\ARROW\runs\sample_selection\distributed\shard-2\candidates\00578_1553784_1553784_4
583,29201308,29201308_0.json,https://github.com/hawkular/hawkular-bus,BinaryData,hawkular-bus-common/src/main/java/org/hawkular/bus/common/BinaryData.java,production,,,,close,11,public,True,False,,,,,EXCLUDED,no_observable_behavior,,,,,,,,,2,0,,,,,,,,,EXCLUDED,semantic_metadata,no_observable_behavior,0.000,D:\ki9\SEP490\ArrowCode\ARROW-paper\ARROW\runs\sample_selection\distributed\shard-2\candidates\00583_29201308_29201308_0
588,147102058,147102058_0.json,https://github.com/NaluKit/gwt-boot-starter-nalu,SourceGenerator,gwt-boot-starter-nalu-server/src/main/java/com/github/nalukit/bootstarternalu/server/generator/SourceGenerator.java,production,,,,generate,9,public,False,False,,,,,EXCLUDED,no_observable_behavior,,,,,,,,,2,0,,,,,,,,,EXCLUDED,semantic_metadata,no_observable_behavior,0.000,D:\ki9\SEP490\ArrowCode\ARROW-paper\ARROW\runs\sample_selection\distributed\shard-2\candidates\00588_147102058_147102058_0
593,59681438,59681438_1.json,https://github.com/amazon-archives/aws-sdk-java-samples,ParsingUtils,aws-java-sdk-sample-extractor/src/main/java/com/amazonaws/util/ParsingUtils.java,production,class,False,167,fileMatchesExtension,12,public static,True,True,0,True,filesystem,8,EXCLUDED,external_dependency_risk:filesystem,,,,,,,,1,2,0,,,,,,,,,EXCLUDED,semantic,external_dependency_risk:filesystem,2.422,D:\ki9\SEP490\ArrowCode\ARROW-paper\ARROW\runs\sample_selection\distributed\shard-2\candidates\00593_59681438_59681438_1
598,66187270,66187270_1.json,https://github.com/minebreaker/Waifu2xJava,Waifu2xPyClonePlain,Waifu2xJava/src/main/java/waifu2j/Waifu2xPyClonePlain.java,production,,,,convolveFft,22,public static,True,False,,,,,EXCLUDED,no_observable_behavior,,,,,,,,,2,0,,,,,,,,,EXCLUDED,semantic_metadata,no_observable_behavior,0.000,D:\ki9\SEP490\ArrowCode\ARROW-paper\ARROW\runs\sample_selection\distributed\shard-2\candidates\00598_66187270_66187270_1
603,82906551,82906551_107.json,https://github.com/dachengxi/Dubbo2.5.4SourceCode,JSON,dubbo-common/src/main/java/com/alibaba/dubbo/common/json/JSON.java,production,,,,parse,7,public static,True,True,,,,,ELIGIBLE,,,,,,,,,1,2,0,,,,,,,,,EXCLUDED,setup,"Error: [('D:\\ki9\\SEP490\\ArrowCode\\ARROW-paper\\ARROW\\repos\\82906551\\dubbo-config\\dubbo-config-spring\\src\\main\\resources\\META-INF\\dubbo\\internal\\com.alibaba.dubbo.common.extension.ExtensionFactory', 'D:\\ki9\\SEP490\\ArrowCode\\ARROW-paper\\ARROW\\runs\\sample_selection\\distributed\\shard-2\\candidates\\00603_82906551_82906551_107\\workspace\\dubbo-config\\dubbo-config-spring\\src\\main\\resources\\META-INF\\dubbo\\internal\\com.alibaba.dubbo.common.extension.ExtensionFactory', ""[Errno 2] No such file or directory: 'D:\\\\ki9\\\\SEP490\\\\ArrowCode\\\\ARROW-paper\\\\ARROW\\\\runs\\\\sample_selection\\\\distributed\\\\shard-2\\\\candidates\\\\00603_82906551_82906551_107\\\\workspace\\\\dubbo-config\\\\dubbo-config-spring\\\\src\\\\main\\\\resources\\\\META-INF\\\\dubbo\\\\internal\\\\com.alibaba.dubbo.common.extension.ExtensionFactory'""), ('D:\\ki9\\SEP490\\ArrowCode\\ARROW-paper\\ARROW\\repos\\82906551\\dubbo-remoting\\dubbo-remoting-api\\src\\main\\java\\com\\alibaba\\dubbo\\remoting\\transport\\dispatcher\\connection\\ConnectionOrderedChannelHandler.java', 'D:\\ki9\\SEP490\\ArrowCode\\ARROW-paper\\ARROW\\runs\\sample_selection\\distributed\\shard-2\\candidates\\00603_82906551_82906551_107\\workspace\\dubbo-remoting\\dubbo-remoting-api\\src\\main\\java\\com\\alibaba\\dubbo\\remoting\\transport\\dispatcher\\connection\\ConnectionOrderedChannelHandler.java', ""[Errno 2] No such file or directory: 'D:\\\\ki9\\\\SEP490\\\\ArrowCode\\\\ARROW-paper\\\\ARROW\\\\runs\\\\sample_selection\\\\distributed\\\\shard-2\\\\candidates\\\\00603_82906551_82906551_107\\\\workspace\\\\dubbo-remoting\\\\dubbo-remoting-api\\\\src\\\\main\\\\java\\\\com\\\\alibaba\\\\dubbo\\\\remoting\\\\transport\\\\dispatcher\\\\connection\\\\ConnectionOrderedChannelHandler.java'""), ('D:\\ki9\\SEP490\\ArrowCode\\ARROW-paper\\ARROW\\repos\\82906551\\dubbo-remoting\\dubbo-remoting-api\\src\\main\\java\\com\\alibaba\\dubbo\\remoting\\transport\\dispatcher\\connection\\ConnectionOrderedDispatc",20.156,D:\ki9\SEP490\ArrowCode\ARROW-paper\ARROW\runs\sample_selection\distributed\shard-2\candidates\00603_82906551_82906551_107
608,29397245,29397245_101.json,https://github.com/kaif-open/kaif,VoteServiceImpl,kaif-web/src/main/java/io/kaif/service/impl/VoteServiceImpl.java,production,class,False,127,listDebateVotersByIds,4,@Override public,False,True,0,False,,7,ELIGIBLE,,gradle,kaif-web,junit4,11,D:\ki9\SEP490\ArrowCode\ARROW-paper\ARROW\Java-version\java-11,auto-discovered JDK 11,,1,2,1,ASSERTION_FAILED,,,io.kaif.service.impl.VoteServiceImpl,,,,,EXCLUDED,baseline,failure: build failed with an exception.,133.125,D:\ki9\SEP490\ArrowCode\ARROW-paper\ARROW\runs\sample_selection\distributed\shard-2\candidates\00608_29397245_29397245_101
613,9239473,9239473_3.json,https://github.com/ef-labs/vertx-jersey,DefaultWhenJerseyServer,vertx-jersey/src/main/java/com/englishtown/vertx/jersey/promises/impl/DefaultWhenJerseyServer.java,production,,,,createServer,17,@Override public,True,True,,,,,ELIGIBLE,,,,,,,,,1,2,0,,,,,,,,,EXCLUDED,setup,"Error: [('D:\\ki9\\SEP490\\ArrowCode\\ARROW-paper\\ARROW\\repos\\9239473\\examples\\inject-securitycontext\\src\\test\\java\\com\\englishtown\\vertx\\jersey\\examples\\integration\\SecurityContextIntegrationTest.java', 'D:\\ki9\\SEP490\\ArrowCode\\ARROW-paper\\ARROW\\runs\\sample_selection\\distributed\\shard-2\\candidates\\00613_9239473_9239473_3\\workspace\\examples\\inject-securitycontext\\src\\test\\java\\com\\englishtown\\vertx\\jersey\\examples\\integration\\SecurityContextIntegrationTest.java', ""[Errno 2] No such file or directory: 'D:\\\\ki9\\\\SEP490\\\\ArrowCode\\\\ARROW-paper\\\\ARROW\\\\runs\\\\sample_selection\\\\distributed\\\\shard-2\\\\candidates\\\\00613_9239473_9239473_3\\\\workspace\\\\examples\\\\inject-securitycontext\\\\src\\\\test\\\\java\\\\com\\\\englishtown\\\\vertx\\\\jersey\\\\examples\\\\integration\\\\SecurityContextIntegrationTest.java'""), ('D:\\ki9\\SEP490\\ArrowCode\\ARROW-paper\\ARROW\\repos\\9239473\\examples\\inject-vertxrequestprocessor\\src\\test\\java\\com\\englishtown\\vertx\\jersey\\examples\\integration\\InjectionIntegrationTest.java', 'D:\\ki9\\SEP490\\ArrowCode\\ARROW-paper\\ARROW\\runs\\sample_selection\\distributed\\shard-2\\candidates\\00613_9239473_9239473_3\\workspace\\examples\\inject-vertxrequestprocessor\\src\\test\\java\\com\\englishtown\\vertx\\jersey\\examples\\integration\\InjectionIntegrationTest.java', ""[Errno 2] No such file or directory: 'D:\\\\ki9\\\\SEP490\\\\ArrowCode\\\\ARROW-paper\\\\ARROW\\\\runs\\\\sample_selection\\\\distributed\\\\shard-2\\\\candidates\\\\00613_9239473_9239473_3\\\\workspace\\\\examples\\\\inject-vertxrequestprocessor\\\\src\\\\test\\\\java\\\\com\\\\englishtown\\\\vertx\\\\jersey\\\\examples\\\\integration\\\\InjectionIntegrationTest.java'""), ('D:\\ki9\\SEP490\\ArrowCode\\ARROW-paper\\ARROW\\repos\\9239473\\features\\vertx-jersey-jackson\\src\\main\\java\\com\\englishtown\\vertx\\jersey\\features\\jackson\\internal\\JsonConfigObjectMapperConfigurator.java', 'D:\\ki9\\SEP490\\Arrow",78.328,D:\ki9\SEP490\ArrowCode\ARROW-paper\ARROW\runs\sample_selection\distributed\shard-2\candidates\00613_9239473_9239473_3
618,50205233,50205233_219.json,https://github.com/debezium/debezium,Conversions,debezium-core/src/main/java/io/debezium/time/Conversions.java,production,,,,toLocalDateTime,58,"@SuppressWarnings(""deprecation"") protected static",True,True,,,,,ELIGIBLE,,,,,,,,ea7e5bf741f35428ac1b8965d6cf406dbfcd7881,1,2,0,,,,,,,,,EXCLUDED,setup,"Error: [('D:\\ki9\\SEP490\\ArrowCode\\ARROW-paper\\ARROW\\repos\\50205233\\debezium-ai\\debezium-ai-embeddings-hugging-face\\src\\main\\resources\\META-INF\\services\\io.debezium.ai.embeddings.EmbeddingsModelFactory', 'D:\\ki9\\SEP490\\ArrowCode\\ARROW-paper\\ARROW\\runs\\sample_selection\\distributed\\shard-2\\candidates\\00618_50205233_50205233_219\\workspace\\debezium-ai\\debezium-ai-embeddings-hugging-face\\src\\main\\resources\\META-INF\\services\\io.debezium.ai.embeddings.EmbeddingsModelFactory', ""[Errno 2] No such file or directory: 'D:\\\\ki9\\\\SEP490\\\\ArrowCode\\\\ARROW-paper\\\\ARROW\\\\runs\\\\sample_selection\\\\distributed\\\\shard-2\\\\candidates\\\\00618_50205233_50205233_219\\\\workspace\\\\debezium-ai\\\\debezium-ai-embeddings-hugging-face\\\\src\\\\main\\\\resources\\\\META-INF\\\\services\\\\io.debezium.ai.embeddings.EmbeddingsModelFactory'""), ('D:\\ki9\\SEP490\\ArrowCode\\ARROW-paper\\ARROW\\repos\\50205233\\debezium-ai\\debezium-ai-embeddings-minilm\\src\\main\\resources\\META-INF\\services\\io.debezium.ai.embeddings.EmbeddingsModelFactory', 'D:\\ki9\\SEP490\\ArrowCode\\ARROW-paper\\ARROW\\runs\\sample_selection\\distributed\\shard-2\\candidates\\00618_50205233_50205233_219\\workspace\\debezium-ai\\debezium-ai-embeddings-minilm\\src\\main\\resources\\META-INF\\services\\io.debezium.ai.embeddings.EmbeddingsModelFactory', ""[Errno 2] No such file or directory: 'D:\\\\ki9\\\\SEP490\\\\ArrowCode\\\\ARROW-paper\\\\ARROW\\\\runs\\\\sample_selection\\\\distributed\\\\shard-2\\\\candidates\\\\00618_50205233_50205233_219\\\\workspace\\\\debezium-ai\\\\debezium-ai-embeddings-minilm\\\\src\\\\main\\\\resources\\\\META-INF\\\\services\\\\io.debezium.ai.embeddings.EmbeddingsModelFactory'""), ('D:\\ki9\\SEP490\\ArrowCode\\ARROW-paper\\ARROW\\repos\\50205233\\debezium-ai\\debezium-ai-embeddings-ollama\\src\\main\\resources\\META-INF\\services\\io.debezium.ai.embeddings.EmbeddingsModelFactory', 'D:\\ki9\\SEP490\\ArrowCode\\ARROW-paper\\ARROW\\runs\\sample_sele",105.422,D:\ki9\SEP490\ArrowCode\ARROW-paper\ARROW\runs\sample_selection\distributed\shard-2\candidates\00618_50205233_50205233_219
623,19628709,19628709_10.json,https://github.com/marcingrzejszczak/mockito-cookbook,BadlyDesignedNewPersonGenerator,chapter08/src/main/java/com/blogspot/toomuchcoding/book/chapter8/_1_ProblemWithNew/BadlyDesignedNewPersonGenerator.java,production,,,,generateNewIdentity,7,public,False,True,,,,,ELIGIBLE,,,,,,,,,1,2,0,,,,,,,,,EXCLUDED,setup,"Error: [('D:\\ki9\\SEP490\\ArrowCode\\ARROW-paper\\ARROW\\repos\\19628709\\chapter01\\src\\main\\java\\com\\blogspot\\toomuchcoding\\book\\chapter1\\_5_AddingMockitoHintsToExceptionMessages\\MeanTaxFactorCalculator.java', 'D:\\ki9\\SEP490\\ArrowCode\\ARROW-paper\\ARROW\\runs\\sample_selection\\distributed\\shard-2\\candidates\\00623_19628709_19628709_10\\workspace\\chapter01\\src\\main\\java\\com\\blogspot\\toomuchcoding\\book\\chapter1\\_5_AddingMockitoHintsToExceptionMessages\\MeanTaxFactorCalculator.java', ""[Errno 2] No such file or directory: 'D:\\\\ki9\\\\SEP490\\\\ArrowCode\\\\ARROW-paper\\\\ARROW\\\\runs\\\\sample_selection\\\\distributed\\\\shard-2\\\\candidates\\\\00623_19628709_19628709_10\\\\workspace\\\\chapter01\\\\src\\\\main\\\\java\\\\com\\\\blogspot\\\\toomuchcoding\\\\book\\\\chapter1\\\\_5_AddingMockitoHintsToExceptionMessages\\\\MeanTaxFactorCalculator.java'""), ('D:\\ki9\\SEP490\\ArrowCode\\ARROW-paper\\ARROW\\repos\\19628709\\chapter01\\src\\test\\java\\com\\blogspot\\toomuchcoding\\book\\chapter1\\_1_MockitoAnnotationsJunitRunner\\assertj\\MeanTaxFactorCalculatorTest.java', 'D:\\ki9\\SEP490\\ArrowCode\\ARROW-paper\\ARROW\\runs\\sample_selection\\distributed\\shard-2\\candidates\\00623_19628709_19628709_10\\workspace\\chapter01\\src\\test\\java\\com\\blogspot\\toomuchcoding\\book\\chapter1\\_1_MockitoAnnotationsJunitRunner\\assertj\\MeanTaxFactorCalculatorTest.java', ""[Errno 2] No such file or directory: 'D:\\\\ki9\\\\SEP490\\\\ArrowCode\\\\ARROW-paper\\\\ARROW\\\\runs\\\\sample_selection\\\\distributed\\\\shard-2\\\\candidates\\\\00623_19628709_19628709_10\\\\workspace\\\\chapter01\\\\src\\\\test\\\\java\\\\com\\\\blogspot\\\\toomuchcoding\\\\book\\\\chapter1\\\\_1_MockitoAnnotationsJunitRunner\\\\assertj\\\\MeanTaxFactorCalculatorTest.java'""), ('D:\\ki9\\SEP490\\ArrowCode\\ARROW-paper\\ARROW\\repos\\19628709\\chapter01\\src\\test\\java\\com\\blogspot\\toomuchcoding\\book\\chapter1\\_1_MockitoAnnotationsJunitRunner\\hamcrest\\MeanTaxFactorCalcu",11.172,D:\ki9\SEP490\ArrowCode\ARROW-paper\ARROW\runs\sample_selection\distributed\shard-2\candidates\00623_19628709_19628709_10
628,44382767,44382767_2.json,https://github.com/liveontologies/elk-reasoner,ReasonerFactory,elk-reasoner/src/main/java/org/semanticweb/elk/reasoner/ReasonerFactory.java,production,,,,createReasoner,4,public,False,True,,,,,ELIGIBLE,,,,,,,,,1,2,0,,,,,,,,,EXCLUDED,setup,"Error: [('D:\\ki9\\SEP490\\ArrowCode\\ARROW-paper\\ARROW\\repos\\44382767\\elk-distribution-parent\\elk-distribution-owlapi\\src\\main\\java\\org\\semanticweb\\elk\\owlapi\\examples\\QueryingUnnamedClassExpressions.java', 'D:\\ki9\\SEP490\\ArrowCode\\ARROW-paper\\ARROW\\runs\\sample_selection\\distributed\\shard-2\\candidates\\00628_44382767_44382767_2\\workspace\\elk-distribution-parent\\elk-distribution-owlapi\\src\\main\\java\\org\\semanticweb\\elk\\owlapi\\examples\\QueryingUnnamedClassExpressions.java', ""[Errno 2] No such file or directory: 'D:\\\\ki9\\\\SEP490\\\\ArrowCode\\\\ARROW-paper\\\\ARROW\\\\runs\\\\sample_selection\\\\distributed\\\\shard-2\\\\candidates\\\\00628_44382767_44382767_2\\\\workspace\\\\elk-distribution-parent\\\\elk-distribution-owlapi\\\\src\\\\main\\\\java\\\\org\\\\semanticweb\\\\elk\\\\owlapi\\\\examples\\\\QueryingUnnamedClassExpressions.java'""), ('D:\\ki9\\SEP490\\ArrowCode\\ARROW-paper\\ARROW\\repos\\44382767\\elk-distribution-parent\\elk-distribution-owlapi\\src\\main\\java\\org\\semanticweb\\elk\\owlapi\\examples\\RetrievingProofsForEntailment.java', 'D:\\ki9\\SEP490\\ArrowCode\\ARROW-paper\\ARROW\\runs\\sample_selection\\distributed\\shard-2\\candidates\\00628_44382767_44382767_2\\workspace\\elk-distribution-parent\\elk-distribution-owlapi\\src\\main\\java\\org\\semanticweb\\elk\\owlapi\\examples\\RetrievingProofsForEntailment.java', ""[Errno 2] No such file or directory: 'D:\\\\ki9\\\\SEP490\\\\ArrowCode\\\\ARROW-paper\\\\ARROW\\\\runs\\\\sample_selection\\\\distributed\\\\shard-2\\\\candidates\\\\00628_44382767_44382767_2\\\\workspace\\\\elk-distribution-parent\\\\elk-distribution-owlapi\\\\src\\\\main\\\\java\\\\org\\\\semanticweb\\\\elk\\\\owlapi\\\\examples\\\\RetrievingProofsForEntailment.java'""), ('D:\\ki9\\SEP490\\ArrowCode\\ARROW-paper\\ARROW\\repos\\44382767\\elk-owl-parent\\elk-owl-implementation\\src\\main\\java\\org\\semanticweb\\elk\\owl\\implementation\\ElkAnnotationPropertyDomainAxiomImpl.java', 'D:\\ki9\\SEP490\\",32.688,D:\ki9\SEP490\ArrowCode\ARROW-paper\ARROW\runs\sample_selection\distributed\shard-2\candidates\00628_44382767_44382767_2
633,53590096,53590096_5.json,https://github.com/Gigigo-Android-Devs/gigigo-utils-suite,AbstractPermissionListener,ggglib/src/main/java/com/gigigo/ggglib/permissions/AbstractPermissionListener.java,production,,,,onPermissionGranted,5,@Override public,True,False,,,,,EXCLUDED,no_observable_behavior,,,,,,,,,2,0,,,,,,,,,EXCLUDED,semantic_metadata,no_observable_behavior,0.000,D:\ki9\SEP490\ArrowCode\ARROW-paper\ARROW\runs\sample_selection\distributed\shard-2\candidates\00633_53590096_53590096_5
638,1628050,1628050_12.json,https://github.com/jpos/jPOS-EE,FixedFieldPackager,modules/fsdmsgx/src/main/java/org/jpos/fsdpackager/FixedFieldPackager.java,production,class,False,131,pack,26,@Override public,True,True,3,False,,10,ELIGIBLE,,gradle,modules\fsdmsgx,junit5,25,,JDK 25 not mapped; using system default Java,,1,2,1,ASSERTION_FAILED,,,org.jpos.fsdpackager.FixedFieldPackager,,,,,EXCLUDED,baseline,failure: build failed with an exception.,74.375,D:\ki9\SEP490\ArrowCode\ARROW-paper\ARROW\runs\sample_selection\distributed\shard-2\candidates\00638_1628050_1628050_12
643,18641766,18641766_13.json,https://github.com/rdfhdt/hdt-java,JenaNodeFormatter,hdt-java-core/src/main/java/org/rdfhdt/hdt/rdf/parsers/JenaNodeFormatter.java,production,class,False,59,format,3,public static,False,True,0,False,,7,ELIGIBLE,,maven,hdt-java-core,junit4,11,D:\ki9\SEP490\ArrowCode\ARROW-paper\ARROW\Java-version\java-11,auto-discovered JDK 11,,1,2,1,BUILD_TIMEOUT,,,org.rdfhdt.hdt.rdf.parsers.JenaNodeFormatter,,,,,EXCLUDED,baseline,build timeout,944.844,D:\ki9\SEP490\ArrowCode\ARROW-paper\ARROW\runs\sample_selection\distributed\shard-2\candidates\00643_18641766_18641766_13
648,30921794,30921794_0.json,https://github.com/ManyDesigns/Portofino,Operations,portofino-core/src/main/java/com/manydesigns/portofino/operations/Operations.java,production,,,,getOperations,7,public static,True,True,,,,,ELIGIBLE,,,,,,,,,1,2,0,,,,,,,,,EXCLUDED,setup,"Error: [('D:\\ki9\\SEP490\\ArrowCode\\ARROW-paper\\ARROW\\repos\\30921794\\databases\\googlecloudsql\\src\\main\\java\\com\\manydesigns\\portofino\\liquibase\\sqlgenerators\\GoogleCloudSQLLockDatabaseChangeLogGenerator.java', 'D:\\ki9\\SEP490\\ArrowCode\\ARROW-paper\\ARROW\\runs\\sample_selection\\distributed\\shard-2\\candidates\\00648_30921794_30921794_0\\workspace\\databases\\googlecloudsql\\src\\main\\java\\com\\manydesigns\\portofino\\liquibase\\sqlgenerators\\GoogleCloudSQLLockDatabaseChangeLogGenerator.java', ""[Errno 2] No such file or directory: 'D:\\\\ki9\\\\SEP490\\\\ArrowCode\\\\ARROW-paper\\\\ARROW\\\\runs\\\\sample_selection\\\\distributed\\\\shard-2\\\\candidates\\\\00648_30921794_30921794_0\\\\workspace\\\\databases\\\\googlecloudsql\\\\src\\\\main\\\\java\\\\com\\\\manydesigns\\\\portofino\\\\liquibase\\\\sqlgenerators\\\\GoogleCloudSQLLockDatabaseChangeLogGenerator.java'""), ('D:\\ki9\\SEP490\\ArrowCode\\ARROW-paper\\ARROW\\repos\\30921794\\microservices\\spring-boot\\src\\main\\java\\com\\manydesigns\\portofino\\microservices\\boot\\PortofinoAnnotationConfigServletWebServerApplicationContext.java', 'D:\\ki9\\SEP490\\ArrowCode\\ARROW-paper\\ARROW\\runs\\sample_selection\\distributed\\shard-2\\candidates\\00648_30921794_30921794_0\\workspace\\microservices\\spring-boot\\src\\main\\java\\com\\manydesigns\\portofino\\microservices\\boot\\PortofinoAnnotationConfigServletWebServerApplicationContext.java', ""[Errno 2] No such file or directory: 'D:\\\\ki9\\\\SEP490\\\\ArrowCode\\\\ARROW-paper\\\\ARROW\\\\runs\\\\sample_selection\\\\distributed\\\\shard-2\\\\candidates\\\\00648_30921794_30921794_0\\\\workspace\\\\microservices\\\\spring-boot\\\\src\\\\main\\\\java\\\\com\\\\manydesigns\\\\portofino\\\\microservices\\\\boot\\\\PortofinoAnnotationConfigServletWebServerApplicationContext.java'""), ('D:\\ki9\\SEP490\\ArrowCode\\ARROW-paper\\ARROW\\repos\\30921794\\portofino-crud\\src\\main\\java\\com\\manydesigns\\portofino\\resourceactions\\crud\\configuration\\",23.735,D:\ki9\SEP490\ArrowCode\ARROW-paper\ARROW\runs\sample_selection\distributed\shard-2\candidates\00648_30921794_30921794_0
653,91247102,91247102_27.json,https://github.com/deepu105/spring-io,WebConfigurer,springMS/store/src/main/java/com/springio/store/config/WebConfigurer.java,production,class,False,120,corsFilter,11,@Bean public,True,True,3,True,framework_context,9,EXCLUDED,external_dependency_risk:framework_context,,,,,,,,1,2,0,,,,,,,,,EXCLUDED,semantic,external_dependency_risk:framework_context,21.125,D:\ki9\SEP490\ArrowCode\ARROW-paper\ARROW\runs\sample_selection\distributed\shard-2\candidates\00653_91247102_91247102_27
658,119281902,119281902_2.json,https://github.com/westnordost/countryboundaries,GeoJsonReader,generator/src/main/java/de/westnordost/countryboundaries/GeoJsonReader.java,production,class,False,279,read,21,public,True,True,0,False,,10,ELIGIBLE,,gradle,generator,junit4,1,D:\ki9\SEP490\ArrowCode\ARROW-paper\ARROW\Java-version\java-8,auto-discovered compatible JDK 8 for Java 1,,1,2,1,ASSERTION_FAILED,,,de.westnordost.countryboundaries.GeoJsonReader,,,,,EXCLUDED,baseline,failure: build failed with an exception.,70.891,D:\ki9\SEP490\ArrowCode\ARROW-paper\ARROW\runs\sample_selection\distributed\shard-2\candidates\00658_119281902_119281902_2
663,12117077,12117077_93.json,https://github.com/jeo/jeo,CQL,core/src/main/java/io/jeo/filter/cql/CQL.java,production,class,False,42,parse,19,public static,True,True,0,False,,10,ELIGIBLE,,maven,core,junit4,src/main/jjtree,,JDK src/main/jjtree not mapped; using system default Java,,1,2,2,MODULE_TESTS_PASSED|MODULE_TESTS_PASSED,True,0,io.jeo.filter.cql.CQL,True,TARGET_TEST_PASSED,MODULE_TESTS_PASSED,MODULE_TESTS_PASSED,ELIGIBLE,,,94.922,D:\ki9\SEP490\ArrowCode\ARROW-paper\ARROW\runs\sample_selection\distributed\shard-2\candidates\00663_12117077_12117077_93
668,9706311,9706311_24.json,https://github.com/leapcode/bitmask_android,Provider,app/src/main/java/se/leap/bitmaskclient/Provider.java,production,class,False,504,equals,22,@Override public,True,True,0,True,database|nondeterminism,7,EXCLUDED,external_dependency_risk:database|nondeterminism,,,,,,,c070390d6eca9b185ca8c409712c64d10bd68118,1,2,0,,,,,,,,,EXCLUDED,semantic,external_dependency_risk:database|nondeterminism,228.828,D:\ki9\SEP490\ArrowCode\ARROW-paper\ARROW\runs\sample_selection\distributed\shard-2\candidates\00668_9706311_9706311_24
673,62342369,62342369_57.json,https://github.com/exense/step,CustomExpectedStepParser,step-plans/step-plans-parser/src/main/java/step/repositories/parser/CustomExpectedStepParser.java,production,,,,parse,11,private,True,True,,,,,EXCLUDED,focal_method_not_directly_testable,,,,,,,,,2,0,,,,,,,,,EXCLUDED,semantic_metadata,focal_method_not_directly_testable,0.000,D:\ki9\SEP490\ArrowCode\ARROW-paper\ARROW\runs\sample_selection\distributed\shard-2\candidates\00673_62342369_62342369_57
678,109219866,109219866_2.json,https://github.com/graalvm/graal-js-archetype,Services,archetype/src/main/resources/archetype-resources/src/main/java/Services.java,production,,,,getDefault,3,public static,False,True,,,,,EXCLUDED,trivial_focal_method,,,,,,,,,2,0,,,,,,,,,EXCLUDED,semantic_metadata,trivial_focal_method,0.000,D:\ki9\SEP490\ArrowCode\ARROW-paper\ARROW\runs\sample_selection\distributed\shard-2\candidates\00678_109219866_109219866_2
683,40101342,40101342_0.json,https://github.com/ufologist/hbase-sql,OracleDataLoader,hbase-sql/src/main/java/org/apache/hadoop/hbase/ext/loader/impl/OracleDataLoader.java,production,,,,loadTable,6,@Override public,False,False,,,,,EXCLUDED,no_observable_behavior,,,,,,,,,2,0,,,,,,,,,EXCLUDED,semantic_metadata,no_observable_behavior,0.000,D:\ki9\SEP490\ArrowCode\ARROW-paper\ARROW\runs\sample_selection\distributed\shard-2\candidates\00683_40101342_40101342_0
688,9067712,9067712_45.json,https://github.com/SlimRoms/apktool,BaseDexBuffer,brut.apktool.smali/dexlib2/src/main/java/org/jf/dexlib2/dexbacked/BaseDexBuffer.java,production,,,,readLong,11,public,False,True,,,,,ELIGIBLE,,,,,,,,,1,2,0,,,,,,,,,EXCLUDED,setup,"Error: [('D:\\ki9\\SEP490\\ArrowCode\\ARROW-paper\\ARROW\\repos\\9067712\\brut.apktool\\apktool-lib\\src\\test\\resources\\brut\\apktool\\testapp\\res\\values-mcc004-mnc4-en-rUS-ldrtl-sw100dp-w200dp-h300dp-xlarge-long-land-desk-night-xhdpi-finger-keyssoft-12key-navhidden-dpad', 'D:\\ki9\\SEP490\\ArrowCode\\ARROW-paper\\ARROW\\runs\\sample_selection\\distributed\\shard-2\\candidates\\00688_9067712_9067712_45\\workspace\\brut.apktool\\apktool-lib\\src\\test\\resources\\brut\\apktool\\testapp\\res\\values-mcc004-mnc4-en-rUS-ldrtl-sw100dp-w200dp-h300dp-xlarge-long-land-desk-night-xhdpi-finger-keyssoft-12key-navhidden-dpad', ""[WinError 3] The system cannot find the path specified: 'D:\\\\ki9\\\\SEP490\\\\ArrowCode\\\\ARROW-paper\\\\ARROW\\\\runs\\\\sample_selection\\\\distributed\\\\shard-2\\\\candidates\\\\00688_9067712_9067712_45\\\\workspace\\\\brut.apktool\\\\apktool-lib\\\\src\\\\test\\\\resources\\\\brut\\\\apktool\\\\testapp\\\\res\\\\values-mcc004-mnc4-en-rUS-ldrtl-sw100dp-w200dp-h300dp-xlarge-long-land-desk-night-xhdpi-finger-keyssoft-12key-navhidden-dpad'"")]",25.297,D:\ki9\SEP490\ArrowCode\ARROW-paper\ARROW\runs\sample_selection\distributed\shard-2\candidates\00688_9067712_9067712_45
693,1164974,1164974_11.json,https://github.com/ocpsoft/prettytime,PrettyTime,core/src/main/java/org/ocpsoft/prettytime/PrettyTime.java,production,class,False,1564,format,7,public,True,True,0,False,,8,ELIGIBLE,,maven,core,junit4,8,D:\ki9\SEP490\ArrowCode\ARROW-paper\ARROW\Java-version\java-8,auto-discovered JDK 8,,1,2,1,ASSERTION_FAILED,,,org.ocpsoft.prettytime.PrettyTime,,,,,EXCLUDED,baseline,failure:org.junit.comparisonfailure:expected:<za [1 minutu]> but was:<za [nekoliko trenutaka]>,43.735,D:\ki9\SEP490\ArrowCode\ARROW-paper\ARROW\runs\sample_selection\distributed\shard-2\candidates\00693_1164974_1164974_11
698,209813646,209813646_7.json,https://github.com/derklaro/reformcloud2,Streams,reformcloud2-executor-api/src/main/java/systems/reformcloud/reformcloud2/executor/api/utility/list/Streams.java,production,,,,apply,8,@NotNull public static,True,True,,,,,ELIGIBLE,,,,,,,,,1,2,0,,,,,,,,,EXCLUDED,setup,"Error: [('D:\\ki9\\SEP490\\ArrowCode\\ARROW-paper\\ARROW\\repos\\209813646\\reformcloud2-applications\\reformcloud2-default-application-cloudflare\\src\\main\\java\\systems\\reformcloud\\reformcloud2', 'D:\\ki9\\SEP490\\ArrowCode\\ARROW-paper\\ARROW\\runs\\sample_selection\\distributed\\shard-2\\candidates\\00698_209813646_209813646_7\\workspace\\reformcloud2-applications\\reformcloud2-default-application-cloudflare\\src\\main\\java\\systems\\reformcloud\\reformcloud2', ""[WinError 206] The filename or extension is too long: 'D:\\\\ki9\\\\SEP490\\\\ArrowCode\\\\ARROW-paper\\\\ARROW\\\\runs\\\\sample_selection\\\\distributed\\\\shard-2\\\\candidates\\\\00698_209813646_209813646_7\\\\workspace\\\\reformcloud2-applications\\\\reformcloud2-default-application-cloudflare\\\\src\\\\main\\\\java\\\\systems\\\\reformcloud\\\\reformcloud2'""), ('D:\\ki9\\SEP490\\ArrowCode\\ARROW-paper\\ARROW\\repos\\209813646\\reformcloud2-applications\\reformcloud2-default-application-commands\\src\\main\\java\\systems\\reformcloud\\reformcloud2\\commands', 'D:\\ki9\\SEP490\\ArrowCode\\ARROW-paper\\ARROW\\runs\\sample_selection\\distributed\\shard-2\\candidates\\00698_209813646_209813646_7\\workspace\\reformcloud2-applications\\reformcloud2-default-application-commands\\src\\main\\java\\systems\\reformcloud\\reformcloud2\\commands', ""[WinError 206] The filename or extension is too long: 'D:\\\\ki9\\\\SEP490\\\\ArrowCode\\\\ARROW-paper\\\\ARROW\\\\runs\\\\sample_selection\\\\distributed\\\\shard-2\\\\candidates\\\\00698_209813646_209813646_7\\\\workspace\\\\reformcloud2-applications\\\\reformcloud2-default-application-commands\\\\src\\\\main\\\\java\\\\systems\\\\reformcloud\\\\reformcloud2\\\\commands'""), ('D:\\ki9\\SEP490\\ArrowCode\\ARROW-paper\\ARROW\\repos\\209813646\\reformcloud2-applications\\reformcloud2-default-application-database-file\\src\\main\\java\\systems\\reformcloud\\reformcloud2', 'D:\\ki9\\SEP490\\ArrowCode\\ARROW-paper\\ARROW\\runs\\sample_selection\\distributed\\shard-2\\",14.406,D:\ki9\SEP490\ArrowCode\ARROW-paper\ARROW\runs\sample_selection\distributed\shard-2\candidates\00698_209813646_209813646_7
703,41460477,41460477_8.json,https://github.com/wavefrontHQ/wavefront-proxy,JaegerTChannelCollectorHandler,proxy/src/main/java/com/wavefront/agent/listeners/tracing/JaegerTChannelCollectorHandler.java,production,class,False,189,handleImpl,21,@Override public,True,True,9,False,,8,ELIGIBLE,,maven,proxy,junit4,8,D:\ki9\SEP490\ArrowCode\ARROW-paper\ARROW\Java-version\java-8,auto-discovered JDK 8,,1,2,1,ASSERTION_FAILED,,,com.wavefront.agent.listeners.tracing.JaegerTChannelCollectorHandler,,,,,EXCLUDED,baseline,[info] build failure,30.797,D:\ki9\SEP490\ArrowCode\ARROW-paper\ARROW\runs\sample_selection\distributed\shard-2\candidates\00703_41460477_41460477_8
708,10422484,10422484_21.json,https://github.com/tootedom/related,NodeOrTransportBasedElasticSearchClientFactoryCreator,app/core/searching/src/main/java/org/greencheek/related/searching/repository/NodeOrTransportBasedElasticSearchClientFactoryCreator.java,production,,,,getElasticSearchClientConnectionFactory,16,@Override public,True,True,,,,,ELIGIBLE,,,,,,,,,1,2,0,,,,,,,,,EXCLUDED,setup,"Error: [('D:\\ki9\\SEP490\\ArrowCode\\ARROW-paper\\ARROW\\repos\\10422484\\app\\core\\indexing\\src\\main\\java\\org\\greencheek\\related\\indexing\\elasticsearch\\ElasticSearchRelatedItemHttpIndexingRepository.java', 'D:\\ki9\\SEP490\\ArrowCode\\ARROW-paper\\ARROW\\runs\\sample_selection\\distributed\\shard-2\\candidates\\00708_10422484_10422484_21\\workspace\\app\\core\\indexing\\src\\main\\java\\org\\greencheek\\related\\indexing\\elasticsearch\\ElasticSearchRelatedItemHttpIndexingRepository.java', ""[Errno 2] No such file or directory: 'D:\\\\ki9\\\\SEP490\\\\ArrowCode\\\\ARROW-paper\\\\ARROW\\\\runs\\\\sample_selection\\\\distributed\\\\shard-2\\\\candidates\\\\00708_10422484_10422484_21\\\\workspace\\\\app\\\\core\\\\indexing\\\\src\\\\main\\\\java\\\\org\\\\greencheek\\\\related\\\\indexing\\\\elasticsearch\\\\ElasticSearchRelatedItemHttpIndexingRepository.java'""), ('D:\\ki9\\SEP490\\ArrowCode\\ARROW-paper\\ARROW\\repos\\10422484\\app\\core\\indexing\\src\\main\\java\\org\\greencheek\\related\\indexing\\elasticsearch\\ElasticSearchRelatedItemStorageRepositoryFactory.java', 'D:\\ki9\\SEP490\\ArrowCode\\ARROW-paper\\ARROW\\runs\\sample_selection\\distributed\\shard-2\\candidates\\00708_10422484_10422484_21\\workspace\\app\\core\\indexing\\src\\main\\java\\org\\greencheek\\related\\indexing\\elasticsearch\\ElasticSearchRelatedItemStorageRepositoryFactory.java', ""[Errno 2] No such file or directory: 'D:\\\\ki9\\\\SEP490\\\\ArrowCode\\\\ARROW-paper\\\\ARROW\\\\runs\\\\sample_selection\\\\distributed\\\\shard-2\\\\candidates\\\\00708_10422484_10422484_21\\\\workspace\\\\app\\\\core\\\\indexing\\\\src\\\\main\\\\java\\\\org\\\\greencheek\\\\related\\\\indexing\\\\elasticsearch\\\\ElasticSearchRelatedItemStorageRepositoryFactory.java'""), ('D:\\ki9\\SEP490\\ArrowCode\\ARROW-paper\\ARROW\\repos\\10422484\\app\\core\\indexing\\src\\main\\java\\org\\greencheek\\related\\indexing\\jsonrequestprocessing\\JsonSmartIndexingRequestConverterFactory.java', 'D:\\ki9\\SEP490\\Arro",7.172,D:\ki9\SEP490\ArrowCode\ARROW-paper\ARROW\runs\sample_selection\distributed\shard-2\candidates\00708_10422484_10422484_21
713,49317403,49317403_6.json,https://github.com/Nilhcem/droidcontn-2016,NetworkMapper,app/src/main/java/com/nilhcem/droidcontn/data/network/NetworkMapper.java,production,class,False,40,toAppSpeakers,10,public,True,True,1,False,,10,ELIGIBLE,,gradle,app,junit4,1,D:\ki9\SEP490\ArrowCode\ARROW-paper\ARROW\Java-version\java-8,auto-discovered compatible JDK 8 for Java 1,,1,2,1,ASSERTION_FAILED,,,com.nilhcem.droidcontn.data.network.NetworkMapper,,,,,EXCLUDED,baseline,failure: build failed with an exception.,13.843,D:\ki9\SEP490\ArrowCode\ARROW-paper\ARROW\runs\sample_selection\distributed\shard-2\candidates\00713_49317403_49317403_6
718,1672467,1672467_0.json,https://github.com/janrain/janrain-backplane,Utf8StringUtils,server/src/main/java/com/janrain/util/Utf8StringUtils.java,production,,,,utf8byteSizeSplit,24,public static,True,True,,,,,ELIGIBLE,,,,,,,,,,2,0,,,,,,,,,EXCLUDED,setup,"RuntimeError: Repository setup failed after 3 attempts: CalledProcessError: Command '['git', '-c', 'core.longpaths=true', 'clone', '--depth', '1', 'https://github.com/janrain/janrain-backplane', 'D:\\ki9\\SEP490\\ArrowCode\\ARROW-paper\\ARROW\\repos\\1672467']' returned non-zero exit status 128.",10.094,D:\ki9\SEP490\ArrowCode\ARROW-paper\ARROW\runs\sample_selection\distributed\shard-2\candidates\00718_1672467_1672467_0
723,8087042,8087042_25.json,https://github.com/guetux/gcm-sample,Sender,gcm-server/src/main/java/com/google/android/gcm/server/Sender.java,production,class,False,644,newBody,3,protected static,False,True,1,True,network|nondeterminism,6,EXCLUDED,external_dependency_risk:network|nondeterminism;testability_score_below_7,,,,,,,,1,2,0,,,,,,,,,EXCLUDED,semantic,external_dependency_risk:network|nondeterminism;testability_score_below_7,3.078,D:\ki9\SEP490\ArrowCode\ARROW-paper\ARROW\runs\sample_selection\distributed\shard-2\candidates\00723_8087042_8087042_25
728,158084770,158084770_2.json,https://github.com/Cicizz/jmqtt,RemotingHelper,jmqtt-remoting/src/main/java/org/jmqtt/remoting/util/RemotingHelper.java,production,class,False,88,getLocalAddr,39,public static,True,True,0,False,,10,ELIGIBLE,,maven,jmqtt-remoting,junit4,8,D:\ki9\SEP490\ArrowCode\ARROW-paper\ARROW\Java-version\java-8,auto-discovered JDK 8,e74ca315594fe332d4202fa7c4b0408fe09da3dd,1,2,2,MODULE_TESTS_PASSED|MODULE_TESTS_PASSED,True,1,org.jmqtt.remoting.util.RemotingHelper,True,TARGET_TEST_PASSED,MODULE_TESTS_PASSED,MODULE_TESTS_PASSED,ELIGIBLE,,,43.735,D:\ki9\SEP490\ArrowCode\ARROW-paper\ARROW\runs\sample_selection\distributed\shard-2\candidates\00728_158084770_158084770_2
733,126439064,126439064_235.json,https://github.com/bingoer/bitcoinj_sourcecode_analysis,DefaultRiskAnalysis,core/src/main/java/org/bitcoinj/wallet/DefaultRiskAnalysis.java,production,class,False,227,isInputStandard,22,public static,True,True,3,False,,9,ELIGIBLE,,maven,core,junit4,7,D:\ki9\SEP490\ArrowCode\ARROW-paper\ARROW\Java-version\java-8,auto-discovered compatible JDK 8 for Java 7,,1,2,2,MODULE_TESTS_PASSED|MODULE_TESTS_PASSED,True,0,org.bitcoinj.wallet.DefaultRiskAnalysis,True,TARGET_TEST_PASSED,MODULE_TESTS_PASSED,COMPILE_FAILED,EXCLUDED,offline,info: java.lang.unsatisfiedlinkerror: no secp256k1 in java.library.path,650.985,D:\ki9\SEP490\ArrowCode\ARROW-paper\ARROW\runs\sample_selection\distributed\shard-2\candidates\00733_126439064_126439064_235
738,10932418,10932418_13.json,https://github.com/kintone/java-sdk,Connection,kintone-sdk/src/main/java/com/cybozu/kintone/database/Connection.java,production,class,False,1458,addComment,15,public,True,True,2,True,database|network|filesystem|nondeterminism,8,EXCLUDED,external_dependency_risk:database|network|filesystem|nondeterminism,,,,,,,,1,2,0,,,,,,,,,EXCLUDED,semantic,external_dependency_risk:database|network|filesystem|nondeterminism,2.406,D:\ki9\SEP490\ArrowCode\ARROW-paper\ARROW\runs\sample_selection\distributed\shard-2\candidates\00738_10932418_10932418_13
743,228330020,228330020_6.json,https://github.com/apache/camel-spring-boot,CamelPropertiesHelper,core/camel-spring-boot/src/main/java/org/apache/camel/spring/boot/util/CamelPropertiesHelper.java,production,,,,setCamelProperties,47,public static,True,True,,,,,ELIGIBLE,,,,,,,,,1,2,0,,,,,,,,,EXCLUDED,setup,"Error: [('D:\\ki9\\SEP490\\ArrowCode\\ARROW-paper\\ARROW\\repos\\228330020\\catalog\\camel-catalog-provider-springboot\\src\\main\\resources\\org\\apache\\camel\\springboot\\catalog\\beans\\CaffeineAggregationRepository.json', 'D:\\ki9\\SEP490\\ArrowCode\\ARROW-paper\\ARROW\\runs\\sample_selection\\distributed\\shard-2\\candidates\\00743_228330020_228330020_6\\workspace\\catalog\\camel-catalog-provider-springboot\\src\\main\\resources\\org\\apache\\camel\\springboot\\catalog\\beans\\CaffeineAggregationRepository.json', ""[Errno 2] No such file or directory: 'D:\\\\ki9\\\\SEP490\\\\ArrowCode\\\\ARROW-paper\\\\ARROW\\\\runs\\\\sample_selection\\\\distributed\\\\shard-2\\\\candidates\\\\00743_228330020_228330020_6\\\\workspace\\\\catalog\\\\camel-catalog-provider-springboot\\\\src\\\\main\\\\resources\\\\org\\\\apache\\\\camel\\\\springboot\\\\catalog\\\\beans\\\\CaffeineAggregationRepository.json'""), ('D:\\ki9\\SEP490\\ArrowCode\\ARROW-paper\\ARROW\\repos\\228330020\\catalog\\camel-catalog-provider-springboot\\src\\main\\resources\\org\\apache\\camel\\springboot\\catalog\\beans\\CaffeineIdempotentRepository.json', 'D:\\ki9\\SEP490\\ArrowCode\\ARROW-paper\\ARROW\\runs\\sample_selection\\distributed\\shard-2\\candidates\\00743_228330020_228330020_6\\workspace\\catalog\\camel-catalog-provider-springboot\\src\\main\\resources\\org\\apache\\camel\\springboot\\catalog\\beans\\CaffeineIdempotentRepository.json', ""[Errno 2] No such file or directory: 'D:\\\\ki9\\\\SEP490\\\\ArrowCode\\\\ARROW-paper\\\\ARROW\\\\runs\\\\sample_selection\\\\distributed\\\\shard-2\\\\candidates\\\\00743_228330020_228330020_6\\\\workspace\\\\catalog\\\\camel-catalog-provider-springboot\\\\src\\\\main\\\\resources\\\\org\\\\apache\\\\camel\\\\springboot\\\\catalog\\\\beans\\\\CaffeineIdempotentRepository.json'""), ('D:\\ki9\\SEP490\\ArrowCode\\ARROW-paper\\ARROW\\repos\\228330020\\catalog\\camel-catalog-provider-springboot\\src\\main\\resources\\org\\apache\\camel\\springboot\\catalog\\beans\\Cassand",102.797,D:\ki9\SEP490\ArrowCode\ARROW-paper\ARROW\runs\sample_selection\distributed\shard-2\candidates\00743_228330020_228330020_6
748,140017338,140017338_366.json,https://github.com/eclipse/antenna,LicenseResolver,core/core-workflow-steps/src/main/java/org/eclipse/sw360/antenna/workflow/processors/LicenseResolver.java,production,,,,LicenseResolver,3,public,False,True,,,,,ELIGIBLE,,,,,,,,,1,2,0,,,,,,,,,EXCLUDED,setup,"Error: [('D:\\ki9\\SEP490\\ArrowCode\\ARROW-paper\\ARROW\\repos\\140017338\\assembly\\compliance-tool\\src\\main\\java\\org\\eclipse\\sw360\\antenna\\frontend\\compliancetool\\main\\AntennaComplianceToolOptions.java', 'D:\\ki9\\SEP490\\ArrowCode\\ARROW-paper\\ARROW\\runs\\sample_selection\\distributed\\shard-2\\candidates\\00748_140017338_140017338_366\\workspace\\assembly\\compliance-tool\\src\\main\\java\\org\\eclipse\\sw360\\antenna\\frontend\\compliancetool\\main\\AntennaComplianceToolOptions.java', ""[Errno 2] No such file or directory: 'D:\\\\ki9\\\\SEP490\\\\ArrowCode\\\\ARROW-paper\\\\ARROW\\\\runs\\\\sample_selection\\\\distributed\\\\shard-2\\\\candidates\\\\00748_140017338_140017338_366\\\\workspace\\\\assembly\\\\compliance-tool\\\\src\\\\main\\\\java\\\\org\\\\eclipse\\\\sw360\\\\antenna\\\\frontend\\\\compliancetool\\\\main\\\\AntennaComplianceToolOptions.java'""), ('D:\\ki9\\SEP490\\ArrowCode\\ARROW-paper\\ARROW\\repos\\140017338\\assembly\\compliance-tool\\src\\main\\java\\org\\eclipse\\sw360\\antenna\\frontend\\compliancetool\\sw360\\exporter\\ReleaseWithSources.java', 'D:\\ki9\\SEP490\\ArrowCode\\ARROW-paper\\ARROW\\runs\\sample_selection\\distributed\\shard-2\\candidates\\00748_140017338_140017338_366\\workspace\\assembly\\compliance-tool\\src\\main\\java\\org\\eclipse\\sw360\\antenna\\frontend\\compliancetool\\sw360\\exporter\\ReleaseWithSources.java', ""[Errno 2] No such file or directory: 'D:\\\\ki9\\\\SEP490\\\\ArrowCode\\\\ARROW-paper\\\\ARROW\\\\runs\\\\sample_selection\\\\distributed\\\\shard-2\\\\candidates\\\\00748_140017338_140017338_366\\\\workspace\\\\assembly\\\\compliance-tool\\\\src\\\\main\\\\java\\\\org\\\\eclipse\\\\sw360\\\\antenna\\\\frontend\\\\compliancetool\\\\sw360\\\\exporter\\\\ReleaseWithSources.java'""), ('D:\\ki9\\SEP490\\ArrowCode\\ARROW-paper\\ARROW\\repos\\140017338\\assembly\\compliance-tool\\src\\main\\java\\org\\eclipse\\sw360\\antenna\\frontend\\compliancetool\\sw360\\reporter\\InfoRequestFactory.java', 'D:\\ki9\\SE",25.734,D:\ki9\SEP490\ArrowCode\ARROW-paper\ARROW\runs\sample_selection\distributed\shard-2\candidates\00748_140017338_140017338_366
753,52610929,52610929_0.json,https://github.com/seleniumkit/selenograph,FullStacktraceThrowableRenderer,service/src/main/java/ru/qatools/selenograph/util/FullStacktraceThrowableRenderer.java,production,class,False,42,doRender,4,@Override public,False,True,0,False,,7,ELIGIBLE,,maven,service,junit4,8,D:\ki9\SEP490\ArrowCode\ARROW-paper\ARROW\Java-version\java-8,auto-discovered JDK 8,,1,2,1,COMPILE_FAILED,,,ru.qatools.selenograph.util.FullStacktraceThrowableRenderer,,,,,EXCLUDED,baseline,[info] cleaning package directories.,51.016,D:\ki9\SEP490\ArrowCode\ARROW-paper\ARROW\runs\sample_selection\distributed\shard-2\candidates\00753_52610929_52610929_0
758,117452304,117452304_5.json,https://github.com/GreenBlitz/MotionControl,Localizer,motion/src/main/java/org/greenblitz/motion/Localizer.java,production,class,False,138,calculateMovement,11,public static,True,True,0,False,,10,ELIGIBLE,,gradle,motion,junit5,11,D:\ki9\SEP490\ArrowCode\ARROW-paper\ARROW\Java-version\java-11,auto-discovered JDK 11,,1,2,2,MODULE_TESTS_PASSED|MODULE_TESTS_PASSED,True,0,org.greenblitz.motion.Localizer,True,TARGET_TEST_PASSED,MODULE_TESTS_PASSED,MODULE_TESTS_PASSED,ELIGIBLE,,,99.312,D:\ki9\SEP490\ArrowCode\ARROW-paper\ARROW\runs\sample_selection\distributed\shard-2\candidates\00758_117452304_117452304_5
763,10429628,10429628_0.json,https://github.com/codecop/ugly-trivia-kata,ReplayingRandom,src/it/java/com/adaptionsoft/games/trivia/runner/ReplayingRandom.java,nonstandard,,,,nextInt,9,@Override public,True,True,,,,,EXCLUDED,source_layout:nonstandard,,,,,,,,,2,0,,,,,,,,,EXCLUDED,semantic_metadata,source_layout:nonstandard,0.016,D:\ki9\SEP490\ArrowCode\ARROW-paper\ARROW\runs\sample_selection\distributed\shard-2\candidates\00763_10429628_10429628_0
768,97935002,97935002_3.json,https://github.com/code-not-found/cxf-jaxws,HelloWorldImpl,cxf-jaxws-jetty-xml-config/src/main/java/com/codenotfound/endpoint/HelloWorldImpl.java,production,class,False,24,sayHello,13,@Override public,False,True,0,False,,7,ELIGIBLE,,maven,cxf-jaxws-jetty-xml-config,junit4,8,D:\ki9\SEP490\ArrowCode\ARROW-paper\ARROW\Java-version\java-8,auto-discovered JDK 8,,1,2,2,MODULE_TESTS_PASSED|MODULE_TESTS_PASSED,True,0,com.codenotfound.endpoint.HelloWorldImpl,True,TARGET_TEST_PASSED,MODULE_TESTS_PASSED,MODULE_TESTS_PASSED,ELIGIBLE,,,91.656,D:\ki9\SEP490\ArrowCode\ARROW-paper\ARROW\runs\sample_selection\distributed\shard-2\candidates\00768_97935002_97935002_3
773,1710792,1710792_6.json,https://github.com/jonstewart/sleuthkit-hadoop,PythonJob,core/src/main/java/com/lightboxtechnologies/spectrum/PythonJob.java,production,class,False,449,createOutputType,18,static,True,True,0,False,,10,ELIGIBLE,,maven,core,junit4,unknown,,no project java version detected,,1,2,1,RUNTIME_FAILED,,,com.lightboxtechnologies.spectrum.PythonJob,,,,,EXCLUDED,baseline,[error] [error] some problems were encountered while processing the poms:,18.797,D:\ki9\SEP490\ArrowCode\ARROW-paper\ARROW\runs\sample_selection\distributed\shard-2\candidates\00773_1710792_1710792_6
778,16293572,16293572_24.json,https://github.com/pivotalsoftware/session-managers,RedisStore,redis-store/src/main/java/com/gopivotal/manager/redis/RedisStore.java,production,class,False,546,stopInternal,14,@Override protected,True,True,0,False,,9,ELIGIBLE,,gradle,redis-store,junit4,1,D:\ki9\SEP490\ArrowCode\ARROW-paper\ARROW\Java-version\java-8,auto-discovered compatible JDK 8 for Java 1,,1,2,1,ASSERTION_FAILED,,,com.gopivotal.manager.redis.RedisStore,,,,,EXCLUDED,baseline,failure: build failed with an exception.,32.344,D:\ki9\SEP490\ArrowCode\ARROW-paper\ARROW\runs\sample_selection\distributed\shard-2\candidates\00778_16293572_16293572_24
783,27683023,27683023_51.json,https://github.com/waynedgrant/android-appwidget-cirrus,PressureFormatter,app/src/main/java/com/waynedgrant/cirrus/presentation/formatters/PressureFormatter.java,production,class,False,54,format,37,public,True,True,1,False,,9,ELIGIBLE,,gradle,app,junit4,unknown,,no project java version detected,,1,2,1,TOOL_ERROR,,,com.waynedgrant.cirrus.presentation.formatters.PressureFormatter,,,,,EXCLUDED,baseline,[WinError 2] The system cannot find the file specified,4.094,D:\ki9\SEP490\ArrowCode\ARROW-paper\ARROW\runs\sample_selection\distributed\shard-2\candidates\00783_27683023_27683023_51
788,29959880,29959880_97.json,https://github.com/Dica-Developer/weplantaforest,CartController,admin/src/main/java/org/dicadeveloper/weplantaforest/admin/cart/CartController.java,production,,,,getAllCarts,5,"@RequestMapping(value = Uris.CARTS, method = RequestMethod.POST) @JsonView(Views.OverviewCart.class) public",False,True,,,,,EXCLUDED,trivial_focal_method,,,,,,,,,2,0,,,,,,,,,EXCLUDED,semantic_metadata,trivial_focal_method,0.031,D:\ki9\SEP490\ArrowCode\ARROW-paper\ARROW\runs\sample_selection\distributed\shard-2\candidates\00788_29959880_29959880_97
793,10283615,10283615_59.json,https://github.com/stratosphere/stratosphere-sopremo,JavaToJsonMapper,sopremo/sopremo-common/src/main/java/eu/stratosphere/sopremo/type/JavaToJsonMapper.java,production,class,False,314,map,8,public,True,True,0,False,,9,ELIGIBLE,,maven,sopremo\sopremo-common,junit4,6,D:\ki9\SEP490\ArrowCode\ARROW-paper\ARROW\Java-version\java-8,auto-discovered compatible JDK 8 for Java 6,,1,2,1,COMPILE_FAILED,,,eu.stratosphere.sopremo.type.JavaToJsonMapper,,,,,EXCLUDED,baseline,[error] failed to execute goal org.apache.maven.plugins:maven-compiler-plugin:<n>.1:compile (default-compile) on project sopremo-common: compilation failure: compilation failure:,94.625,D:\ki9\SEP490\ArrowCode\ARROW-paper\ARROW\runs\sample_selection\distributed\shard-2\candidates\00793_10283615_10283615_59
798,13865967,13865967_319.json,https://github.com/betfair/cougar,PropertyConfigurer,cougar-framework/cougar-util/src/main/java/com/betfair/cougar/util/configuration/PropertyConfigurer.java,production,,,,afterPropertiesSet,5,@Override public,False,False,,,,,EXCLUDED,no_observable_behavior,,,,,,,,,2,0,,,,,,,,,EXCLUDED,semantic_metadata,no_observable_behavior,0.015,D:\ki9\SEP490\ArrowCode\ARROW-paper\ARROW\runs\sample_selection\distributed\shard-2\candidates\00798_13865967_13865967_319
803,2885902,2885902_6.json,https://github.com/smurn/jPLY,NormalGenerator,jply/src/main/java/org/smurn/jply/util/NormalGenerator.java,production,class,False,223,generateNormals,49,public,True,True,0,False,,9,ELIGIBLE,,maven,jply,junit4,6,D:\ki9\SEP490\ArrowCode\ARROW-paper\ARROW\Java-version\java-8,auto-discovered compatible JDK 8 for Java 6,,1,2,2,MODULE_TESTS_PASSED|MODULE_TESTS_PASSED,True,0,org.smurn.jply.util.NormalGenerator,True,TARGET_TEST_PASSED,MODULE_TESTS_PASSED,MODULE_TESTS_PASSED,ELIGIBLE,,,35.719,D:\ki9\SEP490\ArrowCode\ARROW-paper\ARROW\runs\sample_selection\distributed\shard-2\candidates\00803_2885902_2885902_6
808,33374862,33374862_1.json,https://github.com/codehaus-cargo/cargo,SomeClass,extensions/maven2/archetypes/webapp-single-module/src/main/resources/archetype-resources/src/main/java/SomeClass.java,production,,,,saySomething,4,public,False,True,,,,,ELIGIBLE,,,,,,,,c34cc4e65539b36dbabf3e4a6e4528d420d31545,1,2,0,,,,,,,,,EXCLUDED,setup,"Error: [('D:\\ki9\\SEP490\\ArrowCode\\ARROW-paper\\ARROW\\repos\\33374862\\core\\api\\container\\src\\main\\java\\org\\codehaus\\cargo\\container\\spi\\configuration\\AbstractExistingLocalConfigurationCapability.java', 'D:\\ki9\\SEP490\\ArrowCode\\ARROW-paper\\ARROW\\runs\\sample_selection\\distributed\\shard-2\\candidates\\00808_33374862_33374862_1\\workspace\\core\\api\\container\\src\\main\\java\\org\\codehaus\\cargo\\container\\spi\\configuration\\AbstractExistingLocalConfigurationCapability.java', ""[Errno 2] No such file or directory: 'D:\\\\ki9\\\\SEP490\\\\ArrowCode\\\\ARROW-paper\\\\ARROW\\\\runs\\\\sample_selection\\\\distributed\\\\shard-2\\\\candidates\\\\00808_33374862_33374862_1\\\\workspace\\\\core\\\\api\\\\container\\\\src\\\\main\\\\java\\\\org\\\\codehaus\\\\cargo\\\\container\\\\spi\\\\configuration\\\\AbstractExistingLocalConfigurationCapability.java'""), ('D:\\ki9\\SEP490\\ArrowCode\\ARROW-paper\\ARROW\\repos\\33374862\\core\\api\\container\\src\\main\\java\\org\\codehaus\\cargo\\container\\spi\\configuration\\AbstractStandaloneLocalConfigurationCapability.java', 'D:\\ki9\\SEP490\\ArrowCode\\ARROW-paper\\ARROW\\runs\\sample_selection\\distributed\\shard-2\\candidates\\00808_33374862_33374862_1\\workspace\\core\\api\\container\\src\\main\\java\\org\\codehaus\\cargo\\container\\spi\\configuration\\AbstractStandaloneLocalConfigurationCapability.java', ""[Errno 2] No such file or directory: 'D:\\\\ki9\\\\SEP490\\\\ArrowCode\\\\ARROW-paper\\\\ARROW\\\\runs\\\\sample_selection\\\\distributed\\\\shard-2\\\\candidates\\\\00808_33374862_33374862_1\\\\workspace\\\\core\\\\api\\\\container\\\\src\\\\main\\\\java\\\\org\\\\codehaus\\\\cargo\\\\container\\\\spi\\\\configuration\\\\AbstractStandaloneLocalConfigurationCapability.java'""), ('D:\\ki9\\SEP490\\ArrowCode\\ARROW-paper\\ARROW\\repos\\33374862\\core\\api\\container\\src\\main\\java\\org\\codehaus\\cargo\\container\\spi\\configuration\\builder\\AbstractStandaloneLocalConfigurationWithXMLConfigurationBuil",47.313,D:\ki9\SEP490\ArrowCode\ARROW-paper\ARROW\runs\sample_selection\distributed\shard-2\candidates\00808_33374862_33374862_1
813,71119502,71119502_16.json,https://github.com/proteus-h2020/proteus-engine,DelegatingConfiguration,flink-core/src/main/java/org/apache/flink/configuration/DelegatingConfiguration.java,production,,,,equals,9,@Override public,True,True,,,,,ELIGIBLE,,,,,,,,,1,2,0,,,,,,,,,EXCLUDED,setup,"Error: [('D:\\ki9\\SEP490\\ArrowCode\\ARROW-paper\\ARROW\\repos\\71119502\\flink-connectors\\flink-connector-cassandra\\src\\main\\java\\org\\apache\\flink\\streaming\\connectors\\cassandra\\AbstractCassandraTupleSink.java', 'D:\\ki9\\SEP490\\ArrowCode\\ARROW-paper\\ARROW\\runs\\sample_selection\\distributed\\shard-2\\candidates\\00813_71119502_71119502_16\\workspace\\flink-connectors\\flink-connector-cassandra\\src\\main\\java\\org\\apache\\flink\\streaming\\connectors\\cassandra\\AbstractCassandraTupleSink.java', ""[Errno 2] No such file or directory: 'D:\\\\ki9\\\\SEP490\\\\ArrowCode\\\\ARROW-paper\\\\ARROW\\\\runs\\\\sample_selection\\\\distributed\\\\shard-2\\\\candidates\\\\00813_71119502_71119502_16\\\\workspace\\\\flink-connectors\\\\flink-connector-cassandra\\\\src\\\\main\\\\java\\\\org\\\\apache\\\\flink\\\\streaming\\\\connectors\\\\cassandra\\\\AbstractCassandraTupleSink.java'""), ('D:\\ki9\\SEP490\\ArrowCode\\ARROW-paper\\ARROW\\repos\\71119502\\flink-connectors\\flink-connector-cassandra\\src\\main\\java\\org\\apache\\flink\\streaming\\connectors\\cassandra\\CassandraAppendTableSink.java', 'D:\\ki9\\SEP490\\ArrowCode\\ARROW-paper\\ARROW\\runs\\sample_selection\\distributed\\shard-2\\candidates\\00813_71119502_71119502_16\\workspace\\flink-connectors\\flink-connector-cassandra\\src\\main\\java\\org\\apache\\flink\\streaming\\connectors\\cassandra\\CassandraAppendTableSink.java', ""[Errno 2] No such file or directory: 'D:\\\\ki9\\\\SEP490\\\\ArrowCode\\\\ARROW-paper\\\\ARROW\\\\runs\\\\sample_selection\\\\distributed\\\\shard-2\\\\candidates\\\\00813_71119502_71119502_16\\\\workspace\\\\flink-connectors\\\\flink-connector-cassandra\\\\src\\\\main\\\\java\\\\org\\\\apache\\\\flink\\\\streaming\\\\connectors\\\\cassandra\\\\CassandraAppendTableSink.java'""), ('D:\\ki9\\SEP490\\ArrowCode\\ARROW-paper\\ARROW\\repos\\71119502\\flink-connectors\\flink-connector-cassandra\\src\\main\\java\\org\\apache\\flink\\streaming\\connectors\\cassandra\\CassandraCommitter.ja",143.140,D:\ki9\SEP490\ArrowCode\ARROW-paper\ARROW\runs\sample_selection\distributed\shard-2\candidates\00813_71119502_71119502_16
818,23491281,23491281_1.json,https://github.com/bubblecloud/ilves,OAuthService,ilves-vaadin/src/main/java/org/bubblecloud/ilves/security/OAuthService.java,production,class,False,172,getEmail,14,public static,True,True,0,True,database|network,9,EXCLUDED,external_dependency_risk:database|network,,,,,,,,1,2,0,,,,,,,,,EXCLUDED,semantic,external_dependency_risk:database|network,8.985,D:\ki9\SEP490\ArrowCode\ARROW-paper\ARROW\runs\sample_selection\distributed\shard-2\candidates\00818_23491281_23491281_1
823,143692325,143692325_0.json,https://github.com/PacktPublishing/Software-Architecture-with-Spring-5.0,BankStatementService,Chapter01/02-low-coupling/banking-application/src/main/java/com/packtpub/bankingapplication/accounts/services/BankStatementService.java,production,,,,sendBankStatement,8,public,False,False,,,,,EXCLUDED,no_observable_behavior,,,,,,,,,2,0,,,,,,,,,EXCLUDED,semantic_metadata,no_observable_behavior,0.016,D:\ki9\SEP490\ArrowCode\ARROW-paper\ARROW\runs\sample_selection\distributed\shard-2\candidates\00823_143692325_143692325_0
828,79750743,79750743_3.json,https://github.com/abhijitvalluri/fitnotifications,GroupSummaryMessageExtractor,app/src/main/java/com/abhijitvalluri/android/fitnotifications/services/GroupSummaryMessageExtractor.java,production,class,False,280,getTitleAndText,77,@Override public,True,True,1,False,,9,ELIGIBLE,,gradle,app,junit4,11,D:\ki9\SEP490\ArrowCode\ARROW-paper\ARROW\Java-version\java-11,auto-discovered JDK 11,,1,2,1,ASSERTION_FAILED,,,com.abhijitvalluri.android.fitnotifications.services.GroupSummaryMessageExtractor,,,,,EXCLUDED,baseline,failure: build failed with an exception.,82.109,D:\ki9\SEP490\ArrowCode\ARROW-paper\ARROW\runs\sample_selection\distributed\shard-2\candidates\00828_79750743_79750743_3
833,216000802,216000802_49.json,https://github.com/sonus21/rqueue,StringUtils,rqueue-core/src/main/java/com/github/sonus21/rqueue/utils/StringUtils.java,production,,,,convertToCamelCase,27,public static,True,True,,,,,ELIGIBLE,,,,,,,,,1,2,0,,,,,,,,,EXCLUDED,setup,"Error: [('D:\\ki9\\SEP490\\ArrowCode\\ARROW-paper\\ARROW\\repos\\216000802\\rqueue-spring\\src\\test\\java\\com\\github\\sonus21\\rqueue\\spring\\tests\\integration\\StrictHeterogeneousConcurrencyBasedQueueListener.java', 'D:\\ki9\\SEP490\\ArrowCode\\ARROW-paper\\ARROW\\runs\\sample_selection\\distributed\\shard-2\\candidates\\00833_216000802_216000802_49\\workspace\\rqueue-spring\\src\\test\\java\\com\\github\\sonus21\\rqueue\\spring\\tests\\integration\\StrictHeterogeneousConcurrencyBasedQueueListener.java', ""[Errno 2] No such file or directory: 'D:\\\\ki9\\\\SEP490\\\\ArrowCode\\\\ARROW-paper\\\\ARROW\\\\runs\\\\sample_selection\\\\distributed\\\\shard-2\\\\candidates\\\\00833_216000802_216000802_49\\\\workspace\\\\rqueue-spring\\\\src\\\\test\\\\java\\\\com\\\\github\\\\sonus21\\\\rqueue\\\\spring\\\\tests\\\\integration\\\\StrictHeterogeneousConcurrencyBasedQueueListener.java'""), ('D:\\ki9\\SEP490\\ArrowCode\\ARROW-paper\\ARROW\\repos\\216000802\\rqueue-spring\\src\\test\\java\\com\\github\\sonus21\\rqueue\\spring\\tests\\integration\\WeightedHeterogeneousConcurrencyBasedQueueListener.java', 'D:\\ki9\\SEP490\\ArrowCode\\ARROW-paper\\ARROW\\runs\\sample_selection\\distributed\\shard-2\\candidates\\00833_216000802_216000802_49\\workspace\\rqueue-spring\\src\\test\\java\\com\\github\\sonus21\\rqueue\\spring\\tests\\integration\\WeightedHeterogeneousConcurrencyBasedQueueListener.java', ""[Errno 2] No such file or directory: 'D:\\\\ki9\\\\SEP490\\\\ArrowCode\\\\ARROW-paper\\\\ARROW\\\\runs\\\\sample_selection\\\\distributed\\\\shard-2\\\\candidates\\\\00833_216000802_216000802_49\\\\workspace\\\\rqueue-spring\\\\src\\\\test\\\\java\\\\com\\\\github\\\\sonus21\\\\rqueue\\\\spring\\\\tests\\\\integration\\\\WeightedHeterogeneousConcurrencyBasedQueueListener.java'""), ('D:\\ki9\\SEP490\\ArrowCode\\ARROW-paper\\ARROW\\repos\\216000802\\rqueue-spring-boot-reactive-example\\src\\test\\java\\com\\github\\sonus21\\task\\executor\\RqueueReactiveTaskExecutorApplicationTests.jav",16.890,D:\ki9\SEP490\ArrowCode\ARROW-paper\ARROW\runs\sample_selection\distributed\shard-2\candidates\00833_216000802_216000802_49
838,16479425,16479425_1.json,https://github.com/owntracks/android,WelcomeAdapter,project/app/src/main/java/org/owntracks/android/ui/welcome/WelcomeAdapter.java,production,,,,getCount,4,@Override public,False,True,,,,,EXCLUDED,trivial_focal_method,,,,,,,,,2,0,,,,,,,,,EXCLUDED,semantic_metadata,trivial_focal_method,0.031,D:\ki9\SEP490\ArrowCode\ARROW-paper\ARROW\runs\sample_selection\distributed\shard-2\candidates\00838_16479425_16479425_1
843,156833788,156833788_2.json,https://github.com/gxstax/spring-framework-5.0.X,RouterFunctions,spring-webflux/src/main/java/org/springframework/web/reactive/function/server/RouterFunctions.java,production,,,,route,4,public static,False,True,,,,,ELIGIBLE,,,,,,,,,1,2,0,,,,,,,,,EXCLUDED,setup,"Error: [('D:\\ki9\\SEP490\\ArrowCode\\ARROW-paper\\ARROW\\repos\\156833788\\spring-beans\\src\\test\\resources\\org\\springframework\\beans\\factory\\xml\\NestedBeansElementAttributeRecursionTests-autowire-candidates-context.xml', 'D:\\ki9\\SEP490\\ArrowCode\\ARROW-paper\\ARROW\\runs\\sample_selection\\distributed\\shard-2\\candidates\\00843_156833788_156833788_2\\workspace\\spring-beans\\src\\test\\resources\\org\\springframework\\beans\\factory\\xml\\NestedBeansElementAttributeRecursionTests-autowire-candidates-context.xml', ""[Errno 2] No such file or directory: 'D:\\\\ki9\\\\SEP490\\\\ArrowCode\\\\ARROW-paper\\\\ARROW\\\\runs\\\\sample_selection\\\\distributed\\\\shard-2\\\\candidates\\\\00843_156833788_156833788_2\\\\workspace\\\\spring-beans\\\\src\\\\test\\\\resources\\\\org\\\\springframework\\\\beans\\\\factory\\\\xml\\\\NestedBeansElementAttributeRecursionTests-autowire-candidates-context.xml'""), ('D:\\ki9\\SEP490\\ArrowCode\\ARROW-paper\\ARROW\\repos\\156833788\\spring-beans\\src\\test\\resources\\org\\springframework\\beans\\factory\\xml\\NestedBeansElementAttributeRecursionTests-autowire-context.xml', 'D:\\ki9\\SEP490\\ArrowCode\\ARROW-paper\\ARROW\\runs\\sample_selection\\distributed\\shard-2\\candidates\\00843_156833788_156833788_2\\workspace\\spring-beans\\src\\test\\resources\\org\\springframework\\beans\\factory\\xml\\NestedBeansElementAttributeRecursionTests-autowire-context.xml', ""[Errno 2] No such file or directory: 'D:\\\\ki9\\\\SEP490\\\\ArrowCode\\\\ARROW-paper\\\\ARROW\\\\runs\\\\sample_selection\\\\distributed\\\\shard-2\\\\candidates\\\\00843_156833788_156833788_2\\\\workspace\\\\spring-beans\\\\src\\\\test\\\\resources\\\\org\\\\springframework\\\\beans\\\\factory\\\\xml\\\\NestedBeansElementAttributeRecursionTests-autowire-context.xml'""), ('D:\\ki9\\SEP490\\ArrowCode\\ARROW-paper\\ARROW\\repos\\156833788\\spring-beans\\src\\test\\resources\\org\\springframework\\beans\\factory\\xml\\NestedBeansElementAttributeRecursionTests-init-destroy-c",154.859,D:\ki9\SEP490\ArrowCode\ARROW-paper\ARROW\runs\sample_selection\distributed\shard-2\candidates\00843_156833788_156833788_2
848,9149127,9149127_2.json,https://github.com/murer/mycontainer,MyContainerInjectionProvider,mycontainer-components/mycontainer-jsfprovider/src/main/java/com/googlecode/mycontainer/jsfprovider/MyContainerInjectionProvider.java,production,,,,invokePreDestroy,6,public,True,False,,,,,EXCLUDED,no_observable_behavior,,,,,,,,,2,0,,,,,,,,,EXCLUDED,semantic_metadata,no_observable_behavior,0.015,D:\ki9\SEP490\ArrowCode\ARROW-paper\ARROW\runs\sample_selection\distributed\shard-2\candidates\00848_9149127_9149127_2
853,29008657,29008657_5.json,https://github.com/AdamBien/porcupine,HttpHeaderStatisticInjector,porcupine-spy/src/main/java/com/airhacks/porcupine/interceptors/HttpHeaderStatisticInjector.java,production,class,False,69,serializeStatistics,23,public,True,True,0,False,,9,ELIGIBLE,,maven,porcupine-spy,junit4,8,D:\ki9\SEP490\ArrowCode\ARROW-paper\ARROW\Java-version\java-8,auto-discovered JDK 8,,1,2,2,MODULE_TESTS_PASSED|MODULE_TESTS_PASSED,True,0,com.airhacks.porcupine.interceptors.HttpHeaderStatisticInjector,True,TARGET_TEST_PASSED,MODULE_TESTS_PASSED,MODULE_TESTS_PASSED,ELIGIBLE,,,56.453,D:\ki9\SEP490\ArrowCode\ARROW-paper\ARROW\runs\sample_selection\distributed\shard-2\candidates\00853_29008657_29008657_5
858,55091967,55091967_7.json,https://github.com/eggheadgames/android-realm-asset-helper,RealmAssetHelper,library/src/main/java/com/eggheadgames/realmassethelper/RealmAssetHelper.java,production,class,False,79,loadDatabaseToStorage,43,public,True,True,0,True,framework_context,8,EXCLUDED,external_dependency_risk:framework_context,,,,,,,,1,2,0,,,,,,,,,EXCLUDED,semantic,external_dependency_risk:framework_context,2.062,D:\ki9\SEP490\ArrowCode\ARROW-paper\ARROW\runs\sample_selection\distributed\shard-2\candidates\00858_55091967_55091967_7
863,46920047,46920047_11.json,https://github.com/Tickaroo/tikxml,TypeAdapters,core/src/main/java/com/tickaroo/tikxml/TypeAdapters.java,production,,,,get,3,public,False,True,,,,,ELIGIBLE,,,,,,,,,1,2,0,,,,,,,,,EXCLUDED,setup,"Error: [('D:\\ki9\\SEP490\\ArrowCode\\ARROW-paper\\ARROW\\repos\\46920047\\annotationprocessortesting\\src\\main\\java\\com\\tickaroo\\tikxml\\annotationprocessing\\element\\constructor\\ServerConfigConstructor.java', 'D:\\ki9\\SEP490\\ArrowCode\\ARROW-paper\\ARROW\\runs\\sample_selection\\distributed\\shard-2\\candidates\\00863_46920047_46920047_11\\workspace\\annotationprocessortesting\\src\\main\\java\\com\\tickaroo\\tikxml\\annotationprocessing\\element\\constructor\\ServerConfigConstructor.java', ""[Errno 2] No such file or directory: 'D:\\\\ki9\\\\SEP490\\\\ArrowCode\\\\ARROW-paper\\\\ARROW\\\\runs\\\\sample_selection\\\\distributed\\\\shard-2\\\\candidates\\\\00863_46920047_46920047_11\\\\workspace\\\\annotationprocessortesting\\\\src\\\\main\\\\java\\\\com\\\\tickaroo\\\\tikxml\\\\annotationprocessing\\\\element\\\\constructor\\\\ServerConfigConstructor.java'""), ('D:\\ki9\\SEP490\\ArrowCode\\ARROW-paper\\ARROW\\repos\\46920047\\annotationprocessortesting\\src\\main\\java\\com\\tickaroo\\tikxml\\annotationprocessing\\element\\path\\constructor\\DocumentConstructor.java', 'D:\\ki9\\SEP490\\ArrowCode\\ARROW-paper\\ARROW\\runs\\sample_selection\\distributed\\shard-2\\candidates\\00863_46920047_46920047_11\\workspace\\annotationprocessortesting\\src\\main\\java\\com\\tickaroo\\tikxml\\annotationprocessing\\element\\path\\constructor\\DocumentConstructor.java', ""[Errno 2] No such file or directory: 'D:\\\\ki9\\\\SEP490\\\\ArrowCode\\\\ARROW-paper\\\\ARROW\\\\runs\\\\sample_selection\\\\distributed\\\\shard-2\\\\candidates\\\\00863_46920047_46920047_11\\\\workspace\\\\annotationprocessortesting\\\\src\\\\main\\\\java\\\\com\\\\tickaroo\\\\tikxml\\\\annotationprocessing\\\\element\\\\path\\\\constructor\\\\DocumentConstructor.java'""), ('D:\\ki9\\SEP490\\ArrowCode\\ARROW-paper\\ARROW\\repos\\46920047\\annotationprocessortesting\\src\\main\\java\\com\\tickaroo\\tikxml\\annotationprocessing\\element\\polymorphism\\autovalue\\Journalist.java', 'D:\\ki9\\SEP490\\ArrowCode",8.313,D:\ki9\SEP490\ArrowCode\ARROW-paper\ARROW\runs\sample_selection\distributed\shard-2\candidates\00863_46920047_46920047_11
868,61706237,61706237_2.json,https://github.com/novoda/bonfire-firebase-sample,FirebaseUserDatabase,android/app/src/main/java/com/novoda/bonfire/user/database/FirebaseUserDatabase.java,production,,,,readUserFrom,4,@Override public,False,True,,,,,ELIGIBLE,,,,,,,,,,2,0,,,,,,,,,EXCLUDED,setup,"RuntimeError: Repository setup failed after 3 attempts: CalledProcessError: Command '['git', '-c', 'core.longpaths=true', 'clone', '--depth', '1', 'https://github.com/novoda/bonfire-firebase-sample', 'D:\\ki9\\SEP490\\ArrowCode\\ARROW-paper\\ARROW\\repos\\61706237']' returned non-zero exit status 128.",23.484,D:\ki9\SEP490\ArrowCode\ARROW-paper\ARROW\runs\sample_selection\distributed\shard-2\candidates\00868_61706237_61706237_2
873,34824538,34824538_17.json,https://github.com/watson-developer-cloud/java-sdk,Discovery,discovery/src/main/java/com/ibm/watson/discovery/v2/Discovery.java,production,,,,listCollections,20,public,True,True,,,,,ELIGIBLE,,,,,,,,,1,2,0,,,,,,,,,EXCLUDED,setup,"Error: [('D:\\ki9\\SEP490\\ArrowCode\\ARROW-paper\\ARROW\\repos\\34824538\\assistant\\src\\main\\java\\com\\ibm\\watson\\assistant\\v1\\model\\DialogNodeOutputGenericDialogNodeOutputResponseTypeChannelTransfer.java', 'D:\\ki9\\SEP490\\ArrowCode\\ARROW-paper\\ARROW\\runs\\sample_selection\\distributed\\shard-2\\candidates\\00873_34824538_34824538_17\\workspace\\assistant\\src\\main\\java\\com\\ibm\\watson\\assistant\\v1\\model\\DialogNodeOutputGenericDialogNodeOutputResponseTypeChannelTransfer.java', ""[Errno 2] No such file or directory: 'D:\\\\ki9\\\\SEP490\\\\ArrowCode\\\\ARROW-paper\\\\ARROW\\\\runs\\\\sample_selection\\\\distributed\\\\shard-2\\\\candidates\\\\00873_34824538_34824538_17\\\\workspace\\\\assistant\\\\src\\\\main\\\\java\\\\com\\\\ibm\\\\watson\\\\assistant\\\\v1\\\\model\\\\DialogNodeOutputGenericDialogNodeOutputResponseTypeChannelTransfer.java'""), ('D:\\ki9\\SEP490\\ArrowCode\\ARROW-paper\\ARROW\\repos\\34824538\\assistant\\src\\main\\java\\com\\ibm\\watson\\assistant\\v1\\model\\DialogNodeOutputGenericDialogNodeOutputResponseTypeConnectToAgent.java', 'D:\\ki9\\SEP490\\ArrowCode\\ARROW-paper\\ARROW\\runs\\sample_selection\\distributed\\shard-2\\candidates\\00873_34824538_34824538_17\\workspace\\assistant\\src\\main\\java\\com\\ibm\\watson\\assistant\\v1\\model\\DialogNodeOutputGenericDialogNodeOutputResponseTypeConnectToAgent.java', ""[Errno 2] No such file or directory: 'D:\\\\ki9\\\\SEP490\\\\ArrowCode\\\\ARROW-paper\\\\ARROW\\\\runs\\\\sample_selection\\\\distributed\\\\shard-2\\\\candidates\\\\00873_34824538_34824538_17\\\\workspace\\\\assistant\\\\src\\\\main\\\\java\\\\com\\\\ibm\\\\watson\\\\assistant\\\\v1\\\\model\\\\DialogNodeOutputGenericDialogNodeOutputResponseTypeConnectToAgent.java'""), ('D:\\ki9\\SEP490\\ArrowCode\\ARROW-paper\\ARROW\\repos\\34824538\\assistant\\src\\main\\java\\com\\ibm\\watson\\assistant\\v2\\model\\ProviderAuthenticationOAuth2FlowsProviderAuthenticationOAuth2AuthorizationCode.java', 'D:\\ki9\\SEP490\\ArrowCode\\ARR",21.203,D:\ki9\SEP490\ArrowCode\ARROW-paper\ARROW\runs\sample_selection\distributed\shard-2\candidates\00873_34824538_34824538_17
878,271229375,271229375_0.json,https://github.com/kawasima/rodriguez,TypeConverter,rodriguez-jdbc/src/main/java/net/unit8/rodriguez/jdbc/impl/TypeConverter.java,production,class,False,199,toDate,7,public static,True,True,0,True,database,9,EXCLUDED,external_dependency_risk:database,,,,,,,,1,2,0,,,,,,,,,EXCLUDED,semantic,external_dependency_risk:database,6.656,D:\ki9\SEP490\ArrowCode\ARROW-paper\ARROW\runs\sample_selection\distributed\shard-2\candidates\00878_271229375_271229375_0
883,21910386,21910386_0.json,https://github.com/ykrasik/jaci,AutoComplete,jaci-cli-core/src/main/java/com/github/ykrasik/jaci/cli/assist/AutoComplete.java,production,class,False,124,union,14,public,True,True,2,False,,9,ELIGIBLE,,gradle,.,junit4,7,D:\ki9\SEP490\ArrowCode\ARROW-paper\ARROW\Java-version\java-8,auto-discovered compatible JDK 8 for Java 7,,1,2,1,ASSERTION_FAILED,,,com.github.ykrasik.jaci.cli.assist.AutoComplete,,,,,EXCLUDED,baseline,failure: build failed with an exception.,31.906,D:\ki9\SEP490\ArrowCode\ARROW-paper\ARROW\runs\sample_selection\distributed\shard-2\candidates\00883_21910386_21910386_0
888,167418760,167418760_7.json,https://github.com/SmartThingsCommunity/smartapp-sdk-java,KeyResolverImpl,smartapp-core/src/main/java/com/smartthings/sdk/smartapp/core/extensions/KeyResolverImpl.java,production,,,,getKeyString,28,@Override public,True,True,,,,,ELIGIBLE,,,,,,,,,1,2,0,,,,,,,,,EXCLUDED,setup,"Error: [('D:\\ki9\\SEP490\\ArrowCode\\ARROW-paper\\ARROW\\repos\\167418760\\smartapp-contextstore-dynamodb\\src\\main\\java\\com\\smartthings\\sdk\\smartapp\\extensions\\contextstore\\dynamodb\\DynamoDBInstalledAppContextStore.java', 'D:\\ki9\\SEP490\\ArrowCode\\ARROW-paper\\ARROW\\runs\\sample_selection\\distributed\\shard-2\\candidates\\00888_167418760_167418760_7\\workspace\\smartapp-contextstore-dynamodb\\src\\main\\java\\com\\smartthings\\sdk\\smartapp\\extensions\\contextstore\\dynamodb\\DynamoDBInstalledAppContextStore.java', ""[Errno 2] No such file or directory: 'D:\\\\ki9\\\\SEP490\\\\ArrowCode\\\\ARROW-paper\\\\ARROW\\\\runs\\\\sample_selection\\\\distributed\\\\shard-2\\\\candidates\\\\00888_167418760_167418760_7\\\\workspace\\\\smartapp-contextstore-dynamodb\\\\src\\\\main\\\\java\\\\com\\\\smartthings\\\\sdk\\\\smartapp\\\\extensions\\\\contextstore\\\\dynamodb\\\\DynamoDBInstalledAppContextStore.java'""), ('D:\\ki9\\SEP490\\ArrowCode\\ARROW-paper\\ARROW\\repos\\167418760\\smartapp-contextstore-dynamodb\\src\\test\\java\\com\\smartthings\\sdk\\smartapp\\extensions\\contextstore\\dynamodb\\DynamoDBInstallAppContextStoreTest.java', 'D:\\ki9\\SEP490\\ArrowCode\\ARROW-paper\\ARROW\\runs\\sample_selection\\distributed\\shard-2\\candidates\\00888_167418760_167418760_7\\workspace\\smartapp-contextstore-dynamodb\\src\\test\\java\\com\\smartthings\\sdk\\smartapp\\extensions\\contextstore\\dynamodb\\DynamoDBInstallAppContextStoreTest.java', ""[Errno 2] No such file or directory: 'D:\\\\ki9\\\\SEP490\\\\ArrowCode\\\\ARROW-paper\\\\ARROW\\\\runs\\\\sample_selection\\\\distributed\\\\shard-2\\\\candidates\\\\00888_167418760_167418760_7\\\\workspace\\\\smartapp-contextstore-dynamodb\\\\src\\\\test\\\\java\\\\com\\\\smartthings\\\\sdk\\\\smartapp\\\\extensions\\\\contextstore\\\\dynamodb\\\\DynamoDBInstallAppContextStoreTest.java'"")]",15.703,D:\ki9\SEP490\ArrowCode\ARROW-paper\ARROW\runs\sample_selection\distributed\shard-2\candidates\00888_167418760_167418760_7
893,130383787,130383787_0.json,https://github.com/cocolian/cocolian-data,DataService,cocolian-data-facade/src/main/java/org/cocolian/data/DataService.java,production,,,,getCardBins,7,public,False,True,,,,,ELIGIBLE,,,,,,,,,,2,0,,,,,,,,,EXCLUDED,setup,"RuntimeError: Repository setup failed after 3 attempts: CalledProcessError: Command '['git', '-c', 'core.longpaths=true', 'clone', '--depth', '1', 'https://github.com/cocolian/cocolian-data', 'D:\\ki9\\SEP490\\ArrowCode\\ARROW-paper\\ARROW\\repos\\130383787']' returned non-zero exit status 128.",10.313,D:\ki9\SEP490\ArrowCode\ARROW-paper\ARROW\runs\sample_selection\distributed\shard-2\candidates\00893_130383787_130383787_0
898,279216,279216_35.json,https://github.com/gusax/despotify,LoadUserPlaylists,java/trunk/src/main/java/se/despotify/client/protocol/command/media/playlist/LoadUserPlaylists.java,production,,,,send,40,@Override public,True,True,,,,,ELIGIBLE,,,,,,,,,,2,0,,,,,,,,,EXCLUDED,setup,"RuntimeError: Repository setup failed after 3 attempts: CalledProcessError: Command '['git', '-c', 'core.longpaths=true', 'clone', '--depth', '1', 'https://github.com/gusax/despotify', 'D:\\ki9\\SEP490\\ArrowCode\\ARROW-paper\\ARROW\\repos\\279216']' returned non-zero exit status 128.",9.812,D:\ki9\SEP490\ArrowCode\ARROW-paper\ARROW\runs\sample_selection\distributed\shard-2\candidates\00898_279216_279216_35
903,4024302,4024302_9.json,https://github.com/pveentjer/Hazelblast,ProxyProviderImpl,hazelblast/src/main/java/com/hazelblast/client/impl/ProxyProviderImpl.java,production,,,,getProxy,14,public,True,True,,,,,ELIGIBLE,,,,,,,,,,2,0,,,,,,,,,EXCLUDED,setup,"RuntimeError: Repository setup failed after 3 attempts: CalledProcessError: Command '['git', '-c', 'core.longpaths=true', 'clone', '--depth', '1', 'https://github.com/pveentjer/Hazelblast', 'D:\\ki9\\SEP490\\ArrowCode\\ARROW-paper\\ARROW\\repos\\4024302']' returned non-zero exit status 128.",9.937,D:\ki9\SEP490\ArrowCode\ARROW-paper\ARROW\runs\sample_selection\distributed\shard-2\candidates\00903_4024302_4024302_9
908,77239977,77239977_3.json,https://github.com/devexperts/QD,AdvertisementFilter,qd-rmi/src/main/java/com/devexperts/rmi/impl/AdvertisementFilter.java,production,,,,valueOf,16,@Nonnull public static,True,True,,,,,ELIGIBLE,,,,,,,,,1,2,0,,,,,,,,,EXCLUDED,setup,"Error: [('D:\\ki9\\SEP490\\ArrowCode\\ARROW-paper\\ARROW\\repos\\77239977\\dxlink-websocket\\src\\test\\java\\com\\devexperts\\qd\\dxlink\\websocket\\application\\DxLinkWebSocketApplicationConnectionFactoryTest.java', 'D:\\ki9\\SEP490\\ArrowCode\\ARROW-paper\\ARROW\\runs\\sample_selection\\distributed\\shard-2\\candidates\\00908_77239977_77239977_3\\workspace\\dxlink-websocket\\src\\test\\java\\com\\devexperts\\qd\\dxlink\\websocket\\application\\DxLinkWebSocketApplicationConnectionFactoryTest.java', ""[Errno 2] No such file or directory: 'D:\\\\ki9\\\\SEP490\\\\ArrowCode\\\\ARROW-paper\\\\ARROW\\\\runs\\\\sample_selection\\\\distributed\\\\shard-2\\\\candidates\\\\00908_77239977_77239977_3\\\\workspace\\\\dxlink-websocket\\\\src\\\\test\\\\java\\\\com\\\\devexperts\\\\qd\\\\dxlink\\\\websocket\\\\application\\\\DxLinkWebSocketApplicationConnectionFactoryTest.java'"")]",29.781,D:\ki9\SEP490\ArrowCode\ARROW-paper\ARROW\runs\sample_selection\distributed\shard-2\candidates\00908_77239977_77239977_3
913,4169493,4169493_1.json,https://github.com/molgenis/molgenis_apps-legacy,PreProcessMatrix,modules/xgap/matrix/general/PreProcessMatrix.java,nonstandard,,,,prependUnderscoreToColNames,9,public,True,True,,,,,EXCLUDED,source_layout:nonstandard,,,,,,,,,2,0,,,,,,,,,EXCLUDED,semantic_metadata,source_layout:nonstandard,0.032,D:\ki9\SEP490\ArrowCode\ARROW-paper\ARROW\runs\sample_selection\distributed\shard-2\candidates\00913_4169493_4169493_1
918,195936879,195936879_0.json,https://github.com/streamnative/pulsar-flink,FlinkPulsarSource,common/src/main/java/org/apache/flink/streaming/connectors/pulsar/FlinkPulsarSource.java,production,class,False,657,assignTimestampsAndWatermarks,13,public,True,True,4,True,nondeterminism,6,EXCLUDED,external_dependency_risk:nondeterminism;testability_score_below_7,,,,,,,e6d6a78ccb89ee12ee5c022a0c428c6111150c65,1,2,0,,,,,,,,,EXCLUDED,semantic,external_dependency_risk:nondeterminism;testability_score_below_7,10.000,D:\ki9\SEP490\ArrowCode\ARROW-paper\ARROW\runs\sample_selection\distributed\shard-2\candidates\00918_195936879_195936879_0
923,72967236,72967236_2.json,https://github.com/CameraKit/blurkit-android,BlurLayout,blurkit/src/main/java/io/alterac/blurkit/BlurLayout.java,production,class,False,450,setDownscaleFactor,6,public,False,True,1,True,framework_context,7,EXCLUDED,external_dependency_risk:framework_context,,,,,,,,1,2,0,,,,,,,,,EXCLUDED,semantic,external_dependency_risk:framework_context,5.734,D:\ki9\SEP490\ArrowCode\ARROW-paper\ARROW\runs\sample_selection\distributed\shard-2\candidates\00923_72967236_72967236_2
928,62612367,62612367_1.json,https://github.com/infinum/Android-Prince-of-Versions,QueenOfVersionsUpdaterCallback,queen-of-versions/src/main/java/co/infinum/queenofversions/QueenOfVersionsUpdaterCallback.java,production,,,,onError,9,@Override public,True,False,,,,,EXCLUDED,no_observable_behavior,,,,,,,,,2,0,,,,,,,,,EXCLUDED,semantic_metadata,no_observable_behavior,0.016,D:\ki9\SEP490\ArrowCode\ARROW-paper\ARROW\runs\sample_selection\distributed\shard-2\candidates\00928_62612367_62612367_1
933,25927306,25927306_46.json,https://github.com/vt-middleware/ldaptive,LdapAttribute,core/src/main/java/org/ldaptive/LdapAttribute.java,production,class,False,835,addStringValues,18,public,True,True,0,False,,9,ELIGIBLE,,maven,core,testng,11,D:\ki9\SEP490\ArrowCode\ARROW-paper\ARROW\Java-version\java-11,auto-discovered JDK 11,,1,2,1,COMPILE_FAILED,,,org.ldaptive.LdapAttribute,,,,,EXCLUDED,baseline,"java.lang.unsupportedclassversionerror: com<path> has been compiled by a more recent version of the java runtime (class file version 61.0), this version of the java runtime only recognizes class file versions up to 55.0",31.343,D:\ki9\SEP490\ArrowCode\ARROW-paper\ARROW\runs\sample_selection\distributed\shard-2\candidates\00933_25927306_25927306_46
938,93609439,93609439_0.json,https://github.com/ldlqdsdcn/eidea4,RSAUtils,eutil/src/main/java/indi/liudalei/eidea/util/RSAUtils.java,production,,,,getKeys,11,public static,False,True,,,,,ELIGIBLE,,,,,,,,,1,2,0,,,,,,,,,EXCLUDED,setup,"Error: [('D:\\ki9\\SEP490\\ArrowCode\\ARROW-paper\\ARROW\\repos\\93609439\\eweb\\src\\main\\webapp\\sys\\workflow\\editor-app\\libs\\angular-translate-loader-static-files\\angular-translate-loader-static-files.min.js', 'D:\\ki9\\SEP490\\ArrowCode\\ARROW-paper\\ARROW\\runs\\sample_selection\\distributed\\shard-2\\candidates\\00938_93609439_93609439_0\\workspace\\eweb\\src\\main\\webapp\\sys\\workflow\\editor-app\\libs\\angular-translate-loader-static-files\\angular-translate-loader-static-files.min.js', ""[Errno 2] No such file or directory: 'D:\\\\ki9\\\\SEP490\\\\ArrowCode\\\\ARROW-paper\\\\ARROW\\\\runs\\\\sample_selection\\\\distributed\\\\shard-2\\\\candidates\\\\00938_93609439_93609439_0\\\\workspace\\\\eweb\\\\src\\\\main\\\\webapp\\\\sys\\\\workflow\\\\editor-app\\\\libs\\\\angular-translate-loader-static-files\\\\angular-translate-loader-static-files.min.js'"")]",35.062,D:\ki9\SEP490\ArrowCode\ARROW-paper\ARROW\runs\sample_selection\distributed\shard-2\candidates\00938_93609439_93609439_0
943,327391,327391_4.json,https://github.com/sirthias/parboiled,Utils,parboiled-core/src/main/java/org/parboiled/common/Utils.java,production,class,False,331,getTypeArguments,56,public static,True,True,0,False,,9,ELIGIBLE,,unknown,.,testng,unknown,,no project java version detected,,1,2,1,TOOL_ERROR,,,org.parboiled.common.Utils,,,,,EXCLUDED,baseline,unsupported build tool,7.921,D:\ki9\SEP490\ArrowCode\ARROW-paper\ARROW\runs\sample_selection\distributed\shard-2\candidates\00943_327391_327391_4
948,1081991,1081991_13.json,https://github.com/ops4j/org.ops4j.pax.exam2,DependenciesDeployer,containers/pax-exam-container-karaf/src/main/java/org/ops4j/pax/exam/karaf/container/internal/DependenciesDeployer.java,production,,,,writeDependenciesFeature,39,static,True,True,,,,,ELIGIBLE,,,,,,,,,1,2,0,,,,,,,,,EXCLUDED,setup,"Error: [('D:\\ki9\\SEP490\\ArrowCode\\ARROW-paper\\ARROW\\repos\\1081991\\containers\\pax-exam-container-karaf\\src\\main\\java\\org\\ops4j\\pax\\exam\\karaf\\container\\internal\\adaptions\\KarafManipulatorFactory.java', 'D:\\ki9\\SEP490\\ArrowCode\\ARROW-paper\\ARROW\\runs\\sample_selection\\distributed\\shard-2\\candidates\\00948_1081991_1081991_13\\workspace\\containers\\pax-exam-container-karaf\\src\\main\\java\\org\\ops4j\\pax\\exam\\karaf\\container\\internal\\adaptions\\KarafManipulatorFactory.java', ""[Errno 2] No such file or directory: 'D:\\\\ki9\\\\SEP490\\\\ArrowCode\\\\ARROW-paper\\\\ARROW\\\\runs\\\\sample_selection\\\\distributed\\\\shard-2\\\\candidates\\\\00948_1081991_1081991_13\\\\workspace\\\\containers\\\\pax-exam-container-karaf\\\\src\\\\main\\\\java\\\\org\\\\ops4j\\\\pax\\\\exam\\\\karaf\\\\container\\\\internal\\\\adaptions\\\\KarafManipulatorFactory.java'""), ('D:\\ki9\\SEP490\\ArrowCode\\ARROW-paper\\ARROW\\repos\\1081991\\containers\\pax-exam-container-karaf\\src\\main\\java\\org\\ops4j\\pax\\exam\\karaf\\container\\internal\\adaptions\\KarafManipulatorStartingFrom220.java', 'D:\\ki9\\SEP490\\ArrowCode\\ARROW-paper\\ARROW\\runs\\sample_selection\\distributed\\shard-2\\candidates\\00948_1081991_1081991_13\\workspace\\containers\\pax-exam-container-karaf\\src\\main\\java\\org\\ops4j\\pax\\exam\\karaf\\container\\internal\\adaptions\\KarafManipulatorStartingFrom220.java', ""[Errno 2] No such file or directory: 'D:\\\\ki9\\\\SEP490\\\\ArrowCode\\\\ARROW-paper\\\\ARROW\\\\runs\\\\sample_selection\\\\distributed\\\\shard-2\\\\candidates\\\\00948_1081991_1081991_13\\\\workspace\\\\containers\\\\pax-exam-container-karaf\\\\src\\\\main\\\\java\\\\org\\\\ops4j\\\\pax\\\\exam\\\\karaf\\\\container\\\\internal\\\\adaptions\\\\KarafManipulatorStartingFrom220.java'""), ('D:\\ki9\\SEP490\\ArrowCode\\ARROW-paper\\ARROW\\repos\\1081991\\containers\\pax-exam-container-karaf\\src\\main\\java\\org\\ops4j\\pax\\exam\\karaf\\container\\internal\\InternalKarafDis",11.140,D:\ki9\SEP490\ArrowCode\ARROW-paper\ARROW\runs\sample_selection\distributed\shard-2\candidates\00948_1081991_1081991_13
953,53066586,53066586_0.json,https://github.com/michaelbull/svg-stockpile,SvgTagProcessor,api/src/main/java/com/mikebull94/stockpile/svg/processor/SvgTagProcessor.java,production,,,,process,11,@Override public,True,True,,,,,ELIGIBLE,,,,,,,,,,2,0,,,,,,,,,EXCLUDED,setup,"RuntimeError: Repository setup failed after 3 attempts: CalledProcessError: Command '['git', '-c', 'core.longpaths=true', 'clone', '--depth', '1', 'https://github.com/michaelbull/svg-stockpile', 'D:\\ki9\\SEP490\\ArrowCode\\ARROW-paper\\ARROW\\repos\\53066586']' returned non-zero exit status 128.",10.047,D:\ki9\SEP490\ArrowCode\ARROW-paper\ARROW\runs\sample_selection\distributed\shard-2\candidates\00953_53066586_53066586_0
958,95657746,95657746_0.json,https://github.com/blackbluegl/calendar-component,Strings,calendar-component-addon/src/main/java/org/vaadin/addon/calendar/client/ui/util/Strings.java,production,class,False,16,format,7,public static,True,True,0,False,,8,ELIGIBLE,,maven,calendar-component-addon,junit4,8,D:\ki9\SEP490\ArrowCode\ARROW-paper\ARROW\Java-version\java-8,auto-discovered JDK 8,,1,2,2,MODULE_TESTS_PASSED|MODULE_TESTS_PASSED,True,0,org.vaadin.addon.calendar.client.ui.util.Strings,True,TARGET_TEST_PASSED,MODULE_TESTS_PASSED,MODULE_TESTS_PASSED,ELIGIBLE,,,48.093,D:\ki9\SEP490\ArrowCode\ARROW-paper\ARROW\runs\sample_selection\distributed\shard-2\candidates\00958_95657746_95657746_0
963,2845921,2845921_1.json,https://github.com/UISpec4J/UISpec4J,Calculator,calculator/src/main/java/samples/calculator/Calculator.java,production,class,False,215,enter,33,public,True,True,0,False,,10,ELIGIBLE,,maven,calculator,testng,6,D:\ki9\SEP490\ArrowCode\ARROW-paper\ARROW\Java-version\java-8,auto-discovered compatible JDK 8 for Java 6,,1,2,1,COMPILE_FAILED,,,samples.calculator.Calculator,,,,,EXCLUDED,baseline,java.lang.assertionerror: maximum elapsed time reached: 60 >= 30,81.797,D:\ki9\SEP490\ArrowCode\ARROW-paper\ARROW\runs\sample_selection\distributed\shard-2\candidates\00963_2845921_2845921_1
968,142195981,142195981_42.json,https://github.com/tonivade/purefun,FutureImpl,core/src/main/java/com/github/tonivade/purefun/concurrent/Future.java,production,class,False,409,flatMap,4,@Override public,True,True,2,False,,7,ELIGIBLE,,gradle,core,junit5,21,D:\ki9\SEP490\ArrowCode\ARROW-paper\ARROW\Java-version\java-21,auto-discovered JDK 21,,1,2,2,MODULE_TESTS_PASSED|MODULE_TESTS_PASSED,True,1,com.github.tonivade.purefun.concurrent.FutureImpl,True,TARGET_TEST_PASSED,MODULE_TESTS_PASSED,ASSERTION_FAILED,EXCLUDED,offline,failure: build failed with an exception.,193.734,D:\ki9\SEP490\ArrowCode\ARROW-paper\ARROW\runs\sample_selection\distributed\shard-2\candidates\00968_142195981_142195981_42
973,134901201,134901201_13.json,https://github.com/smallrye/smallrye-open-api,FilteredIndexView,core/src/main/java/io/smallrye/openapi/runtime/scanner/FilteredIndexView.java,production,,,,accepts,57,public,True,True,,,,,ELIGIBLE,,,,,,,,,1,2,0,,,,,,,,,EXCLUDED,setup,"Error: [('D:\\ki9\\SEP490\\ArrowCode\\ARROW-paper\\ARROW\\repos\\134901201\\extension-jaxrs\\src\\test\\java\\test\\io\\smallrye\\openapi\\runtime\\scanner\\jakarta\\DiscriminatorFullDeclaredInResponseTestResource.java', 'D:\\ki9\\SEP490\\ArrowCode\\ARROW-paper\\ARROW\\runs\\sample_selection\\distributed\\shard-2\\candidates\\00973_134901201_134901201_13\\workspace\\extension-jaxrs\\src\\test\\java\\test\\io\\smallrye\\openapi\\runtime\\scanner\\jakarta\\DiscriminatorFullDeclaredInResponseTestResource.java', ""[Errno 2] No such file or directory: 'D:\\\\ki9\\\\SEP490\\\\ArrowCode\\\\ARROW-paper\\\\ARROW\\\\runs\\\\sample_selection\\\\distributed\\\\shard-2\\\\candidates\\\\00973_134901201_134901201_13\\\\workspace\\\\extension-jaxrs\\\\src\\\\test\\\\java\\\\test\\\\io\\\\smallrye\\\\openapi\\\\runtime\\\\scanner\\\\jakarta\\\\DiscriminatorFullDeclaredInResponseTestResource.java'""), ('D:\\ki9\\SEP490\\ArrowCode\\ARROW-paper\\ARROW\\repos\\134901201\\extension-jaxrs\\src\\test\\java\\test\\io\\smallrye\\openapi\\runtime\\scanner\\jakarta\\DiscriminatorMappingEmptyMappingTestResource.java', 'D:\\ki9\\SEP490\\ArrowCode\\ARROW-paper\\ARROW\\runs\\sample_selection\\distributed\\shard-2\\candidates\\00973_134901201_134901201_13\\workspace\\extension-jaxrs\\src\\test\\java\\test\\io\\smallrye\\openapi\\runtime\\scanner\\jakarta\\DiscriminatorMappingEmptyMappingTestResource.java', ""[Errno 2] No such file or directory: 'D:\\\\ki9\\\\SEP490\\\\ArrowCode\\\\ARROW-paper\\\\ARROW\\\\runs\\\\sample_selection\\\\distributed\\\\shard-2\\\\candidates\\\\00973_134901201_134901201_13\\\\workspace\\\\extension-jaxrs\\\\src\\\\test\\\\java\\\\test\\\\io\\\\smallrye\\\\openapi\\\\runtime\\\\scanner\\\\jakarta\\\\DiscriminatorMappingEmptyMappingTestResource.java'""), ('D:\\ki9\\SEP490\\ArrowCode\\ARROW-paper\\ARROW\\repos\\134901201\\extension-jaxrs\\src\\test\\java\\test\\io\\smallrye\\openapi\\runtime\\scanner\\jakarta\\DiscriminatorMappingNoPropertyNameTestResource.java', 'D:\\ki9\\SEP49",19.922,D:\ki9\SEP490\ArrowCode\ARROW-paper\ARROW\runs\sample_selection\distributed\shard-2\candidates\00973_134901201_134901201_13
978,77481567,77481567_139.json,https://github.com/rbi/trading4j,Ratio,core/src/main/java/de/voidnode/trading4j/domain/Ratio.java,production,class,False,108,average,13,public static,True,True,1,False,,10,ELIGIBLE,,maven,core,junit4,8,D:\ki9\SEP490\ArrowCode\ARROW-paper\ARROW\Java-version\java-8,auto-discovered JDK 8,,1,2,1,TOOL_ERROR,,,de.voidnode.trading4j.domain.Ratio,,,,,EXCLUDED,baseline,[Errno 2] No such file or directory: 'D:\\ki9\\SEP490\\ArrowCode\\ARROW-paper\\ARROW\\runs\\sample_selection\\distributed\\shard-2\\candidates\\00978_77481567_77481567_139\\workspace\\core\\target\\surefire-reports\\TEST-de.voidnode.trading4j.functionality.timeframeconversion.ContinouseTimeFrameConvertingIndicatorTest.xml',29.422,D:\ki9\SEP490\ArrowCode\ARROW-paper\ARROW\runs\sample_selection\distributed\shard-2\candidates\00978_77481567_77481567_139
983,39831872,39831872_67.json,https://github.com/xing/xing-android-sdk,UserProfilesResource,api-client/src/main/java/com/xing/api/resources/UserProfilesResource.java,production,,,,getUserProfileMessage,6,public,False,True,,,,,EXCLUDED,trivial_focal_method,,,,,,,,,2,0,,,,,,,,,EXCLUDED,semantic_metadata,trivial_focal_method,0.031,D:\ki9\SEP490\ArrowCode\ARROW-paper\ARROW\runs\sample_selection\distributed\shard-2\candidates\00983_39831872_39831872_67
988,79060427,79060427_1741.json,https://github.com/ProgrammeVitam/vitam,JunitHelper,sources/common/common-junit/src/main/java/fr/gouv/vitam/common/junit/JunitHelper.java,production,,,,testPrivateConstructor,14,public static final,True,False,,,,,EXCLUDED,no_observable_behavior,,,,,,,,,2,0,,,,,,,,,EXCLUDED,semantic_metadata,no_observable_behavior,0.031,D:\ki9\SEP490\ArrowCode\ARROW-paper\ARROW\runs\sample_selection\distributed\shard-2\candidates\00988_79060427_79060427_1741
993,15070661,15070661_38.json,https://github.com/apache/uima-ruta,ForEachBlock,ruta-core/src/main/java/org/apache/uima/ruta/block/ForEachBlock.java,production,,,,apply,36,@Override public,True,True,,,,,ELIGIBLE,,,,,,,,,1,2,0,,,,,,,,,EXCLUDED,setup,"Error: [('D:\\ki9\\SEP490\\ArrowCode\\ARROW-paper\\ARROW\\repos\\15070661\\example-projects\\ruta-ep-example-extensions\\src\\main\\java\\org\\apache\\uima\\ruta\\example\\extensions\\ExampleActionIDEExtension.java', 'D:\\ki9\\SEP490\\ArrowCode\\ARROW-paper\\ARROW\\runs\\sample_selection\\distributed\\shard-2\\candidates\\00993_15070661_15070661_38\\workspace\\example-projects\\ruta-ep-example-extensions\\src\\main\\java\\org\\apache\\uima\\ruta\\example\\extensions\\ExampleActionIDEExtension.java', ""[Errno 2] No such file or directory: 'D:\\\\ki9\\\\SEP490\\\\ArrowCode\\\\ARROW-paper\\\\ARROW\\\\runs\\\\sample_selection\\\\distributed\\\\shard-2\\\\candidates\\\\00993_15070661_15070661_38\\\\workspace\\\\example-projects\\\\ruta-ep-example-extensions\\\\src\\\\main\\\\java\\\\org\\\\apache\\\\uima\\\\ruta\\\\example\\\\extensions\\\\ExampleActionIDEExtension.java'""), ('D:\\ki9\\SEP490\\ArrowCode\\ARROW-paper\\ARROW\\repos\\15070661\\example-projects\\ruta-ep-example-extensions\\src\\main\\java\\org\\apache\\uima\\ruta\\example\\extensions\\ExampleBooleanFunctionExtension.java', 'D:\\ki9\\SEP490\\ArrowCode\\ARROW-paper\\ARROW\\runs\\sample_selection\\distributed\\shard-2\\candidates\\00993_15070661_15070661_38\\workspace\\example-projects\\ruta-ep-example-extensions\\src\\main\\java\\org\\apache\\uima\\ruta\\example\\extensions\\ExampleBooleanFunctionExtension.java', ""[Errno 2] No such file or directory: 'D:\\\\ki9\\\\SEP490\\\\ArrowCode\\\\ARROW-paper\\\\ARROW\\\\runs\\\\sample_selection\\\\distributed\\\\shard-2\\\\candidates\\\\00993_15070661_15070661_38\\\\workspace\\\\example-projects\\\\ruta-ep-example-extensions\\\\src\\\\main\\\\java\\\\org\\\\apache\\\\uima\\\\ruta\\\\example\\\\extensions\\\\ExampleBooleanFunctionExtension.java'""), ('D:\\ki9\\SEP490\\ArrowCode\\ARROW-paper\\ARROW\\repos\\15070661\\example-projects\\ruta-ep-example-extensions\\src\\main\\java\\org\\apache\\uima\\ruta\\example\\extensions\\ExampleBooleanFunctionIDEExtension.java', 'D:\\ki9\\",45.547,D:\ki9\SEP490\ArrowCode\ARROW-paper\ARROW\runs\sample_selection\distributed\shard-2\candidates\00993_15070661_15070661_38
998,532194,532194_3.json,https://github.com/rfonseca/X-Trace,Report,src/java/src/main/java/edu/berkeley/xtrace/reporting/Report.java,production,,,,remove,4,public,False,False,,,,,EXCLUDED,no_observable_behavior,,,,,,,,,2,0,,,,,,,,,EXCLUDED,semantic_metadata,no_observable_behavior,0.032,D:\ki9\SEP490\ArrowCode\ARROW-paper\ARROW\runs\sample_selection\distributed\shard-2\candidates\00998_532194_532194_3
1003,145875,145875_13.json,https://github.com/tackley/dbdeploy,QueryStatementSplitter,dbdeploy-core/src/main/java/com/dbdeploy/database/QueryStatementSplitter.java,production,class,False,50,split,21,public,True,True,0,False,,10,ELIGIBLE,,maven,dbdeploy-core,junit4,5,D:\ki9\SEP490\ArrowCode\ARROW-paper\ARROW\Java-version\java-8,auto-discovered compatible JDK 8 for Java 5,,1,2,2,MODULE_TESTS_PASSED|MODULE_TESTS_PASSED,True,0,com.dbdeploy.database.QueryStatementSplitter,True,TARGET_TEST_PASSED,MODULE_TESTS_PASSED,MODULE_TESTS_PASSED,ELIGIBLE,,,50.125,D:\ki9\SEP490\ArrowCode\ARROW-paper\ARROW\runs\sample_selection\distributed\shard-2\candidates\01003_145875_145875_13
1008,64458355,64458355_0.json,https://github.com/apache/twill,BundledJarRunnable,twill-ext/src/main/java/org/apache/twill/ext/BundledJarRunnable.java,production,,,,setMainArgs,6,protected,False,True,,,,,EXCLUDED,trivial_focal_method,,,,,,,,,2,0,,,,,,,,,EXCLUDED,semantic_metadata,trivial_focal_method,0.015,D:\ki9\SEP490\ArrowCode\ARROW-paper\ARROW\runs\sample_selection\distributed\shard-2\candidates\01008_64458355_64458355_0
1013,70282465,70282465_1.json,https://github.com/crctraining/customers-accounts-and-money-transfers,Money,common-domain/src/main/java/net/chrisrichardson/bankingexample/commondomain/Money.java,production,,,,subtract,3,public,False,True,,,,,ELIGIBLE,,,,,,,,,1,2,0,,,,,,,,,EXCLUDED,setup,"Error: [('D:\\ki9\\SEP490\\ArrowCode\\ARROW-paper\\ARROW\\repos\\70282465\\account-group-service\\src\\main\\java\\net\\chrisrichardson\\bankingexample\\accountgroupservice\\backend\\AccountGroupBackendConfiguration.java', 'D:\\ki9\\SEP490\\ArrowCode\\ARROW-paper\\ARROW\\runs\\sample_selection\\distributed\\shard-2\\candidates\\01013_70282465_70282465_1\\workspace\\account-group-service\\src\\main\\java\\net\\chrisrichardson\\bankingexample\\accountgroupservice\\backend\\AccountGroupBackendConfiguration.java', ""[Errno 2] No such file or directory: 'D:\\\\ki9\\\\SEP490\\\\ArrowCode\\\\ARROW-paper\\\\ARROW\\\\runs\\\\sample_selection\\\\distributed\\\\shard-2\\\\candidates\\\\01013_70282465_70282465_1\\\\workspace\\\\account-group-service\\\\src\\\\main\\\\java\\\\net\\\\chrisrichardson\\\\bankingexample\\\\accountgroupservice\\\\backend\\\\AccountGroupBackendConfiguration.java'""), ('D:\\ki9\\SEP490\\ArrowCode\\ARROW-paper\\ARROW\\repos\\70282465\\account-group-service\\src\\main\\java\\net\\chrisrichardson\\bankingexample\\accountgroupservice\\backend\\commands\\AccountGroupCommand.java', 'D:\\ki9\\SEP490\\ArrowCode\\ARROW-paper\\ARROW\\runs\\sample_selection\\distributed\\shard-2\\candidates\\01013_70282465_70282465_1\\workspace\\account-group-service\\src\\main\\java\\net\\chrisrichardson\\bankingexample\\accountgroupservice\\backend\\commands\\AccountGroupCommand.java', ""[Errno 2] No such file or directory: 'D:\\\\ki9\\\\SEP490\\\\ArrowCode\\\\ARROW-paper\\\\ARROW\\\\runs\\\\sample_selection\\\\distributed\\\\shard-2\\\\candidates\\\\01013_70282465_70282465_1\\\\workspace\\\\account-group-service\\\\src\\\\main\\\\java\\\\net\\\\chrisrichardson\\\\bankingexample\\\\accountgroupservice\\\\backend\\\\commands\\\\AccountGroupCommand.java'""), ('D:\\ki9\\SEP490\\ArrowCode\\ARROW-paper\\ARROW\\repos\\70282465\\account-group-service\\src\\main\\java\\net\\chrisrichardson\\bankingexample\\accountgroupservice\\backend\\commands\\ConfirmAddedToParent.java', 'D:\\ki9\\SEP490",6.063,D:\ki9\SEP490\ArrowCode\ARROW-paper\ARROW\runs\sample_selection\distributed\shard-2\candidates\01013_70282465_70282465_1
1018,216231037,216231037_2.json,https://github.com/sanddorn/InfrastructureAsMicroservice,HeroRestController,demo-Start/backend/src/main/java/de/bermuda/hero/backend/HeroRestController.java,production,,,,getHeroRepositoryNames,4,@Override public,False,True,,,,,EXCLUDED,trivial_focal_method,,,,,,,,,2,0,,,,,,,,,EXCLUDED,semantic_metadata,trivial_focal_method,0.032,D:\ki9\SEP490\ArrowCode\ARROW-paper\ARROW\runs\sample_selection\distributed\shard-2\candidates\01018_216231037_216231037_2
1023,33766200,33766200_0.json,https://github.com/apache/incubator-retired-openaz,Policy,openaz-xacml-pdp/src/main/java/org/apache/openaz/xacml/pdp/policy/Policy.java,production,class,False,322,evaluate,51,@Override public,True,True,0,False,,9,ELIGIBLE,,maven,openaz-xacml-pdp,junit4,7,D:\ki9\SEP490\ArrowCode\ARROW-paper\ARROW\Java-version\java-8,auto-discovered compatible JDK 8 for Java 7,,1,2,2,MODULE_TESTS_PASSED|MODULE_TESTS_PASSED,True,1,org.apache.openaz.xacml.pdp.policy.Policy,True,TARGET_TEST_PASSED,MODULE_TESTS_PASSED,MODULE_TESTS_PASSED,ELIGIBLE,,,138.843,D:\ki9\SEP490\ArrowCode\ARROW-paper\ARROW\runs\sample_selection\distributed\shard-2\candidates\01023_33766200_33766200_0
1028,102960162,102960162_0.json,https://github.com/appreciated/vaadin-app-layout,RouteSimilarity,app-layout-addon/src/main/java/com/github/appreciated/app/layout/navigation/RouteSimilarity.java,production,,,,RouteSimilarity,7,public,False,True,,,,,ELIGIBLE,,,,,,,,,1,2,0,,,,,,,,,EXCLUDED,setup,"Error: [('D:\\ki9\\SEP490\\ArrowCode\\ARROW-paper\\ARROW\\repos\\102960162\\app-layout-addon\\src\\main\\java\\com\\github\\appreciated\\app\\layout\\addons\\notification\\DefaultNotificationCardComponentFactory.java', 'D:\\ki9\\SEP490\\ArrowCode\\ARROW-paper\\ARROW\\runs\\sample_selection\\distributed\\shard-2\\candidates\\01028_102960162_102960162_0\\workspace\\app-layout-addon\\src\\main\\java\\com\\github\\appreciated\\app\\layout\\addons\\notification\\DefaultNotificationCardComponentFactory.java', ""[Errno 2] No such file or directory: 'D:\\\\ki9\\\\SEP490\\\\ArrowCode\\\\ARROW-paper\\\\ARROW\\\\runs\\\\sample_selection\\\\distributed\\\\shard-2\\\\candidates\\\\01028_102960162_102960162_0\\\\workspace\\\\app-layout-addon\\\\src\\\\main\\\\java\\\\com\\\\github\\\\appreciated\\\\app\\\\layout\\\\addons\\\\notification\\\\DefaultNotificationCardComponentFactory.java'""), ('D:\\ki9\\SEP490\\ArrowCode\\ARROW-paper\\ARROW\\repos\\102960162\\app-layout-addon\\src\\main\\java\\com\\github\\appreciated\\app\\layout\\addons\\notification\\interfaces\\NotificationsChangeListener.java', 'D:\\ki9\\SEP490\\ArrowCode\\ARROW-paper\\ARROW\\runs\\sample_selection\\distributed\\shard-2\\candidates\\01028_102960162_102960162_0\\workspace\\app-layout-addon\\src\\main\\java\\com\\github\\appreciated\\app\\layout\\addons\\notification\\interfaces\\NotificationsChangeListener.java', ""[Errno 2] No such file or directory: 'D:\\\\ki9\\\\SEP490\\\\ArrowCode\\\\ARROW-paper\\\\ARROW\\\\runs\\\\sample_selection\\\\distributed\\\\shard-2\\\\candidates\\\\01028_102960162_102960162_0\\\\workspace\\\\app-layout-addon\\\\src\\\\main\\\\java\\\\com\\\\github\\\\appreciated\\\\app\\\\layout\\\\addons\\\\notification\\\\interfaces\\\\NotificationsChangeListener.java'""), ('D:\\ki9\\SEP490\\ArrowCode\\ARROW-paper\\ARROW\\repos\\102960162\\app-layout-addon\\src\\main\\java\\com\\github\\appreciated\\app\\layout\\component\\builder\\factories\\DefaultNavigationElementInfoProducer.java', 'D:\\ki9\\SEP49",7.719,D:\ki9\SEP490\ArrowCode\ARROW-paper\ARROW\runs\sample_selection\distributed\shard-2\candidates\01028_102960162_102960162_0
1033,64210266,64210266_5.json,https://github.com/retz/retz,MesosHTTPFetcher,retz-server/src/main/java/io/github/retz/mesosc/MesosHTTPFetcher.java,production,class,False,369,parseTasks,14,public static,True,True,0,True,network|nondeterminism,8,EXCLUDED,external_dependency_risk:network|nondeterminism,,,,,,,,1,2,0,,,,,,,,,EXCLUDED,semantic,external_dependency_risk:network|nondeterminism,9.688,D:\ki9\SEP490\ArrowCode\ARROW-paper\ARROW\runs\sample_selection\distributed\shard-2\candidates\01033_64210266_64210266_5
1038,29432931,29432931_8.json,https://github.com/sixpack/sixpack-java,Sixpack,sixpack-java/src/main/java/com/seatgeek/sixpack/Sixpack.java,production,,,,getClientId,3,public,False,True,,,,,EXCLUDED,trivial_focal_method,,,,,,,,,2,0,,,,,,,,,EXCLUDED,semantic_metadata,trivial_focal_method,0.063,D:\ki9\SEP490\ArrowCode\ARROW-paper\ARROW\runs\sample_selection\distributed\shard-2\candidates\01038_29432931_29432931_8
1043,81304886,81304886_6.json,https://github.com/jungilhan/awesome-blogs-android,StringUtils,remark/src/main/java/com/overzealous/remark/util/StringUtils.java,production,class,False,198,multiply,3,public static,False,True,0,False,,8,ELIGIBLE,,gradle,remark,junit4,unknown,D:\ki9\SEP490\ArrowCode\ARROW-paper\ARROW\Java-version\java-8,Gradle 4.4 requires compatible JDK 8; auto-discovered,,1,2,1,ASSERTION_FAILED,,,com.overzealous.remark.util.StringUtils,,,,,EXCLUDED,baseline,failure: build failed with an exception.,67.219,D:\ki9\SEP490\ArrowCode\ARROW-paper\ARROW\runs\sample_selection\distributed\shard-2\candidates\01043_81304886_81304886_6
1048,73087334,73087334_11.json,https://github.com/jkacer/pac4j-extensions,DatabaseLoadedSAML2ClientConfiguration,pac4j-saml-config-db/src/main/java/com/idc/webchannel/pac4j/extensions/saml/client/DatabaseLoadedSAML2ClientConfiguration.java,production,,,,getIdentityProviderMetadataResource,4,@Override public,False,True,,,,,EXCLUDED,trivial_focal_method,,,,,,,,,2,0,,,,,,,,,EXCLUDED,semantic_metadata,trivial_focal_method,0.031,D:\ki9\SEP490\ArrowCode\ARROW-paper\ARROW\runs\sample_selection\distributed\shard-2\candidates\01048_73087334_73087334_11
1053,38218145,38218145_494.json,https://github.com/DIA-NZ/webcurator,HarvestCoordinatorImpl,wct-core/src/main/java/org/webcurator/core/harvester/coordinator/HarvestCoordinatorImpl.java,production,,,,heartbeat,3,public,False,False,,,,,EXCLUDED,no_observable_behavior,,,,,,,,,2,0,,,,,,,,,EXCLUDED,semantic_metadata,no_observable_behavior,0.031,D:\ki9\SEP490\ArrowCode\ARROW-paper\ARROW\runs\sample_selection\distributed\shard-2\candidates\01053_38218145_38218145_494
1058,1397974,1397974_56.json,https://github.com/carrotsearch/hppc,KTypeStack,hppc/src/main/templates/com/carrotsearch/hppc/KTypeStack.java,nonstandard,,,,from,7,@SafeVarargs /* #end */ public static,False,True,,,,,EXCLUDED,source_layout:nonstandard,,,,,,,,,2,0,,,,,,,,,EXCLUDED,semantic_metadata,source_layout:nonstandard,0.047,D:\ki9\SEP490\ArrowCode\ARROW-paper\ARROW\runs\sample_selection\distributed\shard-2\candidates\01058_1397974_1397974_56
1063,22981257,22981257_201.json,https://github.com/amsa-code/risky,GridTraversor,geo-analyzer/src/main/java/au/gov/amsa/geo/model/GridTraversor.java,production,class,False,159,nextPoint,56,public,True,True,1,False,,9,ELIGIBLE,,maven,geo-analyzer,junit4,unknown,,no project java version detected,,1,2,1,ASSERTION_FAILED,,,au.gov.amsa.geo.model.GridTraversor,,,,,EXCLUDED,baseline,"[error] tests run: 19, failures: 0, errors: 9, skipped: 0, time elapsed: 1.413 s <<< failure! -- in au.gov.amsa.streams.bytestest",65.063,D:\ki9\SEP490\ArrowCode\ARROW-paper\ARROW\runs\sample_selection\distributed\shard-2\candidates\01063_22981257_22981257_201
1068,8455875,8455875_43.json,https://github.com/jpmml/jpmml,TypeUtil,pmml-evaluator/src/main/java/org/jpmml/evaluator/TypeUtil.java,production,class,False,437,parse,38,static public,True,True,0,False,,9,ELIGIBLE,,maven,pmml-evaluator,junit4,6,D:\ki9\SEP490\ArrowCode\ARROW-paper\ARROW\Java-version\java-8,auto-discovered compatible JDK 8 for Java 6,,1,2,1,ASSERTION_FAILED,,,org.jpmml.evaluator.TypeUtil,,,,,EXCLUDED,baseline,[info] jpmml model ........................................ failure [ 7.448 s],26.875,D:\ki9\SEP490\ArrowCode\ARROW-paper\ARROW\runs\sample_selection\distributed\shard-2\candidates\01068_8455875_8455875_43
1073,44519815,44519815_16.json,https://github.com/liflab/beepbeep-3,Fork,Core/src/ca/uqac/lif/cep/tmf/Fork.java,nonstandard,,,,extendOutputArity,23,"@SuppressWarnings(""unchecked"") public",True,False,,,,,EXCLUDED,source_layout:nonstandard;no_observable_behavior,,,,,,,,,2,0,,,,,,,,,EXCLUDED,semantic_metadata,source_layout:nonstandard;no_observable_behavior,0.016,D:\ki9\SEP490\ArrowCode\ARROW-paper\ARROW\runs\sample_selection\distributed\shard-2\candidates\01073_44519815_44519815_16
1078,339284,339284_1.json,https://github.com/jdillon/gossip,PrintStreamLogger,gossip-support/src/main/java/com/planet57/gossip/support/PrintStreamLogger.java,production,,,,setThreshold,4,public,False,True,,,,,EXCLUDED,trivial_focal_method,,,,,,,,,2,0,,,,,,,,,EXCLUDED,semantic_metadata,trivial_focal_method,0.015,D:\ki9\SEP490\ArrowCode\ARROW-paper\ARROW\runs\sample_selection\distributed\shard-2\candidates\01078_339284_339284_1
1083,357827,357827_0.json,https://github.com/tita/tita,TiTATimeConverter,tita-issuetracker-integration/src/main/java/at/ac/tuwien/ifs/tita/issuetracker/util/TiTATimeConverter.java,production,class,False,74,getString2Duration,16,public static,True,True,0,False,,10,ELIGIBLE,,maven,tita-issuetracker-integration,junit4,6,D:\ki9\SEP490\ArrowCode\ARROW-paper\ARROW\Java-version\java-8,auto-discovered compatible JDK 8 for Java 6,,1,2,1,ASSERTION_FAILED,,,at.ac.tuwien.ifs.tita.issuetracker.util.TiTATimeConverter,,,,,EXCLUDED,baseline,[info] tita-issuetracker-integration ...................... failure [ 2.038 s],22.844,D:\ki9\SEP490\ArrowCode\ARROW-paper\ARROW\runs\sample_selection\distributed\shard-2\candidates\01083_357827_357827_0
1088,122246958,122246958_57.json,https://github.com/airbnb/SpinalTap,MysqlSchemaDatabase,spinaltap-mysql/src/main/java/com/airbnb/spinaltap/mysql/schema/MysqlSchemaDatabase.java,production,class,False,214,addSourcePrefix,13,@VisibleForTesting,False,True,0,False,,8,ELIGIBLE,,gradle,spinaltap-mysql,junit4,8,D:\ki9\SEP490\ArrowCode\ARROW-paper\ARROW\Java-version\java-8,auto-discovered JDK 8,,1,2,1,ASSERTION_FAILED,,,com.airbnb.spinaltap.mysql.schema.MysqlSchemaDatabase,,,,,EXCLUDED,baseline,failure: build failed with an exception.,51.016,D:\ki9\SEP490\ArrowCode\ARROW-paper\ARROW\runs\sample_selection\distributed\shard-2\candidates\01088_122246958_122246958_57
1093,7612313,7612313_1.json,https://github.com/i2p/i2p.i2p-bote,FileEncryptionUtil,core/src/main/java/i2p/bote/fileencryption/FileEncryptionUtil.java,production,,,,changePassword,21,public static,True,False,,,,,EXCLUDED,no_observable_behavior,,,,,,,,,2,0,,,,,,,,,EXCLUDED,semantic_metadata,no_observable_behavior,0.031,D:\ki9\SEP490\ArrowCode\ARROW-paper\ARROW\runs\sample_selection\distributed\shard-2\candidates\01093_7612313_7612313_1
1098,35542092,35542092_2.json,https://github.com/mp911de/atsoundtrack,Renderer,common/src/main/java/biz/paluch/atsoundtrack/Renderer.java,production,class,False,90,render,27,public static,True,True,0,False,,9,ELIGIBLE,,gradle,common,junit4,javaVersion,,JDK javaVersion not mapped; using system default Java,,1,2,1,COMPILE_FAILED,,,biz.paluch.atsoundtrack.Renderer,,,,,EXCLUDED,baseline,error: could not find or load main class org.gradle.wrapper.gradlewrappermain,6.016,D:\ki9\SEP490\ArrowCode\ARROW-paper\ARROW\runs\sample_selection\distributed\shard-2\candidates\01098_35542092_35542092_2
1103,170412315,170412315_26.json,https://github.com/jhannes/action-controller,ApiServlet,action-controller/src/main/java/org/actioncontroller/servlet/ApiServlet.java,production,,,,service,10,@Override protected,True,False,,,,,EXCLUDED,no_observable_behavior,,,,,,,,,2,0,,,,,,,,,EXCLUDED,semantic_metadata,no_observable_behavior,0.031,D:\ki9\SEP490\ArrowCode\ARROW-paper\ARROW\runs\sample_selection\distributed\shard-2\candidates\01103_170412315_170412315_26
1108,122573764,122573764_5.json,https://github.com/smallnest/rpcx-java,NettyClient,client/src/main/java/com/colobu/rpcx/client/NettyClient.java,production,class,False,359,call,10,@Override public,False,True,1,True,network,6,EXCLUDED,external_dependency_risk:network;testability_score_below_7,,,,,,,,1,2,0,,,,,,,,,EXCLUDED,semantic,external_dependency_risk:network;testability_score_below_7,4.937,D:\ki9\SEP490\ArrowCode\ARROW-paper\ARROW\runs\sample_selection\distributed\shard-2\candidates\01108_122573764_122573764_5
1113,8417769,8417769_17.json,https://github.com/gengyifeng/NetCDF-Java-Hadoop,ThreddsMetadataBuilderUtils,v4.3/cdm/src/main/java/thredds/catalog2/builder/util/ThreddsMetadataBuilderUtils.java,production,class,False,352,copyThreddsMetadataBuilder,71,public static,True,True,0,False,,9,ELIGIBLE,,maven,v4.3\cdm,junit4,unknown,,no project java version detected,,1,2,1,RUNTIME_FAILED,,,thredds.catalog2.builder.util.ThreddsMetadataBuilderUtils,,,,,EXCLUDED,baseline,[error] [error] some problems were encountered while processing the poms:,107.782,D:\ki9\SEP490\ArrowCode\ARROW-paper\ARROW\runs\sample_selection\distributed\shard-2\candidates\01113_8417769_8417769_17
1118,85692970,85692970_82.json,https://github.com/ThorbenKuck/NetCom2,NativeClientStart,main/src/main/java/com/github/thorbenkuck/netcom2/network/client/NativeClientStart.java,production,,,,getCommunicationRegistration,4,@Override public,False,True,,,,,EXCLUDED,trivial_focal_method,,,,,,,,,2,0,,,,,,,,,EXCLUDED,semantic_metadata,trivial_focal_method,0.016,D:\ki9\SEP490\ArrowCode\ARROW-paper\ARROW\runs\sample_selection\distributed\shard-2\candidates\01118_85692970_85692970_82
1123,60758239,60758239_4.json,https://github.com/mrmike/AutoValueSample,Book05,app/src/main/java/com/moczul/autovalue/sample/Book05.java,production,class,True,18,create,3,public static,False,True,0,False,,7,EXCLUDED,non_concrete:class:abstract,,,,,,,,1,2,0,,,,,,,,,EXCLUDED,semantic,non_concrete:class:abstract,2.047,D:\ki9\SEP490\ArrowCode\ARROW-paper\ARROW\runs\sample_selection\distributed\shard-2\candidates\01123_60758239_60758239_4
1128,23304527,23304527_26.json,https://github.com/phax/ph-css,CSSColorHelper,ph-css/src/main/java/com/helger/css/utils/CSSColorHelper.java,production,,,,getHexColorValue,10,@Nonnull @Nonempty public static,False,True,,,,,EXCLUDED,trivial_focal_method,,,,,,,,,2,0,,,,,,,,,EXCLUDED,semantic_metadata,trivial_focal_method,0.031,D:\ki9\SEP490\ArrowCode\ARROW-paper\ARROW\runs\sample_selection\distributed\shard-2\candidates\01128_23304527_23304527_26
1133,92980167,92980167_32.json,https://github.com/mit-ll/PACE,SignedScanner,core/src/main/java/edu/mit/ll/pace/signature/SignedScanner.java,production,,,,getClassLoaderContext,4,@Override public,False,True,,,,,EXCLUDED,trivial_focal_method,,,,,,,,,2,0,,,,,,,,,EXCLUDED,semantic_metadata,trivial_focal_method,0.031,D:\ki9\SEP490\ArrowCode\ARROW-paper\ARROW\runs\sample_selection\distributed\shard-2\candidates\01133_92980167_92980167_32
1138,48688888,48688888_4.json,https://github.com/jetoile/hadoop-unit,Hdfs3Bootstrap,hadoop-unit-hdfs3/src/main/java/fr/jetoile/hadoopunit/component/Hdfs3Bootstrap.java,production,,,,getHdfsFileSystemHandle,3,public,False,True,,,,,EXCLUDED,trivial_focal_method,,,,,,,,,2,0,,,,,,,,,EXCLUDED,semantic_metadata,trivial_focal_method,0.015,D:\ki9\SEP490\ArrowCode\ARROW-paper\ARROW\runs\sample_selection\distributed\shard-2\candidates\01138_48688888_48688888_4
1143,6959258,6959258_19.json,https://github.com/astrapi69/jgeohash,GeoHashExtensions,jgeohash-core/src/main/java/de/alpharogroup/jgeohash/GeoHashExtensions.java,production,class,False,434,decode,50,public static,True,True,0,False,,10,ELIGIBLE,,gradle,jgeohash-core,testng,unknown,D:\ki9\SEP490\ArrowCode\ARROW-paper\ARROW\Java-version\java-11,Gradle 6.9 requires compatible JDK 11; auto-discovered,,1,2,2,MODULE_TESTS_PASSED|MODULE_TESTS_PASSED,,,de.alpharogroup.jgeohash.GeoHashExtensions,,,,,EXCLUDED,setup,FileNotFoundError: [WinError 3] The system cannot find the path specified: 'D:\\ki9\\SEP490\\ArrowCode\\ARROW-paper\\ARROW\\runs\\sample_selection\\distributed\\shard-2\\candidates\\01143_6959258_6959258_19\\workspace\\jgeohash-core\\build\\tmp\\expandedArchives\\org.jacoco.agent-0.8.6.jar_a26f6511a7813217be4cd6439d66563b\\META-INF\\maven\\org.jacoco',92.969,D:\ki9\SEP490\ArrowCode\ARROW-paper\ARROW\runs\sample_selection\distributed\shard-2\candidates\01143_6959258_6959258_19
1148,46134098,46134098_10.json,https://github.com/IBM-Cloud/gp-java-tools,JavaPropertiesResource,gp-res-filter/src/main/java/com/ibm/g11n/pipeline/resfilter/impl/JavaPropertiesResource.java,production,class,False,909,unescapePropKey,3,static,False,True,0,False,,7,ELIGIBLE,,maven,gp-res-filter,junit4,7,D:\ki9\SEP490\ArrowCode\ARROW-paper\ARROW\Java-version\java-8,auto-discovered compatible JDK 8 for Java 7,,1,2,1,ASSERTION_FAILED,,,com.ibm.g11n.pipeline.resfilter.impl.JavaPropertiesResource,,,,,EXCLUDED,baseline,failure:org.junit.comparisonfailure:[data-driven-test-cases<path>:write] text at line: 1 expected:<define({[ ]> but was:<define({[]>,22.063,D:\ki9\SEP490\ArrowCode\ARROW-paper\ARROW\runs\sample_selection\distributed\shard-2\candidates\01148_46134098_46134098_10
1153,177672258,177672258_0.json,https://github.com/mmahmoodictbd/rock-paper-scissors,Util,rock-paper-scissors-core/src/main/java/com/unloadbrain/games/rockpaperscissors/core/util/Util.java,production,class,False,16,getKeyByValue,8,public static,True,True,0,False,,8,ELIGIBLE,,maven,.,junit5,21,D:\ki9\SEP490\ArrowCode\ARROW-paper\ARROW\Java-version\java-21,auto-discovered JDK 21,,1,2,2,MODULE_TESTS_PASSED|MODULE_TESTS_PASSED,True,0,com.unloadbrain.games.rockpaperscissors.core.util.Util,True,TARGET_TEST_PASSED,MODULE_TESTS_PASSED,MODULE_TESTS_PASSED,ELIGIBLE,,,44.140,D:\ki9\SEP490\ArrowCode\ARROW-paper\ARROW\runs\sample_selection\distributed\shard-2\candidates\01153_177672258_177672258_0
1158,1870998,1870998_18.json,https://github.com/bcsoft/bc-framework,ActorServiceImpl,bc-identity/src/main/java/cn/bc/identity/service/ActorServiceImpl.java,production,,,,delete,7,@Override public,False,False,,,,,EXCLUDED,no_observable_behavior,,,,,,,,,2,0,,,,,,,,,EXCLUDED,semantic_metadata,no_observable_behavior,0.016,D:\ki9\SEP490\ArrowCode\ARROW-paper\ARROW\runs\sample_selection\distributed\shard-2\candidates\01158_1870998_1870998_18
1163,12058287,12058287_2.json,https://github.com/jeefuse/jeefuseMDA,TreeMenuUIRender,jeefuse-core/src/main/java/com/jeefuse/base/modules/tree/renders/menu/TreeMenuUIRender.java,production,,,,render,10,public,True,True,,,,,ELIGIBLE,,,,,,,,,1,2,0,,,,,,,,,EXCLUDED,setup,"Error: [('D:\\ki9\\SEP490\\ArrowCode\\ARROW-paper\\ARROW\\repos\\12058287\\jeefuse-mda\\jeefuse-mda-jee\\jeefuse.mda.gen.genericService\\bin\\com\\jeefuse\\mda\\gen\\template\\main\\java\\service\\GenericService.class', 'D:\\ki9\\SEP490\\ArrowCode\\ARROW-paper\\ARROW\\runs\\sample_selection\\distributed\\shard-2\\candidates\\01163_12058287_12058287_2\\workspace\\jeefuse-mda\\jeefuse-mda-jee\\jeefuse.mda.gen.genericService\\bin\\com\\jeefuse\\mda\\gen\\template\\main\\java\\service\\GenericService.class', ""[Errno 2] No such file or directory: 'D:\\\\ki9\\\\SEP490\\\\ArrowCode\\\\ARROW-paper\\\\ARROW\\\\runs\\\\sample_selection\\\\distributed\\\\shard-2\\\\candidates\\\\01163_12058287_12058287_2\\\\workspace\\\\jeefuse-mda\\\\jeefuse-mda-jee\\\\jeefuse.mda.gen.genericService\\\\bin\\\\com\\\\jeefuse\\\\mda\\\\gen\\\\template\\\\main\\\\java\\\\service\\\\GenericService.class'""), ('D:\\ki9\\SEP490\\ArrowCode\\ARROW-paper\\ARROW\\repos\\12058287\\jeefuse-mda\\jeefuse-mda-jee\\jeefuse.mda.gen.genericService\\bin\\com\\jeefuse\\mda\\gen\\template\\main\\java\\service\\GenericServiceFacade.class', 'D:\\ki9\\SEP490\\ArrowCode\\ARROW-paper\\ARROW\\runs\\sample_selection\\distributed\\shard-2\\candidates\\01163_12058287_12058287_2\\workspace\\jeefuse-mda\\jeefuse-mda-jee\\jeefuse.mda.gen.genericService\\bin\\com\\jeefuse\\mda\\gen\\template\\main\\java\\service\\GenericServiceFacade.class', ""[Errno 2] No such file or directory: 'D:\\\\ki9\\\\SEP490\\\\ArrowCode\\\\ARROW-paper\\\\ARROW\\\\runs\\\\sample_selection\\\\distributed\\\\shard-2\\\\candidates\\\\01163_12058287_12058287_2\\\\workspace\\\\jeefuse-mda\\\\jeefuse-mda-jee\\\\jeefuse.mda.gen.genericService\\\\bin\\\\com\\\\jeefuse\\\\mda\\\\gen\\\\template\\\\main\\\\java\\\\service\\\\GenericServiceFacade.class'""), ('D:\\ki9\\SEP490\\ArrowCode\\ARROW-paper\\ARROW\\repos\\12058287\\jeefuse-mda\\jeefuse-mda-jee\\jeefuse.mda.gen.genericService\\bin\\com\\jeefuse\\mda\\gen\\template\\main\\java\\service\\GenericServiceFactory",111.891,D:\ki9\SEP490\ArrowCode\ARROW-paper\ARROW\runs\sample_selection\distributed\shard-2\candidates\01163_12058287_12058287_2
1168,162455350,162455350_0.json,https://github.com/ushelp/EasySpringCloud,SourceSender,easy-spring-cloud-stream-publish/src/main/java/com/easyproject/cloud/source/SourceSender.java,production,,,,send,4,public,False,False,,,,,EXCLUDED,no_observable_behavior,,,,,,,,,2,0,,,,,,,,,EXCLUDED,semantic_metadata,no_observable_behavior,0.032,D:\ki9\SEP490\ArrowCode\ARROW-paper\ARROW\runs\sample_selection\distributed\shard-2\candidates\01168_162455350_162455350_0
1173,8849911,8849911_0.json,https://github.com/EdvardEakins/FB2OnlineConverter,MassConvertController,webapp/src/main/java/net/flibusta/servlet/MassConvertController.java,production,class,False,160,convert,26,"@RequestMapping(value = ""/batch"", method = RequestMethod.GET) public",True,True,0,True,filesystem,8,EXCLUDED,external_dependency_risk:filesystem,,,,,,,,1,2,0,,,,,,,,,EXCLUDED,semantic,external_dependency_risk:filesystem,13.562,D:\ki9\SEP490\ArrowCode\ARROW-paper\ARROW\runs\sample_selection\distributed\shard-2\candidates\01173_8849911_8849911_0
1178,137085185,137085185_13.json,https://github.com/FINRAOS/herd-mdl,BackLoadObjectProcessor,metastor/managedObjectLoader/src/main/java/org/finra/herd/metastore/managed/jobProcessor/BackLoadObjectProcessor.java,production,,,,process,27,@Override public,True,True,,,,,ELIGIBLE,,,,,,,,,,2,0,,,,,,,,,EXCLUDED,setup,"RuntimeError: Repository setup failed after 3 attempts: CalledProcessError: Command '['git', '-c', 'core.longpaths=true', 'clone', '--depth', '1', 'https://github.com/FINRAOS/herd-mdl', 'D:\\ki9\\SEP490\\ArrowCode\\ARROW-paper\\ARROW\\repos\\137085185']' returned non-zero exit status 128.",9.890,D:\ki9\SEP490\ArrowCode\ARROW-paper\ARROW\runs\sample_selection\distributed\shard-2\candidates\01178_137085185_137085185_13
1183,46795972,46795972_0.json,https://github.com/neuland/IntellijHybrisPlugin,HybrisHTTPRequest,src/de/neuland/hybris/http/HybrisHTTPRequest.java,nonstandard,,,,getHybrisConsoleOutput,12,public,True,True,,,,,EXCLUDED,source_layout:nonstandard,,,,,,,,,2,0,,,,,,,,,EXCLUDED,semantic_metadata,source_layout:nonstandard,0.016,D:\ki9\SEP490\ArrowCode\ARROW-paper\ARROW\runs\sample_selection\distributed\shard-2\candidates\01183_46795972_46795972_0
1188,65559078,65559078_25.json,https://github.com/enolive/learning,ReactiveService,spring/async-services/src/main/java/de/welcz/asyncservices/ReactiveService.java,production,class,False,32,sayHelloToAsync,9,@Async public,True,True,0,True,nondeterminism,9,EXCLUDED,external_dependency_risk:nondeterminism,,,,,,,,1,2,0,,,,,,,,,EXCLUDED,semantic,external_dependency_risk:nondeterminism,31.422,D:\ki9\SEP490\ArrowCode\ARROW-paper\ARROW\runs\sample_selection\distributed\shard-2\candidates\01188_65559078_65559078_25
1193,51292541,51292541_293.json,https://github.com/CJSCommonPlatform/microservice_framework_version_6,EnvelopeValidator,core/src/main/java/uk/gov/justice/services/core/envelope/EnvelopeValidator.java,production,,,,validate,23,public,True,False,,,,,EXCLUDED,no_observable_behavior,,,,,,,,,2,0,,,,,,,,,EXCLUDED,semantic_metadata,no_observable_behavior,0.032,D:\ki9\SEP490\ArrowCode\ARROW-paper\ARROW\runs\sample_selection\distributed\shard-2\candidates\01193_51292541_51292541_293
1198,1768217,1768217_155.json,https://github.com/spring-projects/spring-social-twitter,FriendTemplate,spring-social-twitter/src/main/java/org/springframework/social/twitter/api/impl/FriendTemplate.java,production,,,,getFollowerIds,3,public,False,True,,,,,EXCLUDED,trivial_focal_method,,,,,,,,,2,0,,,,,,,,,EXCLUDED,semantic_metadata,trivial_focal_method,0.015,D:\ki9\SEP490\ArrowCode\ARROW-paper\ARROW\runs\sample_selection\distributed\shard-2\candidates\01198_1768217_1768217_155
1203,60435184,60435184_1.json,https://github.com/konifar/annict-android,LoginViewModel,app/src/main/java/com/konifar/annict/viewmodel/LoginViewModel.java,production,,,,onClickLoginButton,3,public,False,False,,,,,EXCLUDED,no_observable_behavior,,,,,,,,,2,0,,,,,,,,,EXCLUDED,semantic_metadata,no_observable_behavior,0.032,D:\ki9\SEP490\ArrowCode\ARROW-paper\ARROW\runs\sample_selection\distributed\shard-2\candidates\01203_60435184_60435184_1
1208,6269725,6269725_1.json,https://github.com/astrapi69/jaulp-wicket,PageParametersExtensions,jaulp-wicket-base/src/main/java/de/alpharogroup/wicket/base/util/parameter/PageParametersExtensions.java,production,,,,isNullOrEmpty,4,public static final,True,True,,,,,EXCLUDED,trivial_focal_method,,,,,,,,,2,0,,,,,,,,,EXCLUDED,semantic_metadata,trivial_focal_method,0.015,D:\ki9\SEP490\ArrowCode\ARROW-paper\ARROW\runs\sample_selection\distributed\shard-2\candidates\01208_6269725_6269725_1
1213,174306645,174306645_228.json,https://github.com/kiegroup/kogito-runtimes,DefaultUnitOfWorkManager,api/kogito-services/src/main/java/org/kie/kogito/services/uow/DefaultUnitOfWorkManager.java,production,,,,newUnitOfWork,4,@Override public,False,True,,,,,ELIGIBLE,,,,,,,,,,2,0,,,,,,,,,EXCLUDED,setup,RuntimeError: Repository setup failed after 3 attempts: FileNotFoundError: [WinError 3] The system cannot find the path specified: 'D:\\ki9\\SEP490\\ArrowCode\\ARROW-paper\\ARROW\\repos\\174306645\\quarkus\\extensions\\kogito-quarkus-serverless-workflow-extension\\kogito-quarkus-serverless-workflow\\src\\main\\codestarts\\quarkus\\sonataflow-quarkus-codestart\\base\\src\\main\\resources\\META-INF\\resources',13.860,D:\ki9\SEP490\ArrowCode\ARROW-paper\ARROW\runs\sample_selection\distributed\shard-2\candidates\01213_174306645_174306645_228
1218,9408774,9408774_10.json,https://github.com/WeTheInternet/xapi,ToStringUserInterface,core/ui/autoui/src/main/java/xapi/ui/autoui/impl/ToStringUserInterface.java,production,,,,toString,4,@Override public,False,True,,,,,EXCLUDED,trivial_focal_method,,,,,,,,,2,0,,,,,,,,,EXCLUDED,semantic_metadata,trivial_focal_method,0.031,D:\ki9\SEP490\ArrowCode\ARROW-paper\ARROW\runs\sample_selection\distributed\shard-2\candidates\01218_9408774_9408774_10
1223,64203431,64203431_22.json,https://github.com/jianliaoim/talk-android,Emitter,library/engine.io-client/src/main/java/com/github/nkzawa/emitter/Emitter.java,production,class,False,147,hasListeners,4,public,True,True,0,False,,10,ELIGIBLE,,gradle,library\engine.io-client,junit4,unknown,D:\ki9\SEP490\ArrowCode\ARROW-paper\ARROW\Java-version\java-8,Gradle 2.8 requires compatible JDK 8; auto-discovered,,1,2,1,ASSERTION_FAILED,,,com.github.nkzawa.emitter.Emitter,,,,,EXCLUDED,baseline,failure: build failed with an exception.,67.953,D:\ki9\SEP490\ArrowCode\ARROW-paper\ARROW\runs\sample_selection\distributed\shard-2\candidates\01223_64203431_64203431_22
1228,49945501,49945501_26.json,https://github.com/neoteric-eu/neo-starters,FiltersParser,request-parameters/src/main/java/eu/neoteric/starter/request/FiltersParser.java,production,,,,parseFilters,21,public static,True,True,,,,,ELIGIBLE,,,,,,,,,1,2,0,,,,,,,,,EXCLUDED,setup,"Error: [('D:\\ki9\\SEP490\\ArrowCode\\ARROW-paper\\ARROW\\repos\\49945501\\neo-starter\\src\\main\\java\\eu\\neoteric\\starter\\mvc\\errorhandling\\handlers\\common\\HttpRequestMethodNotSupportedExceptionHandler.java', 'D:\\ki9\\SEP490\\ArrowCode\\ARROW-paper\\ARROW\\runs\\sample_selection\\distributed\\shard-2\\candidates\\01228_49945501_49945501_26\\workspace\\neo-starter\\src\\main\\java\\eu\\neoteric\\starter\\mvc\\errorhandling\\handlers\\common\\HttpRequestMethodNotSupportedExceptionHandler.java', ""[Errno 2] No such file or directory: 'D:\\\\ki9\\\\SEP490\\\\ArrowCode\\\\ARROW-paper\\\\ARROW\\\\runs\\\\sample_selection\\\\distributed\\\\shard-2\\\\candidates\\\\01228_49945501_49945501_26\\\\workspace\\\\neo-starter\\\\src\\\\main\\\\java\\\\eu\\\\neoteric\\\\starter\\\\mvc\\\\errorhandling\\\\handlers\\\\common\\\\HttpRequestMethodNotSupportedExceptionHandler.java'""), ('D:\\ki9\\SEP490\\ArrowCode\\ARROW-paper\\ARROW\\repos\\49945501\\neo-starter-mongo\\src\\main\\java\\eu\\neoteric\\starter\\mongo\\request\\processors\\fields\\MongoFieldToLogicalOperatorSubProcessor.java', 'D:\\ki9\\SEP490\\ArrowCode\\ARROW-paper\\ARROW\\runs\\sample_selection\\distributed\\shard-2\\candidates\\01228_49945501_49945501_26\\workspace\\neo-starter-mongo\\src\\main\\java\\eu\\neoteric\\starter\\mongo\\request\\processors\\fields\\MongoFieldToLogicalOperatorSubProcessor.java', ""[Errno 2] No such file or directory: 'D:\\\\ki9\\\\SEP490\\\\ArrowCode\\\\ARROW-paper\\\\ARROW\\\\runs\\\\sample_selection\\\\distributed\\\\shard-2\\\\candidates\\\\01228_49945501_49945501_26\\\\workspace\\\\neo-starter-mongo\\\\src\\\\main\\\\java\\\\eu\\\\neoteric\\\\starter\\\\mongo\\\\request\\\\processors\\\\fields\\\\MongoFieldToLogicalOperatorSubProcessor.java'"")]",7.187,D:\ki9\SEP490\ArrowCode\ARROW-paper\ARROW\runs\sample_selection\distributed\shard-2\candidates\01228_49945501_49945501_26
1233,88284952,88284952_158.json,https://github.com/akarnokd/RxJava3-preview,Completable,observable/src/main/java/io/reactivex/observable/Completable.java,production,class,True,1818,concat,6,@CheckReturnValue @SchedulerSupport(SchedulerSupport.NONE) public static,True,True,0,False,,9,EXCLUDED,non_concrete:class:abstract,,,,,,,,1,2,0,,,,,,,,,EXCLUDED,semantic,non_concrete:class:abstract,29.360,D:\ki9\SEP490\ArrowCode\ARROW-paper\ARROW\runs\sample_selection\distributed\shard-2\candidates\01233_88284952_88284952_158
1238,98490554,98490554_5.json,https://github.com/yu120/neural,RetryerBuilder,neural-core/src/main/java/org/micro/neural/retryer/RetryerBuilder.java,production,class,False,145,retryIfRuntimeException,4,public,False,True,0,False,,6,EXCLUDED,testability_score_below_7,,,,,,,,1,2,0,,,,,,,,,EXCLUDED,semantic,testability_score_below_7,7.734,D:\ki9\SEP490\ArrowCode\ARROW-paper\ARROW\runs\sample_selection\distributed\shard-2\candidates\01238_98490554_98490554_5
1243,4031229,4031229_8.json,https://github.com/timurstrekalov/saga,MiscUtil,saga-core/src/main/java/com/github/timurstrekalov/saga/core/util/MiscUtil.java,production,class,False,55,getFullSourcePath,13,public static,True,True,0,True,filesystem,8,EXCLUDED,external_dependency_risk:filesystem,,,,,,,,1,2,0,,,,,,,,,EXCLUDED,semantic,external_dependency_risk:filesystem,4.594,D:\ki9\SEP490\ArrowCode\ARROW-paper\ARROW\runs\sample_selection\distributed\shard-2\candidates\01243_4031229_4031229_8
1248,46414758,46414758_1.json,https://github.com/sosy-lab/java-smt,Yices2NativeApi,src/org/sosy_lab/java_smt/solvers/yices2/Yices2NativeApi.java,nonstandard,,,,yices_rational32,1,public static native,False,True,,,,,EXCLUDED,source_layout:nonstandard;focal_method_not_directly_testable,,,,,,,,,2,0,,,,,,,,,EXCLUDED,semantic_metadata,source_layout:nonstandard;focal_method_not_directly_testable,0.031,D:\ki9\SEP490\ArrowCode\ARROW-paper\ARROW\runs\sample_selection\distributed\shard-2\candidates\01248_46414758_46414758_1
1253,35841129,35841129_0.json,https://github.com/wikimedia/wikidata-query-blazegraph,BigdataSailRemoteRepositoryConnection,bigdata-client/src/main/java/com/bigdata/rdf/sail/remote/BigdataSailRemoteRepositoryConnection.java,production,,,,getStatements,49,@Override public,True,True,,,,,ELIGIBLE,,,,,,,,,1,2,0,,,,,,,,,EXCLUDED,setup,"Error: [('D:\\ki9\\SEP490\\ArrowCode\\ARROW-paper\\ARROW\\repos\\35841129\\bigdata-rdf-test\\src\\test\\java\\com\\bigdata\\rdf\\sparql\\ast\\eval\\pipelined-hashjoin-threshold-distinct-projection-buffer-analytic.rq', 'D:\\ki9\\SEP490\\ArrowCode\\ARROW-paper\\ARROW\\runs\\sample_selection\\distributed\\shard-2\\candidates\\01253_35841129_35841129_0\\workspace\\bigdata-rdf-test\\src\\test\\java\\com\\bigdata\\rdf\\sparql\\ast\\eval\\pipelined-hashjoin-threshold-distinct-projection-buffer-analytic.rq', ""[Errno 2] No such file or directory: 'D:\\\\ki9\\\\SEP490\\\\ArrowCode\\\\ARROW-paper\\\\ARROW\\\\runs\\\\sample_selection\\\\distributed\\\\shard-2\\\\candidates\\\\01253_35841129_35841129_0\\\\workspace\\\\bigdata-rdf-test\\\\src\\\\test\\\\java\\\\com\\\\bigdata\\\\rdf\\\\sparql\\\\ast\\\\eval\\\\pipelined-hashjoin-threshold-distinct-projection-buffer-analytic.rq'"")]",107.032,D:\ki9\SEP490\ArrowCode\ARROW-paper\ARROW\runs\sample_selection\distributed\shard-2\candidates\01253_35841129_35841129_0
1258,129274227,129274227_0.json,https://github.com/0xZhangKe/ShiZhong,PosterUtils,app/src/main/java/com/zhangke/shizhong/util/PosterUtils.java,production,class,False,54,getMoviePosterFileWithName,5,public static,False,True,0,True,filesystem,6,EXCLUDED,external_dependency_risk:filesystem;testability_score_below_7,,,,,,,,1,2,0,,,,,,,,,EXCLUDED,semantic,external_dependency_risk:filesystem;testability_score_below_7,8.500,D:\ki9\SEP490\ArrowCode\ARROW-paper\ARROW\runs\sample_selection\distributed\shard-2\candidates\01258_129274227_129274227_0
1263,1367811,1367811_33.json,https://github.com/hudson/hudson-2.x,DeepEquals,hudson-core/src/main/java/hudson/util/DeepEquals.java,production,class,False,572,deepEquals,108,public static,True,True,0,False,,8,ELIGIBLE,,maven,hudson-core,junit4,5,D:\ki9\SEP490\ArrowCode\ARROW-paper\ARROW\Java-version\java-8,auto-discovered compatible JDK 8 for Java 5,,1,2,1,COMPILE_FAILED,,,hudson.util.DeepEquals,,,,,EXCLUDED,baseline,tests in error:,600.125,D:\ki9\SEP490\ArrowCode\ARROW-paper\ARROW\runs\sample_selection\distributed\shard-2\candidates\01263_1367811_1367811_33
1268,67019969,67019969_181.json,https://github.com/KscSDK/ksc-sdk-java,QueryStringSigner,ksc-sdk-java-core/src/main/java/com/ksc/auth/QueryStringSigner.java,production,,,,sign,4,public,True,False,,,,,EXCLUDED,no_observable_behavior,,,,,,,,,2,0,,,,,,,,,EXCLUDED,semantic_metadata,no_observable_behavior,0.016,D:\ki9\SEP490\ArrowCode\ARROW-paper\ARROW\runs\sample_selection\distributed\shard-2\candidates\01268_67019969_67019969_181
1273,72222405,72222405_113.json,https://github.com/epam/NGB,VcfManager,server/catgenome/src/main/java/com/epam/catgenome/manager/vcf/VcfManager.java,production,,,,unregisterVcfFile,13,@Transactional(propagation = Propagation.REQUIRED) public,True,True,,,,,ELIGIBLE,,,,,,,,,1,2,0,,,,,,,,,EXCLUDED,setup,"Error: [('D:\\ki9\\SEP490\\ArrowCode\\ARROW-paper\\ARROW\\repos\\72222405\\client\\client\\app\\components\\ngbBlastSearchPanel\\ngbBlastSearchAlignmentList\\ngbBlastSearchAlignment\\ngbBlastSearchAlignment.component.js', 'D:\\ki9\\SEP490\\ArrowCode\\ARROW-paper\\ARROW\\runs\\sample_selection\\distributed\\shard-2\\candidates\\01273_72222405_72222405_113\\workspace\\client\\client\\app\\components\\ngbBlastSearchPanel\\ngbBlastSearchAlignmentList\\ngbBlastSearchAlignment\\ngbBlastSearchAlignment.component.js', ""[Errno 2] No such file or directory: 'D:\\\\ki9\\\\SEP490\\\\ArrowCode\\\\ARROW-paper\\\\ARROW\\\\runs\\\\sample_selection\\\\distributed\\\\shard-2\\\\candidates\\\\01273_72222405_72222405_113\\\\workspace\\\\client\\\\client\\\\app\\\\components\\\\ngbBlastSearchPanel\\\\ngbBlastSearchAlignmentList\\\\ngbBlastSearchAlignment\\\\ngbBlastSearchAlignment.component.js'""), ('D:\\ki9\\SEP490\\ArrowCode\\ARROW-paper\\ARROW\\repos\\72222405\\client\\client\\app\\components\\ngbBlastSearchPanel\\ngbBlastSearchAlignmentList\\ngbBlastSearchAlignment\\ngbBlastSearchAlignment.controller.js', 'D:\\ki9\\SEP490\\ArrowCode\\ARROW-paper\\ARROW\\runs\\sample_selection\\distributed\\shard-2\\candidates\\01273_72222405_72222405_113\\workspace\\client\\client\\app\\components\\ngbBlastSearchPanel\\ngbBlastSearchAlignmentList\\ngbBlastSearchAlignment\\ngbBlastSearchAlignment.controller.js', ""[Errno 2] No such file or directory: 'D:\\\\ki9\\\\SEP490\\\\ArrowCode\\\\ARROW-paper\\\\ARROW\\\\runs\\\\sample_selection\\\\distributed\\\\shard-2\\\\candidates\\\\01273_72222405_72222405_113\\\\workspace\\\\client\\\\client\\\\app\\\\components\\\\ngbBlastSearchPanel\\\\ngbBlastSearchAlignmentList\\\\ngbBlastSearchAlignment\\\\ngbBlastSearchAlignment.controller.js'""), ('D:\\ki9\\SEP490\\ArrowCode\\ARROW-paper\\ARROW\\repos\\72222405\\client\\client\\app\\components\\ngbBlastSearchPanel\\ngbBlastSearchAlignmentList\\ngbBlastSearchAlignment\\ngbBlastSearchAlignment.scss', 'D:\\ki9\\SEP490\\A",85.218,D:\ki9\SEP490\ArrowCode\ARROW-paper\ARROW\runs\sample_selection\distributed\shard-2\candidates\01273_72222405_72222405_113
1278,39889599,39889599_8.json,https://github.com/sockeqwe/AdapterDelegates,AdapterDelegatesManager,library/src/main/java/com/hannesdorfmann/adapterdelegates4/AdapterDelegatesManager.java,production,class,False,417,getViewType,10,public,True,True,0,False,,9,ELIGIBLE,,gradle,library,junit4,1,D:\ki9\SEP490\ArrowCode\ARROW-paper\ARROW\Java-version\java-8,auto-discovered compatible JDK 8 for Java 1,,1,2,1,ASSERTION_FAILED,,,com.hannesdorfmann.adapterdelegates4.AdapterDelegatesManager,,,,,EXCLUDED,baseline,failure: build failed with an exception.,86.797,D:\ki9\SEP490\ArrowCode\ARROW-paper\ARROW\runs\sample_selection\distributed\shard-2\candidates\01278_39889599_39889599_8
1283,125472394,125472394_1.json,https://github.com/nhn/eat,Util,eat/src/main/java/com/nhnent/eat/common/Util.java,production,class,False,220,extractBytePacketValueFromString,20,public static,True,True,0,False,,10,ELIGIBLE,,maven,eat,junit4,8,D:\ki9\SEP490\ArrowCode\ARROW-paper\ARROW\Java-version\java-8,auto-discovered JDK 8,,1,2,1,COMPILE_FAILED,,,com.nhnent.eat.common.Util,,,,,EXCLUDED,baseline,"[error] /d:<path>:[line,col] package javafx.util does not exist",41.406,D:\ki9\SEP490\ArrowCode\ARROW-paper\ARROW\runs\sample_selection\distributed\shard-2\candidates\01283_125472394_125472394_1
1288,8560742,8560742_2.json,https://github.com/cloudera/sqoop2,SqoopOutputFormatLoadExecutor,execution/mapreduce/src/main/java/org/apache/sqoop/job/mr/SqoopOutputFormatLoadExecutor.java,production,class,False,216,getRecordWriter,6,public,False,True,1,False,,8,ELIGIBLE,,maven,execution\mapreduce,junit4,6,D:\ki9\SEP490\ArrowCode\ARROW-paper\ARROW\Java-version\java-8,auto-discovered compatible JDK 8 for Java 6,,1,2,1,RUNTIME_FAILED,,,org.apache.sqoop.job.mr.SqoopOutputFormatLoadExecutor,,,,,EXCLUDED,baseline,[error] [error] some problems were encountered while processing the poms:,13.328,D:\ki9\SEP490\ArrowCode\ARROW-paper\ARROW\runs\sample_selection\distributed\shard-2\candidates\01288_8560742_8560742_2
1293,139111229,139111229_0.json,https://github.com/BlockchainDATA/M3,CHexConvert,routing-api/src/main/java/eco/data/m3/routing/api/utils/CHexConvert.java,production,class,False,37,hexStr2Bytes,12,public static,True,True,0,False,,10,ELIGIBLE,,gradle,routing-api,junit4,8,D:\ki9\SEP490\ArrowCode\ARROW-paper\ARROW\Java-version\java-8,auto-discovered JDK 8,,1,2,1,COMPILE_FAILED,,,eco.data.m3.routing.api.utils.CHexConvert,,,,,EXCLUDED,baseline,error: could not find or load main class org.gradle.wrapper.gradlewrappermain,12.078,D:\ki9\SEP490\ArrowCode\ARROW-paper\ARROW\runs\sample_selection\distributed\shard-2\candidates\01293_139111229_139111229_0
1298,183540010,183540010_0.json,https://github.com/sjsdfg/OnJava8-Examples-Maven,CircularQueue,validating/src/main/java/CircularQueue.java,production,class,False,91,full,3,public,True,True,1,False,,10,ELIGIBLE,,maven,validating,junit5,8,D:\ki9\SEP490\ArrowCode\ARROW-paper\ARROW\Java-version\java-8,auto-discovered JDK 8,,1,2,1,RUNTIME_FAILED,,,CircularQueue,,,,,EXCLUDED,baseline,[error] [error] some problems were encountered while processing the poms:,20.484,D:\ki9\SEP490\ArrowCode\ARROW-paper\ARROW\runs\sample_selection\distributed\shard-2\candidates\01298_183540010_183540010_0
1303,54297956,54297956_1.json,https://github.com/atarsdnh/MVPExample,MainPresenter,app/src/main/java/com/atars/mvpexample/presenter/MainPresenter.java,production,,,,onSaveButtonClick,8,public,True,False,,,,,EXCLUDED,no_observable_behavior,,,,,,,,,2,0,,,,,,,,,EXCLUDED,semantic_metadata,no_observable_behavior,0.016,D:\ki9\SEP490\ArrowCode\ARROW-paper\ARROW\runs\sample_selection\distributed\shard-2\candidates\01303_54297956_54297956_1
1308,50951613,50951613_2.json,https://github.com/mattjlewis/diozero,RangeUtil,diozero-core/src/main/java/com/diozero/util/RangeUtil.java,production,class,False,232,map,3,public static,False,True,0,False,,8,ELIGIBLE,,maven,diozero-core,junit5,unknown,,no project java version detected,,1,2,1,COMPILE_FAILED,,,com.diozero.util.RangeUtil,,,,,EXCLUDED,baseline,org.opentest4j.assertionfailederror: expected: <4> but was: <5>,125.563,D:\ki9\SEP490\ArrowCode\ARROW-paper\ARROW\runs\sample_selection\distributed\shard-2\candidates\01308_50951613_50951613_2
1313,8427412,8427412_8.json,https://github.com/OpenHMIS/openmrs-module-openhmis.inventory,DistributionOperationType,api/src/main/java/org/openmrs/module/openhmis/inventory/api/model/DistributionOperationType.java,production,,,,onCompleted,5,@Override public,False,False,,,,,EXCLUDED,no_observable_behavior,,,,,,,,,2,0,,,,,,,,,EXCLUDED,semantic_metadata,no_observable_behavior,0.016,D:\ki9\SEP490\ArrowCode\ARROW-paper\ARROW\runs\sample_selection\distributed\shard-2\candidates\01313_8427412_8427412_8
1318,3869967,3869967_10.json,https://github.com/soluvas/soluvas-framework,FacebookUtilsImpl,socmed/src/main/java/org/soluvas/facebook/FacebookUtilsImpl.java,production,class,False,135,findFriends,29,@Override public,True,True,2,True,network|filesystem,9,EXCLUDED,external_dependency_risk:network|filesystem,,,,,,,,1,2,0,,,,,,,,,EXCLUDED,semantic,external_dependency_risk:network|filesystem,34.594,D:\ki9\SEP490\ArrowCode\ARROW-paper\ARROW\runs\sample_selection\distributed\shard-2\candidates\01318_3869967_3869967_10
1323,200004447,200004447_2.json,https://github.com/qunarcorp/bistoury,CompositeBytes,bistoury-commands/src/main/java/qunar/tc/bistoury/commands/arthas/telnet/CompositeBytes.java,production,,,,write,4,public,False,False,,,,,EXCLUDED,no_observable_behavior,,,,,,,,,2,0,,,,,,,,,EXCLUDED,semantic_metadata,no_observable_behavior,0.031,D:\ki9\SEP490\ArrowCode\ARROW-paper\ARROW\runs\sample_selection\distributed\shard-2\candidates\01323_200004447_200004447_2
1328,164891999,164891999_2.json,https://github.com/rigbypc/CalculatorTdd,Calculator,CalculatorTdd/src/main/java/calculator/Calculator.java,production,class,False,24,median,3,public,False,True,0,False,,8,ELIGIBLE,,gradle,CalculatorTdd,junit5,unknown,,no project java version detected,,1,2,1,ASSERTION_FAILED,,,calculator.Calculator,,,,,EXCLUDED,baseline,failure: build failed with an exception.,16.938,D:\ki9\SEP490\ArrowCode\ARROW-paper\ARROW\runs\sample_selection\distributed\shard-2\candidates\01328_164891999_164891999_2
1333,79112912,79112912_14.json,https://github.com/Alfresco/SearchServices,AlfrescoCoreAdminHandler,search-services/alfresco-search/src/main/java/org/alfresco/solr/AlfrescoCoreAdminHandler.java,production,,,,actionDisableIndexing,4,,False,True,,,,,ELIGIBLE,,,,,,,,,1,2,0,,,,,,,,,EXCLUDED,setup,"Error: [('D:\\ki9\\SEP490\\ArrowCode\\ARROW-paper\\ARROW\\repos\\79112912\\e2e-test\\src\\test\\java\\org\\alfresco\\test\\search\\functional\\searchServices\\search\\crosslocale\\SearchExactTermCrossLocaleTest.java', 'D:\\ki9\\SEP490\\ArrowCode\\ARROW-paper\\ARROW\\runs\\sample_selection\\distributed\\shard-2\\candidates\\01333_79112912_79112912_14\\workspace\\e2e-test\\src\\test\\java\\org\\alfresco\\test\\search\\functional\\searchServices\\search\\crosslocale\\SearchExactTermCrossLocaleTest.java', ""[Errno 2] No such file or directory: 'D:\\\\ki9\\\\SEP490\\\\ArrowCode\\\\ARROW-paper\\\\ARROW\\\\runs\\\\sample_selection\\\\distributed\\\\shard-2\\\\candidates\\\\01333_79112912_79112912_14\\\\workspace\\\\e2e-test\\\\src\\\\test\\\\java\\\\org\\\\alfresco\\\\test\\\\search\\\\functional\\\\searchServices\\\\search\\\\crosslocale\\\\SearchExactTermCrossLocaleTest.java'""), ('D:\\ki9\\SEP490\\ArrowCode\\ARROW-paper\\ARROW\\repos\\79112912\\search-services\\alfresco-search\\src\\test\\java\\org\\alfresco\\solr\\tracker\\DistributedAlfrescoSolrMetadataTrackerReindexingByTransactionIdUsingDbIdShardingMethodIT.java', 'D:\\ki9\\SEP490\\ArrowCode\\ARROW-paper\\ARROW\\runs\\sample_selection\\distributed\\shard-2\\candidates\\01333_79112912_79112912_14\\workspace\\search-services\\alfresco-search\\src\\test\\java\\org\\alfresco\\solr\\tracker\\DistributedAlfrescoSolrMetadataTrackerReindexingByTransactionIdUsingDbIdShardingMethodIT.java', ""[Errno 2] No such file or directory: 'D:\\\\ki9\\\\SEP490\\\\ArrowCode\\\\ARROW-paper\\\\ARROW\\\\runs\\\\sample_selection\\\\distributed\\\\shard-2\\\\candidates\\\\01333_79112912_79112912_14\\\\workspace\\\\search-services\\\\alfresco-search\\\\src\\\\test\\\\java\\\\org\\\\alfresco\\\\solr\\\\tracker\\\\DistributedAlfrescoSolrMetadataTrackerReindexingByTransactionIdUsingDbIdShardingMethodIT.java'""), ('D:\\ki9\\SEP490\\ArrowCode\\ARROW-paper\\ARROW\\repos\\79112912\\search-services\\alfresco-search\\src\\test\\java\\org\\alfresco\\solr\\t",18.750,D:\ki9\SEP490\ArrowCode\ARROW-paper\ARROW\runs\sample_selection\distributed\shard-2\candidates\01333_79112912_79112912_14
1338,106015269,106015269_39.json,https://github.com/messaginghub/pooled-jms,JmsPoolSession,pooled-jms/src/main/java/org/messaginghub/pooled/jms/JmsPoolSession.java,production,class,False,497,close,69,@Override public,True,True,4,False,,9,ELIGIBLE,,maven,pooled-jms,junit5,11,D:\ki9\SEP490\ArrowCode\ARROW-paper\ARROW\Java-version\java-11,auto-discovered JDK 11,,1,2,2,MODULE_TESTS_PASSED|MODULE_TESTS_PASSED,True,0,org.messaginghub.pooled.jms.JmsPoolSession,True,TARGET_TEST_PASSED,MODULE_TESTS_PASSED,MODULE_TESTS_PASSED,ELIGIBLE,,,127.219,D:\ki9\SEP490\ArrowCode\ARROW-paper\ARROW\runs\sample_selection\distributed\shard-2\candidates\01338_106015269_106015269_39
1343,25352070,25352070_63.json,https://github.com/ameizi/jersey2-restfull-examples,StudentRestService,jersey2-jsonsupport-examples/jersey2-jackson-example/src/main/java/org/jersey2/jackson/example/StudentRestService.java,production,class,False,77,saveStudent,7,"@POST @JSONP(callback=""jsonp"",queryParam=""callback"") @Consumes(MediaType.APPLICATION_JSON) @Produces({MediaType.APPLICATION_JSON,""application/javascript""}) public",False,True,0,False,,7,ELIGIBLE,,maven,jersey2-jsonsupport-examples\jersey2-jackson-example,junit4,7,D:\ki9\SEP490\ArrowCode\ARROW-paper\ARROW\Java-version\java-8,auto-discovered compatible JDK 8 for Java 7,,1,2,1,TOOL_ERROR,,,org.jersey2.jackson.example.StudentRestService,,,,,EXCLUDED,baseline,[Errno 2] No such file or directory: 'D:\\ki9\\SEP490\\ArrowCode\\ARROW-paper\\ARROW\\runs\\sample_selection\\distributed\\shard-2\\candidates\\01343_25352070_25352070_63\\workspace\\jersey2-jsonsupport-examples\\jersey2-jackson-example\\target\\surefire-reports\\TEST-org.jersey2.jackson.example.StudentRestServiceTest.xml',37.641,D:\ki9\SEP490\ArrowCode\ARROW-paper\ARROW\runs\sample_selection\distributed\shard-2\candidates\01343_25352070_25352070_63
1348,46654747,46654747_1.json,https://github.com/mvp4g/mvp4g2,ClassNameModel,mvp4g2-processor/src/main/java/com/github/mvp4g/mvp4g2/processor/model/intern/ClassNameModel.java,production,,,,getTypeName,54,public,True,True,,,,,ELIGIBLE,,,,,,,,,1,2,0,,,,,,,,,EXCLUDED,setup,"Error: [('D:\\ki9\\SEP490\\ArrowCode\\ARROW-paper\\ARROW\\repos\\46654747\\mvp4g2-processor\\src\\test\\resources\\com\\github\\mvp4g\\mvp4g2\\processor\\application\\applicationAnnotationOkWithLoader\\ApplicationAnnotationOkWithLoader.java', 'D:\\ki9\\SEP490\\ArrowCode\\ARROW-paper\\ARROW\\runs\\sample_selection\\distributed\\shard-2\\candidates\\01348_46654747_46654747_1\\workspace\\mvp4g2-processor\\src\\test\\resources\\com\\github\\mvp4g\\mvp4g2\\processor\\application\\applicationAnnotationOkWithLoader\\ApplicationAnnotationOkWithLoader.java', ""[Errno 2] No such file or directory: 'D:\\\\ki9\\\\SEP490\\\\ArrowCode\\\\ARROW-paper\\\\ARROW\\\\runs\\\\sample_selection\\\\distributed\\\\shard-2\\\\candidates\\\\01348_46654747_46654747_1\\\\workspace\\\\mvp4g2-processor\\\\src\\\\test\\\\resources\\\\com\\\\github\\\\mvp4g\\\\mvp4g2\\\\processor\\\\application\\\\applicationAnnotationOkWithLoader\\\\ApplicationAnnotationOkWithLoader.java'""), ('D:\\ki9\\SEP490\\ArrowCode\\ARROW-paper\\ARROW\\repos\\46654747\\mvp4g2-processor\\src\\test\\resources\\com\\github\\mvp4g\\mvp4g2\\processor\\application\\applicationAnnotationOkWithLoader\\ApplicationAnnotationOkWithLoaderImpl.java', 'D:\\ki9\\SEP490\\ArrowCode\\ARROW-paper\\ARROW\\runs\\sample_selection\\distributed\\shard-2\\candidates\\01348_46654747_46654747_1\\workspace\\mvp4g2-processor\\src\\test\\resources\\com\\github\\mvp4g\\mvp4g2\\processor\\application\\applicationAnnotationOkWithLoader\\ApplicationAnnotationOkWithLoaderImpl.java', ""[Errno 2] No such file or directory: 'D:\\\\ki9\\\\SEP490\\\\ArrowCode\\\\ARROW-paper\\\\ARROW\\\\runs\\\\sample_selection\\\\distributed\\\\shard-2\\\\candidates\\\\01348_46654747_46654747_1\\\\workspace\\\\mvp4g2-processor\\\\src\\\\test\\\\resources\\\\com\\\\github\\\\mvp4g\\\\mvp4g2\\\\processor\\\\application\\\\applicationAnnotationOkWithLoader\\\\ApplicationAnnotationOkWithLoaderImpl.java'""), ('D:\\ki9\\SEP490\\ArrowCode\\ARROW-paper\\ARROW\\repos\\46654747\\mvp4g2-processo",10.844,D:\ki9\SEP490\ArrowCode\ARROW-paper\ARROW\runs\sample_selection\distributed\shard-2\candidates\01348_46654747_46654747_1
1353,558963,558963_35.json,https://github.com/httpcache4j/httpcache4j,HTTPCache,httpcache4j-core/src/main/java/org/codehaus/httpcache4j/cache/HTTPCache.java,production,class,False,220,execute,3,public,False,True,2,False,,7,ELIGIBLE,,maven,httpcache4j-core,junit4,8,D:\ki9\SEP490\ArrowCode\ARROW-paper\ARROW\Java-version\java-8,auto-discovered JDK 8,,1,2,1,ASSERTION_FAILED,,,org.codehaus.httpcache4j.cache.HTTPCache,,,,,EXCLUDED,baseline,"[info] tests run: 3, failures: 0, errors: 0, skipped: 0, time elapsed: 0.558 s -- in org.codehaus.httpcache4j.auth.defaultauthenticatortest",27.219,D:\ki9\SEP490\ArrowCode\ARROW-paper\ARROW\runs\sample_selection\distributed\shard-2\candidates\01353_558963_558963_35
1358,16563359,16563359_1.json,https://github.com/Netflix/fabricator,ArchaiusTypeConfigurationResolver,fabricator-archaius/src/main/java/com/netflix/fabricator/archaius/ArchaiusTypeConfigurationResolver.java,production,class,False,109,getConfigurationFactory,58,@Override public,True,True,1,False,,10,ELIGIBLE,,gradle,fabricator-archaius,junit4,unknown,D:\ki9\SEP490\ArrowCode\ARROW-paper\ARROW\Java-version\java-8,Gradle 2.13 requires compatible JDK 8; auto-discovered,,1,2,1,ASSERTION_FAILED,,,com.netflix.fabricator.archaius.ArchaiusTypeConfigurationResolver,,,,,EXCLUDED,baseline,failure: build failed with an exception.,119.609,D:\ki9\SEP490\ArrowCode\ARROW-paper\ARROW\runs\sample_selection\distributed\shard-2\candidates\01358_16563359_16563359_1
1363,3139136,3139136_7.json,https://github.com/teatrove/teatrove,BeanPropertyAccessor,trove/src/main/java/org/teatrove/trove/util/BeanPropertyAccessor.java,production,,,,setPropertyValue,3,public abstract,False,False,,,,,EXCLUDED,focal_method_not_directly_testable;trivial_focal_method;no_observable_behavior,,,,,,,,,2,0,,,,,,,,,EXCLUDED,semantic_metadata,focal_method_not_directly_testable;trivial_focal_method;no_observable_behavior,0.016,D:\ki9\SEP490\ArrowCode\ARROW-paper\ARROW\runs\sample_selection\distributed\shard-2\candidates\01363_3139136_3139136_7
1368,65975333,65975333_58.json,https://github.com/folio-org/raml-module-builder,TenantTool,domain-models-runtime/src/main/java/org/folio/rest/tools/utils/TenantTool.java,production,class,False,31,calculateTenantId,6,public static,True,True,0,False,,10,ELIGIBLE,,maven,domain-models-runtime,junit4,${project.build.directory}/generated-sources/rmbversion,,JDK ${project.build.directory}/generated-sources/rmbversion not mapped; using system default Java,,1,2,1,COMPILE_FAILED,,,org.folio.rest.tools.utils.TenantTool,,,,,EXCLUDED,baseline,"java.lang.unsupportedclassversionerror: com<path> has been compiled by a more recent version of the java runtime (class file version 65.0), this version of the java runtime only recognizes class file versions up to 61.0",18.781,D:\ki9\SEP490\ArrowCode\ARROW-paper\ARROW\runs\sample_selection\distributed\shard-2\candidates\01368_65975333_65975333_58
1373,6104876,6104876_0.json,https://github.com/robot-head/PixelPusher-java,DeviceHeader,src/com/heroicrobot/dropbit/discovery/DeviceHeader.java,nonstandard,,,,toString,14,@Override public,False,True,,,,,EXCLUDED,source_layout:nonstandard,,,,,,,,,2,0,,,,,,,,,EXCLUDED,semantic_metadata,source_layout:nonstandard,0.031,D:\ki9\SEP490\ArrowCode\ARROW-paper\ARROW\runs\sample_selection\distributed\shard-2\candidates\01373_6104876_6104876_0
1378,56039864,56039864_9.json,https://github.com/ti8m/react-native-ibeacon-android,DialogModule,node_modules/react-native/ReactAndroid/src/main/java/com/facebook/react/modules/dialog/DialogModule.java,production,,,,showAlert,36,@ReactMethod public,True,False,,,,,EXCLUDED,no_observable_behavior,,,,,,,,,2,0,,,,,,,,,EXCLUDED,semantic_metadata,no_observable_behavior,0.016,D:\ki9\SEP490\ArrowCode\ARROW-paper\ARROW\runs\sample_selection\distributed\shard-2\candidates\01378_56039864_56039864_9
1383,39038703,39038703_246.json,https://github.com/VTUL/vtechworks,NameAscendingComparator,dspace-api/src/main/java/org/dspace/content/comparator/NameAscendingComparator.java,production,,,,compare,19,@Override public,True,True,,,,,ELIGIBLE,,,,,,,,,1,2,0,,,,,,,,,EXCLUDED,setup,"Error: [('D:\\ki9\\SEP490\\ArrowCode\\ARROW-paper\\ARROW\\repos\\39038703\\dspace-api\\src\\main\\java\\org\\dspace\\importer\\external\\pubmed\\metadatamapping\\contributor\\PubmedLanguageMetadatumContributor.java', 'D:\\ki9\\SEP490\\ArrowCode\\ARROW-paper\\ARROW\\runs\\sample_selection\\distributed\\shard-2\\candidates\\01383_39038703_39038703_246\\workspace\\dspace-api\\src\\main\\java\\org\\dspace\\importer\\external\\pubmed\\metadatamapping\\contributor\\PubmedLanguageMetadatumContributor.java', ""[Errno 2] No such file or directory: 'D:\\\\ki9\\\\SEP490\\\\ArrowCode\\\\ARROW-paper\\\\ARROW\\\\runs\\\\sample_selection\\\\distributed\\\\shard-2\\\\candidates\\\\01383_39038703_39038703_246\\\\workspace\\\\dspace-api\\\\src\\\\main\\\\java\\\\org\\\\dspace\\\\importer\\\\external\\\\pubmed\\\\metadatamapping\\\\contributor\\\\PubmedLanguageMetadatumContributor.java'""), ('D:\\ki9\\SEP490\\ArrowCode\\ARROW-paper\\ARROW\\repos\\39038703\\dspace-api\\src\\main\\java\\org\\dspace\\storage\\rdbms\\migration\\V5_0_2014_09_25__DS_1582_Metadata_For_All_Objects_drop_constraint.java', 'D:\\ki9\\SEP490\\ArrowCode\\ARROW-paper\\ARROW\\runs\\sample_selection\\distributed\\shard-2\\candidates\\01383_39038703_39038703_246\\workspace\\dspace-api\\src\\main\\java\\org\\dspace\\storage\\rdbms\\migration\\V5_0_2014_09_25__DS_1582_Metadata_For_All_Objects_drop_constraint.java', ""[Errno 2] No such file or directory: 'D:\\\\ki9\\\\SEP490\\\\ArrowCode\\\\ARROW-paper\\\\ARROW\\\\runs\\\\sample_selection\\\\distributed\\\\shard-2\\\\candidates\\\\01383_39038703_39038703_246\\\\workspace\\\\dspace-api\\\\src\\\\main\\\\java\\\\org\\\\dspace\\\\storage\\\\rdbms\\\\migration\\\\V5_0_2014_09_25__DS_1582_Metadata_For_All_Objects_drop_constraint.java'""), ('D:\\ki9\\SEP490\\ArrowCode\\ARROW-paper\\ARROW\\repos\\39038703\\dspace-api\\src\\main\\resources\\org\\dspace\\storage\\rdbms\\sqlmigration\\h2\\V5.7_2017.04.11__DS-3563_Index_metadatavalue_resource_type_id_column.sql', 'D:\\ki9\\SEP490\\Arrow",53.516,D:\ki9\SEP490\ArrowCode\ARROW-paper\ARROW\runs\sample_selection\distributed\shard-2\candidates\01383_39038703_39038703_246
1388,86108100,86108100_13.json,https://github.com/ihmcrobotics/ihmc-pub-sub-group,IDLTools,ihmc-pub-sub/src/main/java/us/ihmc/idl/IDLTools.java,production,class,False,171,epsilonEqualsFloatSequence,4,public static,False,True,0,False,,7,ELIGIBLE,,gradle,ihmc-pub-sub,junit5,unknown,,no project java version detected,,1,2,1,TOOL_ERROR,,,us.ihmc.idl.IDLTools,,,,,EXCLUDED,baseline,[WinError 2] The system cannot find the file specified,19.484,D:\ki9\SEP490\ArrowCode\ARROW-paper\ARROW\runs\sample_selection\distributed\shard-2\candidates\01388_86108100_86108100_13
1393,18570156,18570156_3.json,https://github.com/BBN-E/tac-kbp-eal,TacKbp2017KBWriter,tac-kbp-2017/src/main/java/com/bbn/kbp/TacKbp2017KBWriter.java,production,,,,write,30,@Override public,True,False,,,,,EXCLUDED,no_observable_behavior,,,,,,,,,2,0,,,,,,,,,EXCLUDED,semantic_metadata,no_observable_behavior,0.016,D:\ki9\SEP490\ArrowCode\ARROW-paper\ARROW\runs\sample_selection\distributed\shard-2\candidates\01393_18570156_18570156_3
1398,66343128,66343128_17.json,https://github.com/xuminwlt/j360-trace,KafkaCollector,j360-trace-storage-core/src/main/java/me/j360/trace/storage/core/kafka/KafkaCollector.java,production,,,,builder,3,public static,False,True,,,,,ELIGIBLE,,,,,,,,,1,2,0,,,,,,,,,EXCLUDED,setup,"Error: [('D:\\ki9\\SEP490\\ArrowCode\\ARROW-paper\\ARROW\\repos\\66343128\\j360-trace-example-parent\\autoconfiguration-collector-kafka\\src\\main\\java\\me\\j360\\trace\\autoconfiguration\\collector\\kafka', 'D:\\ki9\\SEP490\\ArrowCode\\ARROW-paper\\ARROW\\runs\\sample_selection\\distributed\\shard-2\\candidates\\01398_66343128_66343128_17\\workspace\\j360-trace-example-parent\\autoconfiguration-collector-kafka\\src\\main\\java\\me\\j360\\trace\\autoconfiguration\\collector\\kafka', ""[WinError 206] The filename or extension is too long: 'D:\\\\ki9\\\\SEP490\\\\ArrowCode\\\\ARROW-paper\\\\ARROW\\\\runs\\\\sample_selection\\\\distributed\\\\shard-2\\\\candidates\\\\01398_66343128_66343128_17\\\\workspace\\\\j360-trace-example-parent\\\\autoconfiguration-collector-kafka\\\\src\\\\main\\\\java\\\\me\\\\j360\\\\trace\\\\autoconfiguration\\\\collector\\\\kafka'""), ('D:\\ki9\\SEP490\\ArrowCode\\ARROW-paper\\ARROW\\repos\\66343128\\j360-trace-example-parent\\autoconfiguration-storage-elasticsearch\\src\\main\\java\\me\\j360\\trace\\autoconfiguration\\storage', 'D:\\ki9\\SEP490\\ArrowCode\\ARROW-paper\\ARROW\\runs\\sample_selection\\distributed\\shard-2\\candidates\\01398_66343128_66343128_17\\workspace\\j360-trace-example-parent\\autoconfiguration-storage-elasticsearch\\src\\main\\java\\me\\j360\\trace\\autoconfiguration\\storage', ""[WinError 206] The filename or extension is too long: 'D:\\\\ki9\\\\SEP490\\\\ArrowCode\\\\ARROW-paper\\\\ARROW\\\\runs\\\\sample_selection\\\\distributed\\\\shard-2\\\\candidates\\\\01398_66343128_66343128_17\\\\workspace\\\\j360-trace-example-parent\\\\autoconfiguration-storage-elasticsearch\\\\src\\\\main\\\\java\\\\me\\\\j360\\\\trace\\\\autoconfiguration\\\\storage'""), ('D:\\ki9\\SEP490\\ArrowCode\\ARROW-paper\\ARROW\\repos\\66343128\\j360-trace-example-parent\\j360-trace-example-dubbo\\dubbo-client\\src\\main\\java\\me\\j360\\trace\\example\\dubbo\\client\\BraveConfig.java', 'D:\\ki9\\SEP490\\ArrowCode\\ARROW-paper\\ARROW\\runs\\sample_se",9.891,D:\ki9\SEP490\ArrowCode\ARROW-paper\ARROW\runs\sample_selection\distributed\shard-2\candidates\01398_66343128_66343128_17
1403,5184704,5184704_38.json,https://github.com/MPjct/JMPjct,Proto,src/com/github/mpjct/jmpjct/mysql/proto/Proto.java,nonstandard,,,,build_byte,5,public static,False,True,,,,,EXCLUDED,source_layout:nonstandard,,,,,,,,,2,0,,,,,,,,,EXCLUDED,semantic_metadata,source_layout:nonstandard,0.016,D:\ki9\SEP490\ArrowCode\ARROW-paper\ARROW\runs\sample_selection\distributed\shard-2\candidates\01403_5184704_5184704_38
1408,17034170,17034170_0.json,https://github.com/droidstealth/droid-stealth,DirectoryChooserFragment,libraries/DirectoryChooser/src/main/java/net/rdrei/android/dirchooser/DirectoryChooserFragment.java,production,class,False,432,newInstance,10,public static,False,True,0,True,framework_context|filesystem,7,EXCLUDED,external_dependency_risk:framework_context|filesystem,,,,,,,,1,2,0,,,,,,,,,EXCLUDED,semantic,external_dependency_risk:framework_context|filesystem,8.000,D:\ki9\SEP490\ArrowCode\ARROW-paper\ARROW\runs\sample_selection\distributed\shard-2\candidates\01408_17034170_17034170_0
1413,35532096,35532096_229.json,https://github.com/gruter/tajo-elasticsearch,Schema,tajo-catalog/tajo-catalog-common/src/main/java/org/apache/tajo/catalog/Schema.java,production,class,False,443,addColumn,12,public synchronized,True,True,0,False,,9,ELIGIBLE,,maven,tajo-catalog\tajo-catalog-common,junit4,6,D:\ki9\SEP490\ArrowCode\ARROW-paper\ARROW\Java-version\java-8,auto-discovered compatible JDK 8 for Java 6,,1,2,1,ASSERTION_FAILED,,,org.apache.tajo.catalog.Schema,,,,,EXCLUDED,baseline,[info] tajo common ........................................ failure [ 19.825 s],88.547,D:\ki9\SEP490\ArrowCode\ARROW-paper\ARROW\runs\sample_selection\distributed\shard-2\candidates\01413_35532096_35532096_229
1418,3407114,3407114_50.json,https://github.com/oshi/oshi,FormatUtil,oshi-core/src/main/java/oshi/util/FormatUtil.java,production,class,False,206,formatBytes,19,public static,True,True,0,False,,10,ELIGIBLE,,maven,oshi-core,junit5,8,D:\ki9\SEP490\ArrowCode\ARROW-paper\ARROW\Java-version\java-8,auto-discovered JDK 8,4c85566a5f74201e83dbc3b6fdeb9945f0ec994d,1,2,1,COMPILE_FAILED,,,oshi.util.FormatUtil,,,,,EXCLUDED,baseline,"caused by: java.lang.unsupportedclassversionerror: pl<path> has been compiled by a more recent version of the java runtime (class file version 55.0), this version of the java runtime only recognizes class file versions up to 52.0",79.859,D:\ki9\SEP490\ArrowCode\ARROW-paper\ARROW\runs\sample_selection\distributed\shard-2\candidates\01418_3407114_3407114_50
1423,60296811,60296811_0.json,https://github.com/dpreussler/Diacetyl,Diacetyl,lib/src/main/java/de/jodamob/diacetyl/Diacetyl.java,production,,,,butterForTests,6,public static,True,False,,,,,EXCLUDED,no_observable_behavior,,,,,,,,,2,0,,,,,,,,,EXCLUDED,semantic_metadata,no_observable_behavior,0.031,D:\ki9\SEP490\ArrowCode\ARROW-paper\ARROW\runs\sample_selection\distributed\shard-2\candidates\01423_60296811_60296811_0
1428,8366048,8366048_1.json,https://github.com/FamilySearch/gedcomx-java,CleanXMLStreamWriter,gedcomx-model/src/main/java/org/gedcomx/util/CleanXMLStreamWriter.java,production,,,,escapeCharacters,19,protected static,True,True,,,,,ELIGIBLE,,,,,,,,,1,2,0,,,,,,,,,EXCLUDED,setup,"Error: [('D:\\ki9\\SEP490\\ArrowCode\\ARROW-paper\\ARROW\\repos\\8366048\\extensions\\familysearch\\familysearch-api-model\\src\\main\\java\\org\\familysearch\\platform\\ordinances\\OrdinanceReservationAssigneeType.java', 'D:\\ki9\\SEP490\\ArrowCode\\ARROW-paper\\ARROW\\runs\\sample_selection\\distributed\\shard-2\\candidates\\01428_8366048_8366048_1\\workspace\\extensions\\familysearch\\familysearch-api-model\\src\\main\\java\\org\\familysearch\\platform\\ordinances\\OrdinanceReservationAssigneeType.java', ""[Errno 2] No such file or directory: 'D:\\\\ki9\\\\SEP490\\\\ArrowCode\\\\ARROW-paper\\\\ARROW\\\\runs\\\\sample_selection\\\\distributed\\\\shard-2\\\\candidates\\\\01428_8366048_8366048_1\\\\workspace\\\\extensions\\\\familysearch\\\\familysearch-api-model\\\\src\\\\main\\\\java\\\\org\\\\familysearch\\\\platform\\\\ordinances\\\\OrdinanceReservationAssigneeType.java'""), ('D:\\ki9\\SEP490\\ArrowCode\\ARROW-paper\\ARROW\\repos\\8366048\\extensions\\familysearch\\familysearch-api-model\\src\\main\\java\\org\\familysearch\\platform\\ordinances\\OrdinanceReservationClaimType.java', 'D:\\ki9\\SEP490\\ArrowCode\\ARROW-paper\\ARROW\\runs\\sample_selection\\distributed\\shard-2\\candidates\\01428_8366048_8366048_1\\workspace\\extensions\\familysearch\\familysearch-api-model\\src\\main\\java\\org\\familysearch\\platform\\ordinances\\OrdinanceReservationClaimType.java', ""[Errno 2] No such file or directory: 'D:\\\\ki9\\\\SEP490\\\\ArrowCode\\\\ARROW-paper\\\\ARROW\\\\runs\\\\sample_selection\\\\distributed\\\\shard-2\\\\candidates\\\\01428_8366048_8366048_1\\\\workspace\\\\extensions\\\\familysearch\\\\familysearch-api-model\\\\src\\\\main\\\\java\\\\org\\\\familysearch\\\\platform\\\\ordinances\\\\OrdinanceReservationClaimType.java'""), ('D:\\ki9\\SEP490\\ArrowCode\\ARROW-paper\\ARROW\\repos\\8366048\\extensions\\familysearch\\familysearch-api-model\\src\\main\\java\\org\\familysearch\\platform\\rt\\FamilySearchPlatformLocalReferenceResolver.java', 'D:\\ki9\\SEP490\\Arr",10.187,D:\ki9\SEP490\ArrowCode\ARROW-paper\ARROW\runs\sample_selection\distributed\shard-2\candidates\01428_8366048_8366048_1
1433,5349536,5349536_1.json,https://github.com/jgoetsch/tradeframework,YahooFinanceWebClient,tradeframework-yahoo/src/main/java/com/jgoetsch/tradeframework/yahoo/YahooFinanceWebClient.java,production,class,False,139,getDataSnapshot,30,public,True,True,0,False,,9,ELIGIBLE,,gradle,tradeframework-yahoo,junit4,1,D:\ki9\SEP490\ArrowCode\ARROW-paper\ARROW\Java-version\java-8,auto-discovered compatible JDK 8 for Java 1,,1,2,1,ASSERTION_FAILED,,,com.jgoetsch.tradeframework.yahoo.YahooFinanceWebClient,,,,,EXCLUDED,baseline,failure: build failed with an exception.,33.453,D:\ki9\SEP490\ArrowCode\ARROW-paper\ARROW\runs\sample_selection\distributed\shard-2\candidates\01433_5349536_5349536_1
1438,79514986,79514986_8.json,https://github.com/aliyun/aliyun-maxcompute-data-collectors,BadOperateWriter,ogg-plugin/src/main/java/com/aliyun/odps/ogg/handler/datahub/BadOperateWriter.java,production,,,,write,20,private static,True,True,,,,,EXCLUDED,focal_method_not_directly_testable,,,,,,,,,2,0,,,,,,,,,EXCLUDED,semantic_metadata,focal_method_not_directly_testable,0.031,D:\ki9\SEP490\ArrowCode\ARROW-paper\ARROW\runs\sample_selection\distributed\shard-2\candidates\01438_79514986_79514986_8
1443,21019546,21019546_2.json,https://github.com/thaliproject/Tor_Onion_Proxy_Library,TorConfig,universal/src/main/java/com/msopentech/thali/toronionproxy/TorConfig.java,production,,,,getHostnameFile,3,public,False,True,,,,,EXCLUDED,trivial_focal_method,,,,,,,,,2,0,,,,,,,,,EXCLUDED,semantic_metadata,trivial_focal_method,0.016,D:\ki9\SEP490\ArrowCode\ARROW-paper\ARROW\runs\sample_selection\distributed\shard-2\candidates\01443_21019546_21019546_2
1448,107872025,107872025_6.json,https://github.com/ramack/ActivityDiary,JaroWinkler,app/src/main/java/de/rampro/activitydiary/helpers/JaroWinkler.java,production,class,False,185,similarity,23,public final,True,True,0,False,,10,ELIGIBLE,,gradle,app,junit4,1,D:\ki9\SEP490\ArrowCode\ARROW-paper\ARROW\Java-version\java-8,auto-discovered compatible JDK 8 for Java 1,,1,2,1,ASSERTION_FAILED,,,de.rampro.activitydiary.helpers.JaroWinkler,,,,,EXCLUDED,baseline,failure: build failed with an exception.,85.562,D:\ki9\SEP490\ArrowCode\ARROW-paper\ARROW\runs\sample_selection\distributed\shard-2\candidates\01448_107872025_107872025_6
1453,154253610,154253610_0.json,https://github.com/JeremyLiao/FastSharedPreferences,FastSharedPreferences,FastSharedPreferences/fastsharedpreferences/src/main/java/com/jeremy/fastsharedpreferences/FastSharedPreferences.java,production,class,False,311,get,8,public static,True,True,1,True,filesystem|process_or_native,9,EXCLUDED,external_dependency_risk:filesystem|process_or_native,,,,,,,,1,2,0,,,,,,,,,EXCLUDED,semantic,external_dependency_risk:filesystem|process_or_native,2.500,D:\ki9\SEP490\ArrowCode\ARROW-paper\ARROW\runs\sample_selection\distributed\shard-2\candidates\01453_154253610_154253610_0
1458,104515879,104515879_0.json,https://github.com/obsidiandynamics/socketx,UndertowEndpointManager,undertow/src/main/java/com/obsidiandynamics/socketx/undertow/UndertowEndpointManager.java,production,class,False,59,createEndpoint,16,,True,True,4,False,,8,ELIGIBLE,,gradle,undertow,unknown,8,D:\ki9\SEP490\ArrowCode\ARROW-paper\ARROW\Java-version\java-8,auto-discovered JDK 8,,1,2,1,ASSERTION_FAILED,,,com.obsidiandynamics.socketx.undertow.UndertowEndpointManager,,,,,EXCLUDED,baseline,failure: build failed with an exception.,79.016,D:\ki9\SEP490\ArrowCode\ARROW-paper\ARROW\runs\sample_selection\distributed\shard-2\candidates\01458_104515879_104515879_0
1463,23338118,23338118_21.json,https://github.com/advantageous/qbit,QueueCallbackHandlerFactory,qbit/core/src/main/java/io/advantageous/qbit/boon/service/impl/QueueCallbackHandlerFactory.java,production,class,False,50,createQueueCallbackHandler,11,static,True,True,0,False,,9,ELIGIBLE,,gradle,qbit,junit4,1,D:\ki9\SEP490\ArrowCode\ARROW-paper\ARROW\Java-version\java-8,auto-discovered compatible JDK 8 for Java 1,,1,2,2,MODULE_TESTS_PASSED|MODULE_TESTS_PASSED,False,1,io.advantageous.qbit.boon.service.impl.QueueCallbackHandlerFactory,False,,,,EXCLUDED,classpath,Không resolve được project classpath,49.687,D:\ki9\SEP490\ArrowCode\ARROW-paper\ARROW\runs\sample_selection\distributed\shard-2\candidates\01463_23338118_23338118_21
1468,54709439,54709439_9.json,https://github.com/xwiki-contrib/oidc,OIDCUserManager,oidc-authenticator/src/main/java/org/xwiki/contrib/oidc/auth/internal/OIDCUserManager.java,production,,,,updateUser,115,public,True,True,,,,,ELIGIBLE,,,,,,,,,1,2,0,,,,,,,,,EXCLUDED,setup,"Error: [('D:\\ki9\\SEP490\\ArrowCode\\ARROW-paper\\ARROW\\repos\\54709439\\oidc-authenticator-configuration\\src\\main\\java\\org\\xwiki\\contrib\\oidc\\auth\\internal\\store\\DefaultOIDCClientConfigurationStore.java', 'D:\\ki9\\SEP490\\ArrowCode\\ARROW-paper\\ARROW\\runs\\sample_selection\\distributed\\shard-2\\candidates\\01468_54709439_54709439_9\\workspace\\oidc-authenticator-configuration\\src\\main\\java\\org\\xwiki\\contrib\\oidc\\auth\\internal\\store\\DefaultOIDCClientConfigurationStore.java', ""[Errno 2] No such file or directory: 'D:\\\\ki9\\\\SEP490\\\\ArrowCode\\\\ARROW-paper\\\\ARROW\\\\runs\\\\sample_selection\\\\distributed\\\\shard-2\\\\candidates\\\\01468_54709439_54709439_9\\\\workspace\\\\oidc-authenticator-configuration\\\\src\\\\main\\\\java\\\\org\\\\xwiki\\\\contrib\\\\oidc\\\\auth\\\\internal\\\\store\\\\DefaultOIDCClientConfigurationStore.java'""), ('D:\\ki9\\SEP490\\ArrowCode\\ARROW-paper\\ARROW\\repos\\54709439\\oidc-authenticator-configuration\\src\\main\\java\\org\\xwiki\\contrib\\oidc\\auth\\internal\\store\\OIDCClientConfigurationClassDocumentInitializer.java', 'D:\\ki9\\SEP490\\ArrowCode\\ARROW-paper\\ARROW\\runs\\sample_selection\\distributed\\shard-2\\candidates\\01468_54709439_54709439_9\\workspace\\oidc-authenticator-configuration\\src\\main\\java\\org\\xwiki\\contrib\\oidc\\auth\\internal\\store\\OIDCClientConfigurationClassDocumentInitializer.java', ""[Errno 2] No such file or directory: 'D:\\\\ki9\\\\SEP490\\\\ArrowCode\\\\ARROW-paper\\\\ARROW\\\\runs\\\\sample_selection\\\\distributed\\\\shard-2\\\\candidates\\\\01468_54709439_54709439_9\\\\workspace\\\\oidc-authenticator-configuration\\\\src\\\\main\\\\java\\\\org\\\\xwiki\\\\contrib\\\\oidc\\\\auth\\\\internal\\\\store\\\\OIDCClientConfigurationClassDocumentInitializer.java'"")]",5.687,D:\ki9\SEP490\ArrowCode\ARROW-paper\ARROW\runs\sample_selection\distributed\shard-2\candidates\01468_54709439_54709439_9
1473,60127046,60127046_0.json,https://github.com/mauron85/react-native-background-geolocation,ConfigMapper,android/lib/src/main/java/com/marianhello/bgloc/react/ConfigMapper.java,production,class,False,208,toMap,122,public static,True,True,0,False,,9,ELIGIBLE,,gradle,android\lib,junit4,unknown,,no project java version detected,,1,2,1,TOOL_ERROR,,,com.marianhello.bgloc.react.ConfigMapper,,,,,EXCLUDED,baseline,[WinError 2] The system cannot find the file specified,3.344,D:\ki9\SEP490\ArrowCode\ARROW-paper\ARROW\runs\sample_selection\distributed\shard-2\candidates\01473_60127046_60127046_0
1478,39764417,39764417_11.json,https://github.com/uber/tchannel-java,TFrameCodec,tchannel-core/src/main/java/com/uber/tchannel/codecs/TFrameCodec.java,production,,,,encode,15,@Override protected,False,False,,,,,EXCLUDED,no_observable_behavior,,,,,,,,,2,0,,,,,,,,,EXCLUDED,semantic_metadata,no_observable_behavior,0.031,D:\ki9\SEP490\ArrowCode\ARROW-paper\ARROW\runs\sample_selection\distributed\shard-2\candidates\01478_39764417_39764417_11
1483,806019,806019_77.json,https://github.com/pierre/serialization,ThresholdEventWriter,writer/src/main/java/com/ning/metrics/serialization/writer/ThresholdEventWriter.java,production,,,,write,11,@Override public synchronized,True,False,,,,,EXCLUDED,no_observable_behavior,,,,,,,,,2,0,,,,,,,,,EXCLUDED,semantic_metadata,no_observable_behavior,0.032,D:\ki9\SEP490\ArrowCode\ARROW-paper\ARROW\runs\sample_selection\distributed\shard-2\candidates\01483_806019_806019_77
1488,54311516,54311516_1.json,https://github.com/glomadrian/RoadRunner,RangeUtils,roadrunner/src/main/java/com/github/glomadrian/roadrunner/utils/RangeUtils.java,production,,,,getFloatValueInRange,6,public static,False,True,,,,,ELIGIBLE,,,,,,,,,1,2,0,,,,,,,,,EXCLUDED,setup,"Error: [('D:\\ki9\\SEP490\\ArrowCode\\ARROW-paper\\ARROW\\repos\\54311516\\roadrunner\\src\\main\\java\\com\\github\\glomadrian\\roadrunner\\painter\\configuration\\indeterminate\\TwoWayIndeterminateConfiguration.java', 'D:\\ki9\\SEP490\\ArrowCode\\ARROW-paper\\ARROW\\runs\\sample_selection\\distributed\\shard-2\\candidates\\01488_54311516_54311516_1\\workspace\\roadrunner\\src\\main\\java\\com\\github\\glomadrian\\roadrunner\\painter\\configuration\\indeterminate\\TwoWayIndeterminateConfiguration.java', ""[Errno 2] No such file or directory: 'D:\\\\ki9\\\\SEP490\\\\ArrowCode\\\\ARROW-paper\\\\ARROW\\\\runs\\\\sample_selection\\\\distributed\\\\shard-2\\\\candidates\\\\01488_54311516_54311516_1\\\\workspace\\\\roadrunner\\\\src\\\\main\\\\java\\\\com\\\\github\\\\glomadrian\\\\roadrunner\\\\painter\\\\configuration\\\\indeterminate\\\\TwoWayIndeterminateConfiguration.java'"")]",4.640,D:\ki9\SEP490\ArrowCode\ARROW-paper\ARROW\runs\sample_selection\distributed\shard-2\candidates\01488_54311516_54311516_1
1493,41091157,41091157_4.json,https://github.com/EBI-Metagenomics/ebi-metagenomics,Publication,memi/memi-model/src/main/java/uk/ac/ebi/interpro/metagenomics/memi/model/hibernate/Publication.java,production,,,,hashCode,12,@Override public,False,True,,,,,EXCLUDED,trivial_focal_method,,,,,,,,,2,0,,,,,,,,,EXCLUDED,semantic_metadata,trivial_focal_method,0.031,D:\ki9\SEP490\ArrowCode\ARROW-paper\ARROW\runs\sample_selection\distributed\shard-2\candidates\01493_41091157_41091157_4
1498,1867246,1867246_18.json,https://github.com/grantcermak/Spring-Security-Kerberos-with-ActiveDirectory,WebSSOProfileImpl,spring-security-saml/saml2-core/src/main/java/org/springframework/security/saml/websso/WebSSOProfileImpl.java,production,,,,sendAuthenticationRequest,29,public,True,True,,,,,ELIGIBLE,,,,,,,,,1,2,0,,,,,,,,,EXCLUDED,setup,"Error: [('D:\\ki9\\SEP490\\ArrowCode\\ARROW-paper\\ARROW\\repos\\1867246\\spring-security-kerberos\\spring-security-kerberos-core\\src\\main\\java\\org\\springframework\\security\\extensions\\kerberos\\ActiveDirectoryAuthenticationProvider.java', 'D:\\ki9\\SEP490\\ArrowCode\\ARROW-paper\\ARROW\\runs\\sample_selection\\distributed\\shard-2\\candidates\\01498_1867246_1867246_18\\workspace\\spring-security-kerberos\\spring-security-kerberos-core\\src\\main\\java\\org\\springframework\\security\\extensions\\kerberos\\ActiveDirectoryAuthenticationProvider.java', ""[Errno 2] No such file or directory: 'D:\\\\ki9\\\\SEP490\\\\ArrowCode\\\\ARROW-paper\\\\ARROW\\\\runs\\\\sample_selection\\\\distributed\\\\shard-2\\\\candidates\\\\01498_1867246_1867246_18\\\\workspace\\\\spring-security-kerberos\\\\spring-security-kerberos-core\\\\src\\\\main\\\\java\\\\org\\\\springframework\\\\security\\\\extensions\\\\kerberos\\\\ActiveDirectoryAuthenticationProvider.java'""), ('D:\\ki9\\SEP490\\ArrowCode\\ARROW-paper\\ARROW\\repos\\1867246\\spring-security-kerberos\\spring-security-kerberos-core\\src\\main\\java\\org\\springframework\\security\\extensions\\kerberos\\ActiveDirectoryAuthoritiesPopulator.java', 'D:\\ki9\\SEP490\\ArrowCode\\ARROW-paper\\ARROW\\runs\\sample_selection\\distributed\\shard-2\\candidates\\01498_1867246_1867246_18\\workspace\\spring-security-kerberos\\spring-security-kerberos-core\\src\\main\\java\\org\\springframework\\security\\extensions\\kerberos\\ActiveDirectoryAuthoritiesPopulator.java', ""[Errno 2] No such file or directory: 'D:\\\\ki9\\\\SEP490\\\\ArrowCode\\\\ARROW-paper\\\\ARROW\\\\runs\\\\sample_selection\\\\distributed\\\\shard-2\\\\candidates\\\\01498_1867246_1867246_18\\\\workspace\\\\spring-security-kerberos\\\\spring-security-kerberos-core\\\\src\\\\main\\\\java\\\\org\\\\springframework\\\\security\\\\extensions\\\\kerberos\\\\ActiveDirectoryAuthoritiesPopulator.java'""), ('D:\\ki9\\SEP490\\ArrowCode\\ARROW-paper\\ARROW\\repos\\1867246\\spring-securit",7.031,D:\ki9\SEP490\ArrowCode\ARROW-paper\ARROW\runs\sample_selection\distributed\shard-2\candidates\01498_1867246_1867246_18
1503,25598822,25598822_54.json,https://github.com/liquigraph/liquigraph,ChangelogFileWriter,liquigraph-core/src/main/java/org/liquigraph/core/io/ChangelogFileWriter.java,production,class,False,97,write,18,@Override public,True,True,3,True,filesystem,9,EXCLUDED,external_dependency_risk:filesystem,,,,,,,,1,2,0,,,,,,,,,EXCLUDED,semantic,external_dependency_risk:filesystem,7.000,D:\ki9\SEP490\ArrowCode\ARROW-paper\ARROW\runs\sample_selection\distributed\shard-2\candidates\01503_25598822_25598822_54
1508,50118546,50118546_12.json,https://github.com/Graylog2/graylog-plugin-pipeline-processor,IndexedAccessExpression,plugin/src/main/java/org/graylog/plugins/pipelineprocessor/ast/expressions/IndexedAccessExpression.java,production,class,False,82,evaluateUnsafe,26,@Override public,True,True,3,False,,9,ELIGIBLE,,maven,plugin,junit4,8,D:\ki9\SEP490\ArrowCode\ARROW-paper\ARROW\Java-version\java-8,auto-discovered JDK 8,,1,2,1,RUNTIME_FAILED,,,org.graylog.plugins.pipelineprocessor.ast.expressions.IndexedAccessExpression,,,,,EXCLUDED,baseline,[error] [error] some problems were encountered while processing the poms:,13.672,D:\ki9\SEP490\ArrowCode\ARROW-paper\ARROW\runs\sample_selection\distributed\shard-2\candidates\01508_50118546_50118546_12
1513,46113606,46113606_51.json,https://github.com/wingify/vwo-android,CustomSegment,library/src/main/java/com/vwo/mobile/segmentation/CustomSegment.java,production,class,False,86,evaluate,7,@Override public,True,True,2,False,,10,ELIGIBLE,,gradle,library,junit4,unknown,D:\ki9\SEP490\ArrowCode\ARROW-paper\ARROW\Java-version\java-11,Gradle 6.5 requires compatible JDK 11; auto-discovered,,1,2,1,ASSERTION_FAILED,,,com.vwo.mobile.segmentation.CustomSegment,,,,,EXCLUDED,baseline,failure: build failed with an exception.,69.250,D:\ki9\SEP490\ArrowCode\ARROW-paper\ARROW\runs\sample_selection\distributed\shard-2\candidates\01513_46113606_46113606_51
1518,24048150,24048150_3.json,https://github.com/NashLegend/SourceWall,Tail,app/src/main/java/net/nashlegend/sourcewall/data/Tail.java,production,class,False,136,getSimpleReplyTail,16,public static,True,True,0,False,,10,ELIGIBLE,,gradle,app,junit4,1,D:\ki9\SEP490\ArrowCode\ARROW-paper\ARROW\Java-version\java-8,auto-discovered compatible JDK 8 for Java 1,,1,2,1,ASSERTION_FAILED,,,net.nashlegend.sourcewall.data.Tail,,,,,EXCLUDED,baseline,failure: build failed with an exception.,54.344,D:\ki9\SEP490\ArrowCode\ARROW-paper\ARROW\runs\sample_selection\distributed\shard-2\candidates\01518_24048150_24048150_3
1523,111042175,111042175_0.json,https://github.com/redhat-developer-demos/istio-tutorial,RecommendationVerticle,recommendation/java/vertx/src/main/java/com/redhat/developer/demos/recommendation/RecommendationVerticle.java,production,class,False,97,parseContainerIdFromHostname,3,static,False,True,0,True,network,7,EXCLUDED,external_dependency_risk:network,,,,,,,,1,2,0,,,,,,,,,EXCLUDED,semantic,external_dependency_risk:network,22.218,D:\ki9\SEP490\ArrowCode\ARROW-paper\ARROW\runs\sample_selection\distributed\shard-2\candidates\01523_111042175_111042175_0
1528,45997449,45997449_52.json,https://github.com/eBay/WebRex,ResourceFactory,WebRex/src/main/java/com/ebayopensource/webrex/resource/ResourceFactory.java,production,class,False,134,createResource,3,public static,False,True,0,False,,7,ELIGIBLE,,maven,WebRex,junit4,7,D:\ki9\SEP490\ArrowCode\ARROW-paper\ARROW\Java-version\java-8,auto-discovered compatible JDK 8 for Java 7,,1,2,1,COMPILE_FAILED,,,com.ebayopensource.webrex.resource.ResourceFactory,,,,,EXCLUDED,baseline,<timestamp> error: this is an error test log,31.015,D:\ki9\SEP490\ArrowCode\ARROW-paper\ARROW\runs\sample_selection\distributed\shard-2\candidates\01528_45997449_45997449_52
1533,37826137,37826137_0.json,https://github.com/kaiwinter/android-remote-notifications,RemoteNotifications,android-remote-notifications/src/main/java/com/github/kaiwinter/androidremotenotifications/RemoteNotifications.java,production,,,,updateNotificationsFromServer,35,public,True,True,,,,,ELIGIBLE,,,,,,,,,1,2,0,,,,,,,,,EXCLUDED,setup,"Error: [('D:\\ki9\\SEP490\\ArrowCode\\ARROW-paper\\ARROW\\repos\\37826137\\android-remote-notifications\\src\\main\\java\\com\\github\\kaiwinter\\androidremotenotifications\\model\\buttonaction\\impl\\ExitAppButtonAction.java', 'D:\\ki9\\SEP490\\ArrowCode\\ARROW-paper\\ARROW\\runs\\sample_selection\\distributed\\shard-2\\candidates\\01533_37826137_37826137_0\\workspace\\android-remote-notifications\\src\\main\\java\\com\\github\\kaiwinter\\androidremotenotifications\\model\\buttonaction\\impl\\ExitAppButtonAction.java', ""[Errno 2] No such file or directory: 'D:\\\\ki9\\\\SEP490\\\\ArrowCode\\\\ARROW-paper\\\\ARROW\\\\runs\\\\sample_selection\\\\distributed\\\\shard-2\\\\candidates\\\\01533_37826137_37826137_0\\\\workspace\\\\android-remote-notifications\\\\src\\\\main\\\\java\\\\com\\\\github\\\\kaiwinter\\\\androidremotenotifications\\\\model\\\\buttonaction\\\\impl\\\\ExitAppButtonAction.java'""), ('D:\\ki9\\SEP490\\ArrowCode\\ARROW-paper\\ARROW\\repos\\37826137\\android-remote-notifications\\src\\main\\java\\com\\github\\kaiwinter\\androidremotenotifications\\model\\buttonaction\\impl\\OpenStoreButtonAction.java', 'D:\\ki9\\SEP490\\ArrowCode\\ARROW-paper\\ARROW\\runs\\sample_selection\\distributed\\shard-2\\candidates\\01533_37826137_37826137_0\\workspace\\android-remote-notifications\\src\\main\\java\\com\\github\\kaiwinter\\androidremotenotifications\\model\\buttonaction\\impl\\OpenStoreButtonAction.java', ""[Errno 2] No such file or directory: 'D:\\\\ki9\\\\SEP490\\\\ArrowCode\\\\ARROW-paper\\\\ARROW\\\\runs\\\\sample_selection\\\\distributed\\\\shard-2\\\\candidates\\\\01533_37826137_37826137_0\\\\workspace\\\\android-remote-notifications\\\\src\\\\main\\\\java\\\\com\\\\github\\\\kaiwinter\\\\androidremotenotifications\\\\model\\\\buttonaction\\\\impl\\\\OpenStoreButtonAction.java'""), ('D:\\ki9\\SEP490\\ArrowCode\\ARROW-paper\\ARROW\\repos\\37826137\\android-remote-notifications\\src\\main\\java\\com\\github\\kaiwinter\\androidremotenotifications\\model\\butto",2.922,D:\ki9\SEP490\ArrowCode\ARROW-paper\ARROW\runs\sample_selection\distributed\shard-2\candidates\01533_37826137_37826137_0
1538,14615932,14615932_4.json,https://github.com/grundid/openpos,EscPosEncoder,openpos-print/src/main/java/com/openbravo/pos/printer/escpos/EscPosEncoder.java,production,class,False,47,qrCodePrint,3,public static,False,True,0,False,,8,ELIGIBLE,,maven,openpos-print,junit4,6,D:\ki9\SEP490\ArrowCode\ARROW-paper\ARROW\Java-version\java-8,auto-discovered compatible JDK 8 for Java 6,,1,2,1,RUNTIME_FAILED,,,com.openbravo.pos.printer.escpos.EscPosEncoder,,,,,EXCLUDED,baseline,[error] [error] some problems were encountered while processing the poms:,21.219,D:\ki9\SEP490\ArrowCode\ARROW-paper\ARROW\runs\sample_selection\distributed\shard-2\candidates\01538_14615932_14615932_4
1543,122583771,122583771_0.json,https://github.com/lagom/lagom-java-sbt-chirper-example,ChirpTimelineEntity,chirp-impl/src/main/java/sample/chirper/chirp/impl/ChirpTimelineEntity.java,production,,,,addChirp,6,private,False,True,,,,,EXCLUDED,focal_method_not_directly_testable,,,,,,,,,2,0,,,,,,,,,EXCLUDED,semantic_metadata,focal_method_not_directly_testable,0.016,D:\ki9\SEP490\ArrowCode\ARROW-paper\ARROW\runs\sample_selection\distributed\shard-2\candidates\01543_122583771_122583771_0
1548,49798885,49798885_100.json,https://github.com/yam655/blacken,CursesLikeAPI,core/src/main/java/com/googlecode/blacken/terminal/CursesLikeAPI.java,production,,,,overlaych,5,public,True,False,,,,,EXCLUDED,no_observable_behavior,,,,,,,,,2,0,,,,,,,,,EXCLUDED,semantic_metadata,no_observable_behavior,0.016,D:\ki9\SEP490\ArrowCode\ARROW-paper\ARROW\runs\sample_selection\distributed\shard-2\candidates\01548_49798885_49798885_100
1553,80192374,80192374_0.json,https://github.com/MindorksOpenSource/android-mvp-architecture,LoginPresenter,app/src/main/java/com/mindorks/framework/mvp/ui/login/LoginPresenter.java,production,,,,onServerLoginClick,51,@Override public,True,False,,,,,EXCLUDED,no_observable_behavior,,,,,,,,,2,0,,,,,,,,,EXCLUDED,semantic_metadata,no_observable_behavior,0.031,D:\ki9\SEP490\ArrowCode\ARROW-paper\ARROW\runs\sample_selection\distributed\shard-2\candidates\01553_80192374_80192374_0
1558,10617959,10617959_2.json,https://github.com/ZionSoft/Obadiah,VerseHelper,obadiah/src/main/java/net/zionsoft/obadiah/biblereading/verse/VerseHelper.java,production,class,False,63,indexToPosition,15,static,True,True,0,False,,10,ELIGIBLE,,gradle,obadiah,junit4,1,D:\ki9\SEP490\ArrowCode\ARROW-paper\ARROW\Java-version\java-8,auto-discovered compatible JDK 8 for Java 1,,1,2,1,BUILD_TIMEOUT,,,net.zionsoft.obadiah.biblereading.verse.VerseHelper,,,,,EXCLUDED,baseline,build timeout,961.437,D:\ki9\SEP490\ArrowCode\ARROW-paper\ARROW\runs\sample_selection\distributed\shard-2\candidates\01558_10617959_10617959_2
1563,47607561,47607561_210.json,https://github.com/apache/metron,ComparisonOperatorsEvaluator,metron-stellar/stellar-common/src/main/java/org/apache/metron/stellar/common/evaluators/ComparisonOperatorsEvaluator.java,production,,,,evaluate,12,@Override public,True,True,,,,,ELIGIBLE,,,,,,,,,1,2,0,,,,,,,,,EXCLUDED,setup,"Error: [('D:\\ki9\\SEP490\\ArrowCode\\ARROW-paper\\ARROW\\repos\\47607561\\metron-analytics\\metron-profiler-client\\src\\main\\java\\org\\apache\\metron\\profiler\\client\\window\\generated\\WindowBaseListener.java', 'D:\\ki9\\SEP490\\ArrowCode\\ARROW-paper\\ARROW\\runs\\sample_selection\\distributed\\shard-2\\candidates\\01563_47607561_47607561_210\\workspace\\metron-analytics\\metron-profiler-client\\src\\main\\java\\org\\apache\\metron\\profiler\\client\\window\\generated\\WindowBaseListener.java', ""[Errno 2] No such file or directory: 'D:\\\\ki9\\\\SEP490\\\\ArrowCode\\\\ARROW-paper\\\\ARROW\\\\runs\\\\sample_selection\\\\distributed\\\\shard-2\\\\candidates\\\\01563_47607561_47607561_210\\\\workspace\\\\metron-analytics\\\\metron-profiler-client\\\\src\\\\main\\\\java\\\\org\\\\apache\\\\metron\\\\profiler\\\\client\\\\window\\\\generated\\\\WindowBaseListener.java'""), ('D:\\ki9\\SEP490\\ArrowCode\\ARROW-paper\\ARROW\\repos\\47607561\\metron-analytics\\metron-profiler-client\\src\\main\\java\\org\\apache\\metron\\profiler\\client\\window\\predicates\\DateSpecifierPredicate.java', 'D:\\ki9\\SEP490\\ArrowCode\\ARROW-paper\\ARROW\\runs\\sample_selection\\distributed\\shard-2\\candidates\\01563_47607561_47607561_210\\workspace\\metron-analytics\\metron-profiler-client\\src\\main\\java\\org\\apache\\metron\\profiler\\client\\window\\predicates\\DateSpecifierPredicate.java', ""[Errno 2] No such file or directory: 'D:\\\\ki9\\\\SEP490\\\\ArrowCode\\\\ARROW-paper\\\\ARROW\\\\runs\\\\sample_selection\\\\distributed\\\\shard-2\\\\candidates\\\\01563_47607561_47607561_210\\\\workspace\\\\metron-analytics\\\\metron-profiler-client\\\\src\\\\main\\\\java\\\\org\\\\apache\\\\metron\\\\profiler\\\\client\\\\window\\\\predicates\\\\DateSpecifierPredicate.java'""), ('D:\\ki9\\SEP490\\ArrowCode\\ARROW-paper\\ARROW\\repos\\47607561\\metron-analytics\\metron-profiler-client\\src\\main\\java\\org\\apache\\metron\\profiler\\client\\window\\predicates\\HolidaysPredicate.java', 'D:\\ki",59.625,D:\ki9\SEP490\ArrowCode\ARROW-paper\ARROW\runs\sample_selection\distributed\shard-2\candidates\01563_47607561_47607561_210
1568,56258575,56258575_26.json,https://github.com/smartcat-labs/cassandra-diagnostics,StatusModule,cassandra-diagnostics-core/src/main/java/io/smartcat/cassandra/diagnostics/module/status/StatusModule.java,production,,,,stop,5,@Override public,False,False,,,,,EXCLUDED,no_observable_behavior,,,,,,,,,2,0,,,,,,,,,EXCLUDED,semantic_metadata,no_observable_behavior,0.031,D:\ki9\SEP490\ArrowCode\ARROW-paper\ARROW\runs\sample_selection\distributed\shard-2\candidates\01568_56258575_56258575_26
1573,159519764,159519764_7.json,https://github.com/SAP-samples/cloud-application-security-sample,AdvertisementService,spring-security-acl/src/main/java/com/sap/cp/appsec/services/AdvertisementService.java,production,,,,deleteById,4,"@PreAuthorize(""hasPermission(#id, 'com.sap.cp.appsec.domain.Advertisement', 'administration')"") @Transactional public",False,False,,,,,EXCLUDED,no_observable_behavior,,,,,,,,,2,0,,,,,,,,,EXCLUDED,semantic_metadata,no_observable_behavior,0.016,D:\ki9\SEP490\ArrowCode\ARROW-paper\ARROW\runs\sample_selection\distributed\shard-2\candidates\01573_159519764_159519764_7
1578,54370839,54370839_4.json,https://github.com/vert-x3/vertx-service-discovery,KubernetesServiceImporter,vertx-service-discovery-bridge-kubernetes/src/main/java/io/vertx/servicediscovery/kubernetes/KubernetesServiceImporter.java,production,,,,createRecord,27,static,True,True,,,,,ELIGIBLE,,,,,,,,,1,2,0,,,,,,,,,EXCLUDED,setup,"Error: [('D:\\ki9\\SEP490\\ArrowCode\\ARROW-paper\\ARROW\\repos\\54370839\\vertx-service-discovery\\src\\test\\java\\io\\vertx\\servicediscovery\\impl\\DefaultServiceDiscoveryBackendClusteredWithLocalPropertyTest.java', 'D:\\ki9\\SEP490\\ArrowCode\\ARROW-paper\\ARROW\\runs\\sample_selection\\distributed\\shard-2\\candidates\\01578_54370839_54370839_4\\workspace\\vertx-service-discovery\\src\\test\\java\\io\\vertx\\servicediscovery\\impl\\DefaultServiceDiscoveryBackendClusteredWithLocalPropertyTest.java', ""[Errno 2] No such file or directory: 'D:\\\\ki9\\\\SEP490\\\\ArrowCode\\\\ARROW-paper\\\\ARROW\\\\runs\\\\sample_selection\\\\distributed\\\\shard-2\\\\candidates\\\\01578_54370839_54370839_4\\\\workspace\\\\vertx-service-discovery\\\\src\\\\test\\\\java\\\\io\\\\vertx\\\\servicediscovery\\\\impl\\\\DefaultServiceDiscoveryBackendClusteredWithLocalPropertyTest.java'""), ('D:\\ki9\\SEP490\\ArrowCode\\ARROW-paper\\ARROW\\repos\\54370839\\vertx-service-discovery-backend-consul\\src\\main\\resources\\META-INF\\services\\io.vertx.servicediscovery.spi.ServiceDiscoveryBackend', 'D:\\ki9\\SEP490\\ArrowCode\\ARROW-paper\\ARROW\\runs\\sample_selection\\distributed\\shard-2\\candidates\\01578_54370839_54370839_4\\workspace\\vertx-service-discovery-backend-consul\\src\\main\\resources\\META-INF\\services\\io.vertx.servicediscovery.spi.ServiceDiscoveryBackend', ""[Errno 2] No such file or directory: 'D:\\\\ki9\\\\SEP490\\\\ArrowCode\\\\ARROW-paper\\\\ARROW\\\\runs\\\\sample_selection\\\\distributed\\\\shard-2\\\\candidates\\\\01578_54370839_54370839_4\\\\workspace\\\\vertx-service-discovery-backend-consul\\\\src\\\\main\\\\resources\\\\META-INF\\\\services\\\\io.vertx.servicediscovery.spi.ServiceDiscoveryBackend'""), ('D:\\ki9\\SEP490\\ArrowCode\\ARROW-paper\\ARROW\\repos\\54370839\\vertx-service-discovery-backend-redis\\src\\test\\java\\io\\vertx\\servicediscovery\\backend\\redis\\RedisBackendConfiguredInJsonTest.java', 'D:\\ki9\\SEP490\\ArrowCode\\ARROW-paper\\ARROW\\runs\\sample",4.953,D:\ki9\SEP490\ArrowCode\ARROW-paper\ARROW\runs\sample_selection\distributed\shard-2\candidates\01578_54370839_54370839_4
1583,213825606,213825606_3.json,https://github.com/tianheframe/zuul-2.1.5,ZuulFiltersModule,zuul-core/src/main/java/com/netflix/zuul/init/ZuulFiltersModule.java,production,,,,findClassNames,32,@VisibleForTesting,True,True,,,,,ELIGIBLE,,,,,,,,,,2,0,,,,,,,,,EXCLUDED,setup,"RuntimeError: Repository setup failed after 3 attempts: CalledProcessError: Command '['git', '-c', 'core.longpaths=true', 'clone', '--depth', '1', 'https://github.com/tianheframe/zuul-2.1.5', 'D:\\ki9\\SEP490\\ArrowCode\\ARROW-paper\\ARROW\\repos\\213825606']' returned non-zero exit status 4294967295.",527.468,D:\ki9\SEP490\ArrowCode\ARROW-paper\ARROW\runs\sample_selection\distributed\shard-2\candidates\01583_213825606_213825606_3
1588,4376619,4376619_5.json,https://github.com/acogoluegnes/Spring-Batch-in-Action,BeanValidationValidator,sbia/ch07/src/main/java/com/manning/sbia/ch07/validation/BeanValidationValidator.java,production,class,False,36,validate,6,public,True,True,0,False,,9,ELIGIBLE,,maven,sbia\ch07,junit4,unknown,,no project java version detected,,1,2,1,ASSERTION_FAILED,,,com.manning.sbia.ch07.validation.BeanValidationValidator,,,,,EXCLUDED,baseline,[info] build failure,391.438,D:\ki9\SEP490\ArrowCode\ARROW-paper\ARROW\runs\sample_selection\distributed\shard-2\candidates\01588_4376619_4376619_5
1593,114698912,114698912_0.json,https://github.com/dzavalishin/mqtt_udp,TopicFilter,lang/java/src/main/java/ru/dz/mqtt_udp/TopicFilter.java,production,class,False,71,test,58,@Override public,True,True,1,False,,10,ELIGIBLE,,maven,lang\java,junit4,8,D:\ki9\SEP490\ArrowCode\ARROW-paper\ARROW\Java-version\java-8,auto-discovered JDK 8,,1,2,2,MODULE_TESTS_PASSED|MODULE_TESTS_PASSED,True,0,ru.dz.mqtt_udp.TopicFilter,True,TARGET_TEST_PASSED,MODULE_TESTS_PASSED,MODULE_TESTS_PASSED,ELIGIBLE,,,68.657,D:\ki9\SEP490\ArrowCode\ARROW-paper\ARROW\runs\sample_selection\distributed\shard-2\candidates\01593_114698912_114698912_0
1598,233941256,233941256_126.json,https://github.com/Joshua-Bonner/OpenZ,Helper,zip_files/graphhopper-master/api/src/main/java/com/graphhopper/util/Helper.java,production,,,,getLocale,11,public static,True,True,,,,,ELIGIBLE,,,,,,,,,1,2,0,,,,,,,,,EXCLUDED,setup,"Error: [('D:\\ki9\\SEP490\\ArrowCode\\ARROW-paper\\ARROW\\repos\\233941256\\zip_files\\graphhopper-master\\reader-osm\\src\\test\\resources\\com\\graphhopper\\reader\\osm\\test-multi-profile-turn-restrictions.xml', 'D:\\ki9\\SEP490\\ArrowCode\\ARROW-paper\\ARROW\\runs\\sample_selection\\distributed\\shard-2\\candidates\\01598_233941256_233941256_126\\workspace\\zip_files\\graphhopper-master\\reader-osm\\src\\test\\resources\\com\\graphhopper\\reader\\osm\\test-multi-profile-turn-restrictions.xml', ""[Errno 2] No such file or directory: 'D:\\\\ki9\\\\SEP490\\\\ArrowCode\\\\ARROW-paper\\\\ARROW\\\\runs\\\\sample_selection\\\\distributed\\\\shard-2\\\\candidates\\\\01598_233941256_233941256_126\\\\workspace\\\\zip_files\\\\graphhopper-master\\\\reader-osm\\\\src\\\\test\\\\resources\\\\com\\\\graphhopper\\\\reader\\\\osm\\\\test-multi-profile-turn-restrictions.xml'""), ('D:\\ki9\\SEP490\\ArrowCode\\ARROW-paper\\ARROW\\repos\\233941256\\zip_files\\graphhopper-master\\reader-osm\\src\\test\\resources\\com\\graphhopper\\reader\\osm\\test-multiple-conditional-turn-restrictions.xml', 'D:\\ki9\\SEP490\\ArrowCode\\ARROW-paper\\ARROW\\runs\\sample_selection\\distributed\\shard-2\\candidates\\01598_233941256_233941256_126\\workspace\\zip_files\\graphhopper-master\\reader-osm\\src\\test\\resources\\com\\graphhopper\\reader\\osm\\test-multiple-conditional-turn-restrictions.xml', ""[Errno 2] No such file or directory: 'D:\\\\ki9\\\\SEP490\\\\ArrowCode\\\\ARROW-paper\\\\ARROW\\\\runs\\\\sample_selection\\\\distributed\\\\shard-2\\\\candidates\\\\01598_233941256_233941256_126\\\\workspace\\\\zip_files\\\\graphhopper-master\\\\reader-osm\\\\src\\\\test\\\\resources\\\\com\\\\graphhopper\\\\reader\\\\osm\\\\test-multiple-conditional-turn-restrictions.xml'""), ('D:\\ki9\\SEP490\\ArrowCode\\ARROW-paper\\ARROW\\repos\\233941256\\zip_files\\mapsforge-master\\mapsforge-map\\src\\main\\java\\org\\mapsforge\\map\\rendertheme\\renderinstruction\\RenderInstruction.java', 'D:\\ki9\\SEP490\\ArrowCod",80.844,D:\ki9\SEP490\ArrowCode\ARROW-paper\ARROW\runs\sample_selection\distributed\shard-2\candidates\01598_233941256_233941256_126
1603,48260005,48260005_0.json,https://github.com/cketti/EmailIntentBuilder,EmailIntentBuilder,library/src/main/java/de/cketti/mailto/EmailIntentBuilder.java,production,class,False,294,from,4,@NotNull public static,False,True,1,True,framework_context,6,EXCLUDED,external_dependency_risk:framework_context;testability_score_below_7,,,,,,,,1,2,0,,,,,,,,,EXCLUDED,semantic,external_dependency_risk:framework_context;testability_score_below_7,2.625,D:\ki9\SEP490\ArrowCode\ARROW-paper\ARROW\runs\sample_selection\distributed\shard-2\candidates\01603_48260005_48260005_0
1608,14176513,14176513_3.json,https://github.com/INRIA/spoon,SpoonCodeInstrument,spoon-visualisation/src/main/java/spoon/visualisation/instrument/SpoonCodeInstrument.java,production,,,,getDirectSpoonInterfaces,5,,True,True,,,,,EXCLUDED,trivial_focal_method,,,,,,,,,2,0,,,,,,,,,EXCLUDED,semantic_metadata,trivial_focal_method,0.031,D:\ki9\SEP490\ArrowCode\ARROW-paper\ARROW\runs\sample_selection\distributed\shard-2\candidates\01608_14176513_14176513_3
1613,89198062,89198062_19.json,https://github.com/javaee/glassfish-corba,Main,rmic/src/main/java/org/glassfish/rmic/Main.java,production,class,False,757,displayErrors,7,,True,True,2,True,filesystem|nondeterminism,7,EXCLUDED,external_dependency_risk:filesystem|nondeterminism,,,,,,,,1,2,0,,,,,,,,,EXCLUDED,semantic,external_dependency_risk:filesystem|nondeterminism,56.016,D:\ki9\SEP490\ArrowCode\ARROW-paper\ARROW\runs\sample_selection\distributed\shard-2\candidates\01613_89198062_89198062_19
1618,87840586,87840586_34.json,https://github.com/Apogee-Research/STAC,DijkstraOneToMany,Engagement_Challenges/Engagement_4/tour_planner/source/core/src/main/java/com/graphhopper/routing/DijkstraOneToMany.java,production,,,,calcPath,7,@Override public,False,True,,,,,ELIGIBLE,,,,,,,,,2,2,0,,,,,,,,,EXCLUDED,setup,"Error: [('D:\\ki9\\SEP490\\ArrowCode\\ARROW-paper\\ARROW\\repos\\87840586\\Engagement_Challenges\\Engagement_2\\blogger\\source\\java-plugin\\src\\main\\resources\\META-INF\\services\\fi.iki.elonen.WebServerPluginInfo', 'D:\\ki9\\SEP490\\ArrowCode\\ARROW-paper\\ARROW\\runs\\sample_selection\\distributed\\shard-2\\candidates\\01618_87840586_87840586_34\\workspace\\Engagement_Challenges\\Engagement_2\\blogger\\source\\java-plugin\\src\\main\\resources\\META-INF\\services\\fi.iki.elonen.WebServerPluginInfo', ""[Errno 2] No such file or directory: 'D:\\\\ki9\\\\SEP490\\\\ArrowCode\\\\ARROW-paper\\\\ARROW\\\\runs\\\\sample_selection\\\\distributed\\\\shard-2\\\\candidates\\\\01618_87840586_87840586_34\\\\workspace\\\\Engagement_Challenges\\\\Engagement_2\\\\blogger\\\\source\\\\java-plugin\\\\src\\\\main\\\\resources\\\\META-INF\\\\services\\\\fi.iki.elonen.WebServerPluginInfo'""), ('D:\\ki9\\SEP490\\ArrowCode\\ARROW-paper\\ARROW\\repos\\87840586\\Engagement_Challenges\\Engagement_2\\blogger\\source\\javawebapplication\\src\\main\\resources\\static\\favicon\\android-chrome-144x144.png', 'D:\\ki9\\SEP490\\ArrowCode\\ARROW-paper\\ARROW\\runs\\sample_selection\\distributed\\shard-2\\candidates\\01618_87840586_87840586_34\\workspace\\Engagement_Challenges\\Engagement_2\\blogger\\source\\javawebapplication\\src\\main\\resources\\static\\favicon\\android-chrome-144x144.png', ""[Errno 2] No such file or directory: 'D:\\\\ki9\\\\SEP490\\\\ArrowCode\\\\ARROW-paper\\\\ARROW\\\\runs\\\\sample_selection\\\\distributed\\\\shard-2\\\\candidates\\\\01618_87840586_87840586_34\\\\workspace\\\\Engagement_Challenges\\\\Engagement_2\\\\blogger\\\\source\\\\javawebapplication\\\\src\\\\main\\\\resources\\\\static\\\\favicon\\\\android-chrome-144x144.png'""), ('D:\\ki9\\SEP490\\ArrowCode\\ARROW-paper\\ARROW\\repos\\87840586\\Engagement_Challenges\\Engagement_2\\blogger\\source\\javawebapplication\\src\\main\\resources\\static\\favicon\\android-chrome-192x192.png', 'D:\\ki9\\SEP490\\ArrowCode\\ARR",784.766,D:\ki9\SEP490\ArrowCode\ARROW-paper\ARROW\runs\sample_selection\distributed\shard-2\candidates\01618_87840586_87840586_34
1623,112941183,112941183_28.json,https://github.com/hzfengjian/rocketmq_trans_message,TopicRouteSubCommand,tools/src/main/java/org/apache/rocketmq/tools/command/topic/TopicRouteSubCommand.java,production,,,,execute,16,@Override public,True,False,,,,,EXCLUDED,no_observable_behavior,,,,,,,,,2,0,,,,,,,,,EXCLUDED,semantic_metadata,no_observable_behavior,0.016,D:\ki9\SEP490\ArrowCode\ARROW-paper\ARROW\runs\sample_selection\distributed\shard-2\candidates\01623_112941183_112941183_28
1628,43569889,43569889_0.json,https://github.com/BMF-RKSV-Technik/at-registrierkassen-mustercode,CryptoUtil,regkassen-common/src/main/java/at/asitplus/regkassen/common/util/CryptoUtil.java,production,,,,getLong,3,static,False,True,,,,,EXCLUDED,trivial_focal_method,,,,,,,,,2,0,,,,,,,,,EXCLUDED,semantic_metadata,trivial_focal_method,0.062,D:\ki9\SEP490\ArrowCode\ARROW-paper\ARROW\runs\sample_selection\distributed\shard-2\candidates\01628_43569889_43569889_0
1633,36044977,36044977_12.json,https://github.com/automenta/spimedb,Track,core/src/main/java/spimedb/util/geom/geodesic/Track.java,production,class,True,347,weightedAverage,10,public,True,True,2,False,,9,EXCLUDED,non_concrete:class:abstract,,,,,,,,1,2,0,,,,,,,,,EXCLUDED,semantic,non_concrete:class:abstract,12.625,D:\ki9\SEP490\ArrowCode\ARROW-paper\ARROW\runs\sample_selection\distributed\shard-2\candidates\01633_36044977_36044977_12
1638,10311319,10311319_13.json,https://github.com/OpenHFT/Java-Lang,DirectSerializationFilter,lang-sandbox/src/main/java/net/openhft/lang/io/serialization/direct/DirectSerializationFilter.java,production,class,False,43,stopAtFirstIneligibleField,13,public static,True,True,0,False,,10,ELIGIBLE,,maven,lang-sandbox,junit4,8,D:\ki9\SEP490\ArrowCode\ARROW-paper\ARROW\Java-version\java-8,auto-discovered JDK 8,,1,2,1,RUNTIME_FAILED,,,net.openhft.lang.io.serialization.direct.DirectSerializationFilter,,,,,EXCLUDED,baseline,downloading from central: https:/<path>,17.641,D:\ki9\SEP490\ArrowCode\ARROW-paper\ARROW\runs\sample_selection\distributed\shard-2\candidates\01638_10311319_10311319_13
1643,13736359,13736359_2.json,https://github.com/googleads/aw-reporting,JaxWsProxySelector,aw-reporting/src/main/java/com/google/api/ads/adwords/awreporting/proxy/JaxWsProxySelector.java,production,,,,select,28,@Override public,True,True,,,,,ELIGIBLE,,,,,,,,,,2,0,,,,,,,,,EXCLUDED,setup,"RuntimeError: Repository setup failed after 3 attempts: CalledProcessError: Command '['git', '-c', 'core.longpaths=true', 'clone', '--depth', '1', 'https://github.com/googleads/aw-reporting', 'D:\\ki9\\SEP490\\ArrowCode\\ARROW-paper\\ARROW\\repos\\13736359']' returned non-zero exit status 128.",10.234,D:\ki9\SEP490\ArrowCode\ARROW-paper\ARROW\runs\sample_selection\distributed\shard-2\candidates\01643_13736359_13736359_2
1648,69459090,69459090_27.json,https://github.com/Netcentric/vault-upgrade-hook,UpgradeStatus,vault-upgrade-hook/src/main/java/biz/netcentric/vlt/upgrade/UpgradeStatus.java,production,,,,update,7,public,True,False,,,,,EXCLUDED,no_observable_behavior,,,,,,,,,2,0,,,,,,,,,EXCLUDED,semantic_metadata,no_observable_behavior,0.015,D:\ki9\SEP490\ArrowCode\ARROW-paper\ARROW\runs\sample_selection\distributed\shard-2\candidates\01648_69459090_69459090_27
1653,104787715,104787715_77.json,https://github.com/salesforce/dockerfile-image-update,GitHubPullRequestSender,dockerfile-image-update/src/main/java/com/salesforce/dockerfileimageupdate/process/GitHubPullRequestSender.java,production,class,False,122,forkRepositoriesFoundAndGetPathToDockerfiles,40,public,True,True,2,False,,9,ELIGIBLE,,maven,dockerfile-image-update,testng,11,D:\ki9\SEP490\ArrowCode\ARROW-paper\ARROW\Java-version\java-11,auto-discovered JDK 11,,1,2,2,MODULE_TESTS_PASSED|MODULE_TESTS_PASSED,True,0,com.salesforce.dockerfileimageupdate.process.GitHubPullRequestSender,True,TOOL_ERROR,,,EXCLUDED,probe_target,[Errno 2] No such file or directory: 'D:\\ki9\\SEP490\\ArrowCode\\ARROW-paper\\ARROW\\runs\\sample_selection\\distributed\\shard-2\\candidates\\01653_104787715_104787715_77\\workspace\\dockerfile-image-update\\target\\surefire-reports\\TEST-com.salesforce.dockerfileimageupdate.process.GitHubPullRequestSenderTest_5d2a75ad.xml',138.282,D:\ki9\SEP490\ArrowCode\ARROW-paper\ARROW\runs\sample_selection\distributed\shard-2\candidates\01653_104787715_104787715_77
1658,19270555,19270555_0.json,https://github.com/hibernate/hibernate-demos,TagHelper,openshift/message-board/message-service/src/main/java/org/hibernate/demo/message/post/core/service/TagHelper.java,production,,,,readTagFromBody,8,public static,True,True,,,,,ELIGIBLE,,,,,,,,,1,2,0,,,,,,,,,EXCLUDED,setup,"Error: [('D:\\ki9\\SEP490\\ArrowCode\\ARROW-paper\\ARROW\\repos\\19270555\\hibernate-ogm\\nosql-with-hibernate-ogm-101\\hibernate-ogm-demo-nosql-with-hibernate-ogm-101-part-1\\src\\main\\java\\org\\hibernate', 'D:\\ki9\\SEP490\\ArrowCode\\ARROW-paper\\ARROW\\runs\\sample_selection\\distributed\\shard-2\\candidates\\01658_19270555_19270555_0\\workspace\\hibernate-ogm\\nosql-with-hibernate-ogm-101\\hibernate-ogm-demo-nosql-with-hibernate-ogm-101-part-1\\src\\main\\java\\org\\hibernate', ""[WinError 206] The filename or extension is too long: 'D:\\\\ki9\\\\SEP490\\\\ArrowCode\\\\ARROW-paper\\\\ARROW\\\\runs\\\\sample_selection\\\\distributed\\\\shard-2\\\\candidates\\\\01658_19270555_19270555_0\\\\workspace\\\\hibernate-ogm\\\\nosql-with-hibernate-ogm-101\\\\hibernate-ogm-demo-nosql-with-hibernate-ogm-101-part-1\\\\src\\\\main\\\\java\\\\org\\\\hibernate'""), ('D:\\ki9\\SEP490\\ArrowCode\\ARROW-paper\\ARROW\\repos\\19270555\\hibernate-ogm\\nosql-with-hibernate-ogm-101\\hibernate-ogm-demo-nosql-with-hibernate-ogm-101-part-1\\src\\main\\resources\\META-INF', 'D:\\ki9\\SEP490\\ArrowCode\\ARROW-paper\\ARROW\\runs\\sample_selection\\distributed\\shard-2\\candidates\\01658_19270555_19270555_0\\workspace\\hibernate-ogm\\nosql-with-hibernate-ogm-101\\hibernate-ogm-demo-nosql-with-hibernate-ogm-101-part-1\\src\\main\\resources\\META-INF', ""[WinError 206] The filename or extension is too long: 'D:\\\\ki9\\\\SEP490\\\\ArrowCode\\\\ARROW-paper\\\\ARROW\\\\runs\\\\sample_selection\\\\distributed\\\\shard-2\\\\candidates\\\\01658_19270555_19270555_0\\\\workspace\\\\hibernate-ogm\\\\nosql-with-hibernate-ogm-101\\\\hibernate-ogm-demo-nosql-with-hibernate-ogm-101-part-1\\\\src\\\\main\\\\resources\\\\META-INF'""), ('D:\\ki9\\SEP490\\ArrowCode\\ARROW-paper\\ARROW\\repos\\19270555\\hibernate-ogm\\nosql-with-hibernate-ogm-101\\hibernate-ogm-demo-nosql-with-hibernate-ogm-101-part-1\\src\\test\\java\\org\\hibernate', 'D:\\ki9\\SEP490\\ArrowCode\\ARROW-paper\\ARROW\\runs\\sample_selection\\dist",14.813,D:\ki9\SEP490\ArrowCode\ARROW-paper\ARROW\runs\sample_selection\distributed\shard-2\candidates\01658_19270555_19270555_0
1663,107785408,107785408_1.json,https://github.com/readlearncode/JSON-framework-comparison,RuntimeSampler,gson/src/main/java/com/readlearncode/mapping/customised/runtime/RuntimeSampler.java,production,class,False,38,gsonBuilder,24,public static,True,True,0,False,,10,ELIGIBLE,,maven,gson,junit4,8,D:\ki9\SEP490\ArrowCode\ARROW-paper\ARROW\Java-version\java-8,auto-discovered JDK 8,,1,2,1,ASSERTION_FAILED,,,com.readlearncode.mapping.customised.runtime.RuntimeSampler,,,,,EXCLUDED,baseline,"failure:org.junit.comparisonfailure:expected:<""{[ ""byteprimitive"": 0, ""shortprimitive"": 0, ""charprimitive"": ""\u0000"", ""intprimitive"": 0, ""longprimitive"": 0, ""floatprimitive"": 0.0, ""doubleprimitive"": 0.0, ""aboolean"": false, ""bytewrapper"": 0, ""shortwrapper"": 0, ""charwrapper"": ""\u0000"", ""intwrapper"": 0",16.891,D:\ki9\SEP490\ArrowCode\ARROW-paper\ARROW\runs\sample_selection\distributed\shard-2\candidates\01663_107785408_107785408_1
1668,118866992,118866992_0.json,https://github.com/livgo/livgo-cloud-master,HttpClient,livgo-cloud-common/src/main/java/com/livgo/cloud/common/util/http/HttpClient.java,production,class,False,278,get,13,public static,True,True,0,True,network,9,EXCLUDED,external_dependency_risk:network,,,,,,,,1,2,0,,,,,,,,,EXCLUDED,semantic,external_dependency_risk:network,8.015,D:\ki9\SEP490\ArrowCode\ARROW-paper\ARROW\runs\sample_selection\distributed\shard-2\candidates\01668_118866992_118866992_0
1673,103259097,103259097_3.json,https://github.com/JSpiner/ZeplinDiff,LoginPresenter,ZeplinDiff/app/src/main/java/net/jspiner/zeplindiff/ui/login/LoginPresenter.java,production,,,,onLoginButtonClicked,8,@Override public,True,False,,,,,EXCLUDED,no_observable_behavior,,,,,,,,,2,0,,,,,,,,,EXCLUDED,semantic_metadata,no_observable_behavior,0.031,D:\ki9\SEP490\ArrowCode\ARROW-paper\ARROW\runs\sample_selection\distributed\shard-2\candidates\01673_103259097_103259097_3
1678,33194850,33194850_11.json,https://github.com/yandex-disk/yandex-disk-restapi-java,RestClient,disk-restapi-sdk/src/main/java/com/yandex/disk/rest/RestClient.java,production,class,False,438,getLastUploadedResources,9,public,True,True,1,True,network|filesystem,8,EXCLUDED,external_dependency_risk:network|filesystem,,,,,,,,1,2,0,,,,,,,,,EXCLUDED,semantic,external_dependency_risk:network|filesystem,4.985,D:\ki9\SEP490\ArrowCode\ARROW-paper\ARROW\runs\sample_selection\distributed\shard-2\candidates\01678_33194850_33194850_11
1683,55164975,55164975_2.json,https://github.com/scm-spain/api-down-checker,ApiDownChecker,apidownchecker/src/main/java/com/schibsted/spain/apidownchecker/ApiDownChecker.java,production,class,False,128,isApiDown,10,public synchronized,True,True,4,True,network,8,EXCLUDED,external_dependency_risk:network,,,,,,,,1,2,0,,,,,,,,,EXCLUDED,semantic,external_dependency_risk:network,2.703,D:\ki9\SEP490\ArrowCode\ARROW-paper\ARROW\runs\sample_selection\distributed\shard-2\candidates\01683_55164975_55164975_2
1688,86269383,86269383_0.json,https://github.com/RyPope/TagEditText,Tag,tagedittext/src/main/java/com/ryanpope/tagedittext/tag/Tag.java,production,,,,getWord,3,public,False,True,,,,,EXCLUDED,trivial_focal_method,,,,,,,,,2,0,,,,,,,,,EXCLUDED,semantic_metadata,trivial_focal_method,0.032,D:\ki9\SEP490\ArrowCode\ARROW-paper\ARROW\runs\sample_selection\distributed\shard-2\candidates\01688_86269383_86269383_0
1693,8794298,8794298_8.json,https://github.com/RitwikSaikia/jsonrpc,JsonRpcInvoker,jsonrpc-java/src/main/java/org/json/rpc/client/JsonRpcInvoker.java,production,class,False,107,get,10,public,True,True,0,True,nondeterminism,8,EXCLUDED,external_dependency_risk:nondeterminism,,,,,,,,1,2,0,,,,,,,,,EXCLUDED,semantic,external_dependency_risk:nondeterminism,2.062,D:\ki9\SEP490\ArrowCode\ARROW-paper\ARROW\runs\sample_selection\distributed\shard-2\candidates\01693_8794298_8794298_8
1698,8188105,8188105_1.json,https://github.com/rmarins/accord,OftpComponent,odetteftp/camel-oftp/src/main/java/org/neociclo/odetteftp/camel/OftpComponent.java,production,,,,getSettings,3,public,False,True,,,,,EXCLUDED,trivial_focal_method,,,,,,,,,2,0,,,,,,,,,EXCLUDED,semantic_metadata,trivial_focal_method,0.015,D:\ki9\SEP490\ArrowCode\ARROW-paper\ARROW\runs\sample_selection\distributed\shard-2\candidates\01698_8188105_8188105_1
1703,153061118,153061118_6.json,https://github.com/apache/rocketmq-spring,DefaultRocketMQListenerContainer,rocketmq-spring-boot/src/main/java/org/apache/rocketmq/spring/support/DefaultRocketMQListenerContainer.java,production,,,,getMessageType,30,private,True,True,,,,,EXCLUDED,focal_method_not_directly_testable,,,,,,,,,2,0,,,,,,,,,EXCLUDED,semantic_metadata,focal_method_not_directly_testable,0.032,D:\ki9\SEP490\ArrowCode\ARROW-paper\ARROW\runs\sample_selection\distributed\shard-2\candidates\01703_153061118_153061118_6
1708,133047162,133047162_1.json,https://github.com/metreeca/link,GraphValidator,metreeca-back/metreeca-rdf4j/src/main/java/com/metreeca/rdf4j/services/GraphValidator.java,production,,,,validate,9,,False,True,,,,,ELIGIBLE,,,,,,,,,,2,0,,,,,,,,,EXCLUDED,setup,"RuntimeError: Repository setup failed after 3 attempts: CalledProcessError: Command '['git', '-c', 'core.longpaths=true', 'clone', '--depth', '1', 'https://github.com/metreeca/link', 'D:\\ki9\\SEP490\\ArrowCode\\ARROW-paper\\ARROW\\repos\\133047162']' returned non-zero exit status 128.",9.765,D:\ki9\SEP490\ArrowCode\ARROW-paper\ARROW\runs\sample_selection\distributed\shard-2\candidates\01708_133047162_133047162_1
1713,102614080,102614080_1.json,https://github.com/vorburger/opendaylight-etcd,EtcdWatcherSplittingConsumer,ds/src/main/java/org/opendaylight/etcd/ds/impl/EtcdWatcherSplittingConsumer.java,production,,,,accept,24,@Override public,True,False,,,,,EXCLUDED,no_observable_behavior,,,,,,,,,2,0,,,,,,,,,EXCLUDED,semantic_metadata,no_observable_behavior,0.032,D:\ki9\SEP490\ArrowCode\ARROW-paper\ARROW\runs\sample_selection\distributed\shard-2\candidates\01713_102614080_102614080_1
1718,73103312,73103312_7.json,https://github.com/MyersResearchGroup/iBioSim,Zone,verification/src/main/java/edu/utah/ece/async/lema/verification/timed_state_exploration/zone/Zone.java,production,,,,getLowerBoundbydbmIndex,5,@Override public,False,True,,,,,EXCLUDED,trivial_focal_method,,,,,,,,,2,0,,,,,,,,,EXCLUDED,semantic_metadata,trivial_focal_method,0.015,D:\ki9\SEP490\ArrowCode\ARROW-paper\ARROW\runs\sample_selection\distributed\shard-2\candidates\01718_73103312_73103312_7
1723,182454442,182454442_2.json,https://github.com/BetterCloud/scim2,ResourcePreparer,spring-boot-starter-scim2/src/main/java/com/bettercloud/scim2/server/ResourcePreparer.java,production,class,False,264,trimReplacedResource,3,public,False,True,4,False,,6,EXCLUDED,testability_score_below_7,,,,,,,,1,2,0,,,,,,,,,EXCLUDED,semantic,testability_score_below_7,4.438,D:\ki9\SEP490\ArrowCode\ARROW-paper\ARROW\runs\sample_selection\distributed\shard-2\candidates\01723_182454442_182454442_2
1728,5171172,5171172_78.json,https://github.com/altamiracorp/honeycomb,MutationFactory,storage-engine-backends/hbase/src/main/java/com/nearinfinity/honeycomb/hbase/MutationFactory.java,production,,,,deleteIndices,5,public,False,True,,,,,ELIGIBLE,,,,,,,,,,2,0,,,,,,,,,EXCLUDED,setup,"RuntimeError: Repository setup failed after 3 attempts: CalledProcessError: Command '['git', '-c', 'core.longpaths=true', 'clone', '--depth', '1', 'https://github.com/altamiracorp/honeycomb', 'D:\\ki9\\SEP490\\ArrowCode\\ARROW-paper\\ARROW\\repos\\5171172']' returned non-zero exit status 128.",10.313,D:\ki9\SEP490\ArrowCode\ARROW-paper\ARROW\runs\sample_selection\distributed\shard-2\candidates\01728_5171172_5171172_78
1733,2791813,2791813_52.json,https://github.com/aoxp/AOXP-Server,StrengthPotion,aoxp-server/src/main/java/com/ao/model/worldobject/StrengthPotion.java,production,,,,getMinModifier,3,public,False,True,,,,,EXCLUDED,trivial_focal_method,,,,,,,,,2,0,,,,,,,,,EXCLUDED,semantic_metadata,trivial_focal_method,0.015,D:\ki9\SEP490\ArrowCode\ARROW-paper\ARROW\runs\sample_selection\distributed\shard-2\candidates\01733_2791813_2791813_52
1738,7109191,7109191_9.json,https://github.com/inventi/inventi-wicket,ExpandableView,inventi-wicket-expandable-list/src/main/java/lt/inventi/wicket/component/repeater/expandable/ExpandableView.java,production,,,,remove,13,@Override public,True,True,,,,,ELIGIBLE,,,,,,,,,1,2,0,,,,,,,,,EXCLUDED,setup,"Error: [('D:\\ki9\\SEP490\\ArrowCode\\ARROW-paper\\ARROW\\repos\\7109191\\inventi-wicket-breadcrumbs\\src\\main\\java\\lt\\inventi\\wicket\\component\\breadcrumb\\BookmarkableBreadcrumbPageInitializationListener.java', 'D:\\ki9\\SEP490\\ArrowCode\\ARROW-paper\\ARROW\\runs\\sample_selection\\distributed\\shard-2\\candidates\\01738_7109191_7109191_9\\workspace\\inventi-wicket-breadcrumbs\\src\\main\\java\\lt\\inventi\\wicket\\component\\breadcrumb\\BookmarkableBreadcrumbPageInitializationListener.java', ""[Errno 2] No such file or directory: 'D:\\\\ki9\\\\SEP490\\\\ArrowCode\\\\ARROW-paper\\\\ARROW\\\\runs\\\\sample_selection\\\\distributed\\\\shard-2\\\\candidates\\\\01738_7109191_7109191_9\\\\workspace\\\\inventi-wicket-breadcrumbs\\\\src\\\\main\\\\java\\\\lt\\\\inventi\\\\wicket\\\\component\\\\breadcrumb\\\\BookmarkableBreadcrumbPageInitializationListener.java'""), ('D:\\ki9\\SEP490\\ArrowCode\\ARROW-paper\\ARROW\\repos\\7109191\\inventi-wicket-datepicker\\src\\main\\java\\lt\\inventi\\wicket\\component\\datepicker\\references\\BootstrapDatepickerCssResourceReference.java', 'D:\\ki9\\SEP490\\ArrowCode\\ARROW-paper\\ARROW\\runs\\sample_selection\\distributed\\shard-2\\candidates\\01738_7109191_7109191_9\\workspace\\inventi-wicket-datepicker\\src\\main\\java\\lt\\inventi\\wicket\\component\\datepicker\\references\\BootstrapDatepickerCssResourceReference.java', ""[Errno 2] No such file or directory: 'D:\\\\ki9\\\\SEP490\\\\ArrowCode\\\\ARROW-paper\\\\ARROW\\\\runs\\\\sample_selection\\\\distributed\\\\shard-2\\\\candidates\\\\01738_7109191_7109191_9\\\\workspace\\\\inventi-wicket-datepicker\\\\src\\\\main\\\\java\\\\lt\\\\inventi\\\\wicket\\\\component\\\\datepicker\\\\references\\\\BootstrapDatepickerCssResourceReference.java'""), ('D:\\ki9\\SEP490\\ArrowCode\\ARROW-paper\\ARROW\\repos\\7109191\\inventi-wicket-datepicker\\src\\main\\java\\lt\\inventi\\wicket\\component\\datepicker\\references\\BootstrapDatepickerJsResourceReference.java', 'D:\\ki9\\SEP490\\ArrowCode\\A",6.828,D:\ki9\SEP490\ArrowCode\ARROW-paper\ARROW\runs\sample_selection\distributed\shard-2\candidates\01738_7109191_7109191_9
1743,19980663,19980663_167.json,https://github.com/Flipkart/foxtrot,ElasticsearchUtils,foxtrot-core/src/main/java/com/flipkart/foxtrot/core/querystore/impl/ElasticsearchUtils.java,production,,,,getIndices,3,public static,False,True,,,,,EXCLUDED,trivial_focal_method,,,,,,,,,2,0,,,,,,,,,EXCLUDED,semantic_metadata,trivial_focal_method,0.016,D:\ki9\SEP490\ArrowCode\ARROW-paper\ARROW\runs\sample_selection\distributed\shard-2\candidates\01743_19980663_19980663_167
1748,82671449,82671449_2.json,https://github.com/xiaoqiangge/ehousechina,SnowflakeUtil,TSD/ESS/Other/Chameleon/src/main/java/com/eju/ess/common/utils/seri/SnowflakeUtil.java,production,class,False,42,getInstance,11,public static,True,True,0,True,nondeterminism,9,EXCLUDED,external_dependency_risk:nondeterminism,,,,,,,,1,2,0,,,,,,,,,EXCLUDED,semantic,external_dependency_risk:nondeterminism,7.312,D:\ki9\SEP490\ArrowCode\ARROW-paper\ARROW\runs\sample_selection\distributed\shard-2\candidates\01748_82671449_82671449_2
1753,2304277,2304277_129.json,https://github.com/spring-projects/spring-roo,MetadataIdentificationUtils,runtime/metadata/src/main/java/org/springframework/roo/metadata/MetadataIdentificationUtils.java,production,,,,isValid,17,public static,True,True,,,,,ELIGIBLE,,,,,,,,,1,2,0,,,,,,,,,EXCLUDED,setup,"Error: [('D:\\ki9\\SEP490\\ArrowCode\\ARROW-paper\\ARROW\\repos\\2304277\\addon-jpa\\addon\\src\\main\\java\\org\\springframework\\roo\\addon\\jpa\\addon\\dod\\configuration\\JpaDataOnDemandConfigurationMetadata.java', 'D:\\ki9\\SEP490\\ArrowCode\\ARROW-paper\\ARROW\\runs\\sample_selection\\distributed\\shard-2\\candidates\\01753_2304277_2304277_129\\workspace\\addon-jpa\\addon\\src\\main\\java\\org\\springframework\\roo\\addon\\jpa\\addon\\dod\\configuration\\JpaDataOnDemandConfigurationMetadata.java', ""[Errno 2] No such file or directory: 'D:\\\\ki9\\\\SEP490\\\\ArrowCode\\\\ARROW-paper\\\\ARROW\\\\runs\\\\sample_selection\\\\distributed\\\\shard-2\\\\candidates\\\\01753_2304277_2304277_129\\\\workspace\\\\addon-jpa\\\\addon\\\\src\\\\main\\\\java\\\\org\\\\springframework\\\\roo\\\\addon\\\\jpa\\\\addon\\\\dod\\\\configuration\\\\JpaDataOnDemandConfigurationMetadata.java'""), ('D:\\ki9\\SEP490\\ArrowCode\\ARROW-paper\\ARROW\\repos\\2304277\\addon-jpa\\addon\\src\\main\\java\\org\\springframework\\roo\\addon\\jpa\\addon\\dod\\configuration\\JpaDataOnDemandConfigurationMetadataProvider.java', 'D:\\ki9\\SEP490\\ArrowCode\\ARROW-paper\\ARROW\\runs\\sample_selection\\distributed\\shard-2\\candidates\\01753_2304277_2304277_129\\workspace\\addon-jpa\\addon\\src\\main\\java\\org\\springframework\\roo\\addon\\jpa\\addon\\dod\\configuration\\JpaDataOnDemandConfigurationMetadataProvider.java', ""[Errno 2] No such file or directory: 'D:\\\\ki9\\\\SEP490\\\\ArrowCode\\\\ARROW-paper\\\\ARROW\\\\runs\\\\sample_selection\\\\distributed\\\\shard-2\\\\candidates\\\\01753_2304277_2304277_129\\\\workspace\\\\addon-jpa\\\\addon\\\\src\\\\main\\\\java\\\\org\\\\springframework\\\\roo\\\\addon\\\\jpa\\\\addon\\\\dod\\\\configuration\\\\JpaDataOnDemandConfigurationMetadataProvider.java'""), ('D:\\ki9\\SEP490\\ArrowCode\\ARROW-paper\\ARROW\\repos\\2304277\\addon-jpa\\addon\\src\\main\\java\\org\\springframework\\roo\\addon\\jpa\\addon\\dod\\configuration\\JpaDataOnDemandConfigurationMetadat",28.594,D:\ki9\SEP490\ArrowCode\ARROW-paper\ARROW\runs\sample_selection\distributed\shard-2\candidates\01753_2304277_2304277_129
1758,98171786,98171786_162.json,https://github.com/SabreOSS/conf4j,CurrencyConverter,conf4j-core/src/main/java/com/sabre/oss/conf4j/converter/CurrencyConverter.java,production,,,,toString,7,@Override public,True,True,,,,,ELIGIBLE,,,,,,,,,1,2,0,,,,,,,,,EXCLUDED,setup,"Error: [('D:\\ki9\\SEP490\\ArrowCode\\ARROW-paper\\ARROW\\repos\\98171786\\conf4j-core\\src\\main\\java\\com\\sabre\\oss\\conf4j\\internal\\model\\provider\\annotation\\AnnotationSubConfigurationListPropertyMethodParser.java', 'D:\\ki9\\SEP490\\ArrowCode\\ARROW-paper\\ARROW\\runs\\sample_selection\\distributed\\shard-2\\candidates\\01758_98171786_98171786_162\\workspace\\conf4j-core\\src\\main\\java\\com\\sabre\\oss\\conf4j\\internal\\model\\provider\\annotation\\AnnotationSubConfigurationListPropertyMethodParser.java', ""[Errno 2] No such file or directory: 'D:\\\\ki9\\\\SEP490\\\\ArrowCode\\\\ARROW-paper\\\\ARROW\\\\runs\\\\sample_selection\\\\distributed\\\\shard-2\\\\candidates\\\\01758_98171786_98171786_162\\\\workspace\\\\conf4j-core\\\\src\\\\main\\\\java\\\\com\\\\sabre\\\\oss\\\\conf4j\\\\internal\\\\model\\\\provider\\\\annotation\\\\AnnotationSubConfigurationListPropertyMethodParser.java'""), ('D:\\ki9\\SEP490\\ArrowCode\\ARROW-paper\\ARROW\\repos\\98171786\\conf4j-core\\src\\main\\java\\com\\sabre\\oss\\conf4j\\internal\\model\\provider\\annotation\\AnnotationSubConfigurationPropertyMethodParser.java', 'D:\\ki9\\SEP490\\ArrowCode\\ARROW-paper\\ARROW\\runs\\sample_selection\\distributed\\shard-2\\candidates\\01758_98171786_98171786_162\\workspace\\conf4j-core\\src\\main\\java\\com\\sabre\\oss\\conf4j\\internal\\model\\provider\\annotation\\AnnotationSubConfigurationPropertyMethodParser.java', ""[Errno 2] No such file or directory: 'D:\\\\ki9\\\\SEP490\\\\ArrowCode\\\\ARROW-paper\\\\ARROW\\\\runs\\\\sample_selection\\\\distributed\\\\shard-2\\\\candidates\\\\01758_98171786_98171786_162\\\\workspace\\\\conf4j-core\\\\src\\\\main\\\\java\\\\com\\\\sabre\\\\oss\\\\conf4j\\\\internal\\\\model\\\\provider\\\\annotation\\\\AnnotationSubConfigurationPropertyMethodParser.java'""), ('D:\\ki9\\SEP490\\ArrowCode\\ARROW-paper\\ARROW\\repos\\98171786\\conf4j-core\\src\\main\\java\\com\\sabre\\oss\\conf4j\\internal\\model\\provider\\convention\\ConventionSubConfigurationLis",11.750,D:\ki9\SEP490\ArrowCode\ARROW-paper\ARROW\runs\sample_selection\distributed\shard-2\candidates\01758_98171786_98171786_162
1763,8059194,8059194_2.json,https://github.com/Netflix/karyon,AdminUtils,karyon2-admin/src/main/java/netflix/admin/AdminUtils.java,production,class,False,21,loadAdminConsoleProps,12,public static,True,True,0,False,,10,ELIGIBLE,,gradle,karyon2-admin,junit4,unknown,D:\ki9\SEP490\ArrowCode\ARROW-paper\ARROW\Java-version\java-8,Gradle 2.2.1 requires compatible JDK 8; auto-discovered,,1,2,1,ASSERTION_FAILED,,,netflix.admin.AdminUtils,,,,,EXCLUDED,baseline,failure: build failed with an exception.,96.172,D:\ki9\SEP490\ArrowCode\ARROW-paper\ARROW\runs\sample_selection\distributed\shard-2\candidates\01763_8059194_8059194_2
1768,117088815,117088815_18.json,https://github.com/sflpro/notifier,MandrillApiCommunicatorImpl,infra/infra-integrations/infra-integrations-email/src/main/java/com/sflpro/notifier/externalclients/email/mandrill/communicator/MandrillApiCommunicatorImpl.java,production,,,,sendEmailTemplate,18,@Override public,True,True,,,,,ELIGIBLE,,,,,,,,,1,2,0,,,,,,,,,EXCLUDED,setup,"Error: [('D:\\ki9\\SEP490\\ArrowCode\\ARROW-paper\\ARROW\\repos\\117088815\\api\\api-client-library\\src\\main\\java\\com\\sflpro\\notifier\\api\\client\\notification\\email\\impl\\EmailNotificationResourceClientImpl.java', 'D:\\ki9\\SEP490\\ArrowCode\\ARROW-paper\\ARROW\\runs\\sample_selection\\distributed\\shard-2\\candidates\\01768_117088815_117088815_18\\workspace\\api\\api-client-library\\src\\main\\java\\com\\sflpro\\notifier\\api\\client\\notification\\email\\impl\\EmailNotificationResourceClientImpl.java', ""[Errno 2] No such file or directory: 'D:\\\\ki9\\\\SEP490\\\\ArrowCode\\\\ARROW-paper\\\\ARROW\\\\runs\\\\sample_selection\\\\distributed\\\\shard-2\\\\candidates\\\\01768_117088815_117088815_18\\\\workspace\\\\api\\\\api-client-library\\\\src\\\\main\\\\java\\\\com\\\\sflpro\\\\notifier\\\\api\\\\client\\\\notification\\\\email\\\\impl\\\\EmailNotificationResourceClientImpl.java'""), ('D:\\ki9\\SEP490\\ArrowCode\\ARROW-paper\\ARROW\\repos\\117088815\\api\\api-client-library\\src\\main\\java\\com\\sflpro\\notifier\\api\\client\\notification\\push\\impl\\PushNotificationResourceClientImpl.java', 'D:\\ki9\\SEP490\\ArrowCode\\ARROW-paper\\ARROW\\runs\\sample_selection\\distributed\\shard-2\\candidates\\01768_117088815_117088815_18\\workspace\\api\\api-client-library\\src\\main\\java\\com\\sflpro\\notifier\\api\\client\\notification\\push\\impl\\PushNotificationResourceClientImpl.java', ""[Errno 2] No such file or directory: 'D:\\\\ki9\\\\SEP490\\\\ArrowCode\\\\ARROW-paper\\\\ARROW\\\\runs\\\\sample_selection\\\\distributed\\\\shard-2\\\\candidates\\\\01768_117088815_117088815_18\\\\workspace\\\\api\\\\api-client-library\\\\src\\\\main\\\\java\\\\com\\\\sflpro\\\\notifier\\\\api\\\\client\\\\notification\\\\push\\\\impl\\\\PushNotificationResourceClientImpl.java'""), ('D:\\ki9\\SEP490\\ArrowCode\\ARROW-paper\\ARROW\\repos\\117088815\\api\\api-client-library\\src\\main\\java\\com\\sflpro\\notifier\\api\\client\\notification\\sms\\impl\\SmsNotificationResourceClie",10.188,D:\ki9\SEP490\ArrowCode\ARROW-paper\ARROW\runs\sample_selection\distributed\shard-2\candidates\01768_117088815_117088815_18
1773,163179422,163179422_6.json,https://github.com/CottonMC/Cotton,Identifiers,modules/cotton-datapack/src/main/java/io/github/cottonmc/cotton/datapack/util/Identifiers.java,production,class,False,370,replacePathSegments,3,public static,False,True,0,False,,7,ELIGIBLE,,gradle,modules\cotton-datapack,junit5,8,D:\ki9\SEP490\ArrowCode\ARROW-paper\ARROW\Java-version\java-8,auto-discovered JDK 8,,1,2,1,ASSERTION_FAILED,,,io.github.cottonmc.cotton.datapack.util.Identifiers,,,,,EXCLUDED,baseline,failure: build failed with an exception.,169.453,D:\ki9\SEP490\ArrowCode\ARROW-paper\ARROW\runs\sample_selection\distributed\shard-2\candidates\01773_163179422_163179422_6
1778,52145597,52145597_4.json,https://github.com/henrytao-me/mvvm-life-cycle,TasksViewModel,sample/src/main/java/me/henrytao/mvvmlifecycledemo/ui/tasks/TasksViewModel.java,production,,,,onCompleteTaskItemClick,5,protected,False,False,,,,,EXCLUDED,no_observable_behavior,,,,,,,,,2,0,,,,,,,,,EXCLUDED,semantic_metadata,no_observable_behavior,0.015,D:\ki9\SEP490\ArrowCode\ARROW-paper\ARROW\runs\sample_selection\distributed\shard-2\candidates\01778_52145597_52145597_4
1783,147522483,147522483_0.json,https://github.com/SAP/cloud-security-xsuaa-integration,XsuaaMockWebServer,spring-xsuaa-mock/src/main/java/com/sap/cloud/security/xsuaa/mock/XsuaaMockWebServer.java,production,class,False,112,getProperty,14,@Override public,True,True,0,False,,10,ELIGIBLE,,maven,spring-xsuaa-mock,junit4,8,D:\ki9\SEP490\ArrowCode\ARROW-paper\ARROW\Java-version\java-8,auto-discovered JDK 8,03b9d732f1d24b35197e04b6456eeb75f935dfbf,1,2,1,ASSERTION_FAILED,,,com.sap.cloud.security.xsuaa.mock.XsuaaMockWebServer,,,,,EXCLUDED,baseline,"[info] tests run: 5, failures: 0, errors: 0, skipped: 0, time elapsed: 0.079 s - in com.sap.cloud.security.config.clientcredentialstest",84.578,D:\ki9\SEP490\ArrowCode\ARROW-paper\ARROW\runs\sample_selection\distributed\shard-2\candidates\01783_147522483_147522483_0
1788,53940095,53940095_74.json,https://github.com/lorthos/incubator-zeppelin-druid,Notebook,zeppelin-zengine/src/main/java/org/apache/zeppelin/notebook/Notebook.java,production,,,,cloneNote,21,public,True,True,,,,,ELIGIBLE,,,,,,,,,,2,0,,,,,,,,,EXCLUDED,setup,"RuntimeError: Repository setup failed after 3 attempts: CalledProcessError: Command '['git', '-c', 'core.longpaths=true', 'clone', '--depth', '1', 'https://github.com/lorthos/incubator-zeppelin-druid', 'D:\\ki9\\SEP490\\ArrowCode\\ARROW-paper\\ARROW\\repos\\53940095']' returned non-zero exit status 128.",26.344,D:\ki9\SEP490\ArrowCode\ARROW-paper\ARROW\runs\sample_selection\distributed\shard-2\candidates\01788_53940095_53940095_74
1793,45644056,45644056_17.json,https://github.com/spotify/apollo,ConfigUtil,apollo-environment/src/main/java/com/spotify/apollo/environment/ConfigUtil.java,production,class,False,46,either,3,public static,True,True,0,False,,10,ELIGIBLE,,maven,apollo-environment,junit4,8,D:\ki9\SEP490\ArrowCode\ARROW-paper\ARROW\Java-version\java-8,auto-discovered JDK 8,,1,2,2,MODULE_TESTS_PASSED|MODULE_TESTS_PASSED,True,1,com.spotify.apollo.environment.ConfigUtil,True,ASSERTION_FAILED,,,EXCLUDED,probe_target,[info] spotify apollo api environment ..................... failure [ 0.218 s],121.422,D:\ki9\SEP490\ArrowCode\ARROW-paper\ARROW\runs\sample_selection\distributed\shard-2\candidates\01793_45644056_45644056_17
1798,124201472,124201472_0.json,https://github.com/cretz/pgnio,ConnectionPool,driver/src/main/java/pgnio/ConnectionPool.java,production,class,False,196,withConnection,3,public,False,True,1,True,database,6,EXCLUDED,external_dependency_risk:database;testability_score_below_7,,,,,,,,1,2,0,,,,,,,,,EXCLUDED,semantic,external_dependency_risk:database;testability_score_below_7,2.437,D:\ki9\SEP490\ArrowCode\ARROW-paper\ARROW\runs\sample_selection\distributed\shard-2\candidates\01798_124201472_124201472_0
1803,56342300,56342300_1.json,https://github.com/IHTSDO/snomed-drools,DroolsDescriptionService,snomed-drools-rf2-validator/src/main/java/org/ihtsdo/drools/validator/rf2/service/DroolsDescriptionService.java,production,,,,getFSNs,24,@Override public,True,True,,,,,ELIGIBLE,,,,,,,,,1,2,0,,,,,,,,,EXCLUDED,setup,"Error: [('D:\\ki9\\SEP490\\ArrowCode\\ARROW-paper\\ARROW\\repos\\56342300\\snomed-drools-rf2-validator\\src\\test\\resources\\dummy-assertions\\unit-test\\relationships\\duplicate-relationships\\DuplicateRelationships.drl', 'D:\\ki9\\SEP490\\ArrowCode\\ARROW-paper\\ARROW\\runs\\sample_selection\\distributed\\shard-2\\candidates\\01803_56342300_56342300_1\\workspace\\snomed-drools-rf2-validator\\src\\test\\resources\\dummy-assertions\\unit-test\\relationships\\duplicate-relationships\\DuplicateRelationships.drl', ""[Errno 2] No such file or directory: 'D:\\\\ki9\\\\SEP490\\\\ArrowCode\\\\ARROW-paper\\\\ARROW\\\\runs\\\\sample_selection\\\\distributed\\\\shard-2\\\\candidates\\\\01803_56342300_56342300_1\\\\workspace\\\\snomed-drools-rf2-validator\\\\src\\\\test\\\\resources\\\\dummy-assertions\\\\unit-test\\\\relationships\\\\duplicate-relationships\\\\DuplicateRelationships.drl'""), ('D:\\ki9\\SEP490\\ArrowCode\\ARROW-paper\\ARROW\\repos\\56342300\\snomed-drools-rf2-validator\\src\\test\\resources\\dummy-assertions\\unit-test\\relationships\\relationship-inactive-destination', 'D:\\ki9\\SEP490\\ArrowCode\\ARROW-paper\\ARROW\\runs\\sample_selection\\distributed\\shard-2\\candidates\\01803_56342300_56342300_1\\workspace\\snomed-drools-rf2-validator\\src\\test\\resources\\dummy-assertions\\unit-test\\relationships\\relationship-inactive-destination', ""[WinError 206] The filename or extension is too long: 'D:\\\\ki9\\\\SEP490\\\\ArrowCode\\\\ARROW-paper\\\\ARROW\\\\runs\\\\sample_selection\\\\distributed\\\\shard-2\\\\candidates\\\\01803_56342300_56342300_1\\\\workspace\\\\snomed-drools-rf2-validator\\\\src\\\\test\\\\resources\\\\dummy-assertions\\\\unit-test\\\\relationships\\\\relationship-inactive-destination'""), ('D:\\ki9\\SEP490\\ArrowCode\\ARROW-paper\\ARROW\\repos\\56342300\\snomed-drools-rf2-validator\\src\\test\\resources\\dummy-assertions\\unit-test\\terms\\fsn-duplicated-semantic-tag\\FSNDuplicatedSemanticTag.drl', 'D:\\ki9\\SEP490\\ArrowCode\\ARROW-paper\\ARR",3.344,D:\ki9\SEP490\ArrowCode\ARROW-paper\ARROW\runs\sample_selection\distributed\shard-2\candidates\01803_56342300_56342300_1
1808,1025574,1025574_3.json,https://github.com/opf-labs/planets-contrib,ToolSpec,clients/command/src/main/java/eu/planets_project/tools/ToolSpec.java,production,,,,fromInputStream,4,public static,False,True,,,,,ELIGIBLE,,,,,,,,,1,2,0,,,,,,,,,EXCLUDED,setup,"Error: [('D:\\ki9\\SEP490\\ArrowCode\\ARROW-paper\\ARROW\\repos\\1025574\\services\\openXML\\src\\main\\java\\eu\\planets_project\\ifr\\core\\services\\migration\\openXML\\api\\OpenXMLMigrationServiceRemoteInterface.java', 'D:\\ki9\\SEP490\\ArrowCode\\ARROW-paper\\ARROW\\runs\\sample_selection\\distributed\\shard-2\\candidates\\01808_1025574_1025574_3\\workspace\\services\\openXML\\src\\main\\java\\eu\\planets_project\\ifr\\core\\services\\migration\\openXML\\api\\OpenXMLMigrationServiceRemoteInterface.java', ""[Errno 2] No such file or directory: 'D:\\\\ki9\\\\SEP490\\\\ArrowCode\\\\ARROW-paper\\\\ARROW\\\\runs\\\\sample_selection\\\\distributed\\\\shard-2\\\\candidates\\\\01808_1025574_1025574_3\\\\workspace\\\\services\\\\openXML\\\\src\\\\main\\\\java\\\\eu\\\\planets_project\\\\ifr\\\\core\\\\services\\\\migration\\\\openXML\\\\api\\\\OpenXMLMigrationServiceRemoteInterface.java'"")]",9.547,D:\ki9\SEP490\ArrowCode\ARROW-paper\ARROW\runs\sample_selection\distributed\shard-2\candidates\01808_1025574_1025574_3
1813,54082630,54082630_198.json,https://github.com/CailiaoDevOrg/DFS,IOUtils,hadoop-common-project/hadoop-common/src/main/java/org/apache/hadoop/io/IOUtils.java,production,,,,copyBytes,17,public static,True,False,,,,,EXCLUDED,no_observable_behavior,,,,,,,,,2,0,,,,,,,,,EXCLUDED,semantic_metadata,no_observable_behavior,0.015,D:\ki9\SEP490\ArrowCode\ARROW-paper\ARROW\runs\sample_selection\distributed\shard-2\candidates\01813_54082630_54082630_198
1818,76634121,76634121_113.json,https://github.com/apache/qpid-proton-j,SaslFrameParser,proton-j/src/main/java/org/apache/qpid/proton/engine/impl/SaslFrameParser.java,production,class,False,400,input,314,public,True,True,4,False,,8,ELIGIBLE,,maven,proton-j,junit4,8,D:\ki9\SEP490\ArrowCode\ARROW-paper\ARROW\Java-version\java-8,auto-discovered JDK 8,,1,2,2,MODULE_TESTS_PASSED|MODULE_TESTS_PASSED,True,0,org.apache.qpid.proton.engine.impl.SaslFrameParser,True,TARGET_TEST_PASSED,MODULE_TESTS_PASSED,MODULE_TESTS_PASSED,ELIGIBLE,,,186.141,D:\ki9\SEP490\ArrowCode\ARROW-paper\ARROW\runs\sample_selection\distributed\shard-2\candidates\01818_76634121_76634121_113
1823,24005183,24005183_0.json,https://github.com/headwirecom/aem-solr-search,StringUtil,aemsolrsearch-services/src/main/java/com/headwire/aemsolrsearch/services/util/StringUtil.java,production,,,,arrayToJson,16,public static,True,True,,,,,ELIGIBLE,,,,,,,,,1,2,0,,,,,,,,,EXCLUDED,setup,"Error: [('D:\\ki9\\SEP490\\ArrowCode\\ARROW-paper\\ARROW\\repos\\24005183\\aemsolrsearch-config\\src\\main\\content\\jcr_root\\apps\\aemsolrsearch\\runmodes\\config.author\\com.headwire.aemsolrsearch.services.SolrConfigurationService.xml', 'D:\\ki9\\SEP490\\ArrowCode\\ARROW-paper\\ARROW\\runs\\sample_selection\\distributed\\shard-2\\candidates\\01823_24005183_24005183_0\\workspace\\aemsolrsearch-config\\src\\main\\content\\jcr_root\\apps\\aemsolrsearch\\runmodes\\config.author\\com.headwire.aemsolrsearch.services.SolrConfigurationService.xml', ""[Errno 2] No such file or directory: 'D:\\\\ki9\\\\SEP490\\\\ArrowCode\\\\ARROW-paper\\\\ARROW\\\\runs\\\\sample_selection\\\\distributed\\\\shard-2\\\\candidates\\\\01823_24005183_24005183_0\\\\workspace\\\\aemsolrsearch-config\\\\src\\\\main\\\\content\\\\jcr_root\\\\apps\\\\aemsolrsearch\\\\runmodes\\\\config.author\\\\com.headwire.aemsolrsearch.services.SolrConfigurationService.xml'""), ('D:\\ki9\\SEP490\\ArrowCode\\ARROW-paper\\ARROW\\repos\\24005183\\aemsolrsearch-config\\src\\main\\content\\jcr_root\\apps\\aemsolrsearch\\runmodes\\config.author\\org.apache.sling.commons.log.LogManager.factory.config-aemsolrsearch.xml', 'D:\\ki9\\SEP490\\ArrowCode\\ARROW-paper\\ARROW\\runs\\sample_selection\\distributed\\shard-2\\candidates\\01823_24005183_24005183_0\\workspace\\aemsolrsearch-config\\src\\main\\content\\jcr_root\\apps\\aemsolrsearch\\runmodes\\config.author\\org.apache.sling.commons.log.LogManager.factory.config-aemsolrsearch.xml', ""[Errno 2] No such file or directory: 'D:\\\\ki9\\\\SEP490\\\\ArrowCode\\\\ARROW-paper\\\\ARROW\\\\runs\\\\sample_selection\\\\distributed\\\\shard-2\\\\candidates\\\\01823_24005183_24005183_0\\\\workspace\\\\aemsolrsearch-config\\\\src\\\\main\\\\content\\\\jcr_root\\\\apps\\\\aemsolrsearch\\\\runmodes\\\\config.author\\\\org.apache.sling.commons.log.LogManager.factory.config-aemsolrsearch.xml'""), ('D:\\ki9\\SEP490\\ArrowCode\\ARROW-paper\\ARROW\\repos\\24005183\\aemsolrsearch-config\\src\\ma",14.468,D:\ki9\SEP490\ArrowCode\ARROW-paper\ARROW\runs\sample_selection\distributed\shard-2\candidates\01823_24005183_24005183_0
1828,47850278,47850278_5.json,https://github.com/rajadilipkolli/POC,MessageController,spring-boot-rabbitmq/src/main/java/com/poc/boot/rabbitmq/controller/MessageController.java,production,,,,handleMessage,13,"@PostMapping(""/sendMsg"") public",True,True,,,,,ELIGIBLE,,,,,,,,feab1c75a8c27b674267e511d291c3bcd6f16613,1,2,0,,,,,,,,,EXCLUDED,setup,"Error: [('D:\\ki9\\SEP490\\ArrowCode\\ARROW-paper\\ARROW\\repos\\47850278\\spring-boot-mongodb-security-ui\\src\\main\\java\\org\\poc\\springboot\\mongodb\\security\\config\\CustomizeAuthenticationSuccessHandler.java', 'D:\\ki9\\SEP490\\ArrowCode\\ARROW-paper\\ARROW\\runs\\sample_selection\\distributed\\shard-2\\candidates\\01828_47850278_47850278_5\\workspace\\spring-boot-mongodb-security-ui\\src\\main\\java\\org\\poc\\springboot\\mongodb\\security\\config\\CustomizeAuthenticationSuccessHandler.java', ""[Errno 2] No such file or directory: 'D:\\\\ki9\\\\SEP490\\\\ArrowCode\\\\ARROW-paper\\\\ARROW\\\\runs\\\\sample_selection\\\\distributed\\\\shard-2\\\\candidates\\\\01828_47850278_47850278_5\\\\workspace\\\\spring-boot-mongodb-security-ui\\\\src\\\\main\\\\java\\\\org\\\\poc\\\\springboot\\\\mongodb\\\\security\\\\config\\\\CustomizeAuthenticationSuccessHandler.java'""), ('D:\\ki9\\SEP490\\ArrowCode\\ARROW-paper\\ARROW\\repos\\47850278\\spring-boot-rest\\poc-spring-boot-rest-application\\src\\main\\java\\com\\poc\\restfulpoc\\repository\\impl\\CustomizedPostRepositoryImpl.java', 'D:\\ki9\\SEP490\\ArrowCode\\ARROW-paper\\ARROW\\runs\\sample_selection\\distributed\\shard-2\\candidates\\01828_47850278_47850278_5\\workspace\\spring-boot-rest\\poc-spring-boot-rest-application\\src\\main\\java\\com\\poc\\restfulpoc\\repository\\impl\\CustomizedPostRepositoryImpl.java', ""[Errno 2] No such file or directory: 'D:\\\\ki9\\\\SEP490\\\\ArrowCode\\\\ARROW-paper\\\\ARROW\\\\runs\\\\sample_selection\\\\distributed\\\\shard-2\\\\candidates\\\\01828_47850278_47850278_5\\\\workspace\\\\spring-boot-rest\\\\poc-spring-boot-rest-application\\\\src\\\\main\\\\java\\\\com\\\\poc\\\\restfulpoc\\\\repository\\\\impl\\\\CustomizedPostRepositoryImpl.java'""), ('D:\\ki9\\SEP490\\ArrowCode\\ARROW-paper\\ARROW\\repos\\47850278\\spring-boot-rest\\poc-spring-boot-rest-reactive-application\\src\\main\\java\\com\\poc\\reactivepoc\\controller\\PostClassicController.java', 'D:\\ki9\\SEP490\\ArrowCode\\A",20.860,D:\ki9\SEP490\ArrowCode\ARROW-paper\ARROW\runs\sample_selection\distributed\shard-2\candidates\01828_47850278_47850278_5
1833,23254327,23254327_1.json,https://github.com/metteo/jts,WKTTokenizer,jts-core/src/main/java/com/vividsolutions/jts/io/WKTTokenizer.java,production,class,False,174,nextToken,8,public,True,True,1,False,,10,ELIGIBLE,,maven,jts-core,junit4,unknown,,no project java version detected,,1,2,1,COMPILE_FAILED,,,com.vividsolutions.jts.io.WKTTokenizer,,,,,EXCLUDED,baseline,[error] failed to execute goal org.apache.maven.plugins:maven-compiler-plugin:<n>.1:compile (default-compile) on project jts-core: compilation failure: compilation failure:,40.703,D:\ki9\SEP490\ArrowCode\ARROW-paper\ARROW\runs\sample_selection\distributed\shard-2\candidates\01833_23254327_23254327_1
1838,163795687,163795687_27.json,https://github.com/jasonjoo2010/tbschedule,PathUtil,tbschedule-storage/tbschedule-storage-zookeeper/src/main/java/com/yoloho/schedule/storage/zk/util/PathUtil.java,production,,,,serverPath,3,public static,False,True,,,,,ELIGIBLE,,,,,,,,,1,2,0,,,,,,,,,EXCLUDED,setup,"Error: [('D:\\ki9\\SEP490\\ArrowCode\\ARROW-paper\\ARROW\\repos\\163795687\\tbschedule-extension\\tbschedule-extension-task\\src\\main\\java\\com\\yoloho\\schedule\\extension\\task\\AbstractRedisQueueMultiTask.java', 'D:\\ki9\\SEP490\\ArrowCode\\ARROW-paper\\ARROW\\runs\\sample_selection\\distributed\\shard-2\\candidates\\01838_163795687_163795687_27\\workspace\\tbschedule-extension\\tbschedule-extension-task\\src\\main\\java\\com\\yoloho\\schedule\\extension\\task\\AbstractRedisQueueMultiTask.java', ""[Errno 2] No such file or directory: 'D:\\\\ki9\\\\SEP490\\\\ArrowCode\\\\ARROW-paper\\\\ARROW\\\\runs\\\\sample_selection\\\\distributed\\\\shard-2\\\\candidates\\\\01838_163795687_163795687_27\\\\workspace\\\\tbschedule-extension\\\\tbschedule-extension-task\\\\src\\\\main\\\\java\\\\com\\\\yoloho\\\\schedule\\\\extension\\\\task\\\\AbstractRedisQueueMultiTask.java'""), ('D:\\ki9\\SEP490\\ArrowCode\\ARROW-paper\\ARROW\\repos\\163795687\\tbschedule-extension\\tbschedule-extension-task\\src\\main\\java\\com\\yoloho\\schedule\\extension\\task\\AbstractRedisQueueSingleTask.java', 'D:\\ki9\\SEP490\\ArrowCode\\ARROW-paper\\ARROW\\runs\\sample_selection\\distributed\\shard-2\\candidates\\01838_163795687_163795687_27\\workspace\\tbschedule-extension\\tbschedule-extension-task\\src\\main\\java\\com\\yoloho\\schedule\\extension\\task\\AbstractRedisQueueSingleTask.java', ""[Errno 2] No such file or directory: 'D:\\\\ki9\\\\SEP490\\\\ArrowCode\\\\ARROW-paper\\\\ARROW\\\\runs\\\\sample_selection\\\\distributed\\\\shard-2\\\\candidates\\\\01838_163795687_163795687_27\\\\workspace\\\\tbschedule-extension\\\\tbschedule-extension-task\\\\src\\\\main\\\\java\\\\com\\\\yoloho\\\\schedule\\\\extension\\\\task\\\\AbstractRedisQueueSingleTask.java'"")]",6.156,D:\ki9\SEP490\ArrowCode\ARROW-paper\ARROW\runs\sample_selection\distributed\shard-2\candidates\01838_163795687_163795687_27
1843,21636061,21636061_1.json,https://github.com/ddf-project/DDF,Summary,core/src/main/java/io/ddf/analytics/Summary.java,production,class,False,136,toString,8,@Override public,False,True,0,False,,8,ELIGIBLE,,maven,core,junit4,7,D:\ki9\SEP490\ArrowCode\ARROW-paper\ARROW\Java-version\java-8,auto-discovered compatible JDK 8 for Java 7,,1,2,1,BUILD_TIMEOUT,,,io.ddf.analytics.Summary,,,,,EXCLUDED,baseline,build timeout,911.562,D:\ki9\SEP490\ArrowCode\ARROW-paper\ARROW\runs\sample_selection\distributed\shard-2\candidates\01843_21636061_21636061_1
1848,8771890,8771890_13.json,https://github.com/kawasima/waitt,PBKDF2PasswordEncryptor,examples/nablarch/src/main/java/com/nablarch/example/app/web/common/authentication/encrypt/PBKDF2PasswordEncryptor.java,production,class,False,171,encrypt,20,@Override public,True,True,0,False,,10,ELIGIBLE,,maven,examples\nablarch,junit4,8,D:\ki9\SEP490\ArrowCode\ARROW-paper\ARROW\Java-version\java-8,auto-discovered JDK 8,,1,2,1,COMPILE_FAILED,,,com.nablarch.example.app.web.common.authentication.encrypt.PBKDF2PasswordEncryptor,,,,,EXCLUDED,baseline,[error] failed to execute goal org.apache.maven.plugins:maven-compiler-plugin:<n>.2:testcompile (default-testcompile) on project nablarch-example-web: compilation failure,63.203,D:\ki9\SEP490\ArrowCode\ARROW-paper\ARROW\runs\sample_selection\distributed\shard-2\candidates\01848_8771890_8771890_13
1853,151435201,151435201_35.json,https://github.com/verhas/javageci,Escape,javageci-tools/src/main/java/javax0/geci/javacomparator/lex/Escape.java,production,class,False,112,handleNormalCharacter,9,static,True,True,0,False,,9,ELIGIBLE,,maven,javageci-tools,junit5,11,D:\ki9\SEP490\ArrowCode\ARROW-paper\ARROW\Java-version\java-11,auto-discovered JDK 11,,1,2,2,MODULE_TESTS_PASSED|MODULE_TESTS_PASSED,True,1,javax0.geci.javacomparator.lex.Escape,True,TARGET_TEST_PASSED,MODULE_TESTS_PASSED,MODULE_TESTS_PASSED,ELIGIBLE,,,139.813,D:\ki9\SEP490\ArrowCode\ARROW-paper\ARROW\runs\sample_selection\distributed\shard-2\candidates\01853_151435201_151435201_35
1858,113585452,113585452_7.json,https://github.com/thiaguten/rx-mqtt,PahoRxMqttMessage,rx-mqtt-paho/src/main/java/br/com/thiaguten/rx/mqtt/paho/PahoRxMqttMessage.java,production,class,False,107,create,3,public static,False,True,1,False,,8,ELIGIBLE,,gradle,rx-mqtt-paho,junit4,jdkVersion,,JDK jdkVersion not mapped; using system default Java,,1,2,1,ASSERTION_FAILED,,,br.com.thiaguten.rx.mqtt.paho.PahoRxMqttMessage,,,,,EXCLUDED,baseline,failure: build failed with an exception.,15.188,D:\ki9\SEP490\ArrowCode\ARROW-paper\ARROW\runs\sample_selection\distributed\shard-2\candidates\01858_113585452_113585452_7
1863,4001968,4001968_1.json,https://github.com/larochef/ubiquity,Annotation,mirror/src/main/java/org/ubiquity/mirror/Annotation.java,production,,,,getProperties,3,public,False,True,,,,,EXCLUDED,trivial_focal_method,,,,,,,,,2,0,,,,,,,,,EXCLUDED,semantic_metadata,trivial_focal_method,0.016,D:\ki9\SEP490\ArrowCode\ARROW-paper\ARROW\runs\sample_selection\distributed\shard-2\candidates\01863_4001968_4001968_1
1868,49018474,49018474_2.json,https://github.com/presidentio/teamcity-matrix-build-plugin,TeamcityServerClientImpl,teamcity-rest-client/src/main/java/com/presidentio/teamcity/rest/client/TeamcityServerClientImpl.java,production,class,False,18,getResource,5,@Override public,False,True,3,True,network,5,EXCLUDED,external_dependency_risk:network;testability_score_below_7,,,,,,,,1,2,0,,,,,,,,,EXCLUDED,semantic,external_dependency_risk:network;testability_score_below_7,4.265,D:\ki9\SEP490\ArrowCode\ARROW-paper\ARROW\runs\sample_selection\distributed\shard-2\candidates\01868_49018474_49018474_2
1873,138907954,138907954_6.json,https://github.com/samtools/htsjdk-next-beta,ParamUtils,core/src/main/java/org/htsjdk/core/utils/ParamUtils.java,production,class,False,97,nonNull,6,public static,True,True,0,False,,9,ELIGIBLE,,gradle,.,testng,8,D:\ki9\SEP490\ArrowCode\ARROW-paper\ARROW\Java-version\java-8,auto-discovered JDK 8,,1,2,2,MODULE_TESTS_PASSED|MODULE_TESTS_PASSED,True,1,org.htsjdk.core.utils.ParamUtils,True,TEST_DISCOVERY_FAILED,,,EXCLUDED,probe_target,test discovery failed,46.281,D:\ki9\SEP490\ArrowCode\ARROW-paper\ARROW\runs\sample_selection\distributed\shard-2\candidates\01873_138907954_138907954_6
1878,16037437,16037437_0.json,https://github.com/johnlcox/dagger-servlet,DaggerComponentProviderFactory,dagger-jersey/src/main/java/com/leacox/dagger/jersey/DaggerComponentProviderFactory.java,production,,,,getComponentProvider,4,@Override public,True,True,,,,,EXCLUDED,trivial_focal_method,,,,,,,,,2,0,,,,,,,,,EXCLUDED,semantic_metadata,trivial_focal_method,0.032,D:\ki9\SEP490\ArrowCode\ARROW-paper\ARROW\runs\sample_selection\distributed\shard-2\candidates\01878_16037437_16037437_0
1883,49445030,49445030_0.json,https://github.com/imasahiro/auto-string-formatter,IntegerUtils,runtime/src/main/java/com/github/imasahiro/stringformatter/runtime/integers/IntegerUtils.java,production,class,False,74,log10,8,public static,True,True,0,False,,10,ELIGIBLE,,gradle,runtime,junit4,unknown,D:\ki9\SEP490\ArrowCode\ARROW-paper\ARROW\Java-version\java-11,Gradle 5.4.1 requires compatible JDK 11; auto-discovered,,1,2,1,ASSERTION_FAILED,,,com.github.imasahiro.stringformatter.runtime.integers.IntegerUtils,,,,,EXCLUDED,baseline,failure: build failed with an exception.,65.047,D:\ki9\SEP490\ArrowCode\ARROW-paper\ARROW\runs\sample_selection\distributed\shard-2\candidates\01883_49445030_49445030_0
1888,95081481,95081481_550.json,https://github.com/shlee89/athena,OpenFlowControllerImpl,protocols/openflow/ctl/src/main/java/org/onosproject/openflow/controller/impl/OpenFlowControllerImpl.java,production,,,,setRole,9,@Override public,True,False,,,,,EXCLUDED,no_observable_behavior,,,,,,,,,2,0,,,,,,,,,EXCLUDED,semantic_metadata,no_observable_behavior,0.015,D:\ki9\SEP490\ArrowCode\ARROW-paper\ARROW\runs\sample_selection\distributed\shard-2\candidates\01888_95081481_95081481_550
1893,58181287,58181287_3.json,https://github.com/danburkert/kudu-ts,Tags,core/src/main/java/org/kududb/ts/core/Tags.java,production,class,False,164,getTagsetIDsForTag,30,public,True,True,2,False,,10,ELIGIBLE,,maven,core,junit4,7,D:\ki9\SEP490\ArrowCode\ARROW-paper\ARROW\Java-version\java-8,auto-discovered compatible JDK 8 for Java 7,,1,2,1,ASSERTION_FAILED,,,org.kududb.ts.core.Tags,,,,,EXCLUDED,baseline,[info] kudu ts core ....................................... failure [ 2.693 s],7.985,D:\ki9\SEP490\ArrowCode\ARROW-paper\ARROW\runs\sample_selection\distributed\shard-2\candidates\01893_58181287_58181287_3
1898,93307435,93307435_0.json,https://github.com/aragozin/heapunit,HeapUnit,heapunit/src/main/java/org/gridkit/heapunit/HeapUnit.java,production,class,False,24,captureHeap,4,public static,False,True,0,True,nondeterminism,7,EXCLUDED,external_dependency_risk:nondeterminism,,,,,,,,1,2,0,,,,,,,,,EXCLUDED,semantic,external_dependency_risk:nondeterminism,1.735,D:\ki9\SEP490\ArrowCode\ARROW-paper\ARROW\runs\sample_selection\distributed\shard-2\candidates\01898_93307435_93307435_0
1903,37632768,37632768_0.json,https://github.com/cchesser/java-perf-workshop,ConferenceSessionLoader,java-perf-workshop-server/src/main/java/cchesser/javaperf/workshop/data/ConferenceSessionLoader.java,production,class,False,115,load,7,public,True,True,1,True,network,9,EXCLUDED,external_dependency_risk:network,,,,,,,,1,2,0,,,,,,,,,EXCLUDED,semantic,external_dependency_risk:network,22.765,D:\ki9\SEP490\ArrowCode\ARROW-paper\ARROW\runs\sample_selection\distributed\shard-2\candidates\01903_37632768_37632768_0
1908,5734199,5734199_8.json,https://github.com/sosandstrom/mardao,InMemoryKey,mardao-core/src/main/java/net/sf/mardao/dao/InMemoryKey.java,production,class,False,77,InMemoryKey,8,public,True,True,3,False,,9,ELIGIBLE,,maven,mardao-core,junit4,6,D:\ki9\SEP490\ArrowCode\ARROW-paper\ARROW\Java-version\java-8,auto-discovered compatible JDK 8 for Java 6,,1,2,2,MODULE_TESTS_PASSED|MODULE_TESTS_PASSED,True,0,net.sf.mardao.dao.InMemoryKey,True,TARGET_TEST_PASSED,MODULE_TESTS_PASSED,MODULE_TESTS_PASSED,ELIGIBLE,,,46.625,D:\ki9\SEP490\ArrowCode\ARROW-paper\ARROW\runs\sample_selection\distributed\shard-2\candidates\01908_5734199_5734199_8
1913,131678192,131678192_0.json,https://github.com/eclipse/vorto-examples,LwM2MImporter,vorto-importers/lwm2m/lwm2m-importer/src/main/java/org/eclipse/vorto/plugins/importer/example/lwm2m/LwM2MImporter.java,production,,,,validate,12,public,True,True,,,,,ELIGIBLE,,,,,,,,,2,2,0,,,,,,,,,EXCLUDED,setup,"Error: [('D:\\ki9\\SEP490\\ArrowCode\\ARROW-paper\\ARROW\\repos\\131678192\\vorto-generators\\org.eclipse.vorto.codegen.artik\\src\\main\\java\\org\\eclipse\\vorto\\codegen\\artik\\templates\\DeviceManifestTemplate.xtend', 'D:\\ki9\\SEP490\\ArrowCode\\ARROW-paper\\ARROW\\runs\\sample_selection\\distributed\\shard-2\\candidates\\01913_131678192_131678192_0\\workspace\\vorto-generators\\org.eclipse.vorto.codegen.artik\\src\\main\\java\\org\\eclipse\\vorto\\codegen\\artik\\templates\\DeviceManifestTemplate.xtend', ""[Errno 2] No such file or directory: 'D:\\\\ki9\\\\SEP490\\\\ArrowCode\\\\ARROW-paper\\\\ARROW\\\\runs\\\\sample_selection\\\\distributed\\\\shard-2\\\\candidates\\\\01913_131678192_131678192_0\\\\workspace\\\\vorto-generators\\\\org.eclipse.vorto.codegen.artik\\\\src\\\\main\\\\java\\\\org\\\\eclipse\\\\vorto\\\\codegen\\\\artik\\\\templates\\\\DeviceManifestTemplate.xtend'""), ('D:\\ki9\\SEP490\\ArrowCode\\ARROW-paper\\ARROW\\repos\\131678192\\vorto-generators\\org.eclipse.vorto.codegen.aws\\src\\main\\java\\org\\eclipse\\vorto\\codegen\\aws\\alexa\\templates\\AbstractAlexaTemplate.xtend', 'D:\\ki9\\SEP490\\ArrowCode\\ARROW-paper\\ARROW\\runs\\sample_selection\\distributed\\shard-2\\candidates\\01913_131678192_131678192_0\\workspace\\vorto-generators\\org.eclipse.vorto.codegen.aws\\src\\main\\java\\org\\eclipse\\vorto\\codegen\\aws\\alexa\\templates\\AbstractAlexaTemplate.xtend', ""[Errno 2] No such file or directory: 'D:\\\\ki9\\\\SEP490\\\\ArrowCode\\\\ARROW-paper\\\\ARROW\\\\runs\\\\sample_selection\\\\distributed\\\\shard-2\\\\candidates\\\\01913_131678192_131678192_0\\\\workspace\\\\vorto-generators\\\\org.eclipse.vorto.codegen.aws\\\\src\\\\main\\\\java\\\\org\\\\eclipse\\\\vorto\\\\codegen\\\\aws\\\\alexa\\\\templates\\\\AbstractAlexaTemplate.xtend'""), ('D:\\ki9\\SEP490\\ArrowCode\\ARROW-paper\\ARROW\\repos\\131678192\\vorto-generators\\org.eclipse.vorto.codegen.aws\\src\\main\\java\\org\\eclipse\\vorto\\codegen\\aws\\alexa\\templates\\AlexaIndentSche",586.344,D:\ki9\SEP490\ArrowCode\ARROW-paper\ARROW\runs\sample_selection\distributed\shard-2\candidates\01913_131678192_131678192_0
1918,4327427,4327427_1.json,https://github.com/EyesFirst/eyesfirst,ShrinkingLargeProgressMonitor,dori/dicom-uploader/uploader-core/src/main/java/org/mitre/eyesfirst/ui/ShrinkingLargeProgressMonitor.java,production,class,False,76,worked,13,@Override public,True,True,1,False,,10,ELIGIBLE,,maven,dori\dicom-uploader\uploader-core,junit4,6,D:\ki9\SEP490\ArrowCode\ARROW-paper\ARROW\Java-version\java-8,auto-discovered compatible JDK 8 for Java 6,,1,2,1,ASSERTION_FAILED,,,org.mitre.eyesfirst.ui.ShrinkingLargeProgressMonitor,,,,,EXCLUDED,baseline,[info] build failure,23.266,D:\ki9\SEP490\ArrowCode\ARROW-paper\ARROW\runs\sample_selection\distributed\shard-2\candidates\01918_4327427_4327427_1
1923,920690,920690_1.json,https://github.com/dschanoeh/Kayak,Util,Kayak-core/src/main/java/com/github/kayak/core/Util.java,production,class,False,106,hexStringToByteArray,12,public static,True,True,0,False,,10,ELIGIBLE,,maven,Kayak-core,junit4,8,D:\ki9\SEP490\ArrowCode\ARROW-paper\ARROW\Java-version\java-8,auto-discovered JDK 8,,1,2,2,MODULE_TESTS_PASSED|MODULE_TESTS_PASSED,True,0,com.github.kayak.core.Util,True,TARGET_TEST_PASSED,MODULE_TESTS_PASSED,MODULE_TESTS_PASSED,ELIGIBLE,,,59.485,D:\ki9\SEP490\ArrowCode\ARROW-paper\ARROW\runs\sample_selection\distributed\shard-2\candidates\01923_920690_920690_1
1928,7220231,7220231_0.json,https://github.com/fciubotaru/z-pec,TnefTimeZone,ZimbraServer/src/java/com/zimbra/cs/util/tnef/mapi/TnefTimeZone.java,nonstandard,,,,getTimeZone,61,public static,True,True,,,,,EXCLUDED,source_layout:nonstandard,,,,,,,,,2,0,,,,,,,,,EXCLUDED,semantic_metadata,source_layout:nonstandard,0.015,D:\ki9\SEP490\ArrowCode\ARROW-paper\ARROW\runs\sample_selection\distributed\shard-2\candidates\01928_7220231_7220231_0
1933,40998919,40998919_16.json,https://github.com/zalando/problem-spring-web,FallbackContentNegotiationStrategy,problem-spring-web/src/main/java/org/zalando/problem/spring/web/advice/FallbackContentNegotiationStrategy.java,production,,,,resolveMediaTypes,10,@Override @Nonnull public,True,True,,,,,ELIGIBLE,,,,,,,,,1,2,0,,,,,,,,,EXCLUDED,setup,"Error: [('D:\\ki9\\SEP490\\ArrowCode\\ARROW-paper\\ARROW\\repos\\40998919\\problem-spring-web\\src\\test\\java\\org\\zalando\\problem\\spring\\web\\advice\\routing\\MissingServletRequestParameterAdviceTraitTest.java', 'D:\\ki9\\SEP490\\ArrowCode\\ARROW-paper\\ARROW\\runs\\sample_selection\\distributed\\shard-2\\candidates\\01933_40998919_40998919_16\\workspace\\problem-spring-web\\src\\test\\java\\org\\zalando\\problem\\spring\\web\\advice\\routing\\MissingServletRequestParameterAdviceTraitTest.java', ""[Errno 2] No such file or directory: 'D:\\\\ki9\\\\SEP490\\\\ArrowCode\\\\ARROW-paper\\\\ARROW\\\\runs\\\\sample_selection\\\\distributed\\\\shard-2\\\\candidates\\\\01933_40998919_40998919_16\\\\workspace\\\\problem-spring-web\\\\src\\\\test\\\\java\\\\org\\\\zalando\\\\problem\\\\spring\\\\web\\\\advice\\\\routing\\\\MissingServletRequestParameterAdviceTraitTest.java'""), ('D:\\ki9\\SEP490\\ArrowCode\\ARROW-paper\\ARROW\\repos\\40998919\\problem-spring-web-autoconfigure\\src\\main\\java\\org\\zalando\\problem\\spring\\web\\autoconfigure\\ProblemJacksonAutoConfiguration.java', 'D:\\ki9\\SEP490\\ArrowCode\\ARROW-paper\\ARROW\\runs\\sample_selection\\distributed\\shard-2\\candidates\\01933_40998919_40998919_16\\workspace\\problem-spring-web-autoconfigure\\src\\main\\java\\org\\zalando\\problem\\spring\\web\\autoconfigure\\ProblemJacksonAutoConfiguration.java', ""[Errno 2] No such file or directory: 'D:\\\\ki9\\\\SEP490\\\\ArrowCode\\\\ARROW-paper\\\\ARROW\\\\runs\\\\sample_selection\\\\distributed\\\\shard-2\\\\candidates\\\\01933_40998919_40998919_16\\\\workspace\\\\problem-spring-web-autoconfigure\\\\src\\\\main\\\\java\\\\org\\\\zalando\\\\problem\\\\spring\\\\web\\\\autoconfigure\\\\ProblemJacksonAutoConfiguration.java'""), ('D:\\ki9\\SEP490\\ArrowCode\\ARROW-paper\\ARROW\\repos\\40998919\\problem-spring-web-autoconfigure\\src\\main\\java\\org\\zalando\\problem\\spring\\web\\autoconfigure\\ProblemJacksonWebMvcAutoConfiguration.java', 'D:\\ki9\\SEP490\\ArrowCode\\ARROW",5.032,D:\ki9\SEP490\ArrowCode\ARROW-paper\ARROW\runs\sample_selection\distributed\shard-2\candidates\01933_40998919_40998919_16
1938,39381014,39381014_7.json,https://github.com/akquinet/vaangular,NgTemplatePlus,vaangular/src/main/java/de/akquinet/engineering/vaadin/vaangular/angular/NgTemplatePlus.java,production,,,,getState,4,@Override public,False,True,,,,,EXCLUDED,trivial_focal_method,,,,,,,,,2,0,,,,,,,,,EXCLUDED,semantic_metadata,trivial_focal_method,0.032,D:\ki9\SEP490\ArrowCode\ARROW-paper\ARROW\runs\sample_selection\distributed\shard-2\candidates\01938_39381014_39381014_7
1943,8759133,8759133_5.json,https://github.com/Netflix/zuul,ZuulFiltersModule,zuul-guice/src/main/java/com/netflix/zuul/init/ZuulFiltersModule.java,production,class,False,86,findClassNames,32,@VisibleForTesting,True,True,0,False,,9,ELIGIBLE,,gradle,zuul-guice,junit5,17,D:\ki9\SEP490\ArrowCode\ARROW-paper\ARROW\Java-version\java-17,auto-discovered JDK 17,e7196352a26dabea7d09d3101ead6cef782b37b0,1,2,1,ASSERTION_FAILED,,,com.netflix.zuul.init.ZuulFiltersModule,,,,,EXCLUDED,baseline,failure: build failed with an exception.,108.203,D:\ki9\SEP490\ArrowCode\ARROW-paper\ARROW\runs\sample_selection\distributed\shard-2\candidates\01943_8759133_8759133_5
1948,1839196,1839196_2.json,https://github.com/dooApp/FXForm2,PropertyMethodElement,core/src/main/java/com/dooapp/fxform/model/impl/PropertyMethodElement.java,production,,,,setValue,4,@Override public,False,False,,,,,EXCLUDED,trivial_focal_method;no_observable_behavior,,,,,,,,,2,0,,,,,,,,,EXCLUDED,semantic_metadata,trivial_focal_method;no_observable_behavior,0.016,D:\ki9\SEP490\ArrowCode\ARROW-paper\ARROW\runs\sample_selection\distributed\shard-2\candidates\01948_1839196_1839196_2
1953,15841047,15841047_48.json,https://github.com/imixs/imixs-workflow,ModelService,imixs-workflow-engine/src/main/java/org/imixs/workflow/engine/ModelService.java,production,class,False,460,getModelByWorkitem,49,@Override public,True,True,0,False,,9,ELIGIBLE,,maven,imixs-workflow-engine,junit5,17,D:\ki9\SEP490\ArrowCode\ARROW-paper\ARROW\Java-version\java-17,auto-discovered JDK 17,,1,2,2,MODULE_TESTS_PASSED|MODULE_TESTS_PASSED,True,0,org.imixs.workflow.engine.ModelService,True,TARGET_TEST_PASSED,MODULE_TESTS_PASSED,MODULE_TESTS_PASSED,ELIGIBLE,,,152.468,D:\ki9\SEP490\ArrowCode\ARROW-paper\ARROW\runs\sample_selection\distributed\shard-2\candidates\01953_15841047_15841047_48
1958,53088165,53088165_1.json,https://github.com/drinkjava2/jBeanBox,BeanBoxUtils,jbeanbox/src/main/java/com/github/drinkjava2/jbeanbox/BeanBoxUtils.java,production,class,False,116,getConstructor,9,public static,True,True,0,False,,9,ELIGIBLE,,maven,jbeanbox,junit4,6,D:\ki9\SEP490\ArrowCode\ARROW-paper\ARROW\Java-version\java-8,auto-discovered compatible JDK 8 for Java 6,,1,2,2,MODULE_TESTS_PASSED|MODULE_TESTS_PASSED,True,0,com.github.drinkjava2.jbeanbox.BeanBoxUtils,True,TARGET_TEST_PASSED,MODULE_TESTS_PASSED,MODULE_TESTS_PASSED,ELIGIBLE,,,61.891,D:\ki9\SEP490\ArrowCode\ARROW-paper\ARROW\runs\sample_selection\distributed\shard-2\candidates\01958_53088165_53088165_1
1963,29034817,29034817_60.json,https://github.com/duniter/duniter-android-app,Contact,app/src/main/java/org/duniter/app/model/Entity/Contact.java,production,class,False,91,certify,6,public,True,True,0,False,,10,ELIGIBLE,,gradle,app,junit4,unknown,D:\ki9\SEP490\ArrowCode\ARROW-paper\ARROW\Java-version\java-8,Gradle 2.10 requires compatible JDK 8; auto-discovered,,1,2,1,ASSERTION_FAILED,,,org.duniter.app.model.Entity.Contact,,,,,EXCLUDED,baseline,"failed to notify projectevaluationlistener.afterevaluate(), but primary configuration failure takes precedence.",55.781,D:\ki9\SEP490\ArrowCode\ARROW-paper\ARROW\runs\sample_selection\distributed\shard-2\candidates\01963_29034817_29034817_60
1968,30806608,30806608_0.json,https://github.com/mschlauch/comfortreader,StringSegmenter,app/src/main/java/com/mschlauch/comfortreader/StringSegmenter.java,production,class,False,218,getsegmenthtml,82,public,True,True,0,False,,10,ELIGIBLE,,gradle,app,junit4,unknown,D:\ki9\SEP490\ArrowCode\ARROW-paper\ARROW\Java-version\java-8,Gradle 4.4 requires compatible JDK 8; auto-discovered,b7ac549760064badb84240d4150952be3089be98,1,2,1,ASSERTION_FAILED,,,com.mschlauch.comfortreader.StringSegmenter,,,,,EXCLUDED,baseline,failure: build failed with an exception.,138.781,D:\ki9\SEP490\ArrowCode\ARROW-paper\ARROW\runs\sample_selection\distributed\shard-2\candidates\01968_30806608_30806608_0
1973,3742298,3742298_4.json,https://github.com/performant-software/juxta-service,ComparisonSetCollator,juxta-ws/src/main/java/org/juxtasoftware/service/ComparisonSetCollator.java,production,class,False,295,collate,36,public,True,True,0,False,,9,ELIGIBLE,,maven,juxta-ws,junit4,6,D:\ki9\SEP490\ArrowCode\ARROW-paper\ARROW\Java-version\java-8,auto-discovered compatible JDK 8 for Java 6,,1,2,1,ASSERTION_FAILED,,,org.juxtasoftware.service.ComparisonSetCollator,,,,,EXCLUDED,baseline,[info] juxta :: diff 1.7-rc1 .............................. failure [ 1.725 s],45.187,D:\ki9\SEP490\ArrowCode\ARROW-paper\ARROW\runs\sample_selection\distributed\shard-2\candidates\01973_3742298_3742298_4
1978,199491032,199491032_1.json,https://github.com/vmware/declarative-cluster-management,Scheduler,k8s-scheduler/src/main/java/com/vmware/dcm/Scheduler.java,production,,,,scheduleAllPendingPods,33,"@SuppressWarnings(""unchecked"")",True,False,,,,,EXCLUDED,no_observable_behavior,,,,,,,,,2,0,,,,,,,,,EXCLUDED,semantic_metadata,no_observable_behavior,0.015,D:\ki9\SEP490\ArrowCode\ARROW-paper\ARROW\runs\sample_selection\distributed\shard-2\candidates\01978_199491032_199491032_1
1983,1579900,1579900_0.json,https://github.com/threerings/vilya,Percentiler,core/src/main/java/com/threerings/parlor/rating/util/Percentiler.java,production,class,False,390,getPercentile,10,public,True,True,0,False,,10,ELIGIBLE,,maven,core,junit4,10,,JDK 10 not mapped; using system default Java,,1,2,1,ASSERTION_FAILED,,,com.threerings.parlor.rating.util.Percentiler,,,,,EXCLUDED,baseline,[info] vilya core ......................................... failure [ 3.017 s],16.750,D:\ki9\SEP490\ArrowCode\ARROW-paper\ARROW\runs\sample_selection\distributed\shard-2\candidates\01983_1579900_1579900_0
1988,96845301,96845301_1.json,https://github.com/MarcGiffing/bucket4j-spring-boot-starter,ZuulRateLimitFilter,bucket4j-spring-boot-starter/src/main/java/com/giffing/bucket4j/spring/boot/starter/zuul/ZuulRateLimitFilter.java,production,,,,run,25,@Override public,True,True,,,,,ELIGIBLE,,,,,,,,c2460e76a18ab3260b56fc686b92d007501051bd,1,2,0,,,,,,,,,EXCLUDED,setup,"Error: [('D:\\ki9\\SEP490\\ArrowCode\\ARROW-paper\\ARROW\\repos\\96845301\\bucket4j-spring-boot-starter\\src\\main\\java\\com\\giffing\\bucket4j\\spring\\boot\\starter\\config\\cache\\hazelcast\\HazelcastBucket4jCacheConfiguration.java', 'D:\\ki9\\SEP490\\ArrowCode\\ARROW-paper\\ARROW\\runs\\sample_selection\\distributed\\shard-2\\candidates\\01988_96845301_96845301_1\\workspace\\bucket4j-spring-boot-starter\\src\\main\\java\\com\\giffing\\bucket4j\\spring\\boot\\starter\\config\\cache\\hazelcast\\HazelcastBucket4jCacheConfiguration.java', ""[Errno 2] No such file or directory: 'D:\\\\ki9\\\\SEP490\\\\ArrowCode\\\\ARROW-paper\\\\ARROW\\\\runs\\\\sample_selection\\\\distributed\\\\shard-2\\\\candidates\\\\01988_96845301_96845301_1\\\\workspace\\\\bucket4j-spring-boot-starter\\\\src\\\\main\\\\java\\\\com\\\\giffing\\\\bucket4j\\\\spring\\\\boot\\\\starter\\\\config\\\\cache\\\\hazelcast\\\\HazelcastBucket4jCacheConfiguration.java'""), ('D:\\ki9\\SEP490\\ArrowCode\\ARROW-paper\\ARROW\\repos\\96845301\\bucket4j-spring-boot-starter\\src\\main\\java\\com\\giffing\\bucket4j\\spring\\boot\\starter\\config\\cache\\hazelcast\\HazelcastCacheResolver.java', 'D:\\ki9\\SEP490\\ArrowCode\\ARROW-paper\\ARROW\\runs\\sample_selection\\distributed\\shard-2\\candidates\\01988_96845301_96845301_1\\workspace\\bucket4j-spring-boot-starter\\src\\main\\java\\com\\giffing\\bucket4j\\spring\\boot\\starter\\config\\cache\\hazelcast\\HazelcastCacheResolver.java', ""[Errno 2] No such file or directory: 'D:\\\\ki9\\\\SEP490\\\\ArrowCode\\\\ARROW-paper\\\\ARROW\\\\runs\\\\sample_selection\\\\distributed\\\\shard-2\\\\candidates\\\\01988_96845301_96845301_1\\\\workspace\\\\bucket4j-spring-boot-starter\\\\src\\\\main\\\\java\\\\com\\\\giffing\\\\bucket4j\\\\spring\\\\boot\\\\starter\\\\config\\\\cache\\\\hazelcast\\\\HazelcastCacheResolver.java'""), ('D:\\ki9\\SEP490\\ArrowCode\\ARROW-paper\\ARROW\\repos\\96845301\\bucket4j-spring-boot-starter\\src\\main\\java\\com\\giffing\\bucket4j\\spring\\boot\\sta",8.266,D:\ki9\SEP490\ArrowCode\ARROW-paper\ARROW\runs\sample_selection\distributed\shard-2\candidates\01988_96845301_96845301_1
1993,80605895,80605895_4.json,https://github.com/openzipkin-attic/zipkin-azure,EventHubCollector,collector/eventhub/src/main/java/zipkin2/collector/eventhub/EventHubCollector.java,production,,,,check,18,@Override public,True,True,,,,,ELIGIBLE,,,,,,,,,1,2,0,,,,,,,,,EXCLUDED,setup,"Error: [('D:\\ki9\\SEP490\\ArrowCode\\ARROW-paper\\ARROW\\repos\\80605895\\autoconfigure\\collector-eventhub\\src\\main\\java\\zipkin\\autoconfigure\\collector\\eventhub\\ZipkinEventHubCollectorAutoConfiguration.java', 'D:\\ki9\\SEP490\\ArrowCode\\ARROW-paper\\ARROW\\runs\\sample_selection\\distributed\\shard-2\\candidates\\01993_80605895_80605895_4\\workspace\\autoconfigure\\collector-eventhub\\src\\main\\java\\zipkin\\autoconfigure\\collector\\eventhub\\ZipkinEventHubCollectorAutoConfiguration.java', ""[Errno 2] No such file or directory: 'D:\\\\ki9\\\\SEP490\\\\ArrowCode\\\\ARROW-paper\\\\ARROW\\\\runs\\\\sample_selection\\\\distributed\\\\shard-2\\\\candidates\\\\01993_80605895_80605895_4\\\\workspace\\\\autoconfigure\\\\collector-eventhub\\\\src\\\\main\\\\java\\\\zipkin\\\\autoconfigure\\\\collector\\\\eventhub\\\\ZipkinEventHubCollectorAutoConfiguration.java'""), ('D:\\ki9\\SEP490\\ArrowCode\\ARROW-paper\\ARROW\\repos\\80605895\\autoconfigure\\collector-eventhub\\src\\test\\java\\zipkin\\autoconfigure\\collector\\eventhub\\ZipkinEventHubCollectorAutoConfigurationTest.java', 'D:\\ki9\\SEP490\\ArrowCode\\ARROW-paper\\ARROW\\runs\\sample_selection\\distributed\\shard-2\\candidates\\01993_80605895_80605895_4\\workspace\\autoconfigure\\collector-eventhub\\src\\test\\java\\zipkin\\autoconfigure\\collector\\eventhub\\ZipkinEventHubCollectorAutoConfigurationTest.java', ""[Errno 2] No such file or directory: 'D:\\\\ki9\\\\SEP490\\\\ArrowCode\\\\ARROW-paper\\\\ARROW\\\\runs\\\\sample_selection\\\\distributed\\\\shard-2\\\\candidates\\\\01993_80605895_80605895_4\\\\workspace\\\\autoconfigure\\\\collector-eventhub\\\\src\\\\test\\\\java\\\\zipkin\\\\autoconfigure\\\\collector\\\\eventhub\\\\ZipkinEventHubCollectorAutoConfigurationTest.java'""), ('D:\\ki9\\SEP490\\ArrowCode\\ARROW-paper\\ARROW\\repos\\80605895\\autoconfigure\\collector-eventhub\\src\\test\\java\\zipkin\\autoconfigure\\collector\\eventhub\\ZipkinEventHubCollectorPropertiesTest.java', 'D:\\ki9\\SEP490\\ArrowCod",2.875,D:\ki9\SEP490\ArrowCode\ARROW-paper\ARROW\runs\sample_selection\distributed\shard-2\candidates\01993_80605895_80605895_4
1998,2647335,2647335_0.json,https://github.com/alf239/wro4j-tag,ResourcePath,tag/src/main/java/uk/ac/ebi/gxa/web/wro4j/tag/ResourcePath.java,production,class,False,61,normalizePath,3,public static,False,True,0,False,,8,ELIGIBLE,,maven,tag,junit4,unknown,,no project java version detected,,1,2,1,COMPILE_FAILED,,,uk.ac.ebi.gxa.web.wro4j.tag.ResourcePath,,,,,EXCLUDED,baseline,java.lang.noclassdeffounderror: could not initialize class org.easymock.internal.classproxyfactory$2,19.015,D:\ki9\SEP490\ArrowCode\ARROW-paper\ARROW\runs\sample_selection\distributed\shard-2\candidates\01998_2647335_2647335_0
2003,75939912,75939912_0.json,https://github.com/AdamBien/firehose,Extractor,firehose/src/main/java/com/airhacks/firehose/extractor/control/Extractor.java,production,class,False,58,extractor,18,,True,True,0,False,,10,ELIGIBLE,,maven,firehose,junit4,8,D:\ki9\SEP490\ArrowCode\ARROW-paper\ARROW\Java-version\java-8,auto-discovered JDK 8,,1,2,2,MODULE_TESTS_PASSED|MODULE_TESTS_PASSED,True,0,com.airhacks.firehose.extractor.control.Extractor,True,TARGET_TEST_PASSED,MODULE_TESTS_PASSED,MODULE_TESTS_PASSED,ELIGIBLE,,,37.328,D:\ki9\SEP490\ArrowCode\ARROW-paper\ARROW\runs\sample_selection\distributed\shard-2\candidates\02003_75939912_75939912_0
2008,38321655,38321655_23.json,https://github.com/ArcBees/BeeStore,ShoppingCartPresenter,client/src/main/java/com/arcbees/beestore/client/application/widget/sidepanel/cart/ShoppingCartPresenter.java,production,,,,onBind,9,@Override protected,False,False,,,,,EXCLUDED,no_observable_behavior,,,,,,,,,2,0,,,,,,,,,EXCLUDED,semantic_metadata,no_observable_behavior,0.015,D:\ki9\SEP490\ArrowCode\ARROW-paper\ARROW\runs\sample_selection\distributed\shard-2\candidates\02008_38321655_38321655_23
2013,35486799,35486799_0.json,https://github.com/sealuzh/PerformanceHat,JsonRestClientImpl,cw-feedback-handler/src/main/java/eu/cloudwave/wp5/feedbackhandler/rest/JsonRestClientImpl.java,production,,,,get,5,@Override public,False,True,,,,,ELIGIBLE,,,,,,,,,1,2,0,,,,,,,,,EXCLUDED,setup,"Error: [('D:\\ki9\\SEP490\\ArrowCode\\ARROW-paper\\ARROW\\repos\\35486799\\cw-feedback-eclipse-base\\src\\eu\\cloudwave\\wp5\\feedback\\eclipse\\base\\core\\builders\\participants\\AbstractFeedbackBuilderParticipant.java', 'D:\\ki9\\SEP490\\ArrowCode\\ARROW-paper\\ARROW\\runs\\sample_selection\\distributed\\shard-2\\candidates\\02013_35486799_35486799_0\\workspace\\cw-feedback-eclipse-base\\src\\eu\\cloudwave\\wp5\\feedback\\eclipse\\base\\core\\builders\\participants\\AbstractFeedbackBuilderParticipant.java', ""[Errno 2] No such file or directory: 'D:\\\\ki9\\\\SEP490\\\\ArrowCode\\\\ARROW-paper\\\\ARROW\\\\runs\\\\sample_selection\\\\distributed\\\\shard-2\\\\candidates\\\\02013_35486799_35486799_0\\\\workspace\\\\cw-feedback-eclipse-base\\\\src\\\\eu\\\\cloudwave\\\\wp5\\\\feedback\\\\eclipse\\\\base\\\\core\\\\builders\\\\participants\\\\AbstractFeedbackBuilderParticipant.java'""), ('D:\\ki9\\SEP490\\ArrowCode\\ARROW-paper\\ARROW\\repos\\35486799\\cw-feedback-eclipse-base\\src\\eu\\cloudwave\\wp5\\feedback\\eclipse\\base\\resources\\core\\java\\AbstractFeedbackJavaResourceFactoryImpl.java', 'D:\\ki9\\SEP490\\ArrowCode\\ARROW-paper\\ARROW\\runs\\sample_selection\\distributed\\shard-2\\candidates\\02013_35486799_35486799_0\\workspace\\cw-feedback-eclipse-base\\src\\eu\\cloudwave\\wp5\\feedback\\eclipse\\base\\resources\\core\\java\\AbstractFeedbackJavaResourceFactoryImpl.java', ""[Errno 2] No such file or directory: 'D:\\\\ki9\\\\SEP490\\\\ArrowCode\\\\ARROW-paper\\\\ARROW\\\\runs\\\\sample_selection\\\\distributed\\\\shard-2\\\\candidates\\\\02013_35486799_35486799_0\\\\workspace\\\\cw-feedback-eclipse-base\\\\src\\\\eu\\\\cloudwave\\\\wp5\\\\feedback\\\\eclipse\\\\base\\\\resources\\\\core\\\\java\\\\AbstractFeedbackJavaResourceFactoryImpl.java'""), ('D:\\ki9\\SEP490\\ArrowCode\\ARROW-paper\\ARROW\\repos\\35486799\\cw-feedback-eclipse-base\\src\\eu\\cloudwave\\wp5\\feedback\\eclipse\\base\\ui\\hovers\\contentprovider\\AbstractFeedbackInformationControlContentProvide",32.922,D:\ki9\SEP490\ArrowCode\ARROW-paper\ARROW\runs\sample_selection\distributed\shard-2\candidates\02013_35486799_35486799_0
2018,10837431,10837431_9.json,https://github.com/domogik/domodroid,Entity_Feature_Association,Domodroid/src/main/java/Entity/Entity_Feature_Association.java,production,,,,getPlace_id,3,public,False,True,,,,,EXCLUDED,trivial_focal_method,,,,,,,,,2,0,,,,,,,,,EXCLUDED,semantic_metadata,trivial_focal_method,0.032,D:\ki9\SEP490\ArrowCode\ARROW-paper\ARROW\runs\sample_selection\distributed\shard-2\candidates\02018_10837431_10837431_9
2023,184477043,184477043_1.json,https://github.com/crossmob/CrossMobile,Requirement,cmutils/cmutils-tools/src/main/java/org/crossmobile/utils/reqgraph/Requirement.java,production,,,,setRequires,5,public,True,True,,,,,ELIGIBLE,,,,,,,,,1,2,0,,,,,,,,,EXCLUDED,setup,"Error: [('D:\\ki9\\SEP490\\ArrowCode\\ARROW-paper\\ARROW\\repos\\184477043\\cmarchetypes\\cmarchetype-navigation\\src\\main\\resources\\archetype-resources\\src\\main\\java\\__artifactId__\\ApplicationDelegate.java', 'D:\\ki9\\SEP490\\ArrowCode\\ARROW-paper\\ARROW\\runs\\sample_selection\\distributed\\shard-2\\candidates\\02023_184477043_184477043_1\\workspace\\cmarchetypes\\cmarchetype-navigation\\src\\main\\resources\\archetype-resources\\src\\main\\java\\__artifactId__\\ApplicationDelegate.java', ""[Errno 2] No such file or directory: 'D:\\\\ki9\\\\SEP490\\\\ArrowCode\\\\ARROW-paper\\\\ARROW\\\\runs\\\\sample_selection\\\\distributed\\\\shard-2\\\\candidates\\\\02023_184477043_184477043_1\\\\workspace\\\\cmarchetypes\\\\cmarchetype-navigation\\\\src\\\\main\\\\resources\\\\archetype-resources\\\\src\\\\main\\\\java\\\\__artifactId__\\\\ApplicationDelegate.java'""), ('D:\\ki9\\SEP490\\ArrowCode\\ARROW-paper\\ARROW\\repos\\184477043\\cmarchetypes\\cmarchetype-storyboard\\src\\main\\resources\\archetype-resources\\src\\main\\java\\__artifactId__\\ApplicationDelegate.java', 'D:\\ki9\\SEP490\\ArrowCode\\ARROW-paper\\ARROW\\runs\\sample_selection\\distributed\\shard-2\\candidates\\02023_184477043_184477043_1\\workspace\\cmarchetypes\\cmarchetype-storyboard\\src\\main\\resources\\archetype-resources\\src\\main\\java\\__artifactId__\\ApplicationDelegate.java', ""[Errno 2] No such file or directory: 'D:\\\\ki9\\\\SEP490\\\\ArrowCode\\\\ARROW-paper\\\\ARROW\\\\runs\\\\sample_selection\\\\distributed\\\\shard-2\\\\candidates\\\\02023_184477043_184477043_1\\\\workspace\\\\cmarchetypes\\\\cmarchetype-storyboard\\\\src\\\\main\\\\resources\\\\archetype-resources\\\\src\\\\main\\\\java\\\\__artifactId__\\\\ApplicationDelegate.java'"")]",50.390,D:\ki9\SEP490\ArrowCode\ARROW-paper\ARROW\runs\sample_selection\distributed\shard-2\candidates\02023_184477043_184477043_1
2028,11857228,11857228_12.json,https://github.com/joshelser/cosmos,JsonRecords,core/src/main/java/cosmos/records/JsonRecords.java,production,class,False,310,parseAsMultimap,3,public static,False,True,0,True,filesystem,6,EXCLUDED,external_dependency_risk:filesystem;testability_score_below_7,,,,,,,,1,2,0,,,,,,,,,EXCLUDED,semantic,external_dependency_risk:filesystem;testability_score_below_7,7.125,D:\ki9\SEP490\ArrowCode\ARROW-paper\ARROW\runs\sample_selection\distributed\shard-2\candidates\02028_11857228_11857228_12
2033,77859095,77859095_23.json,https://github.com/traneio/future,WaitQueueHeadTail,future-java/src/main/java/io/trane/future/WaitQueue.java,production,,,,flush,10,@Override public final,True,False,,,,,EXCLUDED,no_observable_behavior,,,,,,,,,2,0,,,,,,,,,EXCLUDED,semantic_metadata,no_observable_behavior,0.015,D:\ki9\SEP490\ArrowCode\ARROW-paper\ARROW\runs\sample_selection\distributed\shard-2\candidates\02033_77859095_77859095_23
2038,14718267,14718267_30.json,https://github.com/allure-framework/allure1,AllureAspectUtils,allure-java-aspects/src/main/java/ru/yandex/qatools/allure/aspects/AllureAspectUtils.java,production,class,False,97,getTitle,11,public static,True,True,0,False,,9,ELIGIBLE,,maven,allure-java-aspects,junit4,${compiler.version},,JDK ${compiler.version} not mapped; using system default Java,,1,2,1,COMPILE_FAILED,,,ru.yandex.qatools.allure.aspects.AllureAspectUtils,,,,,EXCLUDED,baseline,error: java_home not found in your environment.,10.922,D:\ki9\SEP490\ArrowCode\ARROW-paper\ARROW\runs\sample_selection\distributed\shard-2\candidates\02038_14718267_14718267_30
2043,50677285,50677285_7.json,https://github.com/vitrivr/cineast,AssociatedLegendrePolynomial,cineast-core/src/main/java/org/vitrivr/cineast/core/util/math/functions/AssociatedLegendrePolynomial.java,production,class,False,78,value,4,@Override public final,False,True,2,False,,8,ELIGIBLE,,gradle,cineast-core,junit5,17,D:\ki9\SEP490\ArrowCode\ARROW-paper\ARROW\Java-version\java-17,auto-discovered JDK 17,,1,2,1,TOOL_ERROR,,,org.vitrivr.cineast.core.util.math.functions.AssociatedLegendrePolynomial,,,,,EXCLUDED,baseline,[Errno 2] No such file or directory: 'D:\\ki9\\SEP490\\ArrowCode\\ARROW-paper\\ARROW\\runs\\sample_selection\\distributed\\shard-2\\candidates\\02043_50677285_50677285_7\\workspace\\cineast-core\\build\\test-results\\test\\TEST-org.vitrivr.cineast.core.iiif.imageapi.BaseImageRequestBuilderTest$setExtensionTests.xml',288.844,D:\ki9\SEP490\ArrowCode\ARROW-paper\ARROW\runs\sample_selection\distributed\shard-2\candidates\02043_50677285_50677285_7
2048,17537838,17537838_2.json,https://github.com/apache/cxf-fediz,DefaultRoleToGroupMapper,plugins/websphere/src/main/java/org/apache/cxf/fediz/was/mapper/DefaultRoleToGroupMapper.java,production,,,,groupsFromRoles,14,@Override public,True,True,,,,,ELIGIBLE,,,,,,,,,1,2,0,,,,,,,,,EXCLUDED,setup,"Error: [('D:\\ki9\\SEP490\\ArrowCode\\ARROW-paper\\ARROW\\repos\\17537838\\plugins\\spring\\src\\main\\java\\org\\apache\\cxf\\fediz\\spring\\preauth\\PreAuthenticatedGrantedAuthoritiesUserDetailsFederationService.java', 'D:\\ki9\\SEP490\\ArrowCode\\ARROW-paper\\ARROW\\runs\\sample_selection\\distributed\\shard-2\\candidates\\02048_17537838_17537838_2\\workspace\\plugins\\spring\\src\\main\\java\\org\\apache\\cxf\\fediz\\spring\\preauth\\PreAuthenticatedGrantedAuthoritiesUserDetailsFederationService.java', ""[Errno 2] No such file or directory: 'D:\\\\ki9\\\\SEP490\\\\ArrowCode\\\\ARROW-paper\\\\ARROW\\\\runs\\\\sample_selection\\\\distributed\\\\shard-2\\\\candidates\\\\02048_17537838_17537838_2\\\\workspace\\\\plugins\\\\spring\\\\src\\\\main\\\\java\\\\org\\\\apache\\\\cxf\\\\fediz\\\\spring\\\\preauth\\\\PreAuthenticatedGrantedAuthoritiesUserDetailsFederationService.java'"")]",16.641,D:\ki9\SEP490\ArrowCode\ARROW-paper\ARROW\runs\sample_selection\distributed\shard-2\candidates\02048_17537838_17537838_2
2053,5455474,5455474_0.json,https://github.com/RestComm/smscgateway,SmsSetCache,core/smsc-common-library/src/main/java/org/mobicents/smsc/library/SmsSetCache.java,production,,,,addSmsSet,15,public,True,True,,,,,ELIGIBLE,,,,,,,,,1,2,0,,,,,,,,,EXCLUDED,setup,"Error: [('D:\\ki9\\SEP490\\ArrowCode\\ARROW-paper\\ARROW\\repos\\5455474\\core\\slee\\resource-adaptors\\common-library\\src\\main\\java\\org\\mobicents\\smsc\\slee\\services\\smpp\\server\\events\\InformServiceCenterContainer.java', 'D:\\ki9\\SEP490\\ArrowCode\\ARROW-paper\\ARROW\\runs\\sample_selection\\distributed\\shard-2\\candidates\\02053_5455474_5455474_0\\workspace\\core\\slee\\resource-adaptors\\common-library\\src\\main\\java\\org\\mobicents\\smsc\\slee\\services\\smpp\\server\\events\\InformServiceCenterContainer.java', ""[Errno 2] No such file or directory: 'D:\\\\ki9\\\\SEP490\\\\ArrowCode\\\\ARROW-paper\\\\ARROW\\\\runs\\\\sample_selection\\\\distributed\\\\shard-2\\\\candidates\\\\02053_5455474_5455474_0\\\\workspace\\\\core\\\\slee\\\\resource-adaptors\\\\common-library\\\\src\\\\main\\\\java\\\\org\\\\mobicents\\\\smsc\\\\slee\\\\services\\\\smpp\\\\server\\\\events\\\\InformServiceCenterContainer.java'""), ('D:\\ki9\\SEP490\\ArrowCode\\ARROW-paper\\ARROW\\repos\\5455474\\core\\slee\\resource-adaptors\\persistence-ra\\ra\\src\\main\\java\\org\\mobicents\\smsc\\slee\\resources\\persistence\\PersistenceResourceAdaptor.java', 'D:\\ki9\\SEP490\\ArrowCode\\ARROW-paper\\ARROW\\runs\\sample_selection\\distributed\\shard-2\\candidates\\02053_5455474_5455474_0\\workspace\\core\\slee\\resource-adaptors\\persistence-ra\\ra\\src\\main\\java\\org\\mobicents\\smsc\\slee\\resources\\persistence\\PersistenceResourceAdaptor.java', ""[Errno 2] No such file or directory: 'D:\\\\ki9\\\\SEP490\\\\ArrowCode\\\\ARROW-paper\\\\ARROW\\\\runs\\\\sample_selection\\\\distributed\\\\shard-2\\\\candidates\\\\02053_5455474_5455474_0\\\\workspace\\\\core\\\\slee\\\\resource-adaptors\\\\persistence-ra\\\\ra\\\\src\\\\main\\\\java\\\\org\\\\mobicents\\\\smsc\\\\slee\\\\resources\\\\persistence\\\\PersistenceResourceAdaptor.java'""), ('D:\\ki9\\SEP490\\ArrowCode\\ARROW-paper\\ARROW\\repos\\5455474\\core\\slee\\resource-adaptors\\persistence-ra\\ra\\src\\test\\java\\org\\mobicents\\smsc\\",264.141,D:\ki9\SEP490\ArrowCode\ARROW-paper\ARROW\runs\sample_selection\distributed\shard-2\candidates\02053_5455474_5455474_0
2058,3937364,3937364_10.json,https://github.com/exoplatform/platform,BrandingServiceImpl,component/common/src/main/java/org/exoplatform/platform/common/branding/BrandingServiceImpl.java,production,,,,updateBrandingInformation,6,@Override public,False,False,,,,,EXCLUDED,no_observable_behavior,,,,,,,,,2,0,,,,,,,,,EXCLUDED,semantic_metadata,no_observable_behavior,0.031,D:\ki9\SEP490\ArrowCode\ARROW-paper\ARROW\runs\sample_selection\distributed\shard-2\candidates\02058_3937364_3937364_10
2063,148886237,148886237_186.json,https://github.com/eclipse-ee4j/glassfish,CreateMailResource,appserver/resources/mail/mail-connector/src/main/java/org/glassfish/resources/mail/admin/cli/CreateMailResource.java,production,,,,execute,42,public,True,False,,,,,EXCLUDED,no_observable_behavior,,,,,,,,,2,0,,,,,,,,,EXCLUDED,semantic_metadata,no_observable_behavior,0.015,D:\ki9\SEP490\ArrowCode\ARROW-paper\ARROW\runs\sample_selection\distributed\shard-2\candidates\02063_148886237_148886237_186
2068,26072381,26072381_7.json,https://github.com/protobufel/protobuf-el,DynamicMessage,protobufel/src/main/java/com/github/protobufel/DynamicMessage.java,production,,,,newBuilder,3,public static,False,True,,,,,ELIGIBLE,,,,,,,,,1,2,0,,,,,,,,,EXCLUDED,setup,"Error: [('D:\\ki9\\SEP490\\ArrowCode\\ARROW-paper\\ARROW\\repos\\26072381\\resource-exec-maven-plugin\\src\\test\\resources\\com\\github\\protobufel\\resource\\exec\\maven\\plugin\\protoc-errors\\InvalidExtensionRange1.proto', 'D:\\ki9\\SEP490\\ArrowCode\\ARROW-paper\\ARROW\\runs\\sample_selection\\distributed\\shard-2\\candidates\\02068_26072381_26072381_7\\workspace\\resource-exec-maven-plugin\\src\\test\\resources\\com\\github\\protobufel\\resource\\exec\\maven\\plugin\\protoc-errors\\InvalidExtensionRange1.proto', ""[Errno 2] No such file or directory: 'D:\\\\ki9\\\\SEP490\\\\ArrowCode\\\\ARROW-paper\\\\ARROW\\\\runs\\\\sample_selection\\\\distributed\\\\shard-2\\\\candidates\\\\02068_26072381_26072381_7\\\\workspace\\\\resource-exec-maven-plugin\\\\src\\\\test\\\\resources\\\\com\\\\github\\\\protobufel\\\\resource\\\\exec\\\\maven\\\\plugin\\\\protoc-errors\\\\InvalidExtensionRange1.proto'""), ('D:\\ki9\\SEP490\\ArrowCode\\ARROW-paper\\ARROW\\repos\\26072381\\resource-exec-maven-plugin\\src\\test\\resources\\com\\github\\protobufel\\resource\\exec\\maven\\plugin\\protoc-errors\\NonUniqueExtensionName1.proto', 'D:\\ki9\\SEP490\\ArrowCode\\ARROW-paper\\ARROW\\runs\\sample_selection\\distributed\\shard-2\\candidates\\02068_26072381_26072381_7\\workspace\\resource-exec-maven-plugin\\src\\test\\resources\\com\\github\\protobufel\\resource\\exec\\maven\\plugin\\protoc-errors\\NonUniqueExtensionName1.proto', ""[Errno 2] No such file or directory: 'D:\\\\ki9\\\\SEP490\\\\ArrowCode\\\\ARROW-paper\\\\ARROW\\\\runs\\\\sample_selection\\\\distributed\\\\shard-2\\\\candidates\\\\02068_26072381_26072381_7\\\\workspace\\\\resource-exec-maven-plugin\\\\src\\\\test\\\\resources\\\\com\\\\github\\\\protobufel\\\\resource\\\\exec\\\\maven\\\\plugin\\\\protoc-errors\\\\NonUniqueExtensionName1.proto'"")]",10.110,D:\ki9\SEP490\ArrowCode\ARROW-paper\ARROW\runs\sample_selection\distributed\shard-2\candidates\02068_26072381_26072381_7
2073,7403873,7403873_31.json,https://github.com/SonarSource/sonar-xml,XmlSensor,sonar-xml-plugin/src/main/java/org/sonar/plugins/xml/XmlSensor.java,production,,,,execute,28,@Override public,True,False,,,,,EXCLUDED,no_observable_behavior,,,,,,,,,2,0,,,,,,,,,EXCLUDED,semantic_metadata,no_observable_behavior,0.031,D:\ki9\SEP490\ArrowCode\ARROW-paper\ARROW\runs\sample_selection\distributed\shard-2\candidates\02073_7403873_7403873_31
2078,62373731,62373731_25.json,https://github.com/ctt-gob-es/SIGM-Community,AOXAdESTriPhaseSigner,modulos/componente_firma_trifasica/afirma-crypto-xadestri-client/src/main/java/es/gob/afirma/signers/xadestri/client/AOXAdESTriPhaseSigner.java,production,,,,countersign,28,@Override public,True,True,,,,,ELIGIBLE,,,,,,,,,1,2,0,,,,,,,,,EXCLUDED,setup,"Error: [('D:\\ki9\\SEP490\\ArrowCode\\ARROW-paper\\ARROW\\repos\\62373731\\archivo\\archidoc\\src\\main\\java\\fondos\\db\\commonPostgreSQLServer\\ElementoCuadroClasificacionPostgreeSQLServerBaseDBEntityImpl.java', 'D:\\ki9\\SEP490\\ArrowCode\\ARROW-paper\\ARROW\\runs\\sample_selection\\distributed\\shard-2\\candidates\\02078_62373731_62373731_25\\workspace\\archivo\\archidoc\\src\\main\\java\\fondos\\db\\commonPostgreSQLServer\\ElementoCuadroClasificacionPostgreeSQLServerBaseDBEntityImpl.java', ""[Errno 2] No such file or directory: 'D:\\\\ki9\\\\SEP490\\\\ArrowCode\\\\ARROW-paper\\\\ARROW\\\\runs\\\\sample_selection\\\\distributed\\\\shard-2\\\\candidates\\\\02078_62373731_62373731_25\\\\workspace\\\\archivo\\\\archidoc\\\\src\\\\main\\\\java\\\\fondos\\\\db\\\\commonPostgreSQLServer\\\\ElementoCuadroClasificacionPostgreeSQLServerBaseDBEntityImpl.java'""), ('D:\\ki9\\SEP490\\ArrowCode\\ARROW-paper\\ARROW\\repos\\62373731\\archivo\\archidoc_cfg_modules\\producto_cfg\\src\\main\\scripts\\db2\\Actualizacion\\modificaciones_anteriores\\Modificaciones_DB2_v4.0.sql', 'D:\\ki9\\SEP490\\ArrowCode\\ARROW-paper\\ARROW\\runs\\sample_selection\\distributed\\shard-2\\candidates\\02078_62373731_62373731_25\\workspace\\archivo\\archidoc_cfg_modules\\producto_cfg\\src\\main\\scripts\\db2\\Actualizacion\\modificaciones_anteriores\\Modificaciones_DB2_v4.0.sql', ""[Errno 2] No such file or directory: 'D:\\\\ki9\\\\SEP490\\\\ArrowCode\\\\ARROW-paper\\\\ARROW\\\\runs\\\\sample_selection\\\\distributed\\\\shard-2\\\\candidates\\\\02078_62373731_62373731_25\\\\workspace\\\\archivo\\\\archidoc_cfg_modules\\\\producto_cfg\\\\src\\\\main\\\\scripts\\\\db2\\\\Actualizacion\\\\modificaciones_anteriores\\\\Modificaciones_DB2_v4.0.sql'""), ('D:\\ki9\\SEP490\\ArrowCode\\ARROW-paper\\ARROW\\repos\\62373731\\archivo\\archidoc_cfg_modules\\producto_cfg\\src\\main\\scripts\\db2\\Actualizacion\\modificaciones_anteriores\\Modificaciones_DB2_v4.0_Functions.sql', 'D:\\ki9\\SEP490\\ArrowCode\\ARROW-paper\\A",830.250,D:\ki9\SEP490\ArrowCode\ARROW-paper\ARROW\runs\sample_selection\distributed\shard-2\candidates\02078_62373731_62373731_25
2083,108854086,108854086_14.json,https://github.com/HPI-Information-Systems/inclusion-dependency-algorithms,InclusionDependencyUtil,adp-algorithms/util/src/main/java/de/metanome/util/InclusionDependencyUtil.java,production,,,,getMax,11,public,True,True,,,,,ELIGIBLE,,,,,,,,,1,2,0,,,,,,,,,EXCLUDED,setup,"Error: [('D:\\ki9\\SEP490\\ArrowCode\\ARROW-paper\\ARROW\\repos\\108854086\\adp-algorithms\\bell-brockhausen\\src\\main\\java\\de\\metanome\\algorithms\\bellbrockhausen\\configuration\\BellBrockhausenConfiguration.java', 'D:\\ki9\\SEP490\\ArrowCode\\ARROW-paper\\ARROW\\runs\\sample_selection\\distributed\\shard-2\\candidates\\02083_108854086_108854086_14\\workspace\\adp-algorithms\\bell-brockhausen\\src\\main\\java\\de\\metanome\\algorithms\\bellbrockhausen\\configuration\\BellBrockhausenConfiguration.java', ""[Errno 2] No such file or directory: 'D:\\\\ki9\\\\SEP490\\\\ArrowCode\\\\ARROW-paper\\\\ARROW\\\\runs\\\\sample_selection\\\\distributed\\\\shard-2\\\\candidates\\\\02083_108854086_108854086_14\\\\workspace\\\\adp-algorithms\\\\bell-brockhausen\\\\src\\\\main\\\\java\\\\de\\\\metanome\\\\algorithms\\\\bellbrockhausen\\\\configuration\\\\BellBrockhausenConfiguration.java'"")]",41.984,D:\ki9\SEP490\ArrowCode\ARROW-paper\ARROW\runs\sample_selection\distributed\shard-2\candidates\02083_108854086_108854086_14
2088,185170825,185170825_0.json,https://github.com/doublechaintech/global-unique-id-generator,SnowFlakeIdGenerator,client/src/main/java/com/doublechain/id/SnowFlakeIdGenerator.java,production,class,False,67,nextId,21,public,True,True,3,True,nondeterminism,9,EXCLUDED,external_dependency_risk:nondeterminism,,,,,,,,1,2,0,,,,,,,,,EXCLUDED,semantic,external_dependency_risk:nondeterminism,2.969,D:\ki9\SEP490\ArrowCode\ARROW-paper\ARROW\runs\sample_selection\distributed\shard-2\candidates\02088_185170825_185170825_0
2093,73282380,73282380_0.json,https://github.com/spring-cloud-samples/spring-cloud-contract-samples,BeerController,consumer_pact/src/main/java/com/example/BeerController.java,production,,,,gimmeABeer,18,"@RequestMapping(method = RequestMethod.POST, value = ""/beer"", consumes = MediaType.APPLICATION_JSON_UTF8_VALUE, produces = MediaType.APPLICATION_JSON_UTF8_VALUE) public",True,True,,,,,ELIGIBLE,,,,,,,,d1eed41ffa40f1405b6d13b262024cd79a6e22d7,1,2,0,,,,,,,,,EXCLUDED,setup,"Error: [('D:\\ki9\\SEP490\\ArrowCode\\ARROW-paper\\ARROW\\repos\\73282380\\beer_contracts\\src\\main\\resources\\contracts\\com\\example\\beer-api-producer-external\\1.0.0\\beer-api-consumer\\messaging\\shouldSendAcceptedVerification.groovy', 'D:\\ki9\\SEP490\\ArrowCode\\ARROW-paper\\ARROW\\runs\\sample_selection\\distributed\\shard-2\\candidates\\02093_73282380_73282380_0\\workspace\\beer_contracts\\src\\main\\resources\\contracts\\com\\example\\beer-api-producer-external\\1.0.0\\beer-api-consumer\\messaging\\shouldSendAcceptedVerification.groovy', ""[Errno 2] No such file or directory: 'D:\\\\ki9\\\\SEP490\\\\ArrowCode\\\\ARROW-paper\\\\ARROW\\\\runs\\\\sample_selection\\\\distributed\\\\shard-2\\\\candidates\\\\02093_73282380_73282380_0\\\\workspace\\\\beer_contracts\\\\src\\\\main\\\\resources\\\\contracts\\\\com\\\\example\\\\beer-api-producer-external\\\\1.0.0\\\\beer-api-consumer\\\\messaging\\\\shouldSendAcceptedVerification.groovy'""), ('D:\\ki9\\SEP490\\ArrowCode\\ARROW-paper\\ARROW\\repos\\73282380\\beer_contracts\\src\\main\\resources\\contracts\\com\\example\\beer-api-producer-external\\1.0.0\\beer-api-consumer\\messaging\\shouldSendRejectedVerification.groovy', 'D:\\ki9\\SEP490\\ArrowCode\\ARROW-paper\\ARROW\\runs\\sample_selection\\distributed\\shard-2\\candidates\\02093_73282380_73282380_0\\workspace\\beer_contracts\\src\\main\\resources\\contracts\\com\\example\\beer-api-producer-external\\1.0.0\\beer-api-consumer\\messaging\\shouldSendRejectedVerification.groovy', ""[Errno 2] No such file or directory: 'D:\\\\ki9\\\\SEP490\\\\ArrowCode\\\\ARROW-paper\\\\ARROW\\\\runs\\\\sample_selection\\\\distributed\\\\shard-2\\\\candidates\\\\02093_73282380_73282380_0\\\\workspace\\\\beer_contracts\\\\src\\\\main\\\\resources\\\\contracts\\\\com\\\\example\\\\beer-api-producer-external\\\\1.0.0\\\\beer-api-consumer\\\\messaging\\\\shouldSendRejectedVerification.groovy'""), ('D:\\ki9\\SEP490\\ArrowCode\\ARROW-paper\\ARROW\\repos\\73282380\\beer_contracts\\src\\main\\",46.110,D:\ki9\SEP490\ArrowCode\ARROW-paper\ARROW\runs\sample_selection\distributed\shard-2\candidates\02093_73282380_73282380_0
2098,21089070,21089070_4.json,https://github.com/Talend/tbd-studio-se,ClouderaAPIUtil,main/components_lib/talend-lineage-api/src/main/java/org/talend/lineage/cloudera/util/ClouderaAPIUtil.java,production,,,,extractNavigatorURL,9,public static,True,True,,,,,ELIGIBLE,,,,,,,,,,2,0,,,,,,,,,EXCLUDED,setup,"RuntimeError: Repository setup failed after 3 attempts: CalledProcessError: Command '['git', '-c', 'core.longpaths=true', 'clone', '--depth', '1', 'https://github.com/Talend/tbd-studio-se', 'D:\\ki9\\SEP490\\ArrowCode\\ARROW-paper\\ARROW\\repos\\21089070']' returned non-zero exit status 128.",9.969,D:\ki9\SEP490\ArrowCode\ARROW-paper\ARROW\runs\sample_selection\distributed\shard-2\candidates\02098_21089070_21089070_4
2103,5455458,5455458_14.json,https://github.com/RestComm/Restcomm-Connect,ISpeechAsr,restcomm/restcomm.asr/src/main/java/org/restcomm/connect/asr/ISpeechAsr.java,production,,,,info,3,private,False,True,,,,,EXCLUDED,focal_method_not_directly_testable,,,,,,,,,2,0,,,,,,,,,EXCLUDED,semantic_metadata,focal_method_not_directly_testable,0.015,D:\ki9\SEP490\ArrowCode\ARROW-paper\ARROW\runs\sample_selection\distributed\shard-2\candidates\02103_5455458_5455458_14
2108,45011586,45011586_1.json,https://github.com/CiscoPSIRT/openVulnAPI,DefaultApi,example_code/java_examples/src/main/java/io/swagger/client/api/DefaultApi.java,production,,,,securityAdvisoriesAllGet,3,public,False,False,,,,,EXCLUDED,no_observable_behavior,,,,,,,,,2,0,,,,,,,,,EXCLUDED,semantic_metadata,no_observable_behavior,0.016,D:\ki9\SEP490\ArrowCode\ARROW-paper\ARROW\runs\sample_selection\distributed\shard-2\candidates\02108_45011586_45011586_1
2113,39091281,39091281_52.json,https://github.com/yongjhih/rxfirebase,RxFirebaseAuth,rxfirebase2-auth/src/main/java/rxfirebase2/auth/RxFirebaseAuth.java,production,class,False,193,sendPasswordResetEmail,11,@CheckReturnValue @NonNull public static,False,True,0,False,,7,ELIGIBLE,,gradle,rxfirebase2-auth,junit4,1,D:\ki9\SEP490\ArrowCode\ARROW-paper\ARROW\Java-version\java-8,auto-discovered compatible JDK 8 for Java 1,,1,2,1,ASSERTION_FAILED,,,rxfirebase2.auth.RxFirebaseAuth,,,,,EXCLUDED,baseline,failure: build failed with an exception.,60.016,D:\ki9\SEP490\ArrowCode\ARROW-paper\ARROW\runs\sample_selection\distributed\shard-2\candidates\02113_39091281_39091281_52
2118,7908045,7908045_0.json,https://github.com/woodybrood/fitnessedotorg,ReleaseSymbolType,src/com/objectmentor/fitnesse/releases/ReleaseSymbolType.java,nonstandard,,,,toTarget,18,@Override public,True,True,,,,,EXCLUDED,source_layout:nonstandard,,,,,,,,,2,0,,,,,,,,,EXCLUDED,semantic_metadata,source_layout:nonstandard,0.016,D:\ki9\SEP490\ArrowCode\ARROW-paper\ARROW\runs\sample_selection\distributed\shard-2\candidates\02118_7908045_7908045_0
2123,259639325,259639325_49.json,https://github.com/ovh/serving-runtime,EvaluatorUtil,commons/src/main/java/com/ovh/mls/serving/runtime/core/EvaluatorUtil.java,production,,,,getObjectMapper,3,public,False,True,,,,,EXCLUDED,trivial_focal_method,,,,,,,,,2,0,,,,,,,,,EXCLUDED,semantic_metadata,trivial_focal_method,0.031,D:\ki9\SEP490\ArrowCode\ARROW-paper\ARROW\runs\sample_selection\distributed\shard-2\candidates\02123_259639325_259639325_49
2128,55576588,55576588_20.json,https://github.com/ArturVasilov/SQLite,Where,app/src/main/java/ru/arturvasilov/sqlite/core/Where.java,production,class,False,173,and,5,@NonNull public,False,True,0,False,,8,ELIGIBLE,,gradle,app,junit4,1,D:\ki9\SEP490\ArrowCode\ARROW-paper\ARROW\Java-version\java-8,auto-discovered compatible JDK 8 for Java 1,,1,2,1,ASSERTION_FAILED,,,ru.arturvasilov.sqlite.core.Where,,,,,EXCLUDED,baseline,failure: build failed with an exception.,11.579,D:\ki9\SEP490\ArrowCode\ARROW-paper\ARROW\runs\sample_selection\distributed\shard-2\candidates\02128_55576588_55576588_20
2133,7337208,7337208_2.json,https://github.com/OndraZizka/jboss-migration,AS7ModuleUtils,engine/src/main/java/org/jboss/loom/utils/as7/AS7ModuleUtils.java,production,,,,identifyModuleContainingJar,8,public static,False,True,,,,,ELIGIBLE,,,,,,,,,1,2,0,,,,,,,,,EXCLUDED,setup,"Error: [('D:\\ki9\\SEP490\\ArrowCode\\ARROW-paper\\ARROW\\repos\\7337208\\engine\\testdata\\as5configs\\01_510all\\server\\all\\deploy\\cluster\\jboss-cache-manager.sar\\META-INF\\jboss-cache-manager-jboss-beans.xml', 'D:\\ki9\\SEP490\\ArrowCode\\ARROW-paper\\ARROW\\runs\\sample_selection\\distributed\\shard-2\\candidates\\02133_7337208_7337208_2\\workspace\\engine\\testdata\\as5configs\\01_510all\\server\\all\\deploy\\cluster\\jboss-cache-manager.sar\\META-INF\\jboss-cache-manager-jboss-beans.xml', ""[Errno 2] No such file or directory: 'D:\\\\ki9\\\\SEP490\\\\ArrowCode\\\\ARROW-paper\\\\ARROW\\\\runs\\\\sample_selection\\\\distributed\\\\shard-2\\\\candidates\\\\02133_7337208_7337208_2\\\\workspace\\\\engine\\\\testdata\\\\as5configs\\\\01_510all\\\\server\\\\all\\\\deploy\\\\cluster\\\\jboss-cache-manager.sar\\\\META-INF\\\\jboss-cache-manager-jboss-beans.xml'""), ('D:\\ki9\\SEP490\\ArrowCode\\ARROW-paper\\ARROW\\repos\\7337208\\engine\\testdata\\as5configs\\01_510all\\server\\all\\deploy\\cluster\\jgroups-channelfactory.sar\\META-INF\\jgroups-channelfactory-jboss-beans.xml', 'D:\\ki9\\SEP490\\ArrowCode\\ARROW-paper\\ARROW\\runs\\sample_selection\\distributed\\shard-2\\candidates\\02133_7337208_7337208_2\\workspace\\engine\\testdata\\as5configs\\01_510all\\server\\all\\deploy\\cluster\\jgroups-channelfactory.sar\\META-INF\\jgroups-channelfactory-jboss-beans.xml', ""[Errno 2] No such file or directory: 'D:\\\\ki9\\\\SEP490\\\\ArrowCode\\\\ARROW-paper\\\\ARROW\\\\runs\\\\sample_selection\\\\distributed\\\\shard-2\\\\candidates\\\\02133_7337208_7337208_2\\\\workspace\\\\engine\\\\testdata\\\\as5configs\\\\01_510all\\\\server\\\\all\\\\deploy\\\\cluster\\\\jgroups-channelfactory.sar\\\\META-INF\\\\jgroups-channelfactory-jboss-beans.xml'""), ('D:\\ki9\\SEP490\\ArrowCode\\ARROW-paper\\ARROW\\repos\\7337208\\engine\\testdata\\as5configs\\01_510all\\server\\all\\deploy\\cluster\\jgroups-channelfactory.sar\\META-INF\\jgroups-channelfactory-stacks.xml', 'D:\\ki9\\SEP490\\Arrow",37.266,D:\ki9\SEP490\ArrowCode\ARROW-paper\ARROW\runs\sample_selection\distributed\shard-2\candidates\02133_7337208_7337208_2
2138,29898124,29898124_17.json,https://github.com/confluentinc/camus,BaseTimeBasedPartitioner,camus-etl-kafka/src/main/java/com/linkedin/camus/etl/kafka/partitioner/BaseTimeBasedPartitioner.java,production,class,True,52,generatePartitionedPath,5,@Override public,False,True,0,False,,7,EXCLUDED,non_concrete:class:abstract,,,,,,,,1,2,0,,,,,,,,,EXCLUDED,semantic,non_concrete:class:abstract,7.484,D:\ki9\SEP490\ArrowCode\ARROW-paper\ARROW\runs\sample_selection\distributed\shard-2\candidates\02138_29898124_29898124_17
2143,41047231,41047231_3.json,https://github.com/yenrab/doing_more_with_java,Business,Business.java,nonstandard,,,,getCustomerPhoneNumber,6,public,True,True,,,,,EXCLUDED,source_layout:nonstandard,,,,,,,,,2,0,,,,,,,,,EXCLUDED,semantic_metadata,source_layout:nonstandard,0.016,D:\ki9\SEP490\ArrowCode\ARROW-paper\ARROW\runs\sample_selection\distributed\shard-2\candidates\02143_41047231_41047231_3
2148,43140254,43140254_0.json,https://github.com/PaNaVTEC/Katas,Board,game-of-life/src/main/java/me/panavtec/katas/gameoflife/Board.java,production,class,False,113,setCellState,6,public,True,True,1,False,,10,ELIGIBLE,,gradle,game-of-life,junit4,1,D:\ki9\SEP490\ArrowCode\ARROW-paper\ARROW\Java-version\java-8,auto-discovered compatible JDK 8 for Java 1,,1,2,2,MODULE_TESTS_PASSED|MODULE_TESTS_PASSED,False,1,me.panavtec.katas.gameoflife.Board,False,,,,EXCLUDED,classpath,Không resolve được project classpath,36.937,D:\ki9\SEP490\ArrowCode\ARROW-paper\ARROW\runs\sample_selection\distributed\shard-2\candidates\02148_43140254_43140254_0
2153,64565477,64565477_11.json,https://github.com/fabriziocucci/yacl4j,NonRecursivePlaceholderResolver,yacl4j-core/src/main/java/com/yacl4j/core/placeholder/NonRecursivePlaceholderResolver.java,production,,,,resolvePlaceholders,4,@Override public,False,False,,,,,EXCLUDED,no_observable_behavior,,,,,,,,,2,0,,,,,,,,,EXCLUDED,semantic_metadata,no_observable_behavior,0.015,D:\ki9\SEP490\ArrowCode\ARROW-paper\ARROW\runs\sample_selection\distributed\shard-2\candidates\02153_64565477_64565477_11
2158,10264172,10264172_22.json,https://github.com/jeffheaton/aifh,InverseSquaredLinkFunction,vol1/java-examples/src/main/java/com/heatonresearch/aifh/general/fns/link/InverseSquaredLinkFunction.java,production,class,False,47,evaluate,7,@Override public,True,True,0,False,,10,ELIGIBLE,,gradle,vol1\java-examples,junit4,7,D:\ki9\SEP490\ArrowCode\ARROW-paper\ARROW\Java-version\java-8,auto-discovered compatible JDK 8 for Java 7,,1,2,1,RUNTIME_FAILED,,,com.heatonresearch.aifh.general.fns.link.InverseSquaredLinkFunction,,,,,EXCLUDED,baseline,"exception in thread ""main"" java.lang.runtimeexception: java.util.zip.zipexception: error in opening zip file",27.516,D:\ki9\SEP490\ArrowCode\ARROW-paper\ARROW\runs\sample_selection\distributed\shard-2\candidates\02158_10264172_10264172_22
2163,132248956,132248956_0.json,https://github.com/Blankj/RxBus,Utils,rxbus/src/main/java/com/blankj/rxbus/Utils.java,production,class,False,104,getTypeClassFromParadigm,27,public static,True,True,0,False,,9,ELIGIBLE,,gradle,rxbus,junit4,1,D:\ki9\SEP490\ArrowCode\ARROW-paper\ARROW\Java-version\java-8,auto-discovered compatible JDK 8 for Java 1,,1,2,1,ASSERTION_FAILED,,,com.blankj.rxbus.Utils,,,,,EXCLUDED,baseline,failure: build failed with an exception.,13.891,D:\ki9\SEP490\ArrowCode\ARROW-paper\ARROW\runs\sample_selection\distributed\shard-2\candidates\02163_132248956_132248956_0
2168,11367662,11367662_2.json,https://github.com/ngs-doo/dsl-client-java,Bootstrap,core/src/main/java/com/dslplatform/client/Bootstrap.java,production,,,,init,5,public static,True,True,,,,,ELIGIBLE,,,,,,,,,1,2,0,,,,,,,,,EXCLUDED,setup,"Error: [('D:\\ki9\\SEP490\\ArrowCode\\ARROW-paper\\ARROW\\repos\\11367662\\core\\src\\test\\java-generated\\com\\dslplatform\\client\\json\\DecimalWithScaleOf9\\NullableArrayOfNullableDecimalsWithScaleOf9DefaultValueTurtle.java', 'D:\\ki9\\SEP490\\ArrowCode\\ARROW-paper\\ARROW\\runs\\sample_selection\\distributed\\shard-2\\candidates\\02168_11367662_11367662_2\\workspace\\core\\src\\test\\java-generated\\com\\dslplatform\\client\\json\\DecimalWithScaleOf9\\NullableArrayOfNullableDecimalsWithScaleOf9DefaultValueTurtle.java', ""[Errno 2] No such file or directory: 'D:\\\\ki9\\\\SEP490\\\\ArrowCode\\\\ARROW-paper\\\\ARROW\\\\runs\\\\sample_selection\\\\distributed\\\\shard-2\\\\candidates\\\\02168_11367662_11367662_2\\\\workspace\\\\core\\\\src\\\\test\\\\java-generated\\\\com\\\\dslplatform\\\\client\\\\json\\\\DecimalWithScaleOf9\\\\NullableArrayOfNullableDecimalsWithScaleOf9DefaultValueTurtle.java'""), ('D:\\ki9\\SEP490\\ArrowCode\\ARROW-paper\\ARROW\\repos\\11367662\\core\\src\\test\\java-generated\\com\\dslplatform\\client\\json\\DecimalWithScaleOf9\\NullableArrayOfOneDecimalsWithScaleOf9DefaultValueTurtle.java', 'D:\\ki9\\SEP490\\ArrowCode\\ARROW-paper\\ARROW\\runs\\sample_selection\\distributed\\shard-2\\candidates\\02168_11367662_11367662_2\\workspace\\core\\src\\test\\java-generated\\com\\dslplatform\\client\\json\\DecimalWithScaleOf9\\NullableArrayOfOneDecimalsWithScaleOf9DefaultValueTurtle.java', ""[Errno 2] No such file or directory: 'D:\\\\ki9\\\\SEP490\\\\ArrowCode\\\\ARROW-paper\\\\ARROW\\\\runs\\\\sample_selection\\\\distributed\\\\shard-2\\\\candidates\\\\02168_11367662_11367662_2\\\\workspace\\\\core\\\\src\\\\test\\\\java-generated\\\\com\\\\dslplatform\\\\client\\\\json\\\\DecimalWithScaleOf9\\\\NullableArrayOfOneDecimalsWithScaleOf9DefaultValueTurtle.java'""), ('D:\\ki9\\SEP490\\ArrowCode\\ARROW-paper\\ARROW\\repos\\11367662\\core\\src\\test\\java-generated\\com\\dslplatform\\client\\json\\DecimalWithScaleOf9\\NullableListOfNullableDecimalsWithScaleOf9",12.031,D:\ki9\SEP490\ArrowCode\ARROW-paper\ARROW\runs\sample_selection\distributed\shard-2\candidates\02168_11367662_11367662_2
2173,57461213,57461213_60.json,https://github.com/runelite/runelite,IdleNotifierPlugin,runelite-client/src/main/java/net/runelite/client/plugins/idlenotifier/IdleNotifierPlugin.java,production,,,,onGameTick,59,@Subscribe public,True,False,,,,,EXCLUDED,no_observable_behavior,,,,,,,,,2,0,,,,,,,,,EXCLUDED,semantic_metadata,no_observable_behavior,0.032,D:\ki9\SEP490\ArrowCode\ARROW-paper\ARROW\runs\sample_selection\distributed\shard-2\candidates\02173_57461213_57461213_60
2178,8497273,8497273_0.json,https://github.com/58code/Argo,PathUtils,core/src/main/java/com/bj58/argo/utils/PathUtils.java,production,class,False,173,combine,7,public static,True,True,0,True,filesystem,9,EXCLUDED,external_dependency_risk:filesystem,,,,,,,,1,2,0,,,,,,,,,EXCLUDED,semantic,external_dependency_risk:filesystem,5.531,D:\ki9\SEP490\ArrowCode\ARROW-paper\ARROW\runs\sample_selection\distributed\shard-2\candidates\02178_8497273_8497273_0
2183,180317496,180317496_1.json,https://github.com/PacktPublishing/Hands-On-Cloud-Native-Applications-with-Java-and-Quarkus,CustomerEndpoint,Chapter04/websockets/customer-service/src/main/java/com/packt/quarkus/chapter4/CustomerEndpoint.java,production,class,False,32,delete,5,@DELETE public,False,True,0,False,,7,ELIGIBLE,,maven,Chapter04\websockets\customer-service,junit5,8,D:\ki9\SEP490\ArrowCode\ARROW-paper\ARROW\Java-version\java-8,auto-discovered JDK 8,,1,2,2,MODULE_TESTS_PASSED|MODULE_TESTS_PASSED,True,0,com.packt.quarkus.chapter4.CustomerEndpoint,True,TOOL_ERROR,,,EXCLUDED,probe_target,[Errno 2] No such file or directory: 'D:\\ki9\\SEP490\\ArrowCode\\ARROW-paper\\ARROW\\runs\\sample_selection\\distributed\\shard-2\\candidates\\02183_180317496_180317496_1\\workspace\\Chapter04\\websockets\\customer-service\\target\\surefire-reports\\TEST-com.packt.quarkus.chapter4.CustomerEndpointTest_82f2ea8b.xml',136.031,D:\ki9\SEP490\ArrowCode\ARROW-paper\ARROW\runs\sample_selection\distributed\shard-2\candidates\02183_180317496_180317496_1
2188,9431801,9431801_0.json,https://github.com/jiaqi/datamung,NoOpWorkflowImpl,datamung-swf/src/main/java/org/cyclopsgroup/datamung/swf/flows/NoOpWorkflowImpl.java,production,,,,run,5,@Override public,False,False,,,,,EXCLUDED,no_observable_behavior,,,,,,,,,2,0,,,,,,,,,EXCLUDED,semantic_metadata,no_observable_behavior,0.015,D:\ki9\SEP490\ArrowCode\ARROW-paper\ARROW\runs\sample_selection\distributed\shard-2\candidates\02188_9431801_9431801_0
2193,201050057,201050057_2.json,https://github.com/cschneider/osgi-best-practices,TaskServiceImpl,backend/src/main/java/net/lr/tasklist/service/TaskServiceImpl.java,production,class,False,34,addOrUpdate,7,@Override public,True,True,0,False,,9,ELIGIBLE,,maven,backend,junit4,11,D:\ki9\SEP490\ArrowCode\ARROW-paper\ARROW\Java-version\java-11,auto-discovered JDK 11,,1,2,2,MODULE_TESTS_PASSED|MODULE_TESTS_PASSED,True,0,net.lr.tasklist.service.TaskServiceImpl,True,TARGET_TEST_PASSED,MODULE_TESTS_PASSED,MODULE_TESTS_PASSED,ELIGIBLE,,,94.250,D:\ki9\SEP490\ArrowCode\ARROW-paper\ARROW\runs\sample_selection\distributed\shard-2\candidates\02193_201050057_201050057_2
2198,3756907,3756907_2.json,https://github.com/skyscreamer/nevado,MockSQSConnectorFactory,nevado-jms/src/main/java/org/skyscreamer/nevado/jms/connector/mock/MockSQSConnectorFactory.java,production,,,,reset,4,@Override public,False,False,,,,,EXCLUDED,no_observable_behavior,,,,,,,,,2,0,,,,,,,,,EXCLUDED,semantic_metadata,no_observable_behavior,0.015,D:\ki9\SEP490\ArrowCode\ARROW-paper\ARROW\runs\sample_selection\distributed\shard-2\candidates\02198_3756907_3756907_2
2203,38781549,38781549_27.json,https://github.com/billdavidson/JSONUtil,JSONUtil,JSONUtil/src/main/java/org/kopitubruk/util/json/JSONUtil.java,production,class,False,1018,toJSON,4,public static,False,True,0,False,,6,EXCLUDED,testability_score_below_7,,,,,,,,1,2,0,,,,,,,,,EXCLUDED,semantic,testability_score_below_7,4.625,D:\ki9\SEP490\ArrowCode\ARROW-paper\ARROW\runs\sample_selection\distributed\shard-2\candidates\02203_38781549_38781549_27
2208,5243160,5243160_2.json,https://github.com/SonarQubeCommunity/sonar-fortify,FortifyReportFile,sonar-fortify-plugin/src/main/java/org/sonar/fortify/fvdl/FortifyReportFile.java,production,class,False,102,exist,4,,False,True,2,True,filesystem,7,EXCLUDED,external_dependency_risk:filesystem,,,,,,,,1,2,0,,,,,,,,,EXCLUDED,semantic,external_dependency_risk:filesystem,5.937,D:\ki9\SEP490\ArrowCode\ARROW-paper\ARROW\runs\sample_selection\distributed\shard-2\candidates\02208_5243160_5243160_2
2213,1338456,1338456_1.json,https://github.com/elasticinbox/elasticinbox,LabelCounters,modules/core/src/main/java/com/elasticinbox/core/model/LabelCounters.java,production,class,False,119,add,12,public,True,True,0,False,,9,ELIGIBLE,,maven,modules\core,junit4,6,D:\ki9\SEP490\ArrowCode\ARROW-paper\ARROW\Java-version\java-8,auto-discovered compatible JDK 8 for Java 6,,1,2,1,ASSERTION_FAILED,,,com.elasticinbox.core.model.LabelCounters,,,,,EXCLUDED,baseline,[info] elasticinbox common 0.5.0-snapshot ................. failure [ 13.415 s],38.062,D:\ki9\SEP490\ArrowCode\ARROW-paper\ARROW\runs\sample_selection\distributed\shard-2\candidates\02213_1338456_1338456_1
2218,4368907,4368907_2.json,https://github.com/OpenBEL/openbel-framework,ValidationUtilities,org.openbel.framework.common/src/main/java/org/openbel/framework/common/util/ValidationUtilities.java,production,class,True,145,validateRegExp,9,protected static,True,True,0,False,,10,EXCLUDED,non_concrete:class:abstract,,,,,,,,1,2,0,,,,,,,,,EXCLUDED,semantic,non_concrete:class:abstract,21.266,D:\ki9\SEP490\ArrowCode\ARROW-paper\ARROW\runs\sample_selection\distributed\shard-2\candidates\02218_4368907_4368907_2
2223,23095954,23095954_10.json,https://github.com/ReactiveX/RxAndroid,HandlerScheduler,rxandroid/src/main/java/io/reactivex/rxjava3/android/schedulers/HandlerScheduler.java,production,class,False,114,createWorker,4,@Override public,False,True,2,False,,8,ELIGIBLE,,gradle,rxandroid,junit4,1,D:\ki9\SEP490\ArrowCode\ARROW-paper\ARROW\Java-version\java-8,auto-discovered compatible JDK 8 for Java 1,,1,2,1,ASSERTION_FAILED,,,io.reactivex.rxjava3.android.schedulers.HandlerScheduler,,,,,EXCLUDED,baseline,failure: build failed with an exception.,42.875,D:\ki9\SEP490\ArrowCode\ARROW-paper\ARROW\runs\sample_selection\distributed\shard-2\candidates\02223_23095954_23095954_10
2228,96831864,96831864_11.json,https://github.com/YukiMatsumura/denbun,DenbunBox,denbun/src/main/java/com/yuki312/denbun/DenbunBox.java,production,,,,preset,6,public static,False,False,,,,,EXCLUDED,no_observable_behavior,,,,,,,,,2,0,,,,,,,,,EXCLUDED,semantic_metadata,no_observable_behavior,0.032,D:\ki9\SEP490\ArrowCode\ARROW-paper\ARROW\runs\sample_selection\distributed\shard-2\candidates\02228_96831864_96831864_11
2233,29888015,29888015_9.json,https://github.com/SupaHam/SupaCommons,XmlParser,commons-bukkit/src/main/java/com/supaham/commons/bukkit/text/xml/XmlParser.java,production,class,False,24,parse,14,@Override public,True,True,0,False,,10,ELIGIBLE,,maven,commons-bukkit,junit4,8,D:\ki9\SEP490\ArrowCode\ARROW-paper\ARROW\Java-version\java-8,auto-discovered JDK 8,,1,2,1,COMPILE_FAILED,,,com.supaham.commons.bukkit.text.xml.XmlParser,,,,,EXCLUDED,baseline,[warning] com.supaham.minecraft.pluginbase:messaging:<n>.1-snapshot/maven-metadata.xml failed to transfer from http://0.0.0.0/ during a previous attempt. this failure was cached in the local repository and resolution will not be reattempted until the update interval of maven-default-http-blocker has,97.406,D:\ki9\SEP490\ArrowCode\ARROW-paper\ARROW\runs\sample_selection\distributed\shard-2\candidates\02233_29888015_29888015_9
2238,15566188,15566188_15.json,https://github.com/pkainulainen/jooq-with-spring-examples,RepositoryTodoCrudService,jooq-only/src/main/java/net/petrikainulainen/spring/jooq/todo/service/RepositoryTodoCrudService.java,production,,,,update,9,@Transactional @Override public,False,True,,,,,ELIGIBLE,,,,,,,,,1,2,0,,,,,,,,,EXCLUDED,setup,"Error: [('D:\\ki9\\SEP490\\ArrowCode\\ARROW-paper\\ARROW\\repos\\15566188\\jooq-tips\\read-only-one-to-many-sfm\\src\\integration-test\\java\\net\\petrikainulainen\\jooqtips\\student\\FindAllStudentsWhenNoStudentsIsFoundTest.java', 'D:\\ki9\\SEP490\\ArrowCode\\ARROW-paper\\ARROW\\runs\\sample_selection\\distributed\\shard-2\\candidates\\02238_15566188_15566188_15\\workspace\\jooq-tips\\read-only-one-to-many-sfm\\src\\integration-test\\java\\net\\petrikainulainen\\jooqtips\\student\\FindAllStudentsWhenNoStudentsIsFoundTest.java', ""[Errno 2] No such file or directory: 'D:\\\\ki9\\\\SEP490\\\\ArrowCode\\\\ARROW-paper\\\\ARROW\\\\runs\\\\sample_selection\\\\distributed\\\\shard-2\\\\candidates\\\\02238_15566188_15566188_15\\\\workspace\\\\jooq-tips\\\\read-only-one-to-many-sfm\\\\src\\\\integration-test\\\\java\\\\net\\\\petrikainulainen\\\\jooqtips\\\\student\\\\FindAllStudentsWhenNoStudentsIsFoundTest.java'""), ('D:\\ki9\\SEP490\\ArrowCode\\ARROW-paper\\ARROW\\repos\\15566188\\jooq-tips\\read-only-one-to-many-sfm\\src\\integration-test\\java\\net\\petrikainulainen\\jooqtips\\student\\FindAllStudentsWhenOneStudentWithZeroBooksIsFoundTest.java', 'D:\\ki9\\SEP490\\ArrowCode\\ARROW-paper\\ARROW\\runs\\sample_selection\\distributed\\shard-2\\candidates\\02238_15566188_15566188_15\\workspace\\jooq-tips\\read-only-one-to-many-sfm\\src\\integration-test\\java\\net\\petrikainulainen\\jooqtips\\student\\FindAllStudentsWhenOneStudentWithZeroBooksIsFoundTest.java', ""[Errno 2] No such file or directory: 'D:\\\\ki9\\\\SEP490\\\\ArrowCode\\\\ARROW-paper\\\\ARROW\\\\runs\\\\sample_selection\\\\distributed\\\\shard-2\\\\candidates\\\\02238_15566188_15566188_15\\\\workspace\\\\jooq-tips\\\\read-only-one-to-many-sfm\\\\src\\\\integration-test\\\\java\\\\net\\\\petrikainulainen\\\\jooqtips\\\\student\\\\FindAllStudentsWhenOneStudentWithZeroBooksIsFoundTest.java'""), ('D:\\ki9\\SEP490\\ArrowCode\\ARROW-paper\\ARROW\\repos\\15566188\\jooq-tips\\read-only-one-to-many-sfm\\src\\integration-tes",3.922,D:\ki9\SEP490\ArrowCode\ARROW-paper\ARROW\runs\sample_selection\distributed\shard-2\candidates\02238_15566188_15566188_15
2243,3817774,3817774_0.json,https://github.com/cloudfoundry-community/java-nats,DefaultMessage,client/src/main/java/nats/client/DefaultMessage.java,production,class,False,67,reply,4,@Override public,True,True,4,False,,9,ELIGIBLE,,maven,client,testng,7,D:\ki9\SEP490\ArrowCode\ARROW-paper\ARROW\Java-version\java-8,auto-discovered compatible JDK 8 for Java 7,,1,2,1,ASSERTION_FAILED,,,nats.client.DefaultMessage,,,,,EXCLUDED,baseline,"failure:java.io.ioexception:cannot run program ""nats-server"": createprocess error=2, the system cannot find the file specified",20.390,D:\ki9\SEP490\ArrowCode\ARROW-paper\ARROW\runs\sample_selection\distributed\shard-2\candidates\02243_3817774_3817774_0
2248,24580061,24580061_15.json,https://github.com/snuspl/dolphin,NeuralNetwork,dolphin-dnn/src/main/java/edu/snu/dolphin/dnn/NeuralNetwork.java,production,class,False,287,backPropagate,9,public,False,True,6,False,,4,EXCLUDED,testability_score_below_7,,,,,,,,1,2,0,,,,,,,,,EXCLUDED,semantic,testability_score_below_7,7.860,D:\ki9\SEP490\ArrowCode\ARROW-paper\ARROW\runs\sample_selection\distributed\shard-2\candidates\02248_24580061_24580061_15
2253,1287669,1287669_35.json,https://github.com/json-path/JsonPath,WithJsonPath,json-path-assert/src/main/java/com/jayway/jsonpath/matchers/WithJsonPath.java,production,class,False,53,WithJsonPath,4,public,False,True,2,False,,7,ELIGIBLE,,gradle,json-path-assert,junit5,17,D:\ki9\SEP490\ArrowCode\ARROW-paper\ARROW\Java-version\java-17,auto-discovered JDK 17,,1,2,2,MODULE_TESTS_PASSED|MODULE_TESTS_PASSED,True,0,com.jayway.jsonpath.matchers.WithJsonPath,True,TARGET_TEST_PASSED,MODULE_TESTS_PASSED,MODULE_TESTS_PASSED,ELIGIBLE,,,126.531,D:\ki9\SEP490\ArrowCode\ARROW-paper\ARROW\runs\sample_selection\distributed\shard-2\candidates\02253_1287669_1287669_35
2258,19314283,19314283_27.json,https://github.com/EqualExperts/opslogger,LogicalLogRecord,opslogger/src/main/java/com/equalexperts/logging/impl/LogicalLogRecord.java,production,class,False,53,format,14,public,True,True,5,False,,8,ELIGIBLE,,gradle,opslogger,junit4,8,D:\ki9\SEP490\ArrowCode\ARROW-paper\ARROW\Java-version\java-8,auto-discovered JDK 8,,1,2,1,ASSERTION_FAILED,,,com.equalexperts.logging.impl.LogicalLogRecord,,,,,EXCLUDED,baseline,failure: build failed with an exception.,64.859,D:\ki9\SEP490\ArrowCode\ARROW-paper\ARROW\runs\sample_selection\distributed\shard-2\candidates\02258_19314283_19314283_27
2263,19317653,19317653_9.json,https://github.com/IBM-Cloud/todo-apps,ToDoAPI,java/bluemix-todo-app/src/main/java/net/bluemix/todo/rest/ToDoAPI.java,production,class,False,230,updateToDo,23,"@PUT @Path(""/{id}"") @Produces(""application/json"") @Consumes(""application/json"") public",True,True,0,False,,9,ELIGIBLE,,maven,java\bluemix-todo-app,junit4,8,D:\ki9\SEP490\ArrowCode\ARROW-paper\ARROW\Java-version\java-8,auto-discovered JDK 8,,1,2,2,MODULE_TESTS_PASSED|MODULE_TESTS_PASSED,True,0,net.bluemix.todo.rest.ToDoAPI,True,TARGET_TEST_PASSED,MODULE_TESTS_PASSED,MODULE_TESTS_PASSED,ELIGIBLE,,,65.469,D:\ki9\SEP490\ArrowCode\ARROW-paper\ARROW\runs\sample_selection\distributed\shard-2\candidates\02263_19317653_19317653_9
2268,51307359,51307359_8.json,https://github.com/JetBrains/teamcity-aws-codedeploy-plugin,ParametersValidator,aws-codedeploy-common/src/main/java/jetbrains/buildServer/runner/codedeploy/ParametersValidator.java,production,,,,validate,73,private static,True,True,,,,,EXCLUDED,focal_method_not_directly_testable,,,,,,,,,2,0,,,,,,,,,EXCLUDED,semantic_metadata,focal_method_not_directly_testable,0.016,D:\ki9\SEP490\ArrowCode\ARROW-paper\ARROW\runs\sample_selection\distributed\shard-2\candidates\02268_51307359_51307359_8
2273,39092083,39092083_851.json,https://github.com/inspire-software/yes-cart,AbstractFopReportGenerator,core-modules/core-module-reports/src/main/java/org/yes/cart/report/impl/AbstractFopReportGenerator.java,production,,,,generateReport,52,@Override public,True,False,,,,,EXCLUDED,no_observable_behavior,,,,,,,,,2,0,,,,,,,,,EXCLUDED,semantic_metadata,no_observable_behavior,0.032,D:\ki9\SEP490\ArrowCode\ARROW-paper\ARROW\runs\sample_selection\distributed\shard-2\candidates\02273_39092083_39092083_851
2278,77385607,77385607_20.json,https://github.com/JanusGraph/janusgraph,RestClientSetup,janusgraph-es/src/main/java/org/janusgraph/diskstorage/es/rest/RestClientSetup.java,production,,,,getElasticSearchClient,3,protected,False,True,,,,,EXCLUDED,trivial_focal_method,,,,,,,,,2,0,,,,,,,,,EXCLUDED,semantic_metadata,trivial_focal_method,0.046,D:\ki9\SEP490\ArrowCode\ARROW-paper\ARROW\runs\sample_selection\distributed\shard-2\candidates\02278_77385607_77385607_20
2283,6293402,6293402_120.json,https://github.com/vaadin/framework,SQLContainer,compatibility-server/src/main/java/com/vaadin/v7/data/util/sqlcontainer/SQLContainer.java,production,,,,addOrderBy,11,public,True,True,,,,,ELIGIBLE,,,,,,,,,1,2,0,,,,,,,,,EXCLUDED,setup,"Error: [('D:\\ki9\\SEP490\\ArrowCode\\ARROW-paper\\ARROW\\repos\\6293402\\test\\addon-using-init-param-widget-set\\src\\main\\java\\com\\vaadin\\test\\addonusinginitparamwidgetset\\AddonUsingInitParamWidgetSetUI.java', 'D:\\ki9\\SEP490\\ArrowCode\\ARROW-paper\\ARROW\\runs\\sample_selection\\distributed\\shard-2\\candidates\\02283_6293402_6293402_120\\workspace\\test\\addon-using-init-param-widget-set\\src\\main\\java\\com\\vaadin\\test\\addonusinginitparamwidgetset\\AddonUsingInitParamWidgetSetUI.java', ""[Errno 2] No such file or directory: 'D:\\\\ki9\\\\SEP490\\\\ArrowCode\\\\ARROW-paper\\\\ARROW\\\\runs\\\\sample_selection\\\\distributed\\\\shard-2\\\\candidates\\\\02283_6293402_6293402_120\\\\workspace\\\\test\\\\addon-using-init-param-widget-set\\\\src\\\\main\\\\java\\\\com\\\\vaadin\\\\test\\\\addonusinginitparamwidgetset\\\\AddonUsingInitParamWidgetSetUI.java'""), ('D:\\ki9\\SEP490\\ArrowCode\\ARROW-paper\\ARROW\\repos\\6293402\\test\\addon-using-init-param-widget-set\\src\\test\\java\\com\\vaadin\\test\\addonusinginitparamwidgetset\\AddonUsingInitParamWidgetSetIT.java', 'D:\\ki9\\SEP490\\ArrowCode\\ARROW-paper\\ARROW\\runs\\sample_selection\\distributed\\shard-2\\candidates\\02283_6293402_6293402_120\\workspace\\test\\addon-using-init-param-widget-set\\src\\test\\java\\com\\vaadin\\test\\addonusinginitparamwidgetset\\AddonUsingInitParamWidgetSetIT.java', ""[Errno 2] No such file or directory: 'D:\\\\ki9\\\\SEP490\\\\ArrowCode\\\\ARROW-paper\\\\ARROW\\\\runs\\\\sample_selection\\\\distributed\\\\shard-2\\\\candidates\\\\02283_6293402_6293402_120\\\\workspace\\\\test\\\\addon-using-init-param-widget-set\\\\src\\\\test\\\\java\\\\com\\\\vaadin\\\\test\\\\addonusinginitparamwidgetset\\\\AddonUsingInitParamWidgetSetIT.java'""), ('D:\\ki9\\SEP490\\ArrowCode\\ARROW-paper\\ARROW\\repos\\6293402\\test\\addon-using-no-defined-widget-set\\src\\main\\java\\com\\vaadin\\test\\addonusingnodefinedwidgetset\\AddonUsingNoDefinedWidgetSetUI.java', 'D:\\ki9\\SEP490\\ArrowCode\\AR",217.157,D:\ki9\SEP490\ArrowCode\ARROW-paper\ARROW\runs\sample_selection\distributed\shard-2\candidates\02283_6293402_6293402_120
2288,63898559,63898559_0.json,https://github.com/RoyJacobs/lazybot,TemplatePlugin,lazybot-plugin-template/src/main/java/org/royjacobs/lazybot/plugin/template/TemplatePlugin.java,production,class,False,35,onCommand,12,public,True,True,0,False,,9,ELIGIBLE,,maven,lazybot-plugin-template,junit4,8,D:\ki9\SEP490\ArrowCode\ARROW-paper\ARROW\Java-version\java-8,auto-discovered JDK 8,,1,2,2,MODULE_TESTS_PASSED|MODULE_TESTS_PASSED,True,1,org.royjacobs.lazybot.plugin.template.TemplatePlugin,True,TARGET_TEST_PASSED,MODULE_TESTS_PASSED,MODULE_TESTS_PASSED,ELIGIBLE,,,45.829,D:\ki9\SEP490\ArrowCode\ARROW-paper\ARROW\runs\sample_selection\distributed\shard-2\candidates\02288_63898559_63898559_0
2293,12903179,12903179_61.json,https://github.com/sialcasa/mvvmFX,CompositeValidator,mvvmfx-validation/src/main/java/de/saxsys/mvvmfx/utils/validation/CompositeValidator.java,production,,,,addValidators,3,public,False,True,,,,,ELIGIBLE,,,,,,,,,1,2,0,,,,,,,,,EXCLUDED,setup,"Error: [('D:\\ki9\\SEP490\\ArrowCode\\ARROW-paper\\ARROW\\repos\\12903179\\examples\\contacts-example\\src\\test\\java\\de\\saxsys\\mvvmfx\\examples\\contacts\\model\\countries\\DataFxCountrySelectorIntegrationTest.java', 'D:\\ki9\\SEP490\\ArrowCode\\ARROW-paper\\ARROW\\runs\\sample_selection\\distributed\\shard-2\\candidates\\02293_12903179_12903179_61\\workspace\\examples\\contacts-example\\src\\test\\java\\de\\saxsys\\mvvmfx\\examples\\contacts\\model\\countries\\DataFxCountrySelectorIntegrationTest.java', ""[Errno 2] No such file or directory: 'D:\\\\ki9\\\\SEP490\\\\ArrowCode\\\\ARROW-paper\\\\ARROW\\\\runs\\\\sample_selection\\\\distributed\\\\shard-2\\\\candidates\\\\02293_12903179_12903179_61\\\\workspace\\\\examples\\\\contacts-example\\\\src\\\\test\\\\java\\\\de\\\\saxsys\\\\mvvmfx\\\\examples\\\\contacts\\\\model\\\\countries\\\\DataFxCountrySelectorIntegrationTest.java'""), ('D:\\ki9\\SEP490\\ArrowCode\\ARROW-paper\\ARROW\\repos\\12903179\\examples\\contacts-example\\src\\test\\java\\de\\saxsys\\mvvmfx\\examples\\contacts\\model\\countries\\DomCountrySelectorIntegrationTest.java', 'D:\\ki9\\SEP490\\ArrowCode\\ARROW-paper\\ARROW\\runs\\sample_selection\\distributed\\shard-2\\candidates\\02293_12903179_12903179_61\\workspace\\examples\\contacts-example\\src\\test\\java\\de\\saxsys\\mvvmfx\\examples\\contacts\\model\\countries\\DomCountrySelectorIntegrationTest.java', ""[Errno 2] No such file or directory: 'D:\\\\ki9\\\\SEP490\\\\ArrowCode\\\\ARROW-paper\\\\ARROW\\\\runs\\\\sample_selection\\\\distributed\\\\shard-2\\\\candidates\\\\02293_12903179_12903179_61\\\\workspace\\\\examples\\\\contacts-example\\\\src\\\\test\\\\java\\\\de\\\\saxsys\\\\mvvmfx\\\\examples\\\\contacts\\\\model\\\\countries\\\\DomCountrySelectorIntegrationTest.java'""), ('D:\\ki9\\SEP490\\ArrowCode\\ARROW-paper\\ARROW\\repos\\12903179\\examples\\contacts-example\\src\\test\\java\\de\\saxsys\\mvvmfx\\examples\\contacts\\model\\countries\\JAXBCountrySelectorIntegrationTest.java', 'D:\\ki9\",9.406,D:\ki9\SEP490\ArrowCode\ARROW-paper\ARROW\runs\sample_selection\distributed\shard-2\candidates\02293_12903179_12903179_61
2298,22574511,22574511_11.json,https://github.com/41concepts/VALJOGen,NamesUtil,valjogen-processor/src/main/java/com/fortyoneconcepts/valjogen/model/util/NamesUtil.java,production,,,,isQualifiedName,4,public static,False,True,,,,,EXCLUDED,trivial_focal_method,,,,,,,,,2,0,,,,,,,,,EXCLUDED,semantic_metadata,trivial_focal_method,0.016,D:\ki9\SEP490\ArrowCode\ARROW-paper\ARROW\runs\sample_selection\distributed\shard-2\candidates\02298_22574511_22574511_11
2303,2885102,2885102_28.json,https://github.com/grobmeier/jjson,JSONDecoder,jjson/src/main/java/de/grobmeier/jjson/convert/JSONDecoder.java,production,class,False,381,decode,29,public,True,True,1,False,,10,ELIGIBLE,,maven,jjson,junit4,${java.version},,JDK ${java.version} not mapped; using system default Java,,1,2,2,MODULE_TESTS_PASSED|MODULE_TESTS_PASSED,True,0,de.grobmeier.jjson.convert.JSONDecoder,True,TARGET_TEST_PASSED,MODULE_TESTS_PASSED,MODULE_TESTS_PASSED,ELIGIBLE,,,48.609,D:\ki9\SEP490\ArrowCode\ARROW-paper\ARROW\runs\sample_selection\distributed\shard-2\candidates\02303_2885102_2885102_28
2308,90972254,90972254_2.json,https://github.com/hanhanzhang/spark-java,DiskBlockManager,core/src/main/java/com/sdu/spark/storage/DiskBlockManager.java,production,,,,getAllBlocks,8,public,True,True,,,,,ELIGIBLE,,,,,,,,,,2,0,,,,,,,,,EXCLUDED,setup,"RuntimeError: Repository setup failed after 3 attempts: CalledProcessError: Command '['git', '-c', 'core.longpaths=true', 'clone', '--depth', '1', 'https://github.com/hanhanzhang/spark-java', 'D:\\ki9\\SEP490\\ArrowCode\\ARROW-paper\\ARROW\\repos\\90972254']' returned non-zero exit status 128.",10.140,D:\ki9\SEP490\ArrowCode\ARROW-paper\ARROW\runs\sample_selection\distributed\shard-2\candidates\02308_90972254_90972254_2
2313,3293934,3293934_49.json,https://github.com/oli-d/nova,KafkaAdapter,communication/kafka/src/main/java/ch/squaredesk/nova/comm/kafka/KafkaAdapter.java,production,,,,sendMessage,5,public,False,True,,,,,ELIGIBLE,,,,,,,,,,2,0,,,,,,,,,EXCLUDED,setup,"RuntimeError: Repository setup failed after 3 attempts: CalledProcessError: Command '['git', '-c', 'core.longpaths=true', 'clone', '--depth', '1', 'https://github.com/oli-d/nova', 'D:\\ki9\\SEP490\\ArrowCode\\ARROW-paper\\ARROW\\repos\\3293934']' returned non-zero exit status 128.",10.156,D:\ki9\SEP490\ArrowCode\ARROW-paper\ARROW\runs\sample_selection\distributed\shard-2\candidates\02313_3293934_3293934_49
2318,187195345,187195345_73.json,https://github.com/tomtom-international/openlr,GeometryUtils,map/src/main/java/openlr/map/utils/GeometryUtils.java,production,class,False,657,bearingDifference,7,public static,True,True,0,False,,9,ELIGIBLE,,maven,map,testng,8,D:\ki9\SEP490\ArrowCode\ARROW-paper\ARROW\Java-version\java-8,auto-discovered JDK 8,,1,2,1,ASSERTION_FAILED,,,openlr.map.utils.GeometryUtils,,,,,EXCLUDED,baseline,[info] map ................................................ failure [ 3.141 s],21.110,D:\ki9\SEP490\ArrowCode\ARROW-paper\ARROW\runs\sample_selection\distributed\shard-2\candidates\02318_187195345_187195345_73
2323,184285250,184285250_224.json,https://github.com/Unidata/netcdf-java,LocalTables,grib/src/main/java/ucar/nc2/grib/grib2/table/LocalTables.java,production,,,,getParameters,4,@Override public,False,True,,,,,EXCLUDED,trivial_focal_method,,,,,,,,,2,0,,,,,,,,,EXCLUDED,semantic_metadata,trivial_focal_method,0.015,D:\ki9\SEP490\ArrowCode\ARROW-paper\ARROW\runs\sample_selection\distributed\shard-2\candidates\02323_184285250_184285250_224
2328,52867190,52867190_31.json,https://github.com/HDouss/jeometry,Perpendicular,jeometry-api/src/main/java/com/jeometry/twod/line/analytics/Perpendicular.java,production,class,False,78,resolve,15,@Override public,True,True,2,False,,9,ELIGIBLE,,maven,jeometry-api,junit4,8,D:\ki9\SEP490\ArrowCode\ARROW-paper\ARROW\Java-version\java-8,auto-discovered JDK 8,,1,2,2,MODULE_TESTS_PASSED|MODULE_TESTS_PASSED,True,1,com.jeometry.twod.line.analytics.Perpendicular,True,TARGET_TEST_PASSED,MODULE_TESTS_PASSED,MODULE_TESTS_PASSED,ELIGIBLE,,,120.328,D:\ki9\SEP490\ArrowCode\ARROW-paper\ARROW\runs\sample_selection\distributed\shard-2\candidates\02328_52867190_52867190_31
2333,184033608,184033608_14.json,https://github.com/digital-bauhaus/Ferienpass,Behinderung,backend/src/main/java/de/bauhaus/digital/domain/Behinderung.java,production,class,False,335,newBuilder,3,public static,False,True,0,False,,8,ELIGIBLE,,maven,backend,junit4,8,D:\ki9\SEP490\ArrowCode\ARROW-paper\ARROW\Java-version\java-8,auto-discovered JDK 8,,1,2,1,RUNTIME_FAILED,,,de.bauhaus.digital.domain.Behinderung,,,,,EXCLUDED,baseline,error:java.lang.illegalstateexception:failed to load applicationcontext,166.985,D:\ki9\SEP490\ArrowCode\ARROW-paper\ARROW\runs\sample_selection\distributed\shard-2\candidates\02333_184033608_184033608_14
2338,73690083,73690083_20.json,https://github.com/hobbit-project/platform,ClusterManagerImpl,platform-controller/src/main/java/org/hobbit/controller/docker/ClusterManagerImpl.java,production,class,False,82,isClusterHealthy,8,public,True,True,0,False,,10,ELIGIBLE,,maven,platform-controller,junit4,unknown,,no project java version detected,,1,2,1,ASSERTION_FAILED,,,org.hobbit.controller.docker.ClusterManagerImpl,,,,,EXCLUDED,baseline,[info] build failure,568.500,D:\ki9\SEP490\ArrowCode\ARROW-paper\ARROW\runs\sample_selection\distributed\shard-2\candidates\02338_73690083_73690083_20
2343,146503569,146503569_0.json,https://github.com/nurkiewicz/reactor-workshop,FeedReader,webflux/src/main/java/com/nurkiewicz/webflux/demo/feed/FeedReader.java,production,,,,get,9,private,True,True,,,,,EXCLUDED,focal_method_not_directly_testable,,,,,,,,,2,0,,,,,,,,,EXCLUDED,semantic_metadata,focal_method_not_directly_testable,0.016,D:\ki9\SEP490\ArrowCode\ARROW-paper\ARROW\runs\sample_selection\distributed\shard-2\candidates\02343_146503569_146503569_0
2348,32777313,32777313_36.json,https://github.com/phax/peppol-commons,BDXR1IdentifierFactory,peppol-id/src/main/java/com/helger/peppolid/factory/BDXR1IdentifierFactory.java,production,,,,createDocumentTypeIdentifier,9,@Nullable public,True,True,,,,,ELIGIBLE,,,,,,,,,1,2,0,,,,,,,,,EXCLUDED,setup,"Error: [('D:\\ki9\\SEP490\\ArrowCode\\ARROW-paper\\ARROW\\repos\\32777313\\peppol-testfiles\\src\\main\\resources\\external\\peppol-ubl\\test-callfortenders\\success\\Catalogue pre award_Call for Tender_RDO MEPA_BIS 12a.xml', 'D:\\ki9\\SEP490\\ArrowCode\\ARROW-paper\\ARROW\\runs\\sample_selection\\distributed\\shard-2\\candidates\\02348_32777313_32777313_36\\workspace\\peppol-testfiles\\src\\main\\resources\\external\\peppol-ubl\\test-callfortenders\\success\\Catalogue pre award_Call for Tender_RDO MEPA_BIS 12a.xml', ""[Errno 2] No such file or directory: 'D:\\\\ki9\\\\SEP490\\\\ArrowCode\\\\ARROW-paper\\\\ARROW\\\\runs\\\\sample_selection\\\\distributed\\\\shard-2\\\\candidates\\\\02348_32777313_32777313_36\\\\workspace\\\\peppol-testfiles\\\\src\\\\main\\\\resources\\\\external\\\\peppol-ubl\\\\test-callfortenders\\\\success\\\\Catalogue pre award_Call for Tender_RDO MEPA_BIS 12a.xml'""), ('D:\\ki9\\SEP490\\ArrowCode\\ARROW-paper\\ARROW\\repos\\32777313\\peppol-testfiles\\src\\main\\resources\\external\\peppol-ubl\\test-creditnotes\\success\\creditnote-with-all-elements-new-creditorid.xml', 'D:\\ki9\\SEP490\\ArrowCode\\ARROW-paper\\ARROW\\runs\\sample_selection\\distributed\\shard-2\\candidates\\02348_32777313_32777313_36\\workspace\\peppol-testfiles\\src\\main\\resources\\external\\peppol-ubl\\test-creditnotes\\success\\creditnote-with-all-elements-new-creditorid.xml', ""[Errno 2] No such file or directory: 'D:\\\\ki9\\\\SEP490\\\\ArrowCode\\\\ARROW-paper\\\\ARROW\\\\runs\\\\sample_selection\\\\distributed\\\\shard-2\\\\candidates\\\\02348_32777313_32777313_36\\\\workspace\\\\peppol-testfiles\\\\src\\\\main\\\\resources\\\\external\\\\peppol-ubl\\\\test-creditnotes\\\\success\\\\creditnote-with-all-elements-new-creditorid.xml'""), ('D:\\ki9\\SEP490\\ArrowCode\\ARROW-paper\\ARROW\\repos\\32777313\\peppol-testfiles\\src\\main\\resources\\external\\peppol-ubl\\test-invoices\\success\\invoice-it-c98fe7f7-8b46-4972-b61b-3b8824f16658.xml', 'D:\\ki9\\SEP490\\ArrowCode\\ARRO",36.218,D:\ki9\SEP490\ArrowCode\ARROW-paper\ARROW\runs\sample_selection\distributed\shard-2\candidates\02348_32777313_32777313_36
2353,29186921,29186921_3.json,https://github.com/melphi/onplan,PriceSpikePredicate,onplan-service/src/main/java/com/onplan/adviser/predicate/priceaction/PriceSpikePredicate.java,production,class,False,52,apply,14,@Override public,True,True,1,False,,9,ELIGIBLE,,maven,onplan-service,junit4,${com.java.version},,JDK ${com.java.version} not mapped; using system default Java,,1,2,1,RUNTIME_FAILED,,,com.onplan.adviser.predicate.priceaction.PriceSpikePredicate,,,,,EXCLUDED,baseline,[error] [error] some problems were encountered while processing the poms:,8.141,D:\ki9\SEP490\ArrowCode\ARROW-paper\ARROW\runs\sample_selection\distributed\shard-2\candidates\02353_29186921_29186921_3
2358,11719739,11719739_8.json,https://github.com/mycila/license-maven-plugin,FileUtils,license-maven-plugin/src/main/java/com/mycila/maven/plugin/license/util/FileUtils.java,production,,,,readFirstLines,14,public static,True,True,,,,,ELIGIBLE,,,,,,,,,1,2,0,,,,,,,,,EXCLUDED,setup,"Error: [('D:\\ki9\\SEP490\\ArrowCode\\ARROW-paper\\ARROW\\repos\\11719739\\docs\\reports\\4.2\\license-maven-plugin\\jacoco\\com.mycila.maven.plugin.license.dependencies\\AbstractLicensePolicyEnforcer.java.html', 'D:\\ki9\\SEP490\\ArrowCode\\ARROW-paper\\ARROW\\runs\\sample_selection\\distributed\\shard-2\\candidates\\02358_11719739_11719739_8\\workspace\\docs\\reports\\4.2\\license-maven-plugin\\jacoco\\com.mycila.maven.plugin.license.dependencies\\AbstractLicensePolicyEnforcer.java.html', ""[Errno 2] No such file or directory: 'D:\\\\ki9\\\\SEP490\\\\ArrowCode\\\\ARROW-paper\\\\ARROW\\\\runs\\\\sample_selection\\\\distributed\\\\shard-2\\\\candidates\\\\02358_11719739_11719739_8\\\\workspace\\\\docs\\\\reports\\\\4.2\\\\license-maven-plugin\\\\jacoco\\\\com.mycila.maven.plugin.license.dependencies\\\\AbstractLicensePolicyEnforcer.java.html'""), ('D:\\ki9\\SEP490\\ArrowCode\\ARROW-paper\\ARROW\\repos\\11719739\\docs\\reports\\4.2\\license-maven-plugin\\jacoco\\com.mycila.maven.plugin.license.dependencies\\AggregateLicensePolicyEnforcer.java.html', 'D:\\ki9\\SEP490\\ArrowCode\\ARROW-paper\\ARROW\\runs\\sample_selection\\distributed\\shard-2\\candidates\\02358_11719739_11719739_8\\workspace\\docs\\reports\\4.2\\license-maven-plugin\\jacoco\\com.mycila.maven.plugin.license.dependencies\\AggregateLicensePolicyEnforcer.java.html', ""[Errno 2] No such file or directory: 'D:\\\\ki9\\\\SEP490\\\\ArrowCode\\\\ARROW-paper\\\\ARROW\\\\runs\\\\sample_selection\\\\distributed\\\\shard-2\\\\candidates\\\\02358_11719739_11719739_8\\\\workspace\\\\docs\\\\reports\\\\4.2\\\\license-maven-plugin\\\\jacoco\\\\com.mycila.maven.plugin.license.dependencies\\\\AggregateLicensePolicyEnforcer.java.html'""), ('D:\\ki9\\SEP490\\ArrowCode\\ARROW-paper\\ARROW\\repos\\11719739\\docs\\reports\\4.2\\license-maven-plugin\\jacoco\\com.mycila.maven.plugin.license.dependencies\\ArtifactLicensePolicyEnforcer.java.html', 'D:\\ki9\\SEP490\\ArrowCode\\ARROW-paper\\ARROW\\runs\\sample_selection\\distributed\\",51.031,D:\ki9\SEP490\ArrowCode\ARROW-paper\ARROW\runs\sample_selection\distributed\shard-2\candidates\02358_11719739_11719739_8
2363,67999496,67999496_21.json,https://github.com/gentics/mesh,PathPrefixUtil,common/src/main/java/com/gentics/mesh/core/webroot/PathPrefixUtil.java,production,,,,sanitize,18,public static,True,True,,,,,ELIGIBLE,,,,,,,,4a1e4e799bcbdb181d637c38cff9350d7f63e0b9,1,2,0,,,,,,,,,EXCLUDED,setup,"Error: [('D:\\ki9\\SEP490\\ArrowCode\\ARROW-paper\\ARROW\\repos\\67999496\\doc\\src\\main\\docs\\generated\\api\\response\\api\\v1\\{project}\\tagFamilies\\{tagFamilyUuid}\\tags\\{tagUuid}\\nodes\\200\\request-schema.json', 'D:\\ki9\\SEP490\\ArrowCode\\ARROW-paper\\ARROW\\runs\\sample_selection\\distributed\\shard-2\\candidates\\02363_67999496_67999496_21\\workspace\\doc\\src\\main\\docs\\generated\\api\\response\\api\\v1\\{project}\\tagFamilies\\{tagFamilyUuid}\\tags\\{tagUuid}\\nodes\\200\\request-schema.json', ""[Errno 2] No such file or directory: 'D:\\\\ki9\\\\SEP490\\\\ArrowCode\\\\ARROW-paper\\\\ARROW\\\\runs\\\\sample_selection\\\\distributed\\\\shard-2\\\\candidates\\\\02363_67999496_67999496_21\\\\workspace\\\\doc\\\\src\\\\main\\\\docs\\\\generated\\\\api\\\\response\\\\api\\\\v1\\\\{project}\\\\tagFamilies\\\\{tagFamilyUuid}\\\\tags\\\\{tagUuid}\\\\nodes\\\\200\\\\request-schema.json'""), ('D:\\ki9\\SEP490\\ArrowCode\\ARROW-paper\\ARROW\\repos\\67999496\\doc\\src\\main\\docs\\generated\\api\\response\\api\\v2\\{project}\\nodes\\{nodeUuid}\\languages\\{language}\\published\\200\\request-schema.json', 'D:\\ki9\\SEP490\\ArrowCode\\ARROW-paper\\ARROW\\runs\\sample_selection\\distributed\\shard-2\\candidates\\02363_67999496_67999496_21\\workspace\\doc\\src\\main\\docs\\generated\\api\\response\\api\\v2\\{project}\\nodes\\{nodeUuid}\\languages\\{language}\\published\\200\\request-schema.json', ""[Errno 2] No such file or directory: 'D:\\\\ki9\\\\SEP490\\\\ArrowCode\\\\ARROW-paper\\\\ARROW\\\\runs\\\\sample_selection\\\\distributed\\\\shard-2\\\\candidates\\\\02363_67999496_67999496_21\\\\workspace\\\\doc\\\\src\\\\main\\\\docs\\\\generated\\\\api\\\\response\\\\api\\\\v2\\\\{project}\\\\nodes\\\\{nodeUuid}\\\\languages\\\\{language}\\\\published\\\\200\\\\request-schema.json'""), ('D:\\ki9\\SEP490\\ArrowCode\\ARROW-paper\\ARROW\\repos\\67999496\\doc\\src\\main\\docs\\generated\\api\\response\\api\\v2\\{project}\\nodes\\{nodeUuid}\\languages\\{language}\\published\",174.453,D:\ki9\SEP490\ArrowCode\ARROW-paper\ARROW\runs\sample_selection\distributed\shard-2\candidates\02363_67999496_67999496_21
2368,98459144,98459144_31.json,https://github.com/datastax/simulacron,EmptyReturnMetadataHandler,common/src/main/java/com/datastax/oss/simulacron/common/stubbing/EmptyReturnMetadataHandler.java,production,class,False,62,matches,9,@Override public,True,True,1,False,,9,ELIGIBLE,,maven,common,junit4,8,D:\ki9\SEP490\ArrowCode\ARROW-paper\ARROW\Java-version\java-8,auto-discovered JDK 8,,1,2,2,MODULE_TESTS_PASSED|MODULE_TESTS_PASSED,True,1,com.datastax.oss.simulacron.common.stubbing.EmptyReturnMetadataHandler,True,ASSERTION_FAILED,,,EXCLUDED,probe_target,[info] simulacron common .................................. failure [ 0.080 s],68.937,D:\ki9\SEP490\ArrowCode\ARROW-paper\ARROW\runs\sample_selection\distributed\shard-2\candidates\02368_98459144_98459144_31
2373,120417004,120417004_0.json,https://github.com/talhahasanzia/easy-parsers,ArrayParser,easycsvlibrary/src/main/java/com/talhahasanzia/csv/parsers/ArrayParser.java,production,,,,parse,21,@Override public,True,False,,,,,EXCLUDED,no_observable_behavior,,,,,,,,,2,0,,,,,,,,,EXCLUDED,semantic_metadata,no_observable_behavior,0.016,D:\ki9\SEP490\ArrowCode\ARROW-paper\ARROW\runs\sample_selection\distributed\shard-2\candidates\02373_120417004_120417004_0
2378,67037282,67037282_0.json,https://github.com/paramsen/currency-android-reactive,CurrencyUtil,app/src/main/java/com/amsen/par/cewlrency/base/util/CurrencyUtil.java,production,class,False,36,format,13,public static,True,True,0,False,,9,ELIGIBLE,,gradle,app,junit4,1,D:\ki9\SEP490\ArrowCode\ARROW-paper\ARROW\Java-version\java-8,auto-discovered compatible JDK 8 for Java 1,,1,2,1,ASSERTION_FAILED,,,com.amsen.par.cewlrency.base.util.CurrencyUtil,,,,,EXCLUDED,baseline,failure: build failed with an exception.,31.313,D:\ki9\SEP490\ArrowCode\ARROW-paper\ARROW\runs\sample_selection\distributed\shard-2\candidates\02378_67037282_67037282_0
2383,152415097,152415097_114.json,https://github.com/Ericsson/ecchronos,KeyspaceHelper,core/src/main/java/com/ericsson/bss/cassandra/ecchronos/core/utils/KeyspaceHelper.java,production,class,False,80,getDatacentersForKeyspace,24,public static,True,True,0,False,,9,ELIGIBLE,,maven,core,junit4,8,D:\ki9\SEP490\ArrowCode\ARROW-paper\ARROW\Java-version\java-8,auto-discovered JDK 8,f9448e154057d7c103f1a22015b11d4c74e05d84,1,2,1,TOOL_ERROR,,,com.ericsson.bss.cassandra.ecchronos.core.utils.KeyspaceHelper,,,,,EXCLUDED,baseline,[Errno 2] No such file or directory: 'D:\\ki9\\SEP490\\ArrowCode\\ARROW-paper\\ARROW\\runs\\sample_selection\\distributed\\shard-2\\candidates\\02383_152415097_152415097_114\\workspace\\core\\target\\surefire-reports\\TEST-com.ericsson.bss.cassandra.ecchronos.core.repair.TestDefaultRepairConfigurationProvider.xml',138.984,D:\ki9\SEP490\ArrowCode\ARROW-paper\ARROW\runs\sample_selection\distributed\shard-2\candidates\02383_152415097_152415097_114
2388,78859100,78859100_1.json,https://github.com/yodle/bayonet,UserService,sample-app/src/main/java/com/yodle/android/bayonet/service/UserService.java,production,class,False,16,login,4,public,False,True,1,False,,7,ELIGIBLE,,gradle,sample-app,junit4,unknown,D:\ki9\SEP490\ArrowCode\ARROW-paper\ARROW\Java-version\java-8,Gradle 2.14.1 requires compatible JDK 8; auto-discovered,,1,2,1,ASSERTION_FAILED,,,com.yodle.android.bayonet.service.UserService,,,,,EXCLUDED,baseline,failure: build failed with an exception.,12.250,D:\ki9\SEP490\ArrowCode\ARROW-paper\ARROW\runs\sample_selection\distributed\shard-2\candidates\02388_78859100_78859100_1
2393,125550262,125550262_28.json,https://github.com/vmware/ovsdb-client-library,Row,ovsdb-client/src/main/java/com/vmware/ovsdb/protocol/operation/notation/Row.java,production,class,False,167,equals,11,@Override public,True,True,0,False,,9,ELIGIBLE,,maven,ovsdb-client,junit4,8,D:\ki9\SEP490\ArrowCode\ARROW-paper\ARROW\Java-version\java-8,auto-discovered JDK 8,,1,2,2,MODULE_TESTS_PASSED|MODULE_TESTS_PASSED,True,0,com.vmware.ovsdb.protocol.operation.notation.Row,True,TARGET_TEST_PASSED,MODULE_TESTS_PASSED,MODULE_TESTS_PASSED,ELIGIBLE,,,544.250,D:\ki9\SEP490\ArrowCode\ARROW-paper\ARROW\runs\sample_selection\distributed\shard-2\candidates\02393_125550262_125550262_28
2398,32079125,32079125_0.json,https://github.com/usnistgov/rcslib,Posemath,rcsjava_maven/rcslib/src/main/java/rcs/posemath/Posemath.java,production,class,False,3371,toRot,5,static public,False,True,0,True,filesystem|nondeterminism,5,EXCLUDED,external_dependency_risk:filesystem|nondeterminism;testability_score_below_7,,,,,,,,1,2,0,,,,,,,,,EXCLUDED,semantic,external_dependency_risk:filesystem|nondeterminism;testability_score_below_7,34.437,D:\ki9\SEP490\ArrowCode\ARROW-paper\ARROW\runs\sample_selection\distributed\shard-2\candidates\02398_32079125_32079125_0
2403,14561598,14561598_14.json,https://github.com/HotswapProjects/HotswapAgent,PluginConfiguration,hotswap-agent-core/src/main/java/org/hotswap/agent/config/PluginConfiguration.java,production,,,,getWatchResources,3,public,False,True,,,,,EXCLUDED,trivial_focal_method,,,,,,,,,2,0,,,,,,,,,EXCLUDED,semantic_metadata,trivial_focal_method,0.032,D:\ki9\SEP490\ArrowCode\ARROW-paper\ARROW\runs\sample_selection\distributed\shard-2\candidates\02403_14561598_14561598_14
2408,2928039,2928039_30.json,https://github.com/Photobucket/Solbase-Solr,NumberFormatTransformer,contrib/dataimporthandler/src/main/java/org/apache/solr/handler/dataimport/NumberFormatTransformer.java,production,,,,transformRow,52,"@SuppressWarnings(""unchecked"") public",True,True,,,,,ELIGIBLE,,,,,,,,,,2,0,,,,,,,,,EXCLUDED,setup,"RuntimeError: Repository setup failed after 3 attempts: CalledProcessError: Command '['git', '-c', 'core.longpaths=true', 'clone', '--depth', '1', 'https://github.com/Photobucket/Solbase-Solr', 'D:\\ki9\\SEP490\\ArrowCode\\ARROW-paper\\ARROW\\repos\\2928039']' returned non-zero exit status 128.",10.203,D:\ki9\SEP490\ArrowCode\ARROW-paper\ARROW\runs\sample_selection\distributed\shard-2\candidates\02408_2928039_2928039_30
2413,51046991,51046991_0.json,https://github.com/eliasbagley/rxmqtt,RxMqttClient,rxmqtt/src/main/java/com/eliasbagley/rxmqtt/RxMqttClient.java,production,class,False,339,status,3,public,False,True,3,False,,8,ELIGIBLE,,gradle,rxmqtt,junit4,unknown,D:\ki9\SEP490\ArrowCode\ARROW-paper\ARROW\Java-version\java-8,Gradle 2.10 requires compatible JDK 8; auto-discovered,,1,2,1,ASSERTION_FAILED,,,com.eliasbagley.rxmqtt.RxMqttClient,,,,,EXCLUDED,baseline,failure: build failed with an exception.,11.703,D:\ki9\SEP490\ArrowCode\ARROW-paper\ARROW\runs\sample_selection\distributed\shard-2\candidates\02413_51046991_51046991_0
2418,141151532,141151532_1.json,https://github.com/hooj0/spring-data-fabric-chaincode,AccountService,spring-data-fabric-chaincode-examples/src/main/java/io/github/hooj0/springdata/fabric/chaincode/example/service/AccountService.java,production,,,,invoke,5,public,False,True,,,,,ELIGIBLE,,,,,,,,,1,2,0,,,,,,,,,EXCLUDED,setup,"Error: [('D:\\ki9\\SEP490\\ArrowCode\\ARROW-paper\\ARROW\\repos\\141151532\\spring-data-fabric-chaincode\\src\\main\\java\\io\\github\\hooj0\\springdata\\fabric\\chaincode\\annotations\\repository\\Serialization.java', 'D:\\ki9\\SEP490\\ArrowCode\\ARROW-paper\\ARROW\\runs\\sample_selection\\distributed\\shard-2\\candidates\\02418_141151532_141151532_1\\workspace\\spring-data-fabric-chaincode\\src\\main\\java\\io\\github\\hooj0\\springdata\\fabric\\chaincode\\annotations\\repository\\Serialization.java', ""[Errno 2] No such file or directory: 'D:\\\\ki9\\\\SEP490\\\\ArrowCode\\\\ARROW-paper\\\\ARROW\\\\runs\\\\sample_selection\\\\distributed\\\\shard-2\\\\candidates\\\\02418_141151532_141151532_1\\\\workspace\\\\spring-data-fabric-chaincode\\\\src\\\\main\\\\java\\\\io\\\\github\\\\hooj0\\\\springdata\\\\fabric\\\\chaincode\\\\annotations\\\\repository\\\\Serialization.java'""), ('D:\\ki9\\SEP490\\ArrowCode\\ARROW-paper\\ARROW\\repos\\141151532\\spring-data-fabric-chaincode\\src\\main\\java\\io\\github\\hooj0\\springdata\\fabric\\chaincode\\ChaincodeUnsupportedOperationException.java', 'D:\\ki9\\SEP490\\ArrowCode\\ARROW-paper\\ARROW\\runs\\sample_selection\\distributed\\shard-2\\candidates\\02418_141151532_141151532_1\\workspace\\spring-data-fabric-chaincode\\src\\main\\java\\io\\github\\hooj0\\springdata\\fabric\\chaincode\\ChaincodeUnsupportedOperationException.java', ""[Errno 2] No such file or directory: 'D:\\\\ki9\\\\SEP490\\\\ArrowCode\\\\ARROW-paper\\\\ARROW\\\\runs\\\\sample_selection\\\\distributed\\\\shard-2\\\\candidates\\\\02418_141151532_141151532_1\\\\workspace\\\\spring-data-fabric-chaincode\\\\src\\\\main\\\\java\\\\io\\\\github\\\\hooj0\\\\springdata\\\\fabric\\\\chaincode\\\\ChaincodeUnsupportedOperationException.java'""), ('D:\\ki9\\SEP490\\ArrowCode\\ARROW-paper\\ARROW\\repos\\141151532\\spring-data-fabric-chaincode\\src\\main\\java\\io\\github\\hooj0\\springdata\\fabric\\chaincode\\config\\AbstractChaincodeConfiguration.java', 'D:\\ki9\\SEP490\\Arrow",5.687,D:\ki9\SEP490\ArrowCode\ARROW-paper\ARROW\runs\sample_selection\distributed\shard-2\candidates\02418_141151532_141151532_1
2423,110719900,110719900_0.json,https://github.com/abhigit-hub/base-mvp,SplashPresenter,app/src/main/java/com/footinit/ibasemvp/ui/splash/SplashPresenter.java,production,,,,onAttach,5,@Override public,False,False,,,,,EXCLUDED,no_observable_behavior,,,,,,,,,2,0,,,,,,,,,EXCLUDED,semantic_metadata,no_observable_behavior,0.031,D:\ki9\SEP490\ArrowCode\ARROW-paper\ARROW\runs\sample_selection\distributed\shard-2\candidates\02423_110719900_110719900_0
2428,193945625,193945625_9.json,https://github.com/aws-cloudformation/aws-cloudformation-resource-providers-cloudformation,ListHandler,aws-cloudformation-stackset/src/main/java/software/amazon/cloudformation/stackset/ListHandler.java,production,,,,handleRequest,23,@Override protected,False,True,,,,,ELIGIBLE,,,,,,,,,1,2,0,,,,,,,,,EXCLUDED,setup,FileNotFoundError: Cannot resolve focal class path: aws-cloudformation-stackset/src/main/java/software/amazon/cloudformation/stackset/ListHandler.java,3.656,D:\ki9\SEP490\ArrowCode\ARROW-paper\ARROW\runs\sample_selection\distributed\shard-2\candidates\02428_193945625_193945625_9
2433,83002023,83002023_0.json,https://github.com/braintree/browser-switch-android,PersistentStore,browser-switch/src/main/java/com/braintreepayments/browserswitch/PersistentStore.java,production,,,,put,6,static,False,False,,,,,EXCLUDED,no_observable_behavior,,,,,,,,,2,0,,,,,,,,,EXCLUDED,semantic_metadata,no_observable_behavior,0.031,D:\ki9\SEP490\ArrowCode\ARROW-paper\ARROW\runs\sample_selection\distributed\shard-2\candidates\02433_83002023_83002023_0
2438,31940141,31940141_29.json,https://github.com/offbynull/coroutines,SearchUtils,instrumenter/src/main/java/com/offbynull/coroutines/instrumenter/asm/SearchUtils.java,production,class,False,469,findMethodsWithName,12,public static,True,True,0,False,,10,ELIGIBLE,,maven,instrumenter,junit5,9,,JDK 9 not mapped; using system default Java,,1,2,1,ASSERTION_FAILED,,,com.offbynull.coroutines.instrumenter.asm.SearchUtils,,,,,EXCLUDED,baseline,[info] com.offbynull.coroutines:user ...................... failure [ 2.020 s],12.219,D:\ki9\SEP490\ArrowCode\ARROW-paper\ARROW\runs\sample_selection\distributed\shard-2\candidates\02438_31940141_31940141_29
2443,41348334,41348334_4.json,https://github.com/apache/attic-apex-malhar,AbstractKuduInputPartitioner,kudu/src/main/java/org/apache/apex/malhar/kudu/partitioner/AbstractKuduInputPartitioner.java,production,class,True,236,getKuduScanTokensForSelectAllColumns,21,public,True,True,1,False,,10,EXCLUDED,non_concrete:class:abstract,,,,,,,,1,2,0,,,,,,,,,EXCLUDED,semantic,non_concrete:class:abstract,41.235,D:\ki9\SEP490\ArrowCode\ARROW-paper\ARROW\runs\sample_selection\distributed\shard-2\candidates\02443_41348334_41348334_4
2448,150677892,150677892_4.json,https://github.com/Blackdread/canon-sdk-java,NameToBeDefined,camera-framework/src/main/java/org/blackdread/cameraframework/util/NameToBeDefined.java,production,,,,runOnError,4,public,False,True,,,,,ELIGIBLE,,,,,,,,,1,2,0,,,,,,,,,EXCLUDED,setup,"Error: [('D:\\ki9\\SEP490\\ArrowCode\\ARROW-paper\\ARROW\\repos\\150677892\\camera-framework\\src\\main\\java\\org\\blackdread\\cameraframework\\exception\\error\\communication\\EdsdkCommBufferFullErrorException.java', 'D:\\ki9\\SEP490\\ArrowCode\\ARROW-paper\\ARROW\\runs\\sample_selection\\distributed\\shard-2\\candidates\\02448_150677892_150677892_4\\workspace\\camera-framework\\src\\main\\java\\org\\blackdread\\cameraframework\\exception\\error\\communication\\EdsdkCommBufferFullErrorException.java', ""[Errno 2] No such file or directory: 'D:\\\\ki9\\\\SEP490\\\\ArrowCode\\\\ARROW-paper\\\\ARROW\\\\runs\\\\sample_selection\\\\distributed\\\\shard-2\\\\candidates\\\\02448_150677892_150677892_4\\\\workspace\\\\camera-framework\\\\src\\\\main\\\\java\\\\org\\\\blackdread\\\\cameraframework\\\\exception\\\\error\\\\communication\\\\EdsdkCommBufferFullErrorException.java'""), ('D:\\ki9\\SEP490\\ArrowCode\\ARROW-paper\\ARROW\\repos\\150677892\\camera-framework\\src\\main\\java\\org\\blackdread\\cameraframework\\exception\\error\\communication\\EdsdkCommDeviceIncompatibleErrorException.java', 'D:\\ki9\\SEP490\\ArrowCode\\ARROW-paper\\ARROW\\runs\\sample_selection\\distributed\\shard-2\\candidates\\02448_150677892_150677892_4\\workspace\\camera-framework\\src\\main\\java\\org\\blackdread\\cameraframework\\exception\\error\\communication\\EdsdkCommDeviceIncompatibleErrorException.java', ""[Errno 2] No such file or directory: 'D:\\\\ki9\\\\SEP490\\\\ArrowCode\\\\ARROW-paper\\\\ARROW\\\\runs\\\\sample_selection\\\\distributed\\\\shard-2\\\\candidates\\\\02448_150677892_150677892_4\\\\workspace\\\\camera-framework\\\\src\\\\main\\\\java\\\\org\\\\blackdread\\\\cameraframework\\\\exception\\\\error\\\\communication\\\\EdsdkCommDeviceIncompatibleErrorException.java'""), ('D:\\ki9\\SEP490\\ArrowCode\\ARROW-paper\\ARROW\\repos\\150677892\\camera-framework\\src\\main\\java\\org\\blackdread\\cameraframework\\exception\\error\\communication\\EdsdkCommDisconnectedErrorException.java', '",10.484,D:\ki9\SEP490\ArrowCode\ARROW-paper\ARROW\runs\sample_selection\distributed\shard-2\candidates\02448_150677892_150677892_4
2453,44331166,44331166_7.json,https://github.com/omerio/ecarf,Utils,ecarf-core/src/main/java/io/ecarf/core/utils/Utils.java,production,class,False,576,split,17,public static,True,True,0,True,filesystem|process_or_native,8,EXCLUDED,external_dependency_risk:filesystem|process_or_native,,,,,,,,1,2,0,,,,,,,,,EXCLUDED,semantic,external_dependency_risk:filesystem|process_or_native,10.063,D:\ki9\SEP490\ArrowCode\ARROW-paper\ARROW\runs\sample_selection\distributed\shard-2\candidates\02453_44331166_44331166_7
2458,62155865,62155865_0.json,https://github.com/sagix/executordecorator,ImmutableModule,executordecorator-samples/src/main/java/com/nicolasmouchel/executordecorator/samples/immutable/ImmutableModule.java,production,,,,provideTask,4,@ImmutableExecutorDecorator,False,True,,,,,ELIGIBLE,,,,,,,,,1,2,0,,,,,,,,,EXCLUDED,setup,"Error: [('D:\\ki9\\SEP490\\ArrowCode\\ARROW-paper\\ARROW\\repos\\62155865\\executordecorator-android-arch-extensions\\src\\test\\kotlin\\com\\nicolasmouchel\\executordecorator\\CreateMutableDecoratorLifecycleObserverTest.kt', 'D:\\ki9\\SEP490\\ArrowCode\\ARROW-paper\\ARROW\\runs\\sample_selection\\distributed\\shard-2\\candidates\\02458_62155865_62155865_0\\workspace\\executordecorator-android-arch-extensions\\src\\test\\kotlin\\com\\nicolasmouchel\\executordecorator\\CreateMutableDecoratorLifecycleObserverTest.kt', ""[Errno 2] No such file or directory: 'D:\\\\ki9\\\\SEP490\\\\ArrowCode\\\\ARROW-paper\\\\ARROW\\\\runs\\\\sample_selection\\\\distributed\\\\shard-2\\\\candidates\\\\02458_62155865_62155865_0\\\\workspace\\\\executordecorator-android-arch-extensions\\\\src\\\\test\\\\kotlin\\\\com\\\\nicolasmouchel\\\\executordecorator\\\\CreateMutableDecoratorLifecycleObserverTest.kt'""), ('D:\\ki9\\SEP490\\ArrowCode\\ARROW-paper\\ARROW\\repos\\62155865\\executordecorator-android-arch-extensions\\src\\test\\kotlin\\com\\nicolasmouchel\\executordecorator\\ResumeMutableDecoratorLifecycleObserverTest.kt', 'D:\\ki9\\SEP490\\ArrowCode\\ARROW-paper\\ARROW\\runs\\sample_selection\\distributed\\shard-2\\candidates\\02458_62155865_62155865_0\\workspace\\executordecorator-android-arch-extensions\\src\\test\\kotlin\\com\\nicolasmouchel\\executordecorator\\ResumeMutableDecoratorLifecycleObserverTest.kt', ""[Errno 2] No such file or directory: 'D:\\\\ki9\\\\SEP490\\\\ArrowCode\\\\ARROW-paper\\\\ARROW\\\\runs\\\\sample_selection\\\\distributed\\\\shard-2\\\\candidates\\\\02458_62155865_62155865_0\\\\workspace\\\\executordecorator-android-arch-extensions\\\\src\\\\test\\\\kotlin\\\\com\\\\nicolasmouchel\\\\executordecorator\\\\ResumeMutableDecoratorLifecycleObserverTest.kt'""), ('D:\\ki9\\SEP490\\ArrowCode\\ARROW-paper\\ARROW\\repos\\62155865\\executordecorator-android-arch-extensions\\src\\test\\kotlin\\com\\nicolasmouchel\\executordecorator\\StartMutableDecoratorLifecycleObserverTest.",3.172,D:\ki9\SEP490\ArrowCode\ARROW-paper\ARROW\runs\sample_selection\distributed\shard-2\candidates\02458_62155865_62155865_0
2463,158136158,158136158_0.json,https://github.com/jeltedeproft/Norii,ProfileSubject,core/src/main/java/com/mygdx/game/Profile/ProfileSubject.java,production,,,,addObserver,3,public,False,False,,,,,EXCLUDED,no_observable_behavior,,,,,,,,,2,0,,,,,,,,,EXCLUDED,semantic_metadata,no_observable_behavior,0.016,D:\ki9\SEP490\ArrowCode\ARROW-paper\ARROW\runs\sample_selection\distributed\shard-2\candidates\02463_158136158_158136158_0
2468,17627721,17627721_6.json,https://github.com/DISID/fiebdc3-parser,Database,fiebdc3.api/src/main/java/com/disid/fiebdc3/Database.java,production,,,,addConceptBreakdown,8,public,True,True,,,,,ELIGIBLE,,,,,,,,,,2,0,,,,,,,,,EXCLUDED,setup,"RuntimeError: Repository setup failed after 3 attempts: CalledProcessError: Command '['git', '-c', 'core.longpaths=true', 'clone', '--depth', '1', 'https://github.com/DISID/fiebdc3-parser', 'D:\\ki9\\SEP490\\ArrowCode\\ARROW-paper\\ARROW\\repos\\17627721']' returned non-zero exit status 128.",10.047,D:\ki9\SEP490\ArrowCode\ARROW-paper\ARROW\runs\sample_selection\distributed\shard-2\candidates\02468_17627721_17627721_6
2473,149579497,149579497_1.json,https://github.com/dimpon/loguno,JCTreeUtils,loguno-processor/src/main/java/org/loguno/processor/utils/JCTreeUtils.java,production,class,False,102,hasBody,9,public,True,True,0,False,,9,ELIGIBLE,,maven,loguno-processor,junit5,8,D:\ki9\SEP490\ArrowCode\ARROW-paper\ARROW\Java-version\java-8,auto-discovered JDK 8,,1,2,2,MODULE_TESTS_PASSED|MODULE_TESTS_PASSED,True,0,org.loguno.processor.utils.JCTreeUtils,True,TARGET_TEST_PASSED,MODULE_TESTS_PASSED,MODULE_TESTS_PASSED,ELIGIBLE,,,42.984,D:\ki9\SEP490\ArrowCode\ARROW-paper\ARROW\runs\sample_selection\distributed\shard-2\candidates\02473_149579497_149579497_1
2478,190267909,190267909_20.json,https://github.com/pinterest/singer,LogConfigUtils,singer/src/main/java/com/pinterest/singer/utils/LogConfigUtils.java,production,class,False,1543,parseCommonSingerConfigHeader,89,public static,True,True,0,True,filesystem|nondeterminism,7,EXCLUDED,external_dependency_risk:filesystem|nondeterminism,,,,,,,,1,2,0,,,,,,,,,EXCLUDED,semantic,external_dependency_risk:filesystem|nondeterminism,10.000,D:\ki9\SEP490\ArrowCode\ARROW-paper\ARROW\runs\sample_selection\distributed\shard-2\candidates\02478_190267909_190267909_20
2483,1406218,1406218_56.json,https://github.com/xwiki/xwiki-rendering,DefaultMacroManager,xwiki-rendering-transformations/xwiki-rendering-transformation-macro/src/main/java/org/xwiki/rendering/internal/macro/DefaultMacroManager.java,production,,,,getMacro,21,@Override public,True,True,,,,,ELIGIBLE,,,,,,,,,1,2,0,,,,,,,,,EXCLUDED,setup,"Error: [('D:\\ki9\\SEP490\\ArrowCode\\ARROW-paper\\ARROW\\repos\\1406218\\xwiki-rendering-api\\src\\main\\java\\org\\xwiki\\rendering\\internal\\parser\\reference\\type\\PageAttachmentResourceReferenceTypeParser.java', 'D:\\ki9\\SEP490\\ArrowCode\\ARROW-paper\\ARROW\\runs\\sample_selection\\distributed\\shard-2\\candidates\\02483_1406218_1406218_56\\workspace\\xwiki-rendering-api\\src\\main\\java\\org\\xwiki\\rendering\\internal\\parser\\reference\\type\\PageAttachmentResourceReferenceTypeParser.java', ""[Errno 2] No such file or directory: 'D:\\\\ki9\\\\SEP490\\\\ArrowCode\\\\ARROW-paper\\\\ARROW\\\\runs\\\\sample_selection\\\\distributed\\\\shard-2\\\\candidates\\\\02483_1406218_1406218_56\\\\workspace\\\\xwiki-rendering-api\\\\src\\\\main\\\\java\\\\org\\\\xwiki\\\\rendering\\\\internal\\\\parser\\\\reference\\\\type\\\\PageAttachmentResourceReferenceTypeParser.java'""), ('D:\\ki9\\SEP490\\ArrowCode\\ARROW-paper\\ARROW\\repos\\1406218\\xwiki-rendering-legacy\\xwiki-rendering-legacy-api\\src\\main\\aspect\\org\\xwiki\\rendering\\internal.transformation\\DefaultTransformationManagerAspect.aj', 'D:\\ki9\\SEP490\\ArrowCode\\ARROW-paper\\ARROW\\runs\\sample_selection\\distributed\\shard-2\\candidates\\02483_1406218_1406218_56\\workspace\\xwiki-rendering-legacy\\xwiki-rendering-legacy-api\\src\\main\\aspect\\org\\xwiki\\rendering\\internal.transformation\\DefaultTransformationManagerAspect.aj', ""[Errno 2] No such file or directory: 'D:\\\\ki9\\\\SEP490\\\\ArrowCode\\\\ARROW-paper\\\\ARROW\\\\runs\\\\sample_selection\\\\distributed\\\\shard-2\\\\candidates\\\\02483_1406218_1406218_56\\\\workspace\\\\xwiki-rendering-legacy\\\\xwiki-rendering-legacy-api\\\\src\\\\main\\\\aspect\\\\org\\\\xwiki\\\\rendering\\\\internal.transformation\\\\DefaultTransformationManagerAspect.aj'""), ('D:\\ki9\\SEP490\\ArrowCode\\ARROW-paper\\ARROW\\repos\\1406218\\xwiki-rendering-legacy\\xwiki-rendering-legacy-api\\src\\main\\aspect\\org\\xwiki\\rendering\\transformation\\CompatibilityTransformat",22.375,D:\ki9\SEP490\ArrowCode\ARROW-paper\ARROW\runs\sample_selection\distributed\shard-2\candidates\02483_1406218_1406218_56
2488,88374068,88374068_1.json,https://github.com/opentracing-contrib/java-elasticsearch-client,ClientSpanNameProvider,opentracing-elasticsearch-client-common/src/main/java/io/opentracing/contrib/elasticsearch/common/ClientSpanNameProvider.java,production,,,,PREFIXED_REQUEST_METHOD_NAME,4,public static,False,True,,,,,ELIGIBLE,,,,,,,,,1,2,0,,,,,,,,,EXCLUDED,setup,"Error: [('D:\\ki9\\SEP490\\ArrowCode\\ARROW-paper\\ARROW\\repos\\88374068\\opentracing-elasticsearch-client-common\\src\\main\\java\\io\\opentracing\\contrib\\elasticsearch\\common\\TracingHttpClientConfigCallback.java', 'D:\\ki9\\SEP490\\ArrowCode\\ARROW-paper\\ARROW\\runs\\sample_selection\\distributed\\shard-2\\candidates\\02488_88374068_88374068_1\\workspace\\opentracing-elasticsearch-client-common\\src\\main\\java\\io\\opentracing\\contrib\\elasticsearch\\common\\TracingHttpClientConfigCallback.java', ""[Errno 2] No such file or directory: 'D:\\\\ki9\\\\SEP490\\\\ArrowCode\\\\ARROW-paper\\\\ARROW\\\\runs\\\\sample_selection\\\\distributed\\\\shard-2\\\\candidates\\\\02488_88374068_88374068_1\\\\workspace\\\\opentracing-elasticsearch-client-common\\\\src\\\\main\\\\java\\\\io\\\\opentracing\\\\contrib\\\\elasticsearch\\\\common\\\\TracingHttpClientConfigCallback.java'""), ('D:\\ki9\\SEP490\\ArrowCode\\ARROW-paper\\ARROW\\repos\\88374068\\opentracing-elasticsearch-client-common\\src\\test\\java\\io\\opentracing\\contrib\\elasticsearch\\common\\ClientSpanNameProviderTest.java', 'D:\\ki9\\SEP490\\ArrowCode\\ARROW-paper\\ARROW\\runs\\sample_selection\\distributed\\shard-2\\candidates\\02488_88374068_88374068_1\\workspace\\opentracing-elasticsearch-client-common\\src\\test\\java\\io\\opentracing\\contrib\\elasticsearch\\common\\ClientSpanNameProviderTest.java', ""[Errno 2] No such file or directory: 'D:\\\\ki9\\\\SEP490\\\\ArrowCode\\\\ARROW-paper\\\\ARROW\\\\runs\\\\sample_selection\\\\distributed\\\\shard-2\\\\candidates\\\\02488_88374068_88374068_1\\\\workspace\\\\opentracing-elasticsearch-client-common\\\\src\\\\test\\\\java\\\\io\\\\opentracing\\\\contrib\\\\elasticsearch\\\\common\\\\ClientSpanNameProviderTest.java'"")]",2.922,D:\ki9\SEP490\ArrowCode\ARROW-paper\ARROW\runs\sample_selection\distributed\shard-2\candidates\02488_88374068_88374068_1
2493,32232605,32232605_4.json,https://github.com/kamilfb/mqtt-spy,SecureSocketUtils,spy-common/src/main/java/pl/baczkowicz/spy/security/SecureSocketUtils.java,production,class,False,248,loadKeystore,19,public static,True,True,0,True,filesystem,8,EXCLUDED,external_dependency_risk:filesystem,,,,,,,,1,2,0,,,,,,,,,EXCLUDED,semantic,external_dependency_risk:filesystem,18.453,D:\ki9\SEP490\ArrowCode\ARROW-paper\ARROW\runs\sample_selection\distributed\shard-2\candidates\02493_32232605_32232605_4
2498,30764186,30764186_26.json,https://github.com/jenkinsci/openstack-cloud-plugin,JCloudsRetentionStrategy,plugin/src/main/java/jenkins/plugins/openstack/compute/JCloudsRetentionStrategy.java,production,,,,check,18,@Override public,True,True,,,,,ELIGIBLE,,,,,,,,,1,2,0,,,,,,,,,EXCLUDED,setup,"Error: [('D:\\ki9\\SEP490\\ArrowCode\\ARROW-paper\\ARROW\\repos\\30764186\\plugin\\src\\test\\resources\\jenkins\\plugins\\openstack\\compute\\JCloudsCloudTest\\globalConfigMigrationFromV1\\jenkins.plugins.openstack.compute.UserDataConfig.xml', 'D:\\ki9\\SEP490\\ArrowCode\\ARROW-paper\\ARROW\\runs\\sample_selection\\distributed\\shard-2\\candidates\\02498_30764186_30764186_26\\workspace\\plugin\\src\\test\\resources\\jenkins\\plugins\\openstack\\compute\\JCloudsCloudTest\\globalConfigMigrationFromV1\\jenkins.plugins.openstack.compute.UserDataConfig.xml', ""[Errno 2] No such file or directory: 'D:\\\\ki9\\\\SEP490\\\\ArrowCode\\\\ARROW-paper\\\\ARROW\\\\runs\\\\sample_selection\\\\distributed\\\\shard-2\\\\candidates\\\\02498_30764186_30764186_26\\\\workspace\\\\plugin\\\\src\\\\test\\\\resources\\\\jenkins\\\\plugins\\\\openstack\\\\compute\\\\JCloudsCloudTest\\\\globalConfigMigrationFromV1\\\\jenkins.plugins.openstack.compute.UserDataConfig.xml'"")]",4.938,D:\ki9\SEP490\ArrowCode\ARROW-paper\ARROW\runs\sample_selection\distributed\shard-2\candidates\02498_30764186_30764186_26
2503,19576190,19576190_14.json,https://github.com/lqd-io/liquid-sdk-android,LQModel,liquid/src/main/java/io/lqd/sdk/model/LQModel.java,production,class,True,161,validKey,7,public static,True,True,0,False,,10,EXCLUDED,non_concrete:class:abstract,,,,,,,,1,2,0,,,,,,,,,EXCLUDED,semantic,non_concrete:class:abstract,4.187,D:\ki9\SEP490\ArrowCode\ARROW-paper\ARROW\runs\sample_selection\distributed\shard-2\candidates\02503_19576190_19576190_14
2508,187946264,187946264_2.json,https://github.com/haifeng9414/spring-framework,RouterFunctions,spring-webflux/src/main/java/org/springframework/web/reactive/function/server/RouterFunctions.java,production,,,,route,4,public static,False,True,,,,,ELIGIBLE,,,,,,,,,1,2,0,,,,,,,,,EXCLUDED,setup,"Error: [('D:\\ki9\\SEP490\\ArrowCode\\ARROW-paper\\ARROW\\repos\\187946264\\spring-beans\\src\\test\\resources\\org\\springframework\\beans\\factory\\xml\\NestedBeansElementAttributeRecursionTests-autowire-candidates-context.xml', 'D:\\ki9\\SEP490\\ArrowCode\\ARROW-paper\\ARROW\\runs\\sample_selection\\distributed\\shard-2\\candidates\\02508_187946264_187946264_2\\workspace\\spring-beans\\src\\test\\resources\\org\\springframework\\beans\\factory\\xml\\NestedBeansElementAttributeRecursionTests-autowire-candidates-context.xml', ""[Errno 2] No such file or directory: 'D:\\\\ki9\\\\SEP490\\\\ArrowCode\\\\ARROW-paper\\\\ARROW\\\\runs\\\\sample_selection\\\\distributed\\\\shard-2\\\\candidates\\\\02508_187946264_187946264_2\\\\workspace\\\\spring-beans\\\\src\\\\test\\\\resources\\\\org\\\\springframework\\\\beans\\\\factory\\\\xml\\\\NestedBeansElementAttributeRecursionTests-autowire-candidates-context.xml'""), ('D:\\ki9\\SEP490\\ArrowCode\\ARROW-paper\\ARROW\\repos\\187946264\\spring-beans\\src\\test\\resources\\org\\springframework\\beans\\factory\\xml\\NestedBeansElementAttributeRecursionTests-autowire-context.xml', 'D:\\ki9\\SEP490\\ArrowCode\\ARROW-paper\\ARROW\\runs\\sample_selection\\distributed\\shard-2\\candidates\\02508_187946264_187946264_2\\workspace\\spring-beans\\src\\test\\resources\\org\\springframework\\beans\\factory\\xml\\NestedBeansElementAttributeRecursionTests-autowire-context.xml', ""[Errno 2] No such file or directory: 'D:\\\\ki9\\\\SEP490\\\\ArrowCode\\\\ARROW-paper\\\\ARROW\\\\runs\\\\sample_selection\\\\distributed\\\\shard-2\\\\candidates\\\\02508_187946264_187946264_2\\\\workspace\\\\spring-beans\\\\src\\\\test\\\\resources\\\\org\\\\springframework\\\\beans\\\\factory\\\\xml\\\\NestedBeansElementAttributeRecursionTests-autowire-context.xml'""), ('D:\\ki9\\SEP490\\ArrowCode\\ARROW-paper\\ARROW\\repos\\187946264\\spring-beans\\src\\test\\resources\\org\\springframework\\beans\\factory\\xml\\NestedBeansElementAttributeRecursionTests-init-destroy-c",120.250,D:\ki9\SEP490\ArrowCode\ARROW-paper\ARROW\runs\sample_selection\distributed\shard-2\candidates\02508_187946264_187946264_2
2513,17990464,17990464_0.json,https://github.com/zendesk/android-autoprovider,Utils,library/src/main/java/com/getbase/android/autoprovider/Utils.java,production,,,,advancePast,11,static,True,True,,,,,ELIGIBLE,,,,,,,,,,2,0,,,,,,,,,EXCLUDED,setup,"RuntimeError: Repository setup failed after 3 attempts: CalledProcessError: Command '['git', '-c', 'core.longpaths=true', 'clone', '--depth', '1', 'https://github.com/zendesk/android-autoprovider', 'D:\\ki9\\SEP490\\ArrowCode\\ARROW-paper\\ARROW\\repos\\17990464']' returned non-zero exit status 128.",10.172,D:\ki9\SEP490\ArrowCode\ARROW-paper\ARROW\runs\sample_selection\distributed\shard-2\candidates\02513_17990464_17990464_0
2518,45824158,45824158_5.json,https://github.com/thomasletsch/moserp,ModuleRegistry,backend/common/common-base/src/main/java/org/moserp/common/modules/ModuleRegistry.java,production,,,,getBaseUriForModule,11,public,True,True,,,,,ELIGIBLE,,,,,,,,,1,2,0,,,,,,,,,EXCLUDED,setup,"Error: [('D:\\ki9\\SEP490\\ArrowCode\\ARROW-paper\\ARROW\\repos\\45824158\\backend\\common\\common-json-schema\\src\\main\\java\\org\\moserp\\common\\json_schema\\factories\\DependentEntityListJsonSchemaPropertyFactory.java', 'D:\\ki9\\SEP490\\ArrowCode\\ARROW-paper\\ARROW\\runs\\sample_selection\\distributed\\shard-2\\candidates\\02518_45824158_45824158_5\\workspace\\backend\\common\\common-json-schema\\src\\main\\java\\org\\moserp\\common\\json_schema\\factories\\DependentEntityListJsonSchemaPropertyFactory.java', ""[Errno 2] No such file or directory: 'D:\\\\ki9\\\\SEP490\\\\ArrowCode\\\\ARROW-paper\\\\ARROW\\\\runs\\\\sample_selection\\\\distributed\\\\shard-2\\\\candidates\\\\02518_45824158_45824158_5\\\\workspace\\\\backend\\\\common\\\\common-json-schema\\\\src\\\\main\\\\java\\\\org\\\\moserp\\\\common\\\\json_schema\\\\factories\\\\DependentEntityListJsonSchemaPropertyFactory.java'""), ('D:\\ki9\\SEP490\\ArrowCode\\ARROW-paper\\ARROW\\repos\\45824158\\backend\\common\\common-json-schema\\src\\test\\java\\org\\moserp\\common\\json_schema\\domain\\subpackage\\GroupResolverTestEntityDomainWithSub.java', 'D:\\ki9\\SEP490\\ArrowCode\\ARROW-paper\\ARROW\\runs\\sample_selection\\distributed\\shard-2\\candidates\\02518_45824158_45824158_5\\workspace\\backend\\common\\common-json-schema\\src\\test\\java\\org\\moserp\\common\\json_schema\\domain\\subpackage\\GroupResolverTestEntityDomainWithSub.java', ""[Errno 2] No such file or directory: 'D:\\\\ki9\\\\SEP490\\\\ArrowCode\\\\ARROW-paper\\\\ARROW\\\\runs\\\\sample_selection\\\\distributed\\\\shard-2\\\\candidates\\\\02518_45824158_45824158_5\\\\workspace\\\\backend\\\\common\\\\common-json-schema\\\\src\\\\test\\\\java\\\\org\\\\moserp\\\\common\\\\json_schema\\\\domain\\\\subpackage\\\\GroupResolverTestEntityDomainWithSub.java'""), ('D:\\ki9\\SEP490\\ArrowCode\\ARROW-paper\\ARROW\\repos\\45824158\\backend\\common\\common-json-schema\\src\\test\\java\\org\\moserp\\common\\json_schema\\factories\\DefaultJsonSchemaProperty",15.422,D:\ki9\SEP490\ArrowCode\ARROW-paper\ARROW\runs\sample_selection\distributed\shard-2\candidates\02518_45824158_45824158_5
2523,28738447,28738447_15.json,https://github.com/apache/kylin,BlockingReservoir,core-metrics/src/main/java/org/apache/kylin/metrics/lib/impl/BlockingReservoir.java,production,,,,update,13,public,True,False,,,,,EXCLUDED,no_observable_behavior,,,,,,,,,2,0,,,,,,,,,EXCLUDED,semantic_metadata,no_observable_behavior,0.016,D:\ki9\SEP490\ArrowCode\ARROW-paper\ARROW\runs\sample_selection\distributed\shard-2\candidates\02523_28738447_28738447_15
2528,20171642,20171642_57.json,https://github.com/spotify/helios,HealthCheck,helios-client/src/main/java/com/spotify/helios/common/descriptors/HealthCheck.java,production,class,True,91,newTcpHealthCheck,3,public static,False,True,1,False,,8,EXCLUDED,non_concrete:class:abstract,,,,,,,,1,2,0,,,,,,,,,EXCLUDED,semantic,non_concrete:class:abstract,17.156,D:\ki9\SEP490\ArrowCode\ARROW-paper\ARROW\runs\sample_selection\distributed\shard-2\candidates\02528_20171642_20171642_57
2533,46776191,46776191_5.json,https://github.com/apache/unomi,SFDCServiceImpl,extensions/salesforce-connector/services/src/main/java/org/apache/unomi/sfdc/services/internal/SFDCServiceImpl.java,production,,,,setupPushListener,62,public,True,True,,,,,ELIGIBLE,,,,,,,,,1,2,0,,,,,,,,,EXCLUDED,setup,"Error: [('D:\\ki9\\SEP490\\ArrowCode\\ARROW-paper\\ARROW\\repos\\46776191\\persistence-elasticsearch\\conditions\\src\\main\\java\\org\\apache\\unomi\\persistence\\elasticsearch\\querybuilders\\advanced\\GeoLocationByPointSessionConditionESQueryBuilder.java', 'D:\\ki9\\SEP490\\ArrowCode\\ARROW-paper\\ARROW\\runs\\sample_selection\\distributed\\shard-2\\candidates\\02533_46776191_46776191_5\\workspace\\persistence-elasticsearch\\conditions\\src\\main\\java\\org\\apache\\unomi\\persistence\\elasticsearch\\querybuilders\\advanced\\GeoLocationByPointSessionConditionESQueryBuilder.java', ""[Errno 2] No such file or directory: 'D:\\\\ki9\\\\SEP490\\\\ArrowCode\\\\ARROW-paper\\\\ARROW\\\\runs\\\\sample_selection\\\\distributed\\\\shard-2\\\\candidates\\\\02533_46776191_46776191_5\\\\workspace\\\\persistence-elasticsearch\\\\conditions\\\\src\\\\main\\\\java\\\\org\\\\apache\\\\unomi\\\\persistence\\\\elasticsearch\\\\querybuilders\\\\advanced\\\\GeoLocationByPointSessionConditionESQueryBuilder.java'""), ('D:\\ki9\\SEP490\\ArrowCode\\ARROW-paper\\ARROW\\repos\\46776191\\persistence-elasticsearch\\conditions\\src\\main\\java\\org\\apache\\unomi\\persistence\\elasticsearch\\querybuilders\\advanced\\IdsConditionESQueryBuilder.java', 'D:\\ki9\\SEP490\\ArrowCode\\ARROW-paper\\ARROW\\runs\\sample_selection\\distributed\\shard-2\\candidates\\02533_46776191_46776191_5\\workspace\\persistence-elasticsearch\\conditions\\src\\main\\java\\org\\apache\\unomi\\persistence\\elasticsearch\\querybuilders\\advanced\\IdsConditionESQueryBuilder.java', ""[Errno 2] No such file or directory: 'D:\\\\ki9\\\\SEP490\\\\ArrowCode\\\\ARROW-paper\\\\ARROW\\\\runs\\\\sample_selection\\\\distributed\\\\shard-2\\\\candidates\\\\02533_46776191_46776191_5\\\\workspace\\\\persistence-elasticsearch\\\\conditions\\\\src\\\\main\\\\java\\\\org\\\\apache\\\\unomi\\\\persistence\\\\elasticsearch\\\\querybuilders\\\\advanced\\\\IdsConditionESQueryBuilder.java'""), ('D:\\ki9\\SEP490\\ArrowCode\\ARROW-paper\\ARROW\\repo",36.953,D:\ki9\SEP490\ArrowCode\ARROW-paper\ARROW\runs\sample_selection\distributed\shard-2\candidates\02533_46776191_46776191_5
2538,20256705,20256705_3.json,https://github.com/Adobe-Marketing-Cloud/aem-forms,AEMFormModel,forms-spa/bundles/core/src/main/java/com/adobe/fd/sample/components/models/AEMFormModel.java,production,,,,getFormType,3,public,False,True,,,,,EXCLUDED,trivial_focal_method,,,,,,,,,2,0,,,,,,,,,EXCLUDED,semantic_metadata,trivial_focal_method,0.016,D:\ki9\SEP490\ArrowCode\ARROW-paper\ARROW\runs\sample_selection\distributed\shard-2\candidates\02538_20256705_20256705_3
2543,117915559,117915559_26.json,https://github.com/bz51/SpringBoot-Dubbo-Docker-Jenkins,ProductServiceImpl,Gaoxi-Product/src/main/java/com/gaoxi/product/service/ProductServiceImpl.java,production,class,False,223,findBrands,9,@Override public,True,True,0,False,,9,ELIGIBLE,,maven,Gaoxi-Product,junit4,8,D:\ki9\SEP490\ArrowCode\ARROW-paper\ARROW\Java-version\java-8,auto-discovered JDK 8,,1,2,1,COMPILE_FAILED,,,com.gaoxi.product.service.ProductServiceImpl,,,,,EXCLUDED,baseline,tests in error:,49.906,D:\ki9\SEP490\ArrowCode\ARROW-paper\ARROW\runs\sample_selection\distributed\shard-2\candidates\02543_117915559_117915559_26
2548,8742308,8742308_0.json,https://github.com/zacharyfox/RMonitorLeaderboard,ExponentialMovingAverage,src/com/zacharyfox/rmonitor/utils/ExponentialMovingAverage.java,nonstandard,,,,predictNext,11,public static,True,True,,,,,EXCLUDED,source_layout:nonstandard,,,,,,,,,2,0,,,,,,,,,EXCLUDED,semantic_metadata,source_layout:nonstandard,0.015,D:\ki9\SEP490\ArrowCode\ARROW-paper\ARROW\runs\sample_selection\distributed\shard-2\candidates\02548_8742308_8742308_0
2553,1830414,1830414_3.json,https://github.com/Emergya/GoFleetLSServer,I18n,internacionalization/src/main/java/org/gofleet/internacionalization/I18n.java,production,,,,getString,9,public,True,True,,,,,ELIGIBLE,,,,,,,,,,2,0,,,,,,,,,EXCLUDED,setup,"RuntimeError: Repository setup failed after 3 attempts: CalledProcessError: Command '['git', '-c', 'core.longpaths=true', 'clone', '--depth', '1', 'https://github.com/Emergya/GoFleetLSServer', 'D:\\ki9\\SEP490\\ArrowCode\\ARROW-paper\\ARROW\\repos\\1830414']' returned non-zero exit status 128.",10.469,D:\ki9\SEP490\ArrowCode\ARROW-paper\ARROW\runs\sample_selection\distributed\shard-2\candidates\02553_1830414_1830414_3
2558,86331365,86331365_128.json,https://github.com/jencisopy/JavaBeanStack,Strings,commons/src/main/java/org/javabeanstack/util/Strings.java,production,class,False,631,textMerge,9,public static,True,True,0,True,filesystem,8,EXCLUDED,external_dependency_risk:filesystem,,,,,,,,1,2,0,,,,,,,,,EXCLUDED,semantic,external_dependency_risk:filesystem,9.500,D:\ki9\SEP490\ArrowCode\ARROW-paper\ARROW\runs\sample_selection\distributed\shard-2\candidates\02558_86331365_86331365_128
2563,4937246,4937246_5.json,https://github.com/asimihsan/challenges,LeftOrRight,topcoder/srm538_div2_300/src/LeftOrRight.java,nonstandard,,,,maxDistance,6,public,False,True,,,,,EXCLUDED,source_layout:nonstandard,,,,,,,,,2,0,,,,,,,,,EXCLUDED,semantic_metadata,source_layout:nonstandard,0.016,D:\ki9\SEP490\ArrowCode\ARROW-paper\ARROW\runs\sample_selection\distributed\shard-2\candidates\02563_4937246_4937246_5
2568,26163430,26163430_667.json,https://github.com/exomiser/Exomiser,AnalysisStepChecker,exomiser-core/src/main/java/org/monarchinitiative/exomiser/core/analysis/AnalysisStepChecker.java,production,,,,check,15,public,True,True,,,,,ELIGIBLE,,,,,,,,,1,2,0,,,,,,,,,EXCLUDED,setup,"Error: [('D:\\ki9\\SEP490\\ArrowCode\\ARROW-paper\\ARROW\\repos\\26163430\\exomiser-data-genome\\src\\main\\java\\org\\monarchinitiative\\exomiser\\data\\genome\\model\\parsers\\gene\\GnomadGeneConstraintParser.java', 'D:\\ki9\\SEP490\\ArrowCode\\ARROW-paper\\ARROW\\runs\\sample_selection\\distributed\\shard-2\\candidates\\02568_26163430_26163430_667\\workspace\\exomiser-data-genome\\src\\main\\java\\org\\monarchinitiative\\exomiser\\data\\genome\\model\\parsers\\gene\\GnomadGeneConstraintParser.java', ""[Errno 2] No such file or directory: 'D:\\\\ki9\\\\SEP490\\\\ArrowCode\\\\ARROW-paper\\\\ARROW\\\\runs\\\\sample_selection\\\\distributed\\\\shard-2\\\\candidates\\\\02568_26163430_26163430_667\\\\workspace\\\\exomiser-data-genome\\\\src\\\\main\\\\java\\\\org\\\\monarchinitiative\\\\exomiser\\\\data\\\\genome\\\\model\\\\parsers\\\\gene\\\\GnomadGeneConstraintParser.java'""), ('D:\\ki9\\SEP490\\ArrowCode\\ARROW-paper\\ARROW\\repos\\26163430\\exomiser-data-genome\\src\\main\\java\\org\\monarchinitiative\\exomiser\\data\\genome\\model\\parsers\\genome\\liftover\\FantomEnhancerToBedConverter.java', 'D:\\ki9\\SEP490\\ArrowCode\\ARROW-paper\\ARROW\\runs\\sample_selection\\distributed\\shard-2\\candidates\\02568_26163430_26163430_667\\workspace\\exomiser-data-genome\\src\\main\\java\\org\\monarchinitiative\\exomiser\\data\\genome\\model\\parsers\\genome\\liftover\\FantomEnhancerToBedConverter.java', ""[Errno 2] No such file or directory: 'D:\\\\ki9\\\\SEP490\\\\ArrowCode\\\\ARROW-paper\\\\ARROW\\\\runs\\\\sample_selection\\\\distributed\\\\shard-2\\\\candidates\\\\02568_26163430_26163430_667\\\\workspace\\\\exomiser-data-genome\\\\src\\\\main\\\\java\\\\org\\\\monarchinitiative\\\\exomiser\\\\data\\\\genome\\\\model\\\\parsers\\\\genome\\\\liftover\\\\FantomEnhancerToBedConverter.java'""), ('D:\\ki9\\SEP490\\ArrowCode\\ARROW-paper\\ARROW\\repos\\26163430\\exomiser-data-genome\\src\\main\\java\\org\\monarchinitiative\\exomiser\\data\\genome\\model\\parsers\\genome\\liftover\\",76.656,D:\ki9\SEP490\ArrowCode\ARROW-paper\ARROW\runs\sample_selection\distributed\shard-2\candidates\02568_26163430_26163430_667
2573,77317748,77317748_9.json,https://github.com/camel-tooling/camel-idea-plugin,StringUtils,camel-idea-plugin/src/main/java/com/github/cameltooling/idea/util/StringUtils.java,production,,,,wrapWords,44,@Nullable public static,True,True,,,,,ELIGIBLE,,,,,,,,,1,2,0,,,,,,,,,EXCLUDED,setup,"Error: [('D:\\ki9\\SEP490\\ArrowCode\\ARROW-paper\\ARROW\\repos\\77317748\\src\\test\\resources\\testData\\kamelet\\kamelets-with-jar-catalog-resources\\resources\\kamelets\\chuck-norris-in-resources.kamelet.yaml', 'D:\\ki9\\SEP490\\ArrowCode\\ARROW-paper\\ARROW\\runs\\sample_selection\\distributed\\shard-2\\candidates\\02573_77317748_77317748_9\\workspace\\src\\test\\resources\\testData\\kamelet\\kamelets-with-jar-catalog-resources\\resources\\kamelets\\chuck-norris-in-resources.kamelet.yaml', ""[Errno 2] No such file or directory: 'D:\\\\ki9\\\\SEP490\\\\ArrowCode\\\\ARROW-paper\\\\ARROW\\\\runs\\\\sample_selection\\\\distributed\\\\shard-2\\\\candidates\\\\02573_77317748_77317748_9\\\\workspace\\\\src\\\\test\\\\resources\\\\testData\\\\kamelet\\\\kamelets-with-jar-catalog-resources\\\\resources\\\\kamelets\\\\chuck-norris-in-resources.kamelet.yaml'"")]",25.094,D:\ki9\SEP490\ArrowCode\ARROW-paper\ARROW\runs\sample_selection\distributed\shard-2\candidates\02573_77317748_77317748_9
2578,31924590,31924590_12.json,https://github.com/mbok/logsniffer,CompoundLogReader,logsniffer-core/src/main/java/com/logsniffer/source/compound/CompoundLogReader.java,production,,,,readEntries,5,@Override public,False,False,,,,,EXCLUDED,no_observable_behavior,,,,,,,,,2,0,,,,,,,,,EXCLUDED,semantic_metadata,no_observable_behavior,0.031,D:\ki9\SEP490\ArrowCode\ARROW-paper\ARROW\runs\sample_selection\distributed\shard-2\candidates\02578_31924590_31924590_12
2583,73085073,73085073_0.json,https://github.com/octiplex/Android-RTMP-Muxer,IOTimeoutAction,rtmp/src/main/java/com/octiplex/android/rtmp/io/IOTimeoutAction.java,production,class,True,76,execute,40,,True,True,1,True,nondeterminism,9,EXCLUDED,non_concrete:class:abstract;external_dependency_risk:nondeterminism,,,,,,,,1,2,0,,,,,,,,,EXCLUDED,semantic,non_concrete:class:abstract;external_dependency_risk:nondeterminism,2.407,D:\ki9\SEP490\ArrowCode\ARROW-paper\ARROW\runs\sample_selection\distributed\shard-2\candidates\02583_73085073_73085073_0
2588,50250915,50250915_57.json,https://github.com/jenkinsci/blueocean-plugin,BlueI18n,blueocean-i18n/src/main/java/io/jenkins/blueocean/i18n/BlueI18n.java,production,,,,getBundleParameters,46,@CheckForNull static,True,True,,,,,ELIGIBLE,,,,,,,,,1,2,0,,,,,,,,,EXCLUDED,setup,"Error: [('D:\\ki9\\SEP490\\ArrowCode\\ARROW-paper\\ARROW\\repos\\50250915\\acceptance-tests\\src\\test\\resources\\io\\blueocean\\ath\\offline\\multibranch\\ParallelNavigationTest\\Jenkinsfile.input.param.classic.link', 'D:\\ki9\\SEP490\\ArrowCode\\ARROW-paper\\ARROW\\runs\\sample_selection\\distributed\\shard-2\\candidates\\02588_50250915_50250915_57\\workspace\\acceptance-tests\\src\\test\\resources\\io\\blueocean\\ath\\offline\\multibranch\\ParallelNavigationTest\\Jenkinsfile.input.param.classic.link', ""[Errno 2] No such file or directory: 'D:\\\\ki9\\\\SEP490\\\\ArrowCode\\\\ARROW-paper\\\\ARROW\\\\runs\\\\sample_selection\\\\distributed\\\\shard-2\\\\candidates\\\\02588_50250915_50250915_57\\\\workspace\\\\acceptance-tests\\\\src\\\\test\\\\resources\\\\io\\\\blueocean\\\\ath\\\\offline\\\\multibranch\\\\ParallelNavigationTest\\\\Jenkinsfile.input.param.classic.link'""), ('D:\\ki9\\SEP490\\ArrowCode\\ARROW-paper\\ARROW\\repos\\50250915\\acceptance-tests\\src\\test\\resources\\io\\blueocean\\ath\\offline\\multibranch\\TestResultsErrorStdOutTest\\TEST-io.blueocean.NoErrorMessage.xml', 'D:\\ki9\\SEP490\\ArrowCode\\ARROW-paper\\ARROW\\runs\\sample_selection\\distributed\\shard-2\\candidates\\02588_50250915_50250915_57\\workspace\\acceptance-tests\\src\\test\\resources\\io\\blueocean\\ath\\offline\\multibranch\\TestResultsErrorStdOutTest\\TEST-io.blueocean.NoErrorMessage.xml', ""[Errno 2] No such file or directory: 'D:\\\\ki9\\\\SEP490\\\\ArrowCode\\\\ARROW-paper\\\\ARROW\\\\runs\\\\sample_selection\\\\distributed\\\\shard-2\\\\candidates\\\\02588_50250915_50250915_57\\\\workspace\\\\acceptance-tests\\\\src\\\\test\\\\resources\\\\io\\\\blueocean\\\\ath\\\\offline\\\\multibranch\\\\TestResultsErrorStdOutTest\\\\TEST-io.blueocean.NoErrorMessage.xml'""), ('D:\\ki9\\SEP490\\ArrowCode\\ARROW-paper\\ARROW\\repos\\50250915\\acceptance-tests\\src\\test\\resources\\io\\blueocean\\ath\\offline\\multibranch\\TestResultsErrorStdOutTest\\TEST-io.blueocean.StdoutStderr.xml', 'D:\\k",48.657,D:\ki9\SEP490\ArrowCode\ARROW-paper\ARROW\runs\sample_selection\distributed\shard-2\candidates\02588_50250915_50250915_57
2593,3842880,3842880_1.json,https://github.com/gitools/gitools,CombinationProcessor,org.gitools.analysis/src/main/java/org/gitools/analysis/combination/CombinationProcessor.java,production,,,,run,39,@Override public,True,False,,,,,EXCLUDED,no_observable_behavior,,,,,,,,,2,0,,,,,,,,,EXCLUDED,semantic_metadata,no_observable_behavior,0.031,D:\ki9\SEP490\ArrowCode\ARROW-paper\ARROW\runs\sample_selection\distributed\shard-2\candidates\02593_3842880_3842880_1
2598,135944962,135944962_7.json,https://github.com/bi-foundation/factom-java,JsonConverterGSON,service-providers/json-converter-gson/src/main/java/org/blockchain_innovation/factom/client/impl/json/gson/JsonConverterGSON.java,production,,,,toRpcJson,4,@Override public,False,True,,,,,ELIGIBLE,,,,,,,,,1,2,0,,,,,,,,,EXCLUDED,setup,"Error: [('D:\\ki9\\SEP490\\ArrowCode\\ARROW-paper\\ARROW\\repos\\135944962\\docs\\javadoc\\org\\blockchain_innovation\\factom\\client\\api\\model\\response\\factomd\\AdminBlockResponse.AdminBlock.Entry.DirectoryBlockSignature.html', 'D:\\ki9\\SEP490\\ArrowCode\\ARROW-paper\\ARROW\\runs\\sample_selection\\distributed\\shard-2\\candidates\\02598_135944962_135944962_7\\workspace\\docs\\javadoc\\org\\blockchain_innovation\\factom\\client\\api\\model\\response\\factomd\\AdminBlockResponse.AdminBlock.Entry.DirectoryBlockSignature.html', ""[Errno 2] No such file or directory: 'D:\\\\ki9\\\\SEP490\\\\ArrowCode\\\\ARROW-paper\\\\ARROW\\\\runs\\\\sample_selection\\\\distributed\\\\shard-2\\\\candidates\\\\02598_135944962_135944962_7\\\\workspace\\\\docs\\\\javadoc\\\\org\\\\blockchain_innovation\\\\factom\\\\client\\\\api\\\\model\\\\response\\\\factomd\\\\AdminBlockResponse.AdminBlock.Entry.DirectoryBlockSignature.html'""), ('D:\\ki9\\SEP490\\ArrowCode\\ARROW-paper\\ARROW\\repos\\135944962\\docs\\javadoc\\org\\blockchain_innovation\\factom\\client\\api\\model\\response\\factomd\\DirectoryBlockHeightResponse.DirectoryBlock.Entry.html', 'D:\\ki9\\SEP490\\ArrowCode\\ARROW-paper\\ARROW\\runs\\sample_selection\\distributed\\shard-2\\candidates\\02598_135944962_135944962_7\\workspace\\docs\\javadoc\\org\\blockchain_innovation\\factom\\client\\api\\model\\response\\factomd\\DirectoryBlockHeightResponse.DirectoryBlock.Entry.html', ""[Errno 2] No such file or directory: 'D:\\\\ki9\\\\SEP490\\\\ArrowCode\\\\ARROW-paper\\\\ARROW\\\\runs\\\\sample_selection\\\\distributed\\\\shard-2\\\\candidates\\\\02598_135944962_135944962_7\\\\workspace\\\\docs\\\\javadoc\\\\org\\\\blockchain_innovation\\\\factom\\\\client\\\\api\\\\model\\\\response\\\\factomd\\\\DirectoryBlockHeightResponse.DirectoryBlock.Entry.html'""), ('D:\\ki9\\SEP490\\ArrowCode\\ARROW-paper\\ARROW\\repos\\135944962\\docs\\javadoc\\org\\blockchain_innovation\\factom\\client\\api\\model\\response\\factomd\\DirectoryBlockHeightRespon",18.250,D:\ki9\SEP490\ArrowCode\ARROW-paper\ARROW\runs\sample_selection\distributed\shard-2\candidates\02598_135944962_135944962_7
2603,45239946,45239946_8.json,https://github.com/ethercis/ehrservice,OptTemplateRef,ehrdao/src/main/java/com/ethercis/dao/access/util/OptTemplateRef.java,production,,,,upsert,14,@Override public,True,False,,,,,EXCLUDED,no_observable_behavior,,,,,,,,,2,0,,,,,,,,,EXCLUDED,semantic_metadata,no_observable_behavior,0.032,D:\ki9\SEP490\ArrowCode\ARROW-paper\ARROW\runs\sample_selection\distributed\shard-2\candidates\02603_45239946_45239946_8
2608,18269132,18269132_2.json,https://github.com/spacecowboy/NoNonsense-FilePicker,FilePickerFragment,library/src/main/java/com/nononsenseapps/filepicker/FilePickerFragment.java,production,,,,getPath,5,@NonNull @Override public,False,True,,,,,EXCLUDED,trivial_focal_method,,,,,,,,,2,0,,,,,,,,,EXCLUDED,semantic_metadata,trivial_focal_method,0.031,D:\ki9\SEP490\ArrowCode\ARROW-paper\ARROW\runs\sample_selection\distributed\shard-2\candidates\02608_18269132_18269132_2
2613,41250653,41250653_0.json,https://github.com/ValterKasper/movie-recommendation,BookmarksPresenter,app/src/main/java/sk/kasper/movieapp/ui/bookmarks/BookmarksPresenter.java,production,,,,loadBookmarks,4,@Override public,False,False,,,,,EXCLUDED,no_observable_behavior,,,,,,,,,2,0,,,,,,,,,EXCLUDED,semantic_metadata,no_observable_behavior,0.016,D:\ki9\SEP490\ArrowCode\ARROW-paper\ARROW\runs\sample_selection\distributed\shard-2\candidates\02613_41250653_41250653_0
2618,209012030,209012030_1.json,https://github.com/ata-cloud/bazooka,DockerRegistryServiceImpl,bazooka-common/src/main/java/net/atayun/bazooka/base/docker/DockerRegistryServiceImpl.java,production,,,,listImageTags,4,@Override public,False,True,,,,,ELIGIBLE,,,,,,,,,1,2,0,,,,,,,,,EXCLUDED,setup,"Error: [('D:\\ki9\\SEP490\\ArrowCode\\ARROW-paper\\ARROW\\repos\\209012030\\bazooka-deploy\\bazooka-deploy-biz\\src\\main\\java\\net\\atayun\\bazooka\\deploy\\biz\\v2\\constant\\JenkinsPushDockerImageJobConstants.java', 'D:\\ki9\\SEP490\\ArrowCode\\ARROW-paper\\ARROW\\runs\\sample_selection\\distributed\\shard-2\\candidates\\02618_209012030_209012030_1\\workspace\\bazooka-deploy\\bazooka-deploy-biz\\src\\main\\java\\net\\atayun\\bazooka\\deploy\\biz\\v2\\constant\\JenkinsPushDockerImageJobConstants.java', ""[Errno 2] No such file or directory: 'D:\\\\ki9\\\\SEP490\\\\ArrowCode\\\\ARROW-paper\\\\ARROW\\\\runs\\\\sample_selection\\\\distributed\\\\shard-2\\\\candidates\\\\02618_209012030_209012030_1\\\\workspace\\\\bazooka-deploy\\\\bazooka-deploy-biz\\\\src\\\\main\\\\java\\\\net\\\\atayun\\\\bazooka\\\\deploy\\\\biz\\\\v2\\\\constant\\\\JenkinsPushDockerImageJobConstants.java'""), ('D:\\ki9\\SEP490\\ArrowCode\\ARROW-paper\\ARROW\\repos\\209012030\\bazooka-deploy\\bazooka-deploy-biz\\src\\main\\java\\net\\atayun\\bazooka\\deploy\\biz\\v2\\service\\app\\opt\\remark\\AppOptType4DeleteImage.java', 'D:\\ki9\\SEP490\\ArrowCode\\ARROW-paper\\ARROW\\runs\\sample_selection\\distributed\\shard-2\\candidates\\02618_209012030_209012030_1\\workspace\\bazooka-deploy\\bazooka-deploy-biz\\src\\main\\java\\net\\atayun\\bazooka\\deploy\\biz\\v2\\service\\app\\opt\\remark\\AppOptType4DeleteImage.java', ""[Errno 2] No such file or directory: 'D:\\\\ki9\\\\SEP490\\\\ArrowCode\\\\ARROW-paper\\\\ARROW\\\\runs\\\\sample_selection\\\\distributed\\\\shard-2\\\\candidates\\\\02618_209012030_209012030_1\\\\workspace\\\\bazooka-deploy\\\\bazooka-deploy-biz\\\\src\\\\main\\\\java\\\\net\\\\atayun\\\\bazooka\\\\deploy\\\\biz\\\\v2\\\\service\\\\app\\\\opt\\\\remark\\\\AppOptType4DeleteImage.java'""), ('D:\\ki9\\SEP490\\ArrowCode\\ARROW-paper\\ARROW\\repos\\209012030\\bazooka-deploy\\bazooka-deploy-biz\\src\\main\\java\\net\\atayun\\bazooka\\deploy\\biz\\v2\\service\\app\\opt\\remark\\AppOptType4Image",26.593,D:\ki9\SEP490\ArrowCode\ARROW-paper\ARROW\runs\sample_selection\distributed\shard-2\candidates\02618_209012030_209012030_1
2623,141384267,141384267_5.json,https://github.com/pfnet-research/menoh-java,VariableProfileTable,menoh/src/main/java/jp/preferred/menoh/VariableProfileTable.java,production,class,False,54,builder,5,public static,False,True,1,False,,8,ELIGIBLE,,maven,menoh,junit5,7,D:\ki9\SEP490\ArrowCode\ARROW-paper\ARROW\Java-version\java-8,auto-discovered compatible JDK 8 for Java 7,,1,2,1,COMPILE_FAILED,,,jp.preferred.menoh.VariableProfileTable,,,,,EXCLUDED,baseline,org.opentest4j.assertionfailederror: unexpected exception type thrown ==> expected: <jp.preferred.menoh.menohexception> but was: <java.lang.unsatisfiedlinkerror>,18.266,D:\ki9\SEP490\ArrowCode\ARROW-paper\ARROW\runs\sample_selection\distributed\shard-2\candidates\02623_141384267_141384267_5
2628,7022775,7022775_100.json,https://github.com/Johnnei/JavaTorrent,FullPieceSelect,bittorrent/src/main/java/org/johnnei/javatorrent/torrent/algos/pieceselector/FullPieceSelect.java,production,,,,getPieceForPeer,12,@Override public,False,True,,,,,EXCLUDED,trivial_focal_method,,,,,,,,,2,0,,,,,,,,,EXCLUDED,semantic_metadata,trivial_focal_method,0.031,D:\ki9\SEP490\ArrowCode\ARROW-paper\ARROW\runs\sample_selection\distributed\shard-2\candidates\02628_7022775_7022775_100
2633,10472781,10472781_21.json,https://github.com/apache/deltaspike,EntityRepositoryHandler,deltaspike/modules/data/impl/src/main/java/org/apache/deltaspike/data/impl/handler/EntityRepositoryHandler.java,production,,,,count,6,@Override public,False,True,,,,,ELIGIBLE,,,,,,,,,1,2,0,,,,,,,,,EXCLUDED,setup,"Error: [('D:\\ki9\\SEP490\\ArrowCode\\ARROW-paper\\ARROW\\repos\\10472781\\deltaspike\\core\\impl\\obsolete\\src\\test\\java\\org\\apache\\deltaspike\\test\\core\\api\\alternative\\global\\BaseInterface1AlternativeImplementation.java', 'D:\\ki9\\SEP490\\ArrowCode\\ARROW-paper\\ARROW\\runs\\sample_selection\\distributed\\shard-2\\candidates\\02633_10472781_10472781_21\\workspace\\deltaspike\\core\\impl\\obsolete\\src\\test\\java\\org\\apache\\deltaspike\\test\\core\\api\\alternative\\global\\BaseInterface1AlternativeImplementation.java', ""[Errno 2] No such file or directory: 'D:\\\\ki9\\\\SEP490\\\\ArrowCode\\\\ARROW-paper\\\\ARROW\\\\runs\\\\sample_selection\\\\distributed\\\\shard-2\\\\candidates\\\\02633_10472781_10472781_21\\\\workspace\\\\deltaspike\\\\core\\\\impl\\\\obsolete\\\\src\\\\test\\\\java\\\\org\\\\apache\\\\deltaspike\\\\test\\\\core\\\\api\\\\alternative\\\\global\\\\BaseInterface1AlternativeImplementation.java'""), ('D:\\ki9\\SEP490\\ArrowCode\\ARROW-paper\\ARROW\\repos\\10472781\\deltaspike\\core\\impl\\obsolete\\src\\test\\java\\org\\apache\\deltaspike\\test\\core\\api\\alternative\\global\\BaseInterface1DefaultImplementation.java', 'D:\\ki9\\SEP490\\ArrowCode\\ARROW-paper\\ARROW\\runs\\sample_selection\\distributed\\shard-2\\candidates\\02633_10472781_10472781_21\\workspace\\deltaspike\\core\\impl\\obsolete\\src\\test\\java\\org\\apache\\deltaspike\\test\\core\\api\\alternative\\global\\BaseInterface1DefaultImplementation.java', ""[Errno 2] No such file or directory: 'D:\\\\ki9\\\\SEP490\\\\ArrowCode\\\\ARROW-paper\\\\ARROW\\\\runs\\\\sample_selection\\\\distributed\\\\shard-2\\\\candidates\\\\02633_10472781_10472781_21\\\\workspace\\\\deltaspike\\\\core\\\\impl\\\\obsolete\\\\src\\\\test\\\\java\\\\org\\\\apache\\\\deltaspike\\\\test\\\\core\\\\api\\\\alternative\\\\global\\\\BaseInterface1DefaultImplementation.java'""), ('D:\\ki9\\SEP490\\ArrowCode\\ARROW-paper\\ARROW\\repos\\10472781\\deltaspike\\core\\impl\\obsolete\\src\\test\\java\\org\\apach",39.843,D:\ki9\SEP490\ArrowCode\ARROW-paper\ARROW\runs\sample_selection\distributed\shard-2\candidates\02633_10472781_10472781_21
2638,10522064,10522064_50.json,https://github.com/dime-project/dime-server,FullnameExtractor,dime-personalserver/dime-datamining/src/main/java/eu/dime/ps/datamining/gate/FullnameExtractor.java,production,,,,extract,89,public,True,True,,,,,ELIGIBLE,,,,,,,,,1,2,0,,,,,,,,,EXCLUDED,setup,"Error: [('D:\\ki9\\SEP490\\ArrowCode\\ARROW-paper\\ARROW\\repos\\10522064\\dime-personalserver\\dime-communications\\src\\main\\java\\eu\\dime\\ps\\communications\\requestbroker\\controllers\\advisory\\PrivacyAdvisoryController.java', 'D:\\ki9\\SEP490\\ArrowCode\\ARROW-paper\\ARROW\\runs\\sample_selection\\distributed\\shard-2\\candidates\\02638_10522064_10522064_50\\workspace\\dime-personalserver\\dime-communications\\src\\main\\java\\eu\\dime\\ps\\communications\\requestbroker\\controllers\\advisory\\PrivacyAdvisoryController.java', ""[Errno 2] No such file or directory: 'D:\\\\ki9\\\\SEP490\\\\ArrowCode\\\\ARROW-paper\\\\ARROW\\\\runs\\\\sample_selection\\\\distributed\\\\shard-2\\\\candidates\\\\02638_10522064_10522064_50\\\\workspace\\\\dime-personalserver\\\\dime-communications\\\\src\\\\main\\\\java\\\\eu\\\\dime\\\\ps\\\\communications\\\\requestbroker\\\\controllers\\\\advisory\\\\PrivacyAdvisoryController.java'""), ('D:\\ki9\\SEP490\\ArrowCode\\ARROW-paper\\ARROW\\repos\\10522064\\dime-personalserver\\dime-communications\\src\\main\\java\\eu\\dime\\ps\\communications\\requestbroker\\controllers\\authentication', 'D:\\ki9\\SEP490\\ArrowCode\\ARROW-paper\\ARROW\\runs\\sample_selection\\distributed\\shard-2\\candidates\\02638_10522064_10522064_50\\workspace\\dime-personalserver\\dime-communications\\src\\main\\java\\eu\\dime\\ps\\communications\\requestbroker\\controllers\\authentication', ""[WinError 206] The filename or extension is too long: 'D:\\\\ki9\\\\SEP490\\\\ArrowCode\\\\ARROW-paper\\\\ARROW\\\\runs\\\\sample_selection\\\\distributed\\\\shard-2\\\\candidates\\\\02638_10522064_10522064_50\\\\workspace\\\\dime-personalserver\\\\dime-communications\\\\src\\\\main\\\\java\\\\eu\\\\dime\\\\ps\\\\communications\\\\requestbroker\\\\controllers\\\\authentication'""), ('D:\\ki9\\SEP490\\ArrowCode\\ARROW-paper\\ARROW\\repos\\10522064\\dime-personalserver\\dime-communications\\src\\main\\java\\eu\\dime\\ps\\communications\\requestbroker\\controllers\\context\\Acti",61.156,D:\ki9\SEP490\ArrowCode\ARROW-paper\ARROW\runs\sample_selection\distributed\shard-2\candidates\02638_10522064_10522064_50
2643,63559666,63559666_2.json,https://github.com/rsky/logbook-kai-plugins,Calculator,rankingchart/src/main/java/plugins/rankingchart/util/Calculator.java,production,class,False,94,detectUserRateFactor,6,public static,False,True,0,False,,8,ELIGIBLE,,gradle,rankingchart,junit5,25,,JDK 25 not mapped; using system default Java,,1,2,1,COMPILE_FAILED,,,plugins.rankingchart.util.Calculator,,,,,EXCLUDED,baseline,error: invalid source release: 25,60.000,D:\ki9\SEP490\ArrowCode\ARROW-paper\ARROW\runs\sample_selection\distributed\shard-2\candidates\02643_63559666_63559666_2
2648,153312678,153312678_10.json,https://github.com/hashmapinc/Drillflow,DotValve,df-valve/src/main/java/com/hashmapinc/tempus/witsml/valve/dot/DotValve.java,production,class,False,371,deleteObject,35,"@Override @Async(""asyncCustomTaskExecutor"") public",True,True,1,False,,9,ELIGIBLE,,maven,df-valve,junit4,11,D:\ki9\SEP490\ArrowCode\ARROW-paper\ARROW\Java-version\java-11,auto-discovered JDK 11,,1,2,1,ASSERTION_FAILED,,,com.hashmapinc.tempus.witsml.valve.dot.DotValve,,,,,EXCLUDED,baseline,"failure:junit.framework.comparisonfailure:expected:<{[ ""country"": ""us"", ""numlicense"": ""company license number"", ""county"": ""montgomery"", ""operator"": ""operating company"", ""objecttype"": ""well"", ""uid"": ""uid12333"", ""namelegal"": ""company legal name"", ""block"": ""block name"", ""state"": ""tx"", ""timezone"": ""-06:",162.688,D:\ki9\SEP490\ArrowCode\ARROW-paper\ARROW\runs\sample_selection\distributed\shard-2\candidates\02648_153312678_153312678_10
2653,52597910,52597910_0.json,https://github.com/OSGP/Protocol-Adapter-IEC61850,QualityConverter,osgp-protocol-adapter-iec61850/src/main/java/org/opensmartgridplatform/adapter/protocol/iec61850/infra/networking/helper/QualityConverter.java,production,,,,toShort,7,public static,False,True,,,,,ELIGIBLE,,,,,,,,,,2,0,,,,,,,,,EXCLUDED,setup,"RuntimeError: Repository setup failed after 3 attempts: CalledProcessError: Command '['git', '-c', 'core.longpaths=true', 'clone', '--depth', '1', 'https://github.com/OSGP/Protocol-Adapter-IEC61850', 'D:\\ki9\\SEP490\\ArrowCode\\ARROW-paper\\ARROW\\repos\\52597910']' returned non-zero exit status 128.",10.016,D:\ki9\SEP490\ArrowCode\ARROW-paper\ARROW\runs\sample_selection\distributed\shard-2\candidates\02653_52597910_52597910_0
2658,34383946,34383946_28.json,https://github.com/veraPDF/veraPDF-library,ReferenceImpl,core/src/main/java/org/verapdf/pdfa/validation/profiles/ReferenceImpl.java,production,,,,toString,5,@Override public final,False,True,,,,,EXCLUDED,trivial_focal_method,,,,,,,,,2,0,,,,,,,,,EXCLUDED,semantic_metadata,trivial_focal_method,0.015,D:\ki9\SEP490\ArrowCode\ARROW-paper\ARROW\runs\sample_selection\distributed\shard-2\candidates\02658_34383946_34383946_28
2663,135513706,135513706_65.json,https://github.com/shiehn/TrebleMaker,HiveChord,TrebleMakerCore/src/main/java/com/treblemaker/model/HiveChord.java,production,class,False,305,getChordName,26,public,True,True,0,False,,10,ELIGIBLE,,maven,TrebleMakerCore,junit4,8,D:\ki9\SEP490\ArrowCode\ARROW-paper\ARROW\Java-version\java-8,auto-discovered JDK 8,,1,2,1,RUNTIME_FAILED,,,com.treblemaker.model.HiveChord,,,,,EXCLUDED,baseline,[error] [error] some problems were encountered while processing the poms:,33.516,D:\ki9\SEP490\ArrowCode\ARROW-paper\ARROW\runs\sample_selection\distributed\shard-2\candidates\02663_135513706_135513706_65
2668,39748950,39748950_2.json,https://github.com/bswen/bswen-project,AsyncService,spring-boot-async-helloworld/src/main/java/com/bswen/sbah/service/AsyncService.java,production,class,False,37,asyncWithResult,12,"@Async(""customFixedThreadPool"") public",True,True,0,True,nondeterminism,9,EXCLUDED,external_dependency_risk:nondeterminism,,,,,,,,1,2,0,,,,,,,,,EXCLUDED,semantic,external_dependency_risk:nondeterminism,11.094,D:\ki9\SEP490\ArrowCode\ARROW-paper\ARROW\runs\sample_selection\distributed\shard-2\candidates\02668_39748950_39748950_2
2673,26745548,26745548_387.json,https://github.com/kaazing/gateway,PipeResourceAddressFactorySpi,resource.address/pipe/src/main/java/org/kaazing/gateway/resource/address/pipe/PipeResourceAddressFactorySpi.java,production,,,,getSchemeName,4,@Override public,False,True,,,,,EXCLUDED,trivial_focal_method,,,,,,,,,2,0,,,,,,,,,EXCLUDED,semantic_metadata,trivial_focal_method,0.157,D:\ki9\SEP490\ArrowCode\ARROW-paper\ARROW\runs\sample_selection\distributed\shard-2\candidates\02673_26745548_26745548_387
2678,51262014,51262014_61.json,https://github.com/luizgrp/SectionedRecyclerViewAdapter,SectionedRecyclerViewAdapterV2Compat,library/src/main/java/io/github/luizgrp/sectionedrecyclerviewadapter/compat/SectionedRecyclerViewAdapterV2Compat.java,production,,,,notifyStateChangedToLoaded,3,public,False,False,,,,,EXCLUDED,no_observable_behavior,,,,,,,,,2,0,,,,,,,,,EXCLUDED,semantic_metadata,no_observable_behavior,0.078,D:\ki9\SEP490\ArrowCode\ARROW-paper\ARROW\runs\sample_selection\distributed\shard-2\candidates\02678_51262014_51262014_61
2683,4605969,4605969_1.json,https://github.com/OneBusAway/onebusaway-uk,ProjectionSupport,onebusaway-uk-parser-support/src/main/java/org/onebusaway/uk/parser/ProjectionSupport.java,production,,,,convertFromLatLon,3,public static,False,True,,,,,ELIGIBLE,,,,,,,,,1,2,0,,,,,,,,,EXCLUDED,setup,"Error: [('D:\\ki9\\SEP490\\ArrowCode\\ARROW-paper\\ARROW\\repos\\4605969\\onebusaway-uk-atco-cif-parser\\src\\main\\java\\org\\onebusaway\\uk\\atco_cif\\extensions\\greater_manchester\\GreaterManchesterTimetableRowListElement.java', 'D:\\ki9\\SEP490\\ArrowCode\\ARROW-paper\\ARROW\\runs\\sample_selection\\distributed\\shard-2\\candidates\\02683_4605969_4605969_1\\workspace\\onebusaway-uk-atco-cif-parser\\src\\main\\java\\org\\onebusaway\\uk\\atco_cif\\extensions\\greater_manchester\\GreaterManchesterTimetableRowListElement.java', ""[Errno 2] No such file or directory: 'D:\\\\ki9\\\\SEP490\\\\ArrowCode\\\\ARROW-paper\\\\ARROW\\\\runs\\\\sample_selection\\\\distributed\\\\shard-2\\\\candidates\\\\02683_4605969_4605969_1\\\\workspace\\\\onebusaway-uk-atco-cif-parser\\\\src\\\\main\\\\java\\\\org\\\\onebusaway\\\\uk\\\\atco_cif\\\\extensions\\\\greater_manchester\\\\GreaterManchesterTimetableRowListElement.java'""), ('D:\\ki9\\SEP490\\ArrowCode\\ARROW-paper\\ARROW\\repos\\4605969\\onebusaway-uk-atco-cif-to-gtfs-converter\\src\\main\\java\\org\\onebusaway\\uk\\atco_cif_to_gtfs_converter\\AtcoCifToGtfsConverterMain.java', 'D:\\ki9\\SEP490\\ArrowCode\\ARROW-paper\\ARROW\\runs\\sample_selection\\distributed\\shard-2\\candidates\\02683_4605969_4605969_1\\workspace\\onebusaway-uk-atco-cif-to-gtfs-converter\\src\\main\\java\\org\\onebusaway\\uk\\atco_cif_to_gtfs_converter\\AtcoCifToGtfsConverterMain.java', ""[Errno 2] No such file or directory: 'D:\\\\ki9\\\\SEP490\\\\ArrowCode\\\\ARROW-paper\\\\ARROW\\\\runs\\\\sample_selection\\\\distributed\\\\shard-2\\\\candidates\\\\02683_4605969_4605969_1\\\\workspace\\\\onebusaway-uk-atco-cif-to-gtfs-converter\\\\src\\\\main\\\\java\\\\org\\\\onebusaway\\\\uk\\\\atco_cif_to_gtfs_converter\\\\AtcoCifToGtfsConverterMain.java'""), ('D:\\ki9\\SEP490\\ArrowCode\\ARROW-paper\\ARROW\\repos\\4605969\\onebusaway-uk-network-rail-gtfs-realtime\\src\\main\\java\\org\\onebusaway\\uk\\network_rail\\gtfs_realtime\\GenerateBerthAreaToStanoxAreaMappingMain.j",7.500,D:\ki9\SEP490\ArrowCode\ARROW-paper\ARROW\runs\sample_selection\distributed\shard-2\candidates\02683_4605969_4605969_1
2688,135694690,135694690_7.json,https://github.com/dunwu/javaweb,WordUtil,codes/javatech-file/src/main/java/io/github/dunwu/javatech/office/WordUtil.java,production,,,,setDocxProperties,15,public static,False,False,,,,,EXCLUDED,no_observable_behavior,,,,,,,,,2,0,,,,,,,,,EXCLUDED,semantic_metadata,no_observable_behavior,0.031,D:\ki9\SEP490\ArrowCode\ARROW-paper\ARROW\runs\sample_selection\distributed\shard-2\candidates\02688_135694690_135694690_7
2693,224557146,224557146_0.json,https://github.com/Mintegral-official/HiBid-Android,BiddingResponse,hibid/src/main/java/mtg/opensource/hibid/data/BiddingResponse.java,production,class,False,78,compareTo,10,@Override public,True,True,0,False,,9,ELIGIBLE,,gradle,hibid,junit4,unknown,D:\ki9\SEP490\ArrowCode\ARROW-paper\ARROW\Java-version\java-11,Gradle 5.4.1 requires compatible JDK 11; auto-discovered,,1,2,1,ASSERTION_FAILED,,,mtg.opensource.hibid.data.BiddingResponse,,,,,EXCLUDED,baseline,failure: build failed with an exception.,43.110,D:\ki9\SEP490\ArrowCode\ARROW-paper\ARROW\runs\sample_selection\distributed\shard-2\candidates\02693_224557146_224557146_0
2698,18367810,18367810_0.json,https://github.com/learning-layers/TagRec,HashtagEntropyCalculator,src/processing/hashtag/baseline/HashtagEntropyCalculator.java,nonstandard,,,,computeAllHashtagEntropyMap,22,public static,False,True,,,,,EXCLUDED,source_layout:nonstandard,,,,,,,,,2,0,,,,,,,,,EXCLUDED,semantic_metadata,source_layout:nonstandard,0.031,D:\ki9\SEP490\ArrowCode\ARROW-paper\ARROW\runs\sample_selection\distributed\shard-2\candidates\02698_18367810_18367810_0
2703,2521501,2521501_19.json,https://github.com/360-Innovations/VaadinSmartGWT,FormItemIconClickEvent,org.vaadin.smartgwt/src/main/java/org/vaadin/smartgwt/server/form/fields/events/FormItemIconClickEvent.java,production,,,,getIcon,4,public,False,True,,,,,EXCLUDED,trivial_focal_method,,,,,,,,,2,0,,,,,,,,,EXCLUDED,semantic_metadata,trivial_focal_method,0.016,D:\ki9\SEP490\ArrowCode\ARROW-paper\ARROW\runs\sample_selection\distributed\shard-2\candidates\02703_2521501_2521501_19
2708,22815625,22815625_26.json,https://github.com/BrainTech/svarog,ButterworthIIRDesigner,svarog/src/main/java/org/signalml/math/iirdesigner/ButterworthIIRDesigner.java,production,,,,calculateNaturalFrequency,52,@Override protected,True,True,,,,,ELIGIBLE,,,,,,,,,1,2,0,,,,,,,,,EXCLUDED,setup,"Error: [('D:\\ki9\\SEP490\\ArrowCode\\ARROW-paper\\ARROW\\repos\\22815625\\plugins\\Stager\\src\\main\\java\\org\\signalml\\plugin\\newstager\\logic\\book\\tag\\helper\\NewStagerBookAtomAbstractTagComputingHelper.java', 'D:\\ki9\\SEP490\\ArrowCode\\ARROW-paper\\ARROW\\runs\\sample_selection\\distributed\\shard-2\\candidates\\02708_22815625_22815625_26\\workspace\\plugins\\Stager\\src\\main\\java\\org\\signalml\\plugin\\newstager\\logic\\book\\tag\\helper\\NewStagerBookAtomAbstractTagComputingHelper.java', ""[Errno 2] No such file or directory: 'D:\\\\ki9\\\\SEP490\\\\ArrowCode\\\\ARROW-paper\\\\ARROW\\\\runs\\\\sample_selection\\\\distributed\\\\shard-2\\\\candidates\\\\02708_22815625_22815625_26\\\\workspace\\\\plugins\\\\Stager\\\\src\\\\main\\\\java\\\\org\\\\signalml\\\\plugin\\\\newstager\\\\logic\\\\book\\\\tag\\\\helper\\\\NewStagerBookAtomAbstractTagComputingHelper.java'"")]",42.063,D:\ki9\SEP490\ArrowCode\ARROW-paper\ARROW\runs\sample_selection\distributed\shard-2\candidates\02708_22815625_22815625_26
2713,46789213,46789213_50.json,https://github.com/aicis/fresco,CoinTossing,tools/ot/src/main/java/dk/alexandra/fresco/tools/cointossing/CoinTossing.java,production,class,False,107,toss,10,public,True,True,3,False,,10,ELIGIBLE,,maven,tools\ot,junit4,8,D:\ki9\SEP490\ArrowCode\ARROW-paper\ARROW\Java-version\java-8,auto-discovered JDK 8,,1,2,2,MODULE_TESTS_PASSED|MODULE_TESTS_PASSED,True,0,dk.alexandra.fresco.tools.cointossing.CoinTossing,True,TARGET_TEST_PASSED,MODULE_TESTS_PASSED,MODULE_TESTS_PASSED,ELIGIBLE,,,471.734,D:\ki9\SEP490\ArrowCode\ARROW-paper\ARROW\runs\sample_selection\distributed\shard-2\candidates\02713_46789213_46789213_50
2718,55498563,55498563_15.json,https://github.com/hk-Lei/apache-storm-1.0.1,Util,external/storm-jdbc/src/main/java/org/apache/storm/jdbc/common/Util.java,production,class,False,72,getJavaType,34,public static,True,True,0,True,database,9,EXCLUDED,external_dependency_risk:database,,,,,,,,1,2,0,,,,,,,,,EXCLUDED,semantic,external_dependency_risk:database,37.593,D:\ki9\SEP490\ArrowCode\ARROW-paper\ARROW\runs\sample_selection\distributed\shard-2\candidates\02718_55498563_55498563_15
2723,5726012,5726012_4.json,https://github.com/Pi4J/pi4j,W1Master,pi4j-core/src/main/java/com/pi4j/io/w1/W1Master.java,production,,,,getDevices,3,public,False,True,,,,,EXCLUDED,trivial_focal_method,,,,,,,,,2,0,,,,,,,,,EXCLUDED,semantic_metadata,trivial_focal_method,0.016,D:\ki9\SEP490\ArrowCode\ARROW-paper\ARROW\runs\sample_selection\distributed\shard-2\candidates\02723_5726012_5726012_4
2728,64340716,64340716_50.json,https://github.com/katharsis-project/katharsis-framework,SimpleModule,katharsis-core/src/main/java/io/katharsis/module/SimpleModule.java,production,,,,addRepository,4,public,False,False,,,,,EXCLUDED,no_observable_behavior,,,,,,,,,2,0,,,,,,,,,EXCLUDED,semantic_metadata,no_observable_behavior,0.015,D:\ki9\SEP490\ArrowCode\ARROW-paper\ARROW\runs\sample_selection\distributed\shard-2\candidates\02728_64340716_64340716_50
2733,78070391,78070391_0.json,https://github.com/pablopdomingos/nfse,RpsValores,nfse-bh/src/main/java/com/pablodomingos/classes/rps/RpsValores.java,production,,,,getValorLiquido,3,public,False,True,,,,,EXCLUDED,trivial_focal_method,,,,,,,,,2,0,,,,,,,,,EXCLUDED,semantic_metadata,trivial_focal_method,0.016,D:\ki9\SEP490\ArrowCode\ARROW-paper\ARROW\runs\sample_selection\distributed\shard-2\candidates\02733_78070391_78070391_0
2738,167839264,167839264_0.json,https://github.com/cchao1024/insomnia,MailHandler,mqhandler/src/main/java/me/cchao/mqhandler/handler/MailHandler.java,production,,,,sendVerifyEMail,8,public,False,False,,,,,EXCLUDED,no_observable_behavior,,,,,,,,,2,0,,,,,,,,,EXCLUDED,semantic_metadata,no_observable_behavior,0.031,D:\ki9\SEP490\ArrowCode\ARROW-paper\ARROW\runs\sample_selection\distributed\shard-2\candidates\02738_167839264_167839264_0
2743,92312271,92312271_17.json,https://github.com/larsgrefer/java-sense-hat,SenseHatColor,sense-hat/src/main/java/de/larsgrefer/sense_hat/SenseHatColor.java,production,class,False,259,mix,9,public,True,True,1,False,,9,ELIGIBLE,,gradle,sense-hat,junit4,8,D:\ki9\SEP490\ArrowCode\ARROW-paper\ARROW\Java-version\java-8,auto-discovered JDK 8,,1,2,2,MODULE_TESTS_PASSED|MODULE_TESTS_PASSED,True,0,de.larsgrefer.sense_hat.SenseHatColor,True,TARGET_TEST_PASSED,MODULE_TESTS_PASSED,MODULE_TESTS_PASSED,ELIGIBLE,,,172.219,D:\ki9\SEP490\ArrowCode\ARROW-paper\ARROW\runs\sample_selection\distributed\shard-2\candidates\02743_92312271_92312271_17
2748,29740235,29740235_19.json,https://github.com/SonarSource/sonar-scm-git,GitScmProvider,sonar-scm-git-plugin/src/main/java/org/sonarsource/scm/git/GitScmProvider.java,production,class,False,331,branchChangedLines,33,@CheckForNull @Override public,True,True,4,True,database|filesystem,7,EXCLUDED,external_dependency_risk:database|filesystem,,,,,,,,1,2,0,,,,,,,,,EXCLUDED,semantic,external_dependency_risk:database|filesystem,2.953,D:\ki9\SEP490\ArrowCode\ARROW-paper\ARROW\runs\sample_selection\distributed\shard-2\candidates\02748_29740235_29740235_19
2753,209854470,209854470_1.json,https://github.com/Apress/pivotal-certified-pro-spring-dev-exam-02,PersonController,chapter06/mvc-basic-practice/src/main/java/com/apress/cems/web/controllers/PersonController.java,production,class,False,69,list,7,public,False,True,1,False,,7,ELIGIBLE,,gradle,chapter06\mvc-basic-practice,junit5,13,,JDK 13 not mapped; using system default Java,,1,2,1,ASSERTION_FAILED,,,com.apress.cems.web.controllers.PersonController,,,,,EXCLUDED,baseline,failure: build failed with an exception.,54.203,D:\ki9\SEP490\ArrowCode\ARROW-paper\ARROW\runs\sample_selection\distributed\shard-2\candidates\02753_209854470_209854470_1
2758,60299559,60299559_4.json,https://github.com/gazlaws-dev/codeboard,Definitions,app/src/main/java/com/gazlaws/codeboard/layout/Definitions.java,production,,,,addQwertyRows,34,public static,False,False,,,,,EXCLUDED,no_observable_behavior,,,,,,,,,2,0,,,,,,,,,EXCLUDED,semantic_metadata,no_observable_behavior,0.031,D:\ki9\SEP490\ArrowCode\ARROW-paper\ARROW\runs\sample_selection\distributed\shard-2\candidates\02758_60299559_60299559_4
2763,191807118,191807118_0.json,https://github.com/aws-samples/aws-saas-factory-postgresql-rls,Tenant,app/src/main/java/com/amazon/aws/partners/saasfactory/pgrls/Tenant.java,production,,,,isLightweight,9,public,True,True,,,,,EXCLUDED,trivial_focal_method,,,,,,,,,2,0,,,,,,,,,EXCLUDED,semantic_metadata,trivial_focal_method,0.016,D:\ki9\SEP490\ArrowCode\ARROW-paper\ARROW\runs\sample_selection\distributed\shard-2\candidates\02763_191807118_191807118_0
2768,34039690,34039690_3.json,https://github.com/apache/groovy,DateUtilExtensions,subprojects/groovy-dateutil/src/main/java/org/apache/groovy/dateutil/extensions/DateUtilExtensions.java,production,,,,previous,5,public static,False,True,,,,,ELIGIBLE,,,,,,,,192afc661b4d57bb80ac607a1c2940b676b536a3,1,2,0,,,,,,,,,EXCLUDED,setup,"Error: [('D:\\ki9\\SEP490\\ArrowCode\\ARROW-paper\\ARROW\\repos\\34039690\\subprojects\\groovy-astbuilder\\src\\test\\groovy\\org\\codehaus\\groovy\\ast\\builder\\testpackage\\AstBuilderFromCodePackageImportTest.groovy', 'D:\\ki9\\SEP490\\ArrowCode\\ARROW-paper\\ARROW\\runs\\sample_selection\\distributed\\shard-2\\candidates\\02768_34039690_34039690_3\\workspace\\subprojects\\groovy-astbuilder\\src\\test\\groovy\\org\\codehaus\\groovy\\ast\\builder\\testpackage\\AstBuilderFromCodePackageImportTest.groovy', ""[Errno 2] No such file or directory: 'D:\\\\ki9\\\\SEP490\\\\ArrowCode\\\\ARROW-paper\\\\ARROW\\\\runs\\\\sample_selection\\\\distributed\\\\shard-2\\\\candidates\\\\02768_34039690_34039690_3\\\\workspace\\\\subprojects\\\\groovy-astbuilder\\\\src\\\\test\\\\groovy\\\\org\\\\codehaus\\\\groovy\\\\ast\\\\builder\\\\testpackage\\\\AstBuilderFromCodePackageImportTest.groovy'""), ('D:\\ki9\\SEP490\\ArrowCode\\ARROW-paper\\ARROW\\repos\\34039690\\subprojects\\groovy-contracts\\src\\test\\groovy\\org\\apache\\groovy\\contracts\\tests\\interfaces\\InterfaceAbstractClassMixturesTests.groovy', 'D:\\ki9\\SEP490\\ArrowCode\\ARROW-paper\\ARROW\\runs\\sample_selection\\distributed\\shard-2\\candidates\\02768_34039690_34039690_3\\workspace\\subprojects\\groovy-contracts\\src\\test\\groovy\\org\\apache\\groovy\\contracts\\tests\\interfaces\\InterfaceAbstractClassMixturesTests.groovy', ""[Errno 2] No such file or directory: 'D:\\\\ki9\\\\SEP490\\\\ArrowCode\\\\ARROW-paper\\\\ARROW\\\\runs\\\\sample_selection\\\\distributed\\\\shard-2\\\\candidates\\\\02768_34039690_34039690_3\\\\workspace\\\\subprojects\\\\groovy-contracts\\\\src\\\\test\\\\groovy\\\\org\\\\apache\\\\groovy\\\\contracts\\\\tests\\\\interfaces\\\\InterfaceAbstractClassMixturesTests.groovy'""), ('D:\\ki9\\SEP490\\ArrowCode\\ARROW-paper\\ARROW\\repos\\34039690\\subprojects\\groovy-contracts\\src\\test\\groovy\\org\\apache\\groovy\\contracts\\tests\\post\\ImplicitVariableNamesPostconditionTests.groovy', 'D:\\ki9\\SEP49",229.203,D:\ki9\SEP490\ArrowCode\ARROW-paper\ARROW\runs\sample_selection\distributed\shard-2\candidates\02768_34039690_34039690_3
2773,45098765,45098765_15.json,https://github.com/PureSolTechnologies/DuctileDB,CompoundKey,columnfamily/src/main/java/com/puresoltechnologies/ductiledb/columnfamily/CompoundKey.java,production,class,False,74,decode,14,public static,True,True,2,False,,10,ELIGIBLE,,maven,columnfamily,junit4,8,D:\ki9\SEP490\ArrowCode\ARROW-paper\ARROW\Java-version\java-8,auto-discovered JDK 8,,1,2,1,ASSERTION_FAILED,,,com.puresoltechnologies.ductiledb.columnfamily.CompoundKey,,,,,EXCLUDED,baseline,[info] ductiledb: storage.spi ............................. failure [ 0.066 s],19.375,D:\ki9\SEP490\ArrowCode\ARROW-paper\ARROW\runs\sample_selection\distributed\shard-2\candidates\02773_45098765_45098765_15
2778,8570603,8570603_3.json,https://github.com/jdeferred/jdeferred,PipedPromise,subprojects/jdeferred-core/src/main/java/org/jdeferred2/impl/PipedPromise.java,production,class,False,90,pipe,20,protected,True,True,2,False,,9,ELIGIBLE,,gradle,.,junit4,unknown,D:\ki9\SEP490\ArrowCode\ARROW-paper\ARROW\Java-version\java-8,Gradle 3.5 requires compatible JDK 8; auto-discovered,,1,2,1,ASSERTION_FAILED,,,org.jdeferred2.impl.PipedPromise,,,,,EXCLUDED,baseline,failure: build failed with an exception.,85.844,D:\ki9\SEP490\ArrowCode\ARROW-paper\ARROW\runs\sample_selection\distributed\shard-2\candidates\02778_8570603_8570603_3
2783,27030629,27030629_5.json,https://github.com/nenick/AndroidAppDevelopment,UserListPresenter,Presentation/src/main/java/com/example/presentation/userlist/UserListPresenter.java,production,,,,onViewDestroyed,3,public,False,False,,,,,EXCLUDED,no_observable_behavior,,,,,,,,,2,0,,,,,,,,,EXCLUDED,semantic_metadata,no_observable_behavior,0.015,D:\ki9\SEP490\ArrowCode\ARROW-paper\ARROW\runs\sample_selection\distributed\shard-2\candidates\02783_27030629_27030629_5
2788,123415889,123415889_0.json,https://github.com/resteasy/resteasy-spring-boot,ResteasyEmbeddedServletInitializer,resteasy-spring-boot-starter/src/main/java/org/jboss/resteasy/springboot/ResteasyEmbeddedServletInitializer.java,production,,,,postProcessBeanFactory,30,public,True,False,,,,,EXCLUDED,no_observable_behavior,,,,,,,,,2,0,,,,,,,,,EXCLUDED,semantic_metadata,no_observable_behavior,0.032,D:\ki9\SEP490\ArrowCode\ARROW-paper\ARROW\runs\sample_selection\distributed\shard-2\candidates\02788_123415889_123415889_0
2793,70371145,70371145_12.json,https://github.com/evant/redux,ObservableDispatcher,redux-rx/src/main/java/me/tatarka/redux/rx/ObservableDispatcher.java,production,class,False,20,dispatch,4,@Override public,False,True,1,False,,7,ELIGIBLE,,gradle,redux-rx,junit4,7,D:\ki9\SEP490\ArrowCode\ARROW-paper\ARROW\Java-version\java-8,auto-discovered compatible JDK 8 for Java 7,,1,2,1,ASSERTION_FAILED,,,me.tatarka.redux.rx.ObservableDispatcher,,,,,EXCLUDED,baseline,failure: build failed with an exception.,46.234,D:\ki9\SEP490\ArrowCode\ARROW-paper\ARROW\runs\sample_selection\distributed\shard-2\candidates\02793_70371145_70371145_12
2798,108452902,108452902_0.json,https://github.com/kbastani/event-sourcing-microservices-example,UserController,recommendation-service/src/main/java/io/example/domain/user/UserController.java,production,class,False,22,recommendFriends,4,"@GetMapping(path = ""/users/{userId}/commands/recommendFriends"") public",False,True,1,False,,8,ELIGIBLE,,maven,recommendation-service,junit4,11,D:\ki9\SEP490\ArrowCode\ARROW-paper\ARROW\Java-version\java-11,auto-discovered JDK 11,8aa5d32b666c2e2f9f0327b913a1c2bff94547ef,1,2,2,MODULE_TESTS_PASSED|MODULE_TESTS_PASSED,True,0,io.example.domain.user.UserController,True,TARGET_TEST_PASSED,MODULE_TESTS_PASSED,MODULE_TESTS_PASSED,ELIGIBLE,,,536.718,D:\ki9\SEP490\ArrowCode\ARROW-paper\ARROW\runs\sample_selection\distributed\shard-2\candidates\02798_108452902_108452902_0
2803,157765359,157765359_1.json,https://github.com/yuriylesyuk/eidas-x509-for-psd2,EiDASCertificate,eidas-certificate-parser/src/main/java/com/exco/eidas/EiDASCertificate.java,production,class,False,914,addPsdAttibutes,22,public,True,True,0,False,,9,ELIGIBLE,,maven,eidas-certificate-parser,junit4,8,D:\ki9\SEP490\ArrowCode\ARROW-paper\ARROW\Java-version\java-8,auto-discovered JDK 8,,1,2,1,ASSERTION_FAILED,,,com.exco.eidas.EiDASCertificate,,,,,EXCLUDED,baseline,[info] build failure,11.109,D:\ki9\SEP490\ArrowCode\ARROW-paper\ARROW\runs\sample_selection\distributed\shard-2\candidates\02803_157765359_157765359_1
2808,53615697,53615697_3.json,https://github.com/datanerds-io/lack,Lack,lack/src/main/java/io/datanerds/lack/Lack.java,production,,,,claim,6,public,True,False,,,,,EXCLUDED,no_observable_behavior,,,,,,,,,2,0,,,,,,,,,EXCLUDED,semantic_metadata,no_observable_behavior,0.031,D:\ki9\SEP490\ArrowCode\ARROW-paper\ARROW\runs\sample_selection\distributed\shard-2\candidates\02808_53615697_53615697_3
2813,80563893,80563893_2.json,https://github.com/jetty-project/jetty-load-generator,LoadGenerator,jetty-load-generator-client/src/main/java/org/mortbay/jetty/load/generator/LoadGenerator.java,production,class,False,1282,begin,12,public,True,True,1,True,database|network|nondeterminism,6,EXCLUDED,external_dependency_risk:database|network|nondeterminism;testability_score_below_7,,,,,,,,1,2,0,,,,,,,,,EXCLUDED,semantic,external_dependency_risk:database|network|nondeterminism;testability_score_below_7,2.766,D:\ki9\SEP490\ArrowCode\ARROW-paper\ARROW\runs\sample_selection\distributed\shard-2\candidates\02813_80563893_80563893_2
2818,103047907,103047907_3.json,https://github.com/javolution/jscience,PhysicsUnit,physics/src/main/java/org/jscience/physics/unit/PhysicsUnit.java,production,,,,getSymbol,4,@Override public,False,True,,,,,EXCLUDED,trivial_focal_method,,,,,,,,,2,0,,,,,,,,,EXCLUDED,semantic_metadata,trivial_focal_method,0.031,D:\ki9\SEP490\ArrowCode\ARROW-paper\ARROW\runs\sample_selection\distributed\shard-2\candidates\02818_103047907_103047907_3
2823,6961882,6961882_9.json,https://github.com/ekux44/LampShade,HttpHeaderParser,volley/src/main/java/com/android/volley/toolbox/HttpHeaderParser.java,production,,,,parseCacheHeaders,72,public static,True,True,,,,,ELIGIBLE,,,,,,,,,1,2,0,,,,,,,,,EXCLUDED,setup,"Error: [('D:\\ki9\\SEP490\\ArrowCode\\ARROW-paper\\ARROW\\repos\\6961882\\lifx\\src\\main\\java\\lifx\\java\\android\\network_context\\internal\\transport_manager\\lan\\gateway_discovery\\LFXGatewayDiscoveryController.java', 'D:\\ki9\\SEP490\\ArrowCode\\ARROW-paper\\ARROW\\runs\\sample_selection\\distributed\\shard-2\\candidates\\02823_6961882_6961882_9\\workspace\\lifx\\src\\main\\java\\lifx\\java\\android\\network_context\\internal\\transport_manager\\lan\\gateway_discovery\\LFXGatewayDiscoveryController.java', ""[Errno 2] No such file or directory: 'D:\\\\ki9\\\\SEP490\\\\ArrowCode\\\\ARROW-paper\\\\ARROW\\\\runs\\\\sample_selection\\\\distributed\\\\shard-2\\\\candidates\\\\02823_6961882_6961882_9\\\\workspace\\\\lifx\\\\src\\\\main\\\\java\\\\lifx\\\\java\\\\android\\\\network_context\\\\internal\\\\transport_manager\\\\lan\\\\gateway_discovery\\\\LFXGatewayDiscoveryController.java'""), ('D:\\ki9\\SEP490\\ArrowCode\\ARROW-paper\\ARROW\\repos\\6961882\\lifx\\src\\main\\java\\lifx\\java\\android\\network_context\\internal\\transport_manager\\lan\\gateway_discovery\\LFXGatewayDiscoveryTableEntry.java', 'D:\\ki9\\SEP490\\ArrowCode\\ARROW-paper\\ARROW\\runs\\sample_selection\\distributed\\shard-2\\candidates\\02823_6961882_6961882_9\\workspace\\lifx\\src\\main\\java\\lifx\\java\\android\\network_context\\internal\\transport_manager\\lan\\gateway_discovery\\LFXGatewayDiscoveryTableEntry.java', ""[Errno 2] No such file or directory: 'D:\\\\ki9\\\\SEP490\\\\ArrowCode\\\\ARROW-paper\\\\ARROW\\\\runs\\\\sample_selection\\\\distributed\\\\shard-2\\\\candidates\\\\02823_6961882_6961882_9\\\\workspace\\\\lifx\\\\src\\\\main\\\\java\\\\lifx\\\\java\\\\android\\\\network_context\\\\internal\\\\transport_manager\\\\lan\\\\gateway_discovery\\\\LFXGatewayDiscoveryTableEntry.java'"")]",9.766,D:\ki9\SEP490\ArrowCode\ARROW-paper\ARROW\runs\sample_selection\distributed\shard-2\candidates\02823_6961882_6961882_9
2828,66918551,66918551_0.json,https://github.com/bosch-io/iot-hub-examples,ExampleConsumer,example-consumer/src/main/java/com/bosch/iothub/examples/ExampleConsumer.java,production,class,False,85,clientFactoryConnect,5,,False,True,0,True,database,6,EXCLUDED,external_dependency_risk:database;testability_score_below_7,,,,,,,,1,2,0,,,,,,,,,EXCLUDED,semantic,external_dependency_risk:database;testability_score_below_7,2.156,D:\ki9\SEP490\ArrowCode\ARROW-paper\ARROW\runs\sample_selection\distributed\shard-2\candidates\02828_66918551_66918551_0
2833,64873196,64873196_1.json,https://github.com/BelooS/ChipsLayoutManager,AbstractPositionIterator,ChipsLayoutManager/src/main/java/com/beloo/widget/chipslayoutmanager/layouter/AbstractPositionIterator.java,production,class,True,20,move,5,public,True,True,1,False,,9,EXCLUDED,non_concrete:class:abstract,,,,,,,,1,2,0,,,,,,,,,EXCLUDED,semantic,non_concrete:class:abstract,13.078,D:\ki9\SEP490\ArrowCode\ARROW-paper\ARROW\runs\sample_selection\distributed\shard-2\candidates\02833_64873196_64873196_1
2838,162272754,162272754_73.json,https://github.com/ciprian-radu/rent-a-car,RegisterRenterController,application/external-interfaces/rest-api/src/main/java/ro/ciprianradu/rentacar/rest/controllers/RegisterRenterController.java,production,,,,registerRenter,21,@PostMapping(value = ENDPOINT) public,True,True,,,,,ELIGIBLE,,,,,,,,,1,2,0,,,,,,,,,EXCLUDED,setup,"Error: [('D:\\ki9\\SEP490\\ArrowCode\\ARROW-paper\\ARROW\\repos\\162272754\\application\\external-interfaces\\auth-client\\src\\main\\java\\ro\\ciprianradu\\rentacar\\auth\\client\\configuration\\OAuth2ClientConfig.java', 'D:\\ki9\\SEP490\\ArrowCode\\ARROW-paper\\ARROW\\runs\\sample_selection\\distributed\\shard-2\\candidates\\02838_162272754_162272754_73\\workspace\\application\\external-interfaces\\auth-client\\src\\main\\java\\ro\\ciprianradu\\rentacar\\auth\\client\\configuration\\OAuth2ClientConfig.java', ""[Errno 2] No such file or directory: 'D:\\\\ki9\\\\SEP490\\\\ArrowCode\\\\ARROW-paper\\\\ARROW\\\\runs\\\\sample_selection\\\\distributed\\\\shard-2\\\\candidates\\\\02838_162272754_162272754_73\\\\workspace\\\\application\\\\external-interfaces\\\\auth-client\\\\src\\\\main\\\\java\\\\ro\\\\ciprianradu\\\\rentacar\\\\auth\\\\client\\\\configuration\\\\OAuth2ClientConfig.java'""), ('D:\\ki9\\SEP490\\ArrowCode\\ARROW-paper\\ARROW\\repos\\162272754\\application\\external-interfaces\\auth-client\\src\\main\\java\\ro\\ciprianradu\\rentacar\\auth\\client\\configuration\\WebSecurityConfigurer.java', 'D:\\ki9\\SEP490\\ArrowCode\\ARROW-paper\\ARROW\\runs\\sample_selection\\distributed\\shard-2\\candidates\\02838_162272754_162272754_73\\workspace\\application\\external-interfaces\\auth-client\\src\\main\\java\\ro\\ciprianradu\\rentacar\\auth\\client\\configuration\\WebSecurityConfigurer.java', ""[Errno 2] No such file or directory: 'D:\\\\ki9\\\\SEP490\\\\ArrowCode\\\\ARROW-paper\\\\ARROW\\\\runs\\\\sample_selection\\\\distributed\\\\shard-2\\\\candidates\\\\02838_162272754_162272754_73\\\\workspace\\\\application\\\\external-interfaces\\\\auth-client\\\\src\\\\main\\\\java\\\\ro\\\\ciprianradu\\\\rentacar\\\\auth\\\\client\\\\configuration\\\\WebSecurityConfigurer.java'""), ('D:\\ki9\\SEP490\\ArrowCode\\ARROW-paper\\ARROW\\repos\\162272754\\application\\external-interfaces\\auth-client\\src\\main\\java\\ro\\ciprianradu\\rentacar\\auth\\client\\constraint\\FieldMatchVali",7.765,D:\ki9\SEP490\ArrowCode\ARROW-paper\ARROW\runs\sample_selection\distributed\shard-2\candidates\02838_162272754_162272754_73
2843,77671214,77671214_1.json,https://github.com/apache/geode-examples,Example,functions/src/main/java/org/apache/geode_examples/functions/Example.java,production,,,,Example,3,public,False,False,,,,,EXCLUDED,no_observable_behavior,,,,,,,,,2,0,,,,,,,,,EXCLUDED,semantic_metadata,no_observable_behavior,0.031,D:\ki9\SEP490\ArrowCode\ARROW-paper\ARROW\runs\sample_selection\distributed\shard-2\candidates\02843_77671214_77671214_1
2848,99313507,99313507_1.json,https://github.com/MyCATApache/Mycat2,MigrateUtils,router/src/main/java/io/mycat/router/migrate/MigrateUtils.java,production,class,False,98,balanceExpand,32,public static,True,True,0,False,,9,ELIGIBLE,,maven,router,junit4,8,D:\ki9\SEP490\ArrowCode\ARROW-paper\ARROW\Java-version\java-8,auto-discovered JDK 8,,1,2,2,MODULE_TESTS_PASSED|MODULE_TESTS_PASSED,True,1,io.mycat.router.migrate.MigrateUtils,True,TARGET_TEST_PASSED,MODULE_TESTS_PASSED,MODULE_TESTS_PASSED,ELIGIBLE,,,206.282,D:\ki9\SEP490\ArrowCode\ARROW-paper\ARROW\runs\sample_selection\distributed\shard-2\candidates\02848_99313507_99313507_1
2853,14640193,14640193_0.json,https://github.com/CellularPrivacy/Android-IMSI-Catcher-Detector,MiscUtils,AIMSICD/src/main/java/com/secupwn/aimsicd/utils/MiscUtils.java,production,class,False,73,parseLogcatTimeStamp,21,public static,True,True,0,False,,10,ELIGIBLE,,gradle,AIMSICD,junit4,1,D:\ki9\SEP490\ArrowCode\ARROW-paper\ARROW\Java-version\java-8,auto-discovered compatible JDK 8 for Java 1,,1,2,1,ASSERTION_FAILED,,,com.secupwn.aimsicd.utils.MiscUtils,,,,,EXCLUDED,baseline,failure: build failed with an exception.,25.921,D:\ki9\SEP490\ArrowCode\ARROW-paper\ARROW\runs\sample_selection\distributed\shard-2\candidates\02853_14640193_14640193_0
2858,8176370,8176370_16.json,https://github.com/dandelion/dandelion-datatables,HtmlTableBuilder,datatables-core/src/main/java/com/github/dandelion/datatables/core/export/HtmlTableBuilder.java,production,,,,newBuilder,3,public,False,True,,,,,ELIGIBLE,,,,,,,,,1,2,0,,,,,,,,,EXCLUDED,setup,"Error: [('D:\\ki9\\SEP490\\ArrowCode\\ARROW-paper\\ARROW\\repos\\8176370\\datatables-core\\src\\main\\java\\com\\github\\dandelion\\datatables\\core\\option\\processor\\feature\\FeatureFilterPlaceholderProcessor.java', 'D:\\ki9\\SEP490\\ArrowCode\\ARROW-paper\\ARROW\\runs\\sample_selection\\distributed\\shard-2\\candidates\\02858_8176370_8176370_16\\workspace\\datatables-core\\src\\main\\java\\com\\github\\dandelion\\datatables\\core\\option\\processor\\feature\\FeatureFilterPlaceholderProcessor.java', ""[Errno 2] No such file or directory: 'D:\\\\ki9\\\\SEP490\\\\ArrowCode\\\\ARROW-paper\\\\ARROW\\\\runs\\\\sample_selection\\\\distributed\\\\shard-2\\\\candidates\\\\02858_8176370_8176370_16\\\\workspace\\\\datatables-core\\\\src\\\\main\\\\java\\\\com\\\\github\\\\dandelion\\\\datatables\\\\core\\\\option\\\\processor\\\\feature\\\\FeatureFilterPlaceholderProcessor.java'""), ('D:\\ki9\\SEP490\\ArrowCode\\ARROW-paper\\ARROW\\repos\\8176370\\datatables-core\\src\\main\\resources\\META-INF\\resources\\dandelion\\datatables\\features\\plugins\\colreorder\\css\\dataTables.colReorder.css', 'D:\\ki9\\SEP490\\ArrowCode\\ARROW-paper\\ARROW\\runs\\sample_selection\\distributed\\shard-2\\candidates\\02858_8176370_8176370_16\\workspace\\datatables-core\\src\\main\\resources\\META-INF\\resources\\dandelion\\datatables\\features\\plugins\\colreorder\\css\\dataTables.colReorder.css', ""[Errno 2] No such file or directory: 'D:\\\\ki9\\\\SEP490\\\\ArrowCode\\\\ARROW-paper\\\\ARROW\\\\runs\\\\sample_selection\\\\distributed\\\\shard-2\\\\candidates\\\\02858_8176370_8176370_16\\\\workspace\\\\datatables-core\\\\src\\\\main\\\\resources\\\\META-INF\\\\resources\\\\dandelion\\\\datatables\\\\features\\\\plugins\\\\colreorder\\\\css\\\\dataTables.colReorder.css'""), ('D:\\ki9\\SEP490\\ArrowCode\\ARROW-paper\\ARROW\\repos\\8176370\\datatables-core\\src\\main\\resources\\META-INF\\resources\\dandelion\\datatables\\features\\plugins\\colreorder\\js\\dataTables.colReorder.js', 'D:\\ki9\\SEP490\",10.922,D:\ki9\SEP490\ArrowCode\ARROW-paper\ARROW\runs\sample_selection\distributed\shard-2\candidates\02858_8176370_8176370_16
2863,9945428,9945428_4.json,https://github.com/t0mm13b/AndroJNCryptor,AES256v2Cryptor,jncryptor/src/main/java/org/cryptonode/jncryptor/AES256v2Cryptor.java,production,class,False,250,keyForPassword,18,@Override public,True,True,0,True,nondeterminism,9,EXCLUDED,external_dependency_risk:nondeterminism,,,,,,,,1,2,0,,,,,,,,,EXCLUDED,semantic,external_dependency_risk:nondeterminism,4.203,D:\ki9\SEP490\ArrowCode\ARROW-paper\ARROW\runs\sample_selection\distributed\shard-2\candidates\02863_9945428_9945428_4
2868,7334654,7334654_10.json,https://github.com/PebbleTemplates/pebble,Syntax,pebble/src/main/java/com/mitchellbosecke/pebble/lexer/Syntax.java,production,,,,getRegexTrailingWhitespaceTrim,3,,False,True,,,,,EXCLUDED,trivial_focal_method,,,,,,,,,2,0,,,,,,,,,EXCLUDED,semantic_metadata,trivial_focal_method,0.016,D:\ki9\SEP490\ArrowCode\ARROW-paper\ARROW\runs\sample_selection\distributed\shard-2\candidates\02868_7334654_7334654_10
2873,160156999,160156999_4.json,https://github.com/quarkusio/quarkus-quickstarts,FruitResource,rest-json-quickstart/src/main/java/org/acme/rest/json/FruitResource.java,production,,,,add,5,@POST public,False,True,,,,,ELIGIBLE,,,,,,,,,1,2,0,,,,,,,,,EXCLUDED,setup,"Error: [('D:\\ki9\\SEP490\\ArrowCode\\ARROW-paper\\ARROW\\repos\\160156999\\hibernate-orm-rest-data-panache-quickstart\\src\\test\\java\\org\\acme\\hibernate\\orm\\panache\\rest\\repository\\PeopleResourceTest.java', 'D:\\ki9\\SEP490\\ArrowCode\\ARROW-paper\\ARROW\\runs\\sample_selection\\distributed\\shard-2\\candidates\\02873_160156999_160156999_4\\workspace\\hibernate-orm-rest-data-panache-quickstart\\src\\test\\java\\org\\acme\\hibernate\\orm\\panache\\rest\\repository\\PeopleResourceTest.java', ""[Errno 2] No such file or directory: 'D:\\\\ki9\\\\SEP490\\\\ArrowCode\\\\ARROW-paper\\\\ARROW\\\\runs\\\\sample_selection\\\\distributed\\\\shard-2\\\\candidates\\\\02873_160156999_160156999_4\\\\workspace\\\\hibernate-orm-rest-data-panache-quickstart\\\\src\\\\test\\\\java\\\\org\\\\acme\\\\hibernate\\\\orm\\\\panache\\\\rest\\\\repository\\\\PeopleResourceTest.java'""), ('D:\\ki9\\SEP490\\ArrowCode\\ARROW-paper\\ARROW\\repos\\160156999\\hibernate-search-orm-elasticsearch-quickstart\\src\\main\\java\\org\\acme\\hibernate\\search\\elasticsearch\\config\\AnalysisConfigurer.java', 'D:\\ki9\\SEP490\\ArrowCode\\ARROW-paper\\ARROW\\runs\\sample_selection\\distributed\\shard-2\\candidates\\02873_160156999_160156999_4\\workspace\\hibernate-search-orm-elasticsearch-quickstart\\src\\main\\java\\org\\acme\\hibernate\\search\\elasticsearch\\config\\AnalysisConfigurer.java', ""[Errno 2] No such file or directory: 'D:\\\\ki9\\\\SEP490\\\\ArrowCode\\\\ARROW-paper\\\\ARROW\\\\runs\\\\sample_selection\\\\distributed\\\\shard-2\\\\candidates\\\\02873_160156999_160156999_4\\\\workspace\\\\hibernate-search-orm-elasticsearch-quickstart\\\\src\\\\main\\\\java\\\\org\\\\acme\\\\hibernate\\\\search\\\\elasticsearch\\\\config\\\\AnalysisConfigurer.java'""), ('D:\\ki9\\SEP490\\ArrowCode\\ARROW-paper\\ARROW\\repos\\160156999\\hibernate-search-orm-elasticsearch-quickstart\\src\\test\\java\\org\\acme\\hibernate\\search\\elasticsearch\\service\\LibraryResourceInGraalIT.java', 'D:\\ki9\\SEP490\\ArrowC",31.453,D:\ki9\SEP490\ArrowCode\ARROW-paper\ARROW\runs\sample_selection\distributed\shard-2\candidates\02873_160156999_160156999_4
2878,76684377,76684377_119.json,https://github.com/universum-studios/android_widget_adapters,BaseListAdapter,library-list-base/src/main/java/universum/studios/android/widget/adapter/BaseListAdapter.java,production,,,,registerOnDataSetActionListener,6,@Override public,True,True,,,,,ELIGIBLE,,,,,,,,,,2,0,,,,,,,,,EXCLUDED,setup,"RuntimeError: Repository setup failed after 3 attempts: CalledProcessError: Command '['git', '-c', 'core.longpaths=true', 'clone', '--depth', '1', 'https://github.com/universum-studios/android_widget_adapters', 'D:\\ki9\\SEP490\\ArrowCode\\ARROW-paper\\ARROW\\repos\\76684377']' returned non-zero exit status 128.",10.187,D:\ki9\SEP490\ArrowCode\ARROW-paper\ARROW\runs\sample_selection\distributed\shard-2\candidates\02878_76684377_76684377_119
2883,57921720,57921720_7.json,https://github.com/ChargeTimeEU/Java-OCA-OCPP,ComponentType,ocpp-v2_0/src/main/java/eu/chargetime/ocpp/model/basic/types/ComponentType.java,production,class,False,120,setName,4,public,False,True,0,False,,8,ELIGIBLE,,maven,ocpp-v2_0,junit4,8,D:\ki9\SEP490\ArrowCode\ARROW-paper\ARROW\Java-version\java-8,auto-discovered JDK 8,4531b5d25d9cbbf599021e3897405a239de75f2f,1,2,2,MODULE_TESTS_PASSED|MODULE_TESTS_PASSED,True,1,eu.chargetime.ocpp.model.basic.types.ComponentType,True,TARGET_TEST_PASSED,MODULE_TESTS_PASSED,MODULE_TESTS_PASSED,ELIGIBLE,,,84.234,D:\ki9\SEP490\ArrowCode\ARROW-paper\ARROW\runs\sample_selection\distributed\shard-2\candidates\02883_57921720_57921720_7
2888,145126556,145126556_67.json,https://github.com/ExpediaGroup/apiary-extensions,ApiarySnsListener,apiary-metastore-events/sns-metastore-events/apiary-metastore-listener/src/main/java/com/expediagroup/apiary/extensions/events/metastore/listener/ApiarySnsListener.java,production,,,,onAddPartition,11,@Override public,True,False,,,,,EXCLUDED,no_observable_behavior,,,,,,,,,2,0,,,,,,,,,EXCLUDED,semantic_metadata,no_observable_behavior,0.016,D:\ki9\SEP490\ArrowCode\ARROW-paper\ARROW\runs\sample_selection\distributed\shard-2\candidates\02888_145126556_145126556_67
2893,15132790,15132790_12.json,https://github.com/MaritimeConnectivityPlatform/MaritimeCloud,Area,mc-core/src/main/java/net/maritimecloud/util/geometry/Area.java,production,,,,fromJSON,3,public static,False,True,,,,,ELIGIBLE,,,,,,,,,1,2,0,,,,,,,,,EXCLUDED,setup,"Error: [('D:\\ki9\\SEP490\\ArrowCode\\ARROW-paper\\ARROW\\repos\\15132790\\mc-mms\\distribution\\mc-mms-client-android\\src\\main\\java\\net\\maritimecloud\\internal\\net\\client\\connection\\ConnectionTransportManagerAndroid.java', 'D:\\ki9\\SEP490\\ArrowCode\\ARROW-paper\\ARROW\\runs\\sample_selection\\distributed\\shard-2\\candidates\\02893_15132790_15132790_12\\workspace\\mc-mms\\distribution\\mc-mms-client-android\\src\\main\\java\\net\\maritimecloud\\internal\\net\\client\\connection\\ConnectionTransportManagerAndroid.java', ""[Errno 2] No such file or directory: 'D:\\\\ki9\\\\SEP490\\\\ArrowCode\\\\ARROW-paper\\\\ARROW\\\\runs\\\\sample_selection\\\\distributed\\\\shard-2\\\\candidates\\\\02893_15132790_15132790_12\\\\workspace\\\\mc-mms\\\\distribution\\\\mc-mms-client-android\\\\src\\\\main\\\\java\\\\net\\\\maritimecloud\\\\internal\\\\net\\\\client\\\\connection\\\\ConnectionTransportManagerAndroid.java'""), ('D:\\ki9\\SEP490\\ArrowCode\\ARROW-paper\\ARROW\\repos\\15132790\\mc-mms\\mc-mms-client-impl\\src\\main\\java\\net\\maritimecloud\\internal\\mms\\client\\connection\\transport\\ClientTransportFactoryJetty.java', 'D:\\ki9\\SEP490\\ArrowCode\\ARROW-paper\\ARROW\\runs\\sample_selection\\distributed\\shard-2\\candidates\\02893_15132790_15132790_12\\workspace\\mc-mms\\mc-mms-client-impl\\src\\main\\java\\net\\maritimecloud\\internal\\mms\\client\\connection\\transport\\ClientTransportFactoryJetty.java', ""[Errno 2] No such file or directory: 'D:\\\\ki9\\\\SEP490\\\\ArrowCode\\\\ARROW-paper\\\\ARROW\\\\runs\\\\sample_selection\\\\distributed\\\\shard-2\\\\candidates\\\\02893_15132790_15132790_12\\\\workspace\\\\mc-mms\\\\mc-mms-client-impl\\\\src\\\\main\\\\java\\\\net\\\\maritimecloud\\\\internal\\\\mms\\\\client\\\\connection\\\\transport\\\\ClientTransportFactoryJetty.java'""), ('D:\\ki9\\SEP490\\ArrowCode\\ARROW-paper\\ARROW\\repos\\15132790\\mc-mms\\mc-mms-client-impl\\src\\main\\java\\net\\maritimecloud\\internal\\mms\\client\\connection\\transport\\Clie",12.141,D:\ki9\SEP490\ArrowCode\ARROW-paper\ARROW\runs\sample_selection\distributed\shard-2\candidates\02893_15132790_15132790_12
2898,97029141,97029141_16.json,https://github.com/gazbert/bxbot-ui-server,JwtUserDetailsService,bxbot-ui-server-rest-api/src/main/java/com/gazbert/bxbot/ui/server/rest/security/service/JwtUserDetailsService.java,production,,,,loadUserByUsername,9,@Override public,True,True,,,,,ELIGIBLE,,,,,,,,,1,2,0,,,,,,,,,EXCLUDED,setup,"Error: [('D:\\ki9\\SEP490\\ArrowCode\\ARROW-paper\\ARROW\\repos\\97029141\\bxbot-ui-server-repository\\src\\main\\java\\com\\gazbert\\bxbot\\ui\\server\\repository\\remote\\config\\impl\\AbstractConfigRepositoryRestClient.java', 'D:\\ki9\\SEP490\\ArrowCode\\ARROW-paper\\ARROW\\runs\\sample_selection\\distributed\\shard-2\\candidates\\02898_97029141_97029141_16\\workspace\\bxbot-ui-server-repository\\src\\main\\java\\com\\gazbert\\bxbot\\ui\\server\\repository\\remote\\config\\impl\\AbstractConfigRepositoryRestClient.java', ""[Errno 2] No such file or directory: 'D:\\\\ki9\\\\SEP490\\\\ArrowCode\\\\ARROW-paper\\\\ARROW\\\\runs\\\\sample_selection\\\\distributed\\\\shard-2\\\\candidates\\\\02898_97029141_97029141_16\\\\workspace\\\\bxbot-ui-server-repository\\\\src\\\\main\\\\java\\\\com\\\\gazbert\\\\bxbot\\\\ui\\\\server\\\\repository\\\\remote\\\\config\\\\impl\\\\AbstractConfigRepositoryRestClient.java'""), ('D:\\ki9\\SEP490\\ArrowCode\\ARROW-paper\\ARROW\\repos\\97029141\\bxbot-ui-server-repository\\src\\main\\java\\com\\gazbert\\bxbot\\ui\\server\\repository\\remote\\config\\impl\\EmailAlertsConfigRepositoryRestClient.java', 'D:\\ki9\\SEP490\\ArrowCode\\ARROW-paper\\ARROW\\runs\\sample_selection\\distributed\\shard-2\\candidates\\02898_97029141_97029141_16\\workspace\\bxbot-ui-server-repository\\src\\main\\java\\com\\gazbert\\bxbot\\ui\\server\\repository\\remote\\config\\impl\\EmailAlertsConfigRepositoryRestClient.java', ""[Errno 2] No such file or directory: 'D:\\\\ki9\\\\SEP490\\\\ArrowCode\\\\ARROW-paper\\\\ARROW\\\\runs\\\\sample_selection\\\\distributed\\\\shard-2\\\\candidates\\\\02898_97029141_97029141_16\\\\workspace\\\\bxbot-ui-server-repository\\\\src\\\\main\\\\java\\\\com\\\\gazbert\\\\bxbot\\\\ui\\\\server\\\\repository\\\\remote\\\\config\\\\impl\\\\EmailAlertsConfigRepositoryRestClient.java'""), ('D:\\ki9\\SEP490\\ArrowCode\\ARROW-paper\\ARROW\\repos\\97029141\\bxbot-ui-server-repository\\src\\main\\java\\com\\gazbert\\bxbot\\ui\\server\\repository\\",5.922,D:\ki9\SEP490\ArrowCode\ARROW-paper\ARROW\runs\sample_selection\distributed\shard-2\candidates\02898_97029141_97029141_16
2903,44167878,44167878_0.json,https://github.com/spacedog-io/spacedog-server,Json,client/src/main/java/io/spacedog/utils/Json.java,production,class,False,611,isObject,7,public static,True,True,0,False,,9,ELIGIBLE,,maven,client,junit4,8,D:\ki9\SEP490\ArrowCode\ARROW-paper\ARROW\Java-version\java-8,auto-discovered JDK 8,,1,2,2,MODULE_TESTS_PASSED|MODULE_TESTS_PASSED,True,0,io.spacedog.utils.Json,True,TARGET_TEST_PASSED,MODULE_TESTS_PASSED,MODULE_TESTS_PASSED,ELIGIBLE,,,61.078,D:\ki9\SEP490\ArrowCode\ARROW-paper\ARROW\runs\sample_selection\distributed\shard-2\candidates\02903_44167878_44167878_0
2908,30950312,30950312_2.json,https://github.com/salesforce/coyote,RequestManager,coyote-protobuf-rpc/coyote-protobuf-client/src/main/java/com/salesforce/keystone/coyote/rpc/client/request/RequestManager.java,production,,,,createRequest,9,public,True,True,,,,,ELIGIBLE,,,,,,,,,1,2,0,,,,,,,,,EXCLUDED,setup,"Error: [('D:\\ki9\\SEP490\\ArrowCode\\ARROW-paper\\ARROW\\repos\\30950312\\coyote-protobuf-rpc\\coyote-protobuf-client\\src\\main\\java\\com\\salesforce\\keystone\\coyote\\rpc\\client\\channel\\ClientChannelFactory.java', 'D:\\ki9\\SEP490\\ArrowCode\\ARROW-paper\\ARROW\\runs\\sample_selection\\distributed\\shard-2\\candidates\\02908_30950312_30950312_2\\workspace\\coyote-protobuf-rpc\\coyote-protobuf-client\\src\\main\\java\\com\\salesforce\\keystone\\coyote\\rpc\\client\\channel\\ClientChannelFactory.java', ""[Errno 2] No such file or directory: 'D:\\\\ki9\\\\SEP490\\\\ArrowCode\\\\ARROW-paper\\\\ARROW\\\\runs\\\\sample_selection\\\\distributed\\\\shard-2\\\\candidates\\\\02908_30950312_30950312_2\\\\workspace\\\\coyote-protobuf-rpc\\\\coyote-protobuf-client\\\\src\\\\main\\\\java\\\\com\\\\salesforce\\\\keystone\\\\coyote\\\\rpc\\\\client\\\\channel\\\\ClientChannelFactory.java'""), ('D:\\ki9\\SEP490\\ArrowCode\\ARROW-paper\\ARROW\\repos\\30950312\\coyote-protobuf-rpc\\coyote-protobuf-client\\src\\main\\java\\com\\salesforce\\keystone\\coyote\\rpc\\client\\connection\\ServerLocationFinder.java', 'D:\\ki9\\SEP490\\ArrowCode\\ARROW-paper\\ARROW\\runs\\sample_selection\\distributed\\shard-2\\candidates\\02908_30950312_30950312_2\\workspace\\coyote-protobuf-rpc\\coyote-protobuf-client\\src\\main\\java\\com\\salesforce\\keystone\\coyote\\rpc\\client\\connection\\ServerLocationFinder.java', ""[Errno 2] No such file or directory: 'D:\\\\ki9\\\\SEP490\\\\ArrowCode\\\\ARROW-paper\\\\ARROW\\\\runs\\\\sample_selection\\\\distributed\\\\shard-2\\\\candidates\\\\02908_30950312_30950312_2\\\\workspace\\\\coyote-protobuf-rpc\\\\coyote-protobuf-client\\\\src\\\\main\\\\java\\\\com\\\\salesforce\\\\keystone\\\\coyote\\\\rpc\\\\client\\\\connection\\\\ServerLocationFinder.java'""), ('D:\\ki9\\SEP490\\ArrowCode\\ARROW-paper\\ARROW\\repos\\30950312\\coyote-protobuf-rpc\\coyote-protobuf-client\\src\\main\\java\\com\\salesforce\\keystone\\coyote\\rpc\\client\\connection\\ServerLocationMana",6.110,D:\ki9\SEP490\ArrowCode\ARROW-paper\ARROW\runs\sample_selection\distributed\shard-2\candidates\02908_30950312_30950312_2
2913,78055963,78055963_13.json,https://github.com/computationalcore/graphenej,SubscriptionMessagesHub,graphenej/src/main/java/cy/agorise/graphenej/api/SubscriptionMessagesHub.java,production,class,False,293,addSubscriptionListener,4,@Override public,False,True,3,False,,7,ELIGIBLE,,gradle,graphenej,junit4,unknown,,no project java version detected,,1,2,1,ASSERTION_FAILED,,,cy.agorise.graphenej.api.SubscriptionMessagesHub,,,,,EXCLUDED,baseline,failure: build failed with an exception.,7.094,D:\ki9\SEP490\ArrowCode\ARROW-paper\ARROW\runs\sample_selection\distributed\shard-2\candidates\02913_78055963_78055963_13
2918,97598061,97598061_0.json,https://github.com/gmu-swe/deflaker,SchedulingStrategies,surefire-rerunner/junit47/src/main/java/org/apache/maven/surefire/junitcore/pc/SchedulingStrategies.java,production,class,False,81,createInvokerStrategy,4,public static,False,True,0,False,,7,ELIGIBLE,,maven,surefire-rerunner\junit47,junit4,7,D:\ki9\SEP490\ArrowCode\ARROW-paper\ARROW\Java-version\java-8,auto-discovered compatible JDK 8 for Java 7,,1,2,2,MODULE_TESTS_PASSED|MODULE_TESTS_PASSED,True,1,org.apache.maven.surefire.junitcore.pc.SchedulingStrategies,True,TARGET_TEST_PASSED,MODULE_TESTS_PASSED,MODULE_TESTS_PASSED,ELIGIBLE,,,90.781,D:\ki9\SEP490\ArrowCode\ARROW-paper\ARROW\runs\sample_selection\distributed\shard-2\candidates\02918_97598061_97598061_0
2923,69469299,69469299_0.json,https://github.com/apollographql/apollo-android,DiskLruCache,apollo-http-cache/src/main/java/com/apollographql/apollo/cache/http/internal/DiskLruCache.java,production,,,,close,16,@Override public synchronized,True,False,,,,,EXCLUDED,no_observable_behavior,,,,,,,,,2,0,,,,,,,,,EXCLUDED,semantic_metadata,no_observable_behavior,0.016,D:\ki9\SEP490\ArrowCode\ARROW-paper\ARROW\runs\sample_selection\distributed\shard-2\candidates\02923_69469299_69469299_0
2928,196205406,196205406_0.json,https://github.com/fishpro/spring-boot-study,MyService,spring-boot-study-helloworld-service/src/main/java/com/fishpro/helloworld/service/MyService.java,production,class,False,8,message,3,public,False,True,0,False,,7,ELIGIBLE,,maven,spring-boot-study-helloworld-service,junit4,8,D:\ki9\SEP490\ArrowCode\ARROW-paper\ARROW\Java-version\java-8,auto-discovered JDK 8,,1,2,1,RUNTIME_FAILED,,,com.fishpro.helloworld.service.MyService,,,,,EXCLUDED,baseline,error:java.lang.illegalstateexception:found multiple @springbootconfiguration annotated classes [generic bean: class [com.fishpro.helloworld.service.myservicetest$testconfiguration]; scope=; abstract=false; lazyinit=false; autowiremode=0; dependencycheck=0; autowirecandidate=true; primary=false; fac,29.359,D:\ki9\SEP490\ArrowCode\ARROW-paper\ARROW\runs\sample_selection\distributed\shard-2\candidates\02928_196205406_196205406_0
2933,129169685,129169685_15.json,https://github.com/obsidiandynamics/jackdaw,PassiveAdminClient,assurance/src/main/java/com/obsidiandynamics/jackdaw/PassiveAdminClient.java,production,class,False,173,describeLogDirs,4,@Override public,False,True,0,False,,7,ELIGIBLE,,gradle,assurance,junit4,8,D:\ki9\SEP490\ArrowCode\ARROW-paper\ARROW\Java-version\java-8,auto-discovered JDK 8,,1,2,1,TOOL_ERROR,,,com.obsidiandynamics.jackdaw.PassiveAdminClient,,,,,EXCLUDED,baseline,[WinError 2] The system cannot find the file specified,3.890,D:\ki9\SEP490\ArrowCode\ARROW-paper\ARROW\runs\sample_selection\distributed\shard-2\candidates\02933_129169685_129169685_15
2938,43548435,43548435_5.json,https://github.com/ChronixDB/chronix.server,GraphiteFormatParser,chronix-server-ingestion-handler/src/main/java/de/qaware/chronix/solr/ingestion/format/GraphiteFormatParser.java,production,,,,parse,28,@Override public,True,True,,,,,ELIGIBLE,,,,,,,,,1,2,0,,,,,,,,,EXCLUDED,setup,"Error: [('D:\\ki9\\SEP490\\ArrowCode\\ARROW-paper\\ARROW\\repos\\43548435\\chronix-server-function-metric\\src\\main\\resources\\META-INF\\services\\de.qaware.chronix.server.functions.plugin.ChronixFunctionPlugin', 'D:\\ki9\\SEP490\\ArrowCode\\ARROW-paper\\ARROW\\runs\\sample_selection\\distributed\\shard-2\\candidates\\02938_43548435_43548435_5\\workspace\\chronix-server-function-metric\\src\\main\\resources\\META-INF\\services\\de.qaware.chronix.server.functions.plugin.ChronixFunctionPlugin', ""[Errno 2] No such file or directory: 'D:\\\\ki9\\\\SEP490\\\\ArrowCode\\\\ARROW-paper\\\\ARROW\\\\runs\\\\sample_selection\\\\distributed\\\\shard-2\\\\candidates\\\\02938_43548435_43548435_5\\\\workspace\\\\chronix-server-function-metric\\\\src\\\\main\\\\resources\\\\META-INF\\\\services\\\\de.qaware.chronix.server.functions.plugin.ChronixFunctionPlugin'""), ('D:\\ki9\\SEP490\\ArrowCode\\ARROW-paper\\ARROW\\repos\\43548435\\chronix-server-type-metric\\src\\test\\groovy\\de\\qaware\\chronix\\solr\\type\\metric\\functions\\transformation\\NonNegativeDerivativeTest.groovy', 'D:\\ki9\\SEP490\\ArrowCode\\ARROW-paper\\ARROW\\runs\\sample_selection\\distributed\\shard-2\\candidates\\02938_43548435_43548435_5\\workspace\\chronix-server-type-metric\\src\\test\\groovy\\de\\qaware\\chronix\\solr\\type\\metric\\functions\\transformation\\NonNegativeDerivativeTest.groovy', ""[Errno 2] No such file or directory: 'D:\\\\ki9\\\\SEP490\\\\ArrowCode\\\\ARROW-paper\\\\ARROW\\\\runs\\\\sample_selection\\\\distributed\\\\shard-2\\\\candidates\\\\02938_43548435_43548435_5\\\\workspace\\\\chronix-server-type-metric\\\\src\\\\test\\\\groovy\\\\de\\\\qaware\\\\chronix\\\\solr\\\\type\\\\metric\\\\functions\\\\transformation\\\\NonNegativeDerivativeTest.groovy'""), ('D:\\ki9\\SEP490\\ArrowCode\\ARROW-paper\\ARROW\\repos\\43548435\\chronix-server-type-metric\\src\\test\\groovy\\de\\qaware\\chronix\\solr\\type\\metric\\functions\\transformation\\SampleMovingAverageTest.groovy', 'D:\\ki9\\SEP490\\ArrowCo",8.562,D:\ki9\SEP490\ArrowCode\ARROW-paper\ARROW\runs\sample_selection\distributed\shard-2\candidates\02938_43548435_43548435_5
2943,17801020,17801020_0.json,https://github.com/nict-wisdom/rasc,LinkedBufferOutput,msgpack-java/src/main/java/org/msgpack/io/LinkedBufferOutput.java,production,,,,getSize,3,public,False,True,,,,,EXCLUDED,trivial_focal_method,,,,,,,,,2,0,,,,,,,,,EXCLUDED,semantic_metadata,trivial_focal_method,0.032,D:\ki9\SEP490\ArrowCode\ARROW-paper\ARROW\runs\sample_selection\distributed\shard-2\candidates\02943_17801020_17801020_0
2948,3452904,3452904_675.json,https://github.com/CONNECT-Solution/CONNECT,PayloadSizeExtractor,Product/Production/Common/CONNECTCoreLib/src/main/java/gov/hhs/fha/nhinc/event/builder/PayloadSizeExtractor.java,production,,,,apply,13,@Override public,True,True,,,,,ELIGIBLE,,,,,,,,,1,2,0,,,,,,,,,EXCLUDED,setup,"Error: [('D:\\ki9\\SEP490\\ArrowCode\\ARROW-paper\\ARROW\\repos\\3452904\\Product\\Production\\Adapters\\AdminDistribution_a0\\src\\main\\java\\gov\\hhs\\fha\\nhinc\\admindistribution\\adapter\\AdapterAdministrativeDistribution.java', 'D:\\ki9\\SEP490\\ArrowCode\\ARROW-paper\\ARROW\\runs\\sample_selection\\distributed\\shard-2\\candidates\\02948_3452904_3452904_675\\workspace\\Product\\Production\\Adapters\\AdminDistribution_a0\\src\\main\\java\\gov\\hhs\\fha\\nhinc\\admindistribution\\adapter\\AdapterAdministrativeDistribution.java', ""[Errno 2] No such file or directory: 'D:\\\\ki9\\\\SEP490\\\\ArrowCode\\\\ARROW-paper\\\\ARROW\\\\runs\\\\sample_selection\\\\distributed\\\\shard-2\\\\candidates\\\\02948_3452904_3452904_675\\\\workspace\\\\Product\\\\Production\\\\Adapters\\\\AdminDistribution_a0\\\\src\\\\main\\\\java\\\\gov\\\\hhs\\\\fha\\\\nhinc\\\\admindistribution\\\\adapter\\\\AdapterAdministrativeDistribution.java'""), ('D:\\ki9\\SEP490\\ArrowCode\\ARROW-paper\\ARROW\\repos\\3452904\\Product\\Production\\Adapters\\AdminDistribution_a0\\src\\main\\java\\gov\\hhs\\fha\\nhinc\\admindistribution\\adapter\\AdapterAdministrativeDistributionSecured.java', 'D:\\ki9\\SEP490\\ArrowCode\\ARROW-paper\\ARROW\\runs\\sample_selection\\distributed\\shard-2\\candidates\\02948_3452904_3452904_675\\workspace\\Product\\Production\\Adapters\\AdminDistribution_a0\\src\\main\\java\\gov\\hhs\\fha\\nhinc\\admindistribution\\adapter\\AdapterAdministrativeDistributionSecured.java', ""[Errno 2] No such file or directory: 'D:\\\\ki9\\\\SEP490\\\\ArrowCode\\\\ARROW-paper\\\\ARROW\\\\runs\\\\sample_selection\\\\distributed\\\\shard-2\\\\candidates\\\\02948_3452904_3452904_675\\\\workspace\\\\Product\\\\Production\\\\Adapters\\\\AdminDistribution_a0\\\\src\\\\main\\\\java\\\\gov\\\\hhs\\\\fha\\\\nhinc\\\\admindistribution\\\\adapter\\\\AdapterAdministrativeDistributionSecured.java'""), ('D:\\ki9\\SEP490\\ArrowCode\\ARROW-paper\\ARROW\\repos\\3452904\\Product\\Production\\Adapters\\CORE_X12DocS",80.484,D:\ki9\SEP490\ArrowCode\ARROW-paper\ARROW\runs\sample_selection\distributed\shard-2\candidates\02948_3452904_3452904_675
2953,15698466,15698466_915.json,https://github.com/apache/jclouds,ImageToOperatingSystem,apis/openstack-nova/src/main/java/org/jclouds/openstack/nova/v2_0/compute/functions/ImageToOperatingSystem.java,production,,,,apply,45,public,True,True,,,,,ELIGIBLE,,,,,,,,,1,2,0,,,,,,,,,EXCLUDED,setup,"Error: [('D:\\ki9\\SEP490\\ArrowCode\\ARROW-paper\\ARROW\\repos\\15698466\\apis\\elasticstack\\src\\test\\java\\org\\jclouds\\elasticstack\\functions\\ListOfKeyValuesDelimitedByBlankLinesToServerInfoSetTest.java', 'D:\\ki9\\SEP490\\ArrowCode\\ARROW-paper\\ARROW\\runs\\sample_selection\\distributed\\shard-2\\candidates\\02953_15698466_15698466_915\\workspace\\apis\\elasticstack\\src\\test\\java\\org\\jclouds\\elasticstack\\functions\\ListOfKeyValuesDelimitedByBlankLinesToServerInfoSetTest.java', ""[Errno 2] No such file or directory: 'D:\\\\ki9\\\\SEP490\\\\ArrowCode\\\\ARROW-paper\\\\ARROW\\\\runs\\\\sample_selection\\\\distributed\\\\shard-2\\\\candidates\\\\02953_15698466_15698466_915\\\\workspace\\\\apis\\\\elasticstack\\\\src\\\\test\\\\java\\\\org\\\\jclouds\\\\elasticstack\\\\functions\\\\ListOfKeyValuesDelimitedByBlankLinesToServerInfoSetTest.java'""), ('D:\\ki9\\SEP490\\ArrowCode\\ARROW-paper\\ARROW\\repos\\15698466\\apis\\elasticstack\\src\\test\\java\\org\\jclouds\\elasticstack\\functions\\ListOfKeyValuesDelimitedByBlankLinesToStandardDriveSetTest.java', 'D:\\ki9\\SEP490\\ArrowCode\\ARROW-paper\\ARROW\\runs\\sample_selection\\distributed\\shard-2\\candidates\\02953_15698466_15698466_915\\workspace\\apis\\elasticstack\\src\\test\\java\\org\\jclouds\\elasticstack\\functions\\ListOfKeyValuesDelimitedByBlankLinesToStandardDriveSetTest.java', ""[Errno 2] No such file or directory: 'D:\\\\ki9\\\\SEP490\\\\ArrowCode\\\\ARROW-paper\\\\ARROW\\\\runs\\\\sample_selection\\\\distributed\\\\shard-2\\\\candidates\\\\02953_15698466_15698466_915\\\\workspace\\\\apis\\\\elasticstack\\\\src\\\\test\\\\java\\\\org\\\\jclouds\\\\elasticstack\\\\functions\\\\ListOfKeyValuesDelimitedByBlankLinesToStandardDriveSetTest.java'""), ('D:\\ki9\\SEP490\\ArrowCode\\ARROW-paper\\ARROW\\repos\\15698466\\apis\\openstack-keystone\\src\\main\\java\\org\\jclouds\\openstack\\keystone\\catalog\\suppliers\\LocationIdToURIFromServiceEndpointsForTypeAndVersion.java', 'D:\\ki9\\SEP490\\ArrowCode\\ARROW",115.282,D:\ki9\SEP490\ArrowCode\ARROW-paper\ARROW\runs\sample_selection\distributed\shard-2\candidates\02953_15698466_15698466_915
2958,1613090,1613090_10.json,https://github.com/apache/hcatalog,TempletonUtils,webhcat/svr/src/main/java/org/apache/hcatalog/templeton/tool/TempletonUtils.java,production,class,False,234,hadoopFsFilename,9,public static,True,True,0,True,network,8,EXCLUDED,external_dependency_risk:network,,,,,,,,1,2,0,,,,,,,,,EXCLUDED,semantic,external_dependency_risk:network,14.234,D:\ki9\SEP490\ArrowCode\ARROW-paper\ARROW\runs\sample_selection\distributed\shard-2\candidates\02958_1613090_1613090_10
2963,5622726,5622726_25.json,https://github.com/switchfly/switchfly-java,CurrencyCodeSanitizer,inputvalidation/src/main/java/com/switchfly/inputvalidation/sanitizer/CurrencyCodeSanitizer.java,production,class,False,36,execute,14,@Override public,True,True,0,False,,10,ELIGIBLE,,maven,inputvalidation,junit4,6,D:\ki9\SEP490\ArrowCode\ARROW-paper\ARROW\Java-version\java-8,auto-discovered compatible JDK 8 for Java 6,,1,2,1,COMPILE_FAILED,,,com.switchfly.inputvalidation.sanitizer.CurrencyCodeSanitizer,,,,,EXCLUDED,baseline,"isplainobject:function(f){if(!f||""object""!==c.type(f)||f.nodetype||c.iswindow(f))return!1;try{if(f.constructor&&!na.call(f,""constructor"")&&!na.call(f.constructor.prototype,""isprototypeof""))return!1}catch(a){return!1}for(var k in f);return k===j||na.call(f,k)},isemptyobject:function(f){for(var c in f",36.625,D:\ki9\SEP490\ArrowCode\ARROW-paper\ARROW\runs\sample_selection\distributed\shard-2\candidates\02963_5622726_5622726_25
2968,62054952,62054952_2.json,https://github.com/Nilhcem/droidconat-2016,DbMapper,app/src/main/java/com/nilhcem/droidconat/data/database/DbMapper.java,production,class,False,82,toAppSessions,8,public,False,True,3,False,,8,ELIGIBLE,,gradle,app,junit4,1,D:\ki9\SEP490\ArrowCode\ARROW-paper\ARROW\Java-version\java-8,auto-discovered compatible JDK 8 for Java 1,,1,2,1,ASSERTION_FAILED,,,com.nilhcem.droidconat.data.database.DbMapper,,,,,EXCLUDED,baseline,failure: build failed with an exception.,48.703,D:\ki9\SEP490\ArrowCode\ARROW-paper\ARROW\runs\sample_selection\distributed\shard-2\candidates\02968_62054952_62054952_2
2973,41627638,41627638_32.json,https://github.com/cuipengfei/Spikes,Solution,leetcode/battleships-in-a-board/src/main/java/com/github/DeleteNodeinaLinkedList/Solution.java,production,,,,deleteNode,8,public,True,False,,,,,EXCLUDED,no_observable_behavior,,,,,,,,,2,0,,,,,,,,,EXCLUDED,semantic_metadata,no_observable_behavior,0.016,D:\ki9\SEP490\ArrowCode\ARROW-paper\ARROW\runs\sample_selection\distributed\shard-2\candidates\02973_41627638_41627638_32
2978,88978812,88978812_17.json,https://github.com/PacktPublishing/Java-9-Programming-By-Example,ColorManager,Chapter06/src/main/java/packt/java9/by/example/mastermind/ColorManager.java,production,,,,firstColor,3,public,False,True,,,,,ELIGIBLE,,,,,,,,,1,2,0,,,,,,,,,EXCLUDED,setup,"Error: [('D:\\ki9\\SEP490\\ArrowCode\\ARROW-paper\\ARROW\\repos\\88978812\\Chapter07\\productinformation\\src\\main\\java\\packt\\java9\\by\\example\\mybusiness\\productinformation\\lookup\\ResourceBasedProductLookup.java', 'D:\\ki9\\SEP490\\ArrowCode\\ARROW-paper\\ARROW\\runs\\sample_selection\\distributed\\shard-2\\candidates\\02978_88978812_88978812_17\\workspace\\Chapter07\\productinformation\\src\\main\\java\\packt\\java9\\by\\example\\mybusiness\\productinformation\\lookup\\ResourceBasedProductLookup.java', ""[Errno 2] No such file or directory: 'D:\\\\ki9\\\\SEP490\\\\ArrowCode\\\\ARROW-paper\\\\ARROW\\\\runs\\\\sample_selection\\\\distributed\\\\shard-2\\\\candidates\\\\02978_88978812_88978812_17\\\\workspace\\\\Chapter07\\\\productinformation\\\\src\\\\main\\\\java\\\\packt\\\\java9\\\\by\\\\example\\\\mybusiness\\\\productinformation\\\\lookup\\\\ResourceBasedProductLookup.java'""), ('D:\\ki9\\SEP490\\ArrowCode\\ARROW-paper\\ARROW\\repos\\88978812\\Chapter07\\productinformation\\src\\main\\java\\packt\\java9\\by\\example\\mybusiness\\productinformation\\lookup\\RestClientProductLookup.java', 'D:\\ki9\\SEP490\\ArrowCode\\ARROW-paper\\ARROW\\runs\\sample_selection\\distributed\\shard-2\\candidates\\02978_88978812_88978812_17\\workspace\\Chapter07\\productinformation\\src\\main\\java\\packt\\java9\\by\\example\\mybusiness\\productinformation\\lookup\\RestClientProductLookup.java', ""[Errno 2] No such file or directory: 'D:\\\\ki9\\\\SEP490\\\\ArrowCode\\\\ARROW-paper\\\\ARROW\\\\runs\\\\sample_selection\\\\distributed\\\\shard-2\\\\candidates\\\\02978_88978812_88978812_17\\\\workspace\\\\Chapter07\\\\productinformation\\\\src\\\\main\\\\java\\\\packt\\\\java9\\\\by\\\\example\\\\mybusiness\\\\productinformation\\\\lookup\\\\RestClientProductLookup.java'""), ('D:\\ki9\\SEP490\\ArrowCode\\ARROW-paper\\ARROW\\repos\\88978812\\Chapter07\\productinformation\\src\\main\\java\\packt\\java9\\by\\example\\mybusiness\\productinformation\\ProductInformationController.java',",28.547,D:\ki9\SEP490\ArrowCode\ARROW-paper\ARROW\runs\sample_selection\distributed\shard-2\candidates\02978_88978812_88978812_17
2983,43734923,43734923_163.json,https://github.com/apache/rya,AccumuloTemporalIndexer,extras/indexing/src/main/java/org/apache/rya/indexing/accumulo/temporal/AccumuloTemporalIndexer.java,production,,,,queryIntervalAfter,18,@Override public,True,True,,,,,ELIGIBLE,,,,,,,,,1,2,0,,,,,,,,,EXCLUDED,setup,"Error: [('D:\\ki9\\SEP490\\ArrowCode\\ARROW-paper\\ARROW\\repos\\43734923\\extras\\indexing\\src\\main\\java\\org\\apache\\rya\\indexing\\statement\\metadata\\matching\\StatementMetadataExternalSetMatcherFactory.java', 'D:\\ki9\\SEP490\\ArrowCode\\ARROW-paper\\ARROW\\runs\\sample_selection\\distributed\\shard-2\\candidates\\02983_43734923_43734923_163\\workspace\\extras\\indexing\\src\\main\\java\\org\\apache\\rya\\indexing\\statement\\metadata\\matching\\StatementMetadataExternalSetMatcherFactory.java', ""[Errno 2] No such file or directory: 'D:\\\\ki9\\\\SEP490\\\\ArrowCode\\\\ARROW-paper\\\\ARROW\\\\runs\\\\sample_selection\\\\distributed\\\\shard-2\\\\candidates\\\\02983_43734923_43734923_163\\\\workspace\\\\extras\\\\indexing\\\\src\\\\main\\\\java\\\\org\\\\apache\\\\rya\\\\indexing\\\\statement\\\\metadata\\\\matching\\\\StatementMetadataExternalSetMatcherFactory.java'""), ('D:\\ki9\\SEP490\\ArrowCode\\ARROW-paper\\ARROW\\repos\\43734923\\extras\\periodic.notification\\api\\src\\main\\java\\org\\apache\\rya\\periodic\\notification\\registration\\KafkaNotificationRegistrationClient.java', 'D:\\ki9\\SEP490\\ArrowCode\\ARROW-paper\\ARROW\\runs\\sample_selection\\distributed\\shard-2\\candidates\\02983_43734923_43734923_163\\workspace\\extras\\periodic.notification\\api\\src\\main\\java\\org\\apache\\rya\\periodic\\notification\\registration\\KafkaNotificationRegistrationClient.java', ""[Errno 2] No such file or directory: 'D:\\\\ki9\\\\SEP490\\\\ArrowCode\\\\ARROW-paper\\\\ARROW\\\\runs\\\\sample_selection\\\\distributed\\\\shard-2\\\\candidates\\\\02983_43734923_43734923_163\\\\workspace\\\\extras\\\\periodic.notification\\\\api\\\\src\\\\main\\\\java\\\\org\\\\apache\\\\rya\\\\periodic\\\\notification\\\\registration\\\\KafkaNotificationRegistrationClient.java'""), ('D:\\ki9\\SEP490\\ArrowCode\\ARROW-paper\\ARROW\\repos\\43734923\\extras\\periodic.notification\\api\\src\\main\\java\\org\\apache\\rya\\periodic\\notification\\serialization\\BasicNotificationTypeAdap",38.250,D:\ki9\SEP490\ArrowCode\ARROW-paper\ARROW\runs\sample_selection\distributed\shard-2\candidates\02983_43734923_43734923_163
2988,137437971,137437971_1.json,https://github.com/alibaba/velocity-spring-boot-project,StandardVelocityToolsScanner,velocity-spring-boot-autoconfigure/src/main/java/com/alibaba/boot/velocity/tools/StandardVelocityToolsScanner.java,production,,,,scan,8,@Override protected,False,False,,,,,EXCLUDED,no_observable_behavior,,,,,,,,,2,0,,,,,,,,,EXCLUDED,semantic_metadata,no_observable_behavior,0.016,D:\ki9\SEP490\ArrowCode\ARROW-paper\ARROW\runs\sample_selection\distributed\shard-2\candidates\02988_137437971_137437971_1
2993,97492141,97492141_0.json,https://github.com/SonarSource/sonar-analyzer-commons,SimpleXPathBasedCheck,xml-parsing/src/main/java/org/sonarsource/analyzer/commons/xml/checks/SimpleXPathBasedCheck.java,production,,,,getXPathExpression,7,public,True,True,,,,,ELIGIBLE,,,,,,,,,1,2,0,,,,,,,,,EXCLUDED,setup,"Error: [('D:\\ki9\\SEP490\\ArrowCode\\ARROW-paper\\ARROW\\repos\\97492141\\performance-measure\\src\\test\\resources\\events\\6.14.0.25321\\apache-tika\\2021-04-01-02h23m15.537\\sonar.java.performance.measure.json', 'D:\\ki9\\SEP490\\ArrowCode\\ARROW-paper\\ARROW\\runs\\sample_selection\\distributed\\shard-2\\candidates\\02993_97492141_97492141_0\\workspace\\performance-measure\\src\\test\\resources\\events\\6.14.0.25321\\apache-tika\\2021-04-01-02h23m15.537\\sonar.java.performance.measure.json', ""[Errno 2] No such file or directory: 'D:\\\\ki9\\\\SEP490\\\\ArrowCode\\\\ARROW-paper\\\\ARROW\\\\runs\\\\sample_selection\\\\distributed\\\\shard-2\\\\candidates\\\\02993_97492141_97492141_0\\\\workspace\\\\performance-measure\\\\src\\\\test\\\\resources\\\\events\\\\6.14.0.25321\\\\apache-tika\\\\2021-04-01-02h23m15.537\\\\sonar.java.performance.measure.json'""), ('D:\\ki9\\SEP490\\ArrowCode\\ARROW-paper\\ARROW\\repos\\97492141\\performance-measure\\src\\test\\resources\\events\\6.14.0.25463\\apache-tika\\2021-03-19-15h33m00.000\\sonar.java.performance.measure.json', 'D:\\ki9\\SEP490\\ArrowCode\\ARROW-paper\\ARROW\\runs\\sample_selection\\distributed\\shard-2\\candidates\\02993_97492141_97492141_0\\workspace\\performance-measure\\src\\test\\resources\\events\\6.14.0.25463\\apache-tika\\2021-03-19-15h33m00.000\\sonar.java.performance.measure.json', ""[Errno 2] No such file or directory: 'D:\\\\ki9\\\\SEP490\\\\ArrowCode\\\\ARROW-paper\\\\ARROW\\\\runs\\\\sample_selection\\\\distributed\\\\shard-2\\\\candidates\\\\02993_97492141_97492141_0\\\\workspace\\\\performance-measure\\\\src\\\\test\\\\resources\\\\events\\\\6.14.0.25463\\\\apache-tika\\\\2021-03-19-15h33m00.000\\\\sonar.java.performance.measure.json'""), ('D:\\ki9\\SEP490\\ArrowCode\\ARROW-paper\\ARROW\\repos\\97492141\\performance-measure\\src\\test\\resources\\events\\6.15.0.25600\\apache-tika\\2021-04-01-05h28m54.334\\sonar.java.performance.measure.json', 'D:\\ki9\\SEP490\\ArrowCode\\ARROW-paper\\ARROW\\runs\\sampl",12.938,D:\ki9\SEP490\ArrowCode\ARROW-paper\ARROW\runs\sample_selection\distributed\shard-2\candidates\02993_97492141_97492141_0
2998,21499094,21499094_6.json,https://github.com/kevinherron/opc-ua-stack,XmlDecoder,stack-core/src/main/java/com/digitalpetri/opcua/stack/core/serialization/xml/XmlDecoder.java,production,class,False,587,decodeVariant,18,@Override public,True,True,0,False,,9,ELIGIBLE,,maven,stack-core,testng,8,D:\ki9\SEP490\ArrowCode\ARROW-paper\ARROW\Java-version\java-8,auto-discovered JDK 8,,1,2,2,MODULE_TESTS_PASSED|MODULE_TESTS_PASSED,True,0,com.digitalpetri.opcua.stack.core.serialization.xml.XmlDecoder,True,TARGET_TEST_PASSED,MODULE_TESTS_PASSED,MODULE_TESTS_PASSED,ELIGIBLE,,,77.812,D:\ki9\SEP490\ArrowCode\ARROW-paper\ARROW\runs\sample_selection\distributed\shard-2\candidates\02998_21499094_21499094_6
